raw_name_seq,translit_name_seq,raw_name_3gram,translit_name_3gram,addr_seq,addr_numeric_jaccard,addr_numeric_shared_count,addr_numeric_any_overlap,addr_numeric_longest_match,addr_numeric_postal_overlap,name_jaccard,name_tfidf_overlap,addr_jaccard,addr_tfidf_overlap,cross_script,addr_missing,source1_entity_id,candidate_entity_id,label
0.5,0.5,0.28,0.28,0.2647058823529412,0.0,0,0,0,0.0,0.2,0.1574201911942515,0.0,0.0,0,0,S1-424976769,S2-387847255,0
0.5555555555555556,0.5555555555555556,0.2727272727272727,0.2727272727272727,0.2585034013605442,0.0,0,0,0,0.0,0.2,0.1891389328863996,0.0,0.0,0,0,S1-424976769,S2-856506633,0
0.625,0.625,0.3157894736842105,0.3157894736842105,0.2911392405063291,0.0,0,0,0,0.0,0.25,0.2122364487603568,0.0869565217391304,0.0869565217391304,0,0,S1-424976769,S2-91031785,0
0.6896551724137931,0.6896551724137931,0.375,0.375,0.2896551724137931,0.3333333333333333,1,1,1,0.0,0.25,0.2005193354616316,0.0869565217391304,0.0869565217391304,0,0,S1-424976769,S2-712735476,0
0.6666666666666666,0.6666666666666666,0.3529411764705882,0.3529411764705882,0.275,0.0,0,0,0,0.0,0.25,0.2279466958455938,0.0416666666666666,0.0416666666666666,0,0,S1-424976769,S2-181741966,0
0.3720930232558139,0.3720930232558139,0.03125,0.03125,0.2571428571428571,0.0,0,0,0,0.0,0.1666666666666666,0.052264060645456,0.0,0.0,0,0,S1-505333132,S2-976415077,0
0.3255813953488372,0.3255813953488372,0.0303030303030303,0.0303030303030303,0.3174603174603174,0.0,0,0,0,0.0,0.1666666666666666,0.0573522552110121,0.0,0.0,0,0,S1-505333132,S2-71190839,0
0.4680851063829787,0.4680851063829787,0.1515151515151515,0.1515151515151515,0.4363636363636363,0.0,0,0,0,0.0,0.1666666666666666,0.1896659002554413,0.1,0.1,0,0,S1-505333132,S2-286323090,0
0.2181818181818181,0.2181818181818181,0.0465116279069767,0.0465116279069767,0.2461538461538461,0.0,0,0,0,0.0,0.1428571428571428,0.0571329273177084,0.0,0.0,0,0,S1-505333132,S2-831786901,0
0.4333333333333333,0.4333333333333333,0.0217391304347826,0.0217391304347826,0.2432432432432432,0.0,0,0,0,0.0,0.125,0.0408285453804295,0.0,0.0,0,0,S1-505333132,S2-268981301,0
0.4324324324324324,0.4324324324324324,0.037037037037037,0.037037037037037,0.1935483870967742,0.0,0,0,0,0.0,0.2,0.0611224268981613,0.0,0.0,0,0,S1-643535950,S2-813477897,0
0.2962962962962963,0.2962962962962963,0.0285714285714285,0.0285714285714285,0.3174603174603174,0.0,0,0,0,0.0,0.1428571428571428,0.0362874335287505,0.0,0.0,0,0,S1-643535950,S2-236863185,0
0.5142857142857142,0.5142857142857142,0.0416666666666666,0.0416666666666666,0.2692307692307692,0.0,0,0,0,0.0,0.1666666666666666,0.0487084306405752,0.0,0.0,0,0,S1-643535950,S2-685617505,0
0.5238095238095238,0.5238095238095238,0.1071428571428571,0.1071428571428571,0.2622950819672131,0.0,0,0,0,0.0,0.1428571428571428,0.0401438354593984,0.0,0.0,1,0,S1-643535950,S2-154112181,0
0.5263157894736842,0.5263157894736842,0.0769230769230769,0.0769230769230769,0.2769230769230769,0.0,0,0,0,0.0,0.1666666666666666,0.0506533238973071,0.0,0.0,1,0,S1-643535950,S2-571134730,0
0.509090909090909,0.509090909090909,0.1891891891891892,0.1891891891891892,0.3174603174603174,0.0,0,0,0,0.0,0.1666666666666666,0.1825486790965134,0.0,0.0,0,0,S1-105568631,S2-626769518,0
0.5084745762711864,0.5084745762711864,0.1951219512195122,0.1951219512195122,0.3018867924528302,0.0,0,0,0,0.0,0.1428571428571428,0.1567786705150569,0.0,0.0,0,0,S1-105568631,S2-560762978,0
0.5423728813559322,0.5423728813559322,0.225,0.225,0.0,0.0,0,0,0,0.0,0.1428571428571428,0.1479062625506999,0.0,0.0,0,1,S1-105568631,S2-884371582,0
0.7733333333333333,0.7733333333333333,0.5,0.5,0.3389830508474576,0.0,0,0,0,0.0,0.5,0.5241598427251472,0.0,0.0,0,0,S1-105568631,S2-619580854,0
0.5614035087719298,0.5614035087719298,0.2307692307692307,0.2307692307692307,0.25,0.0,0,0,0,0.0,0.1666666666666666,0.1807318550609989,0.0,0.0,0,0,S1-105568631,S2-827355914,0
0.5128205128205128,0.5128205128205128,0.24,0.24,0.15625,0.0,0,0,0,0.0,0.25,0.13129062842081,0.0,0.0,0,0,S1-315874798,S2-672653294,0
0.6,0.6,0.2222222222222222,0.2222222222222222,0.1269841269841269,0.0,0,0,0,0.0,0.25,0.1506712664990178,0.0,0.0,0,0,S1-315874798,S2-29016966,0
0.5,0.5,0.1764705882352941,0.1764705882352941,0.2641509433962264,0.0,0,0,0,0.0,0.2,0.1503431539840496,0.0,0.0,0,0,S1-315874798,S2-224980295,0
0.5945945945945946,0.5945945945945946,0.25,0.25,0.1383647798742138,0.0,0,0,0,0.0,0.25,0.1553891280164727,0.0,0.0,0,0,S1-315874798,S2-888030033,0
0.4897959183673469,0.4897959183673469,0.1714285714285714,0.1714285714285714,0.3352601156069364,0.0,0,0,0,0.0,0.2,0.1052077668323774,0.0,0.0,0,0,S1-315874798,S2-981517288,0
0.3880597014925373,0.3880597014925373,0.1590909090909091,0.1590909090909091,0.2758620689655172,0.5,1,1,1,0.0,0.1428571428571428,0.1405238368094856,0.0714285714285714,0.0714285714285714,0,0,S1-586699005,S2-850723975,0
0.4516129032258064,0.4516129032258064,0.1590909090909091,0.1590909090909091,0.1509433962264151,0.0,0,0,0,0.0,0.1428571428571428,0.1398908354744777,0.0,0.0,0,0,S1-586699005,S2-248406797,0
0.56,0.56,0.3125,0.3125,0.1379310344827586,0.0,0,0,0,0.0,0.25,0.3002001002870442,0.0,0.0,0,0,S1-586699005,S2-718248627,0
0.4782608695652174,0.4782608695652174,0.1875,0.1875,0.2647058823529412,0.0,0,0,0,0.0,0.25,0.2229993636948825,0.0,0.0,0,0,S1-586699005,S2-670032365,0
0.3265306122448979,0.3265306122448979,0.1764705882352941,0.1764705882352941,0.2123893805309734,0.0,0,0,0,0.0,0.2,0.1991969760654128,0.0,0.0,0,0,S1-586699005,S2-332758205,0
0.2962962962962963,0.2962962962962963,0.048780487804878,0.048780487804878,0.1403508771929824,0.0,0,0,0,0.0,0.125,0.0985130535305838,0.0,0.0,1,0,S1-47773771,S2-109139827,0
0.3529411764705882,0.3529411764705882,0.025,0.025,0.2258064516129032,0.0,0,0,0,0.0,0.1428571428571428,0.0567771087334273,0.0,0.0,0,0,S1-47773771,S2-357707338,0
0.6792452830188679,0.6792452830188679,0.2571428571428571,0.2571428571428571,0.3404255319148936,0.0,0,0,0,0.0,0.1666666666666666,0.1965151478845294,0.0,0.0,0,0,S1-47773771,S2-505433019,0
0.4074074074074074,0.4074074074074074,0.048780487804878,0.048780487804878,0.4,0.0,0,0,0,0.0,0.125,0.0608241631754717,0.0909090909090909,0.0909090909090909,0,0,S1-47773771,S2-623890679,0
0.5,0.5,0.05,0.05,0.2692307692307692,0.0,0,0,0,0.0,0.1428571428571428,0.0685217849392688,0.0,0.0,1,0,S1-47773771,S2-730525828,0
0.45,0.45,0.1333333333333333,0.1333333333333333,0.5405405405405406,0.0,0,0,0,0.0,0.1111111111111111,0.0903101078865161,0.0909090909090909,0.0909090909090909,0,0,S1-874660306,S2-482029242,0
0.5142857142857142,0.5142857142857142,0.1568627450980392,0.1568627450980392,0.4857142857142857,0.0,0,0,0,0.0,0.1428571428571428,0.1048094631246317,0.0909090909090909,0.0909090909090909,0,0,S1-874660306,S2-778833449,0
0.4722222222222222,0.4722222222222222,0.196078431372549,0.196078431372549,0.2950819672131147,0.0,0,0,0,0.0,0.125,0.0810775131880113,0.0,0.0,0,0,S1-874660306,S2-312525128,0
0.34375,0.34375,0.06,0.06,0.3529411764705882,0.0,0,0,0,0.0,0.125,0.0691956530702316,0.0,0.0,0,0,S1-874660306,S2-519936480,0
0.5274725274725275,0.5274725274725275,0.1285714285714285,0.1285714285714285,0.2465753424657534,0.0,0,0,0,0.0,0.1111111111111111,0.0813603940897551,0.0,0.0,1,0,S1-874660306,S2-704071681,0
0.5217391304347826,0.5217391304347826,0.1935483870967742,0.1935483870967742,0.2153846153846154,0.0,0,0,0,0.0,0.1666666666666666,0.204585835072209,0.0,0.0,0,0,S1-615771798,S2-320764306,0
0.7391304347826086,0.7391304347826086,0.3703703703703703,0.3703703703703703,0.1875,0.0,0,0,0,0.0,0.4,0.445163180636396,0.1,0.1,0,0,S1-615771798,S2-807921212,0
0.4444444444444444,0.4444444444444444,0.1935483870967742,0.1935483870967742,0.1875,0.0,0,0,0,0.0,0.2,0.2189784520730046,0.0,0.0,0,0,S1-615771798,S2-300411492,0
0.4888888888888889,0.4888888888888889,0.2,0.2,0.1298701298701298,0.0,0,0,0,0.0,0.1666666666666666,0.1642734065238782,0.0,0.0,0,0,S1-615771798,S2-46302968,0
0.5405405405405406,0.5405405405405406,0.25,0.25,0.2,0.0,0,0,0,0.0,0.25,0.258564052400128,0.0,0.0,0,0,S1-615771798,S2-370507866,0
0.36,0.36,0.025,0.025,0.3333333333333333,0.0,0,0,0,0.0,0.1666666666666666,0.0619013364735879,0.0,0.0,0,0,S1-205963340,S2-869122704,0
0.4074074074074074,0.4074074074074074,0.0476190476190476,0.0476190476190476,0.2222222222222222,0.0,0,0,0,0.0,0.1428571428571428,0.0548131837093498,0.0,0.0,0,0,S1-205963340,S2-2643710,0
0.25,0.25,0.0263157894736842,0.0263157894736842,0.2857142857142857,0.0,0,0,0,0.0,0.1666666666666666,0.0738787061415891,0.0,0.0,0,0,S1-205963340,S2-975414164,0
0.3548387096774194,0.3548387096774194,0.02,0.02,0.1311475409836065,0.0,0,0,0,0.0,0.125,0.0386286158868948,0.0,0.0,0,0,S1-205963340,S2-160239712,0
0.4081632653061224,0.4081632653061224,0.0263157894736842,0.0263157894736842,0.3,0.0,0,0,0,0.0,0.1666666666666666,0.0540022576128928,0.0,0.0,0,0,S1-205963340,S2-952725337,0
0.4927536231884058,0.4927536231884058,0.1428571428571428,0.1428571428571428,0.3076923076923077,0.0,0,0,0,0.0,0.125,0.0437326862602469,0.0,0.0,0,0,S1-107415535,S2-544317455,0
0.2580645161290322,0.2580645161290322,0.1111111111111111,0.1111111111111111,0.0,0.0,0,0,0,0.0,0.1428571428571428,0.0912278553181981,0.0,0.0,0,1,S1-107415535,S2-109860534,0
0.6410256410256411,0.6410256410256411,0.2307692307692307,0.2307692307692307,0.2025316455696202,0.0,0,0,0,0.0,0.25,0.0968230436693191,0.0,0.0,0,0,S1-107415535,S2-657172695,0
0.3896103896103896,0.3896103896103896,0.26,0.26,0.2068965517241379,0.0,0,0,0,0.0,0.2857142857142857,0.094987886857135,0.0,0.0,0,0,S1-107415535,S2-956344710,0
0.463768115942029,0.463768115942029,0.1666666666666666,0.1666666666666666,0.2244897959183673,0.0,0,0,0,0.0,0.2857142857142857,0.1295322746656203,0.0,0.0,0,0,S1-107415535,S2-567640086,0
0.3076923076923077,0.3076923076923077,0.024390243902439,0.024390243902439,0.3272727272727272,0.0,0,0,0,0.0,0.1428571428571428,0.056538960915152,0.0,0.0,1,0,S1-895408600,S2-287386425,0
0.358974358974359,0.358974358974359,0.0344827586206896,0.0344827586206896,0.4150943396226415,0.0,0,0,0,0.0,0.1666666666666666,0.0527745352829472,0.0,0.0,0,0,S1-895408600,S2-915159558,0
0.3673469387755102,0.3673469387755102,0.027027027027027,0.027027027027027,0.2222222222222222,0.0,0,0,0,0.0,0.1428571428571428,0.0476223708144274,0.0,0.0,0,0,S1-895408600,S2-702776679,0
0.2711864406779661,0.2711864406779661,0.0217391304347826,0.0217391304347826,0.4262295081967213,0.0,0,0,0,0.0,0.1111111111111111,0.0412378106251021,0.0909090909090909,0.0909090909090909,0,0,S1-895408600,S2-224869315,0
0.28,0.28,0.0256410256410256,0.0256410256410256,0.3492063492063492,0.0,0,0,0,0.0,0.1428571428571428,0.0429569669295541,0.0,0.0,0,0,S1-895408600,S2-448317577,0
0.4705882352941176,0.4705882352941176,0.0555555555555555,0.0555555555555555,0.28125,0.0,0,0,0,0.0,0.1666666666666666,0.0520225220178794,0.0,0.0,0,0,S1-754942845,S2-823885525,0
0.3396226415094339,0.3396226415094339,0.0294117647058823,0.0294117647058823,0.0,0.0,0,0,0,0.0,0.1666666666666666,0.040767490031449,0.0,0.0,0,1,S1-754942845,S2-975926217,0
0.25,0.25,0.024390243902439,0.024390243902439,0.2666666666666666,0.0,0,0,0,0.0,0.1428571428571428,0.0359676457128172,0.0,0.0,0,0,S1-754942845,S2-441603142,0
0.3,0.3,0.0384615384615384,0.0384615384615384,0.3333333333333333,0.0,0,0,0,0.0,0.1666666666666666,0.0480268379327665,0.0,0.0,0,0,S1-754942845,S2-646659894,0
0.3076923076923077,0.3076923076923077,0.0384615384615384,0.0384615384615384,0.0,0.0,0,0,0,0.0,0.2,0.0538273208732097,0.0,0.0,0,1,S1-754942845,S2-783946790,0
0.4,0.4,0.1612903225806451,0.1612903225806451,0.2758620689655172,0.0,0,0,0,0.0,0.1666666666666666,0.1246102538568129,0.0,0.0,0,0,S1-263067907,S2-834074674,0
0.3636363636363636,0.3636363636363636,0.0952380952380952,0.0952380952380952,0.2641509433962264,0.0,0,0,0,0.0,0.1666666666666666,0.1207686667033643,0.0,0.0,0,0,S1-263067907,S2-888066186,0
0.2909090909090909,0.2909090909090909,0.1282051282051282,0.1282051282051282,0.2574257425742574,0.0,0,0,0,0.0,0.1428571428571428,0.1019205325665529,0.0,0.0,0,0,S1-263067907,S2-468431592,0
0.3555555555555555,0.3555555555555555,0.125,0.125,0.1481481481481481,0.0,0,0,0,0.0,0.1666666666666666,0.108127520314974,0.0,0.0,0,0,S1-263067907,S2-755277810,0
0.44,0.44,0.1081081081081081,0.1081081081081081,0.2608695652173913,0.0,0,0,0,0.0,0.1666666666666666,0.1039613201921797,0.0,0.0,0,0,S1-263067907,S2-403207315,0
0.4444444444444444,0.4444444444444444,0.125,0.125,0.3622047244094488,0.0,0,0,0,0.0,0.1666666666666666,0.0558603866072368,0.0,0.0,0,0,S1-638404069,S2-80631267,0
0.4477611940298507,0.4477611940298507,0.0961538461538461,0.0961538461538461,0.323943661971831,0.0,0,0,0,0.0,0.1428571428571428,0.0460597232280365,0.0,0.0,0,0,S1-638404069,S2-169959831,0
0.4727272727272727,0.4727272727272727,0.1219512195121951,0.1219512195121951,0.3974358974358974,0.0,0,0,0,0.0,0.1666666666666666,0.0576425667561045,0.0434782608695652,0.0434782608695652,0,0,S1-638404069,S2-855938309,0
0.56,0.56,0.1666666666666666,0.1666666666666666,0.2456140350877192,0.0,0,0,0,0.0,0.2,0.0508545021836778,0.0,0.0,0,0,S1-638404069,S2-850097546,0
0.5882352941176471,0.5882352941176471,0.1621621621621621,0.1621621621621621,0.2014388489208633,0.0,0,0,0,0.0,0.2,0.1527003474788646,0.0,0.0,0,0,S1-638404069,S2-87277273,0
0.3492063492063492,0.3492063492063492,0.1276595744680851,0.1276595744680851,0.2201834862385321,0.0,0,0,0,0.0,0.1428571428571428,0.0532884636548391,0.0,0.0,0,0,S1-742910577,S2-763175784,0
0.3043478260869565,0.3043478260869565,0.15625,0.15625,0.2295081967213114,0.0,0,0,0,0.0,0.1666666666666666,0.0584350075375633,0.0,0.0,0,0,S1-742910577,S2-283164414,0
0.6129032258064516,0.6129032258064516,0.3076923076923077,0.3076923076923077,0.1290322580645161,0.0,0,0,0,0.0,0.2857142857142857,0.1224885664341596,0.0,0.0,0,0,S1-742910577,S2-3134678,0
0.5,0.5,0.1351351351351351,0.1351351351351351,0.1983471074380165,0.0,0,0,0,0.0,0.1428571428571428,0.0496160196773399,0.0,0.0,0,0,S1-742910577,S2-108627124,0
0.3870967741935484,0.3870967741935484,0.1063829787234042,0.1063829787234042,0.2222222222222222,0.0,0,0,0,0.0,0.1428571428571428,0.058977032138764,0.0,0.0,0,0,S1-742910577,S2-498775043,0
0.5,0.5,0.1395348837209302,0.1395348837209302,0.2545454545454545,0.0,0,0,0,0.0,0.125,0.180591811978858,0.0,0.0,0,0,S1-905733846,S2-707953662,0
0.4864864864864865,0.4864864864864865,0.1666666666666666,0.1666666666666666,0.5396825396825397,0.5,1,1,3,0.0,0.1666666666666666,0.2683927832991388,0.2222222222222222,0.2222222222222222,0,0,S1-905733846,S2-750703828,0
0.5405405405405406,0.5405405405405406,0.1666666666666666,0.1666666666666666,0.1558441558441558,0.0,0,0,0,0.0,0.1666666666666666,0.2554220570030971,0.0,0.0,0,0,S1-905733846,S2-586461123,0
0.6285714285714286,0.6285714285714286,0.2857142857142857,0.2857142857142857,0.1714285714285714,0.0,0,0,0,0.0,0.2,0.2567160316208349,0.0,0.0,0,0,S1-905733846,S2-457914536,0
0.7567567567567568,0.7567567567567568,0.3809523809523809,0.3809523809523809,0.2894736842105263,0.0,0,0,0,0.0,0.3333333333333333,0.3084604566378633,0.0,0.0,1,0,S1-85137538,S2-292970864,0
0.358974358974359,0.358974358974359,0.238095238095238,0.238095238095238,0.1408450704225352,0.0,0,0,0,0.0,0.3333333333333333,0.2942461363741177,0.0,0.0,0,0,S1-85137538,S2-837347994,0
0.7741935483870968,0.7741935483870968,0.5333333333333333,0.5333333333333333,0.4285714285714285,0.0,0,0,0,0.0,0.3333333333333333,0.3087821106867338,0.0909090909090909,0.0909090909090909,1,0,S1-85137538,S2-866289116,0
0.4242424242424242,0.4242424242424242,0.25,0.25,0.2769230769230769,0.0,0,0,0,0.0,0.3333333333333333,0.3206199234672783,0.0,0.0,1,0,S1-85137538,S2-115470309,0
0.6,0.6,0.3478260869565217,0.3478260869565217,0.2413793103448276,0.0,0,0,0,0.0,0.25,0.2380327591405849,0.0,0.0,0,0,S1-85137538,S2-981113222,0
0.3555555555555555,0.3555555555555555,0.0588235294117647,0.0588235294117647,0.3137254901960784,0.0,0,0,0,0.0,0.1666666666666666,0.1158249779142895,0.1,0.1,0,0,S1-539879230,S2-176152440,0
0.4375,0.4375,0.1428571428571428,0.1428571428571428,0.3809523809523809,0.0,0,0,0,0.0,0.2,0.1518353419193464,0.0,0.0,0,0,S1-539879230,S2-853833844,0
0.16,0.16,0.054054054054054,0.054054054054054,0.3050847457627119,0.0,0,0,0,0.0,0.1428571428571428,0.1101994621165367,0.0,0.0,0,0,S1-539879230,S2-100371698,0
0.2162162162162162,0.2162162162162162,0.0769230769230769,0.0769230769230769,0.2962962962962963,0.0,0,0,0,0.0,0.1666666666666666,0.1098047909411964,0.0,0.0,1,0,S1-539879230,S2-383760149,0
0.3636363636363636,0.3636363636363636,0.0869565217391304,0.0869565217391304,0.2903225806451613,0.0,0,0,0,0.0,0.2,0.1097443617833991,0.0,0.0,0,0,S1-539879230,S2-46875757,0
0.3018867924528302,0.3018867924528302,0.024390243902439,0.024390243902439,0.3283582089552239,0.0,0,0,0,0.0,0.1428571428571428,0.047827685897824,0.0,0.0,0,0,S1-716830359,S2-517476293,0
0.4545454545454545,0.4545454545454545,0.0384615384615384,0.0384615384615384,0.0,0.0,0,0,0,0.0,0.125,0.0432867299821447,0.0,0.0,0,1,S1-716830359,S2-312069173,0
0.3333333333333333,0.3333333333333333,0.027027027027027,0.027027027027027,0.25,0.0,0,0,0,0.0,0.1666666666666666,0.05528479517287,0.0,0.0,0,0,S1-716830359,S2-796056399,0
0.3428571428571428,0.3428571428571428,0.0357142857142857,0.0357142857142857,0.3384615384615385,0.0,0,0,0,0.0,0.125,0.0393798271446466,0.0,0.0,0,0,S1-716830359,S2-341881704,0
0.3582089552238806,0.3582089552238806,0.0185185185185185,0.0185185185185185,0.2857142857142857,0.0,0,0,0,0.0,0.125,0.0389309921787289,0.0,0.0,0,0,S1-716830359,S2-930648048,0
0.4186046511627907,0.4186046511627907,0.1379310344827586,0.1379310344827586,0.3396226415094339,0.0,0,0,0,0.0,0.3333333333333333,0.1448894083650045,0.0,0.0,0,0,S1-738693243,S2-210806234,0
0.5454545454545454,0.5454545454545454,0.0303030303030303,0.0303030303030303,0.2597402597402597,0.0,0,0,0,0.0,0.1428571428571428,0.0570586886172256,0.0909090909090909,0.0909090909090909,0,0,S1-738693243,S2-305299303,0
0.5641025641025641,0.5641025641025641,0.16,0.16,0.3684210526315789,0.0,0,0,0,0.0,0.3333333333333333,0.1569776436074198,0.0625,0.0624999999999999,0,0,S1-738693243,S2-855032588,0
0.4,0.4,0.0303030303030303,0.0303030303030303,0.268041237113402,0.0,0,0,0,0.0,0.125,0.0563577163033515,0.0,0.0,0,0,S1-738693243,S2-286059043,0
0.4761904761904761,0.4761904761904761,0.2307692307692307,0.2307692307692307,0.1805555555555555,0.0,0,0,0,0.0,0.3333333333333333,0.1579957689729922,0.0,0.0,0,0,S1-738693243,S2-913670294,0
0.1818181818181818,0.1818181818181818,0.0416666666666666,0.0416666666666666,0.1886792452830188,0.0,0,0,0,0.0,0.2,0.0594689397838724,0.0,0.0,0,0,S1-630422386,S2-955374431,0
0.4571428571428571,0.4571428571428571,0.04,0.04,0.2424242424242424,0.0,0,0,0,0.0,0.1666666666666666,0.0518666152654858,0.0,0.0,0,0,S1-630422386,S2-435580000,0
0.3137254901960784,0.3137254901960784,0.0256410256410256,0.0256410256410256,0.3492063492063492,0.0,0,0,0,0.0,0.125,0.0398628692474879,0.0,0.0,0,0,S1-630422386,S2-919479351,0
0.3684210526315789,0.3684210526315789,0.0357142857142857,0.0357142857142857,0.4918032786885246,0.0,0,0,0,0.0,0.1666666666666666,0.0490347378564534,0.1,0.1,0,0,S1-630422386,S2-716078621,0
0.4705882352941176,0.4705882352941176,0.0416666666666666,0.0416666666666666,0.0,0.0,0,0,0,0.0,0.1666666666666666,0.0545523496800832,0.0,0.0,0,1,S1-630422386,S2-560840189,0
0.4444444444444444,0.4444444444444444,0.04,0.04,0.1,0.0,0,0,0,0.0,0.125,0.0359965884907562,0.0,0.0,0,0,S1-59400420,S2-908497387,0
0.360655737704918,0.360655737704918,0.0408163265306122,0.0408163265306122,0.2068965517241379,0.0,0,0,0,0.0,0.1428571428571428,0.0375475325473641,0.1,0.1,0,0,S1-59400420,S2-26267225,0
0.3076923076923077,0.3076923076923077,0.0238095238095238,0.0238095238095238,0.2985074626865671,0.0,0,0,0,0.0,0.1666666666666666,0.0444053451450027,0.0,0.0,0,0,S1-59400420,S2-265461303,0
0.1304347826086956,0.1304347826086956,0.027027027027027,0.027027027027027,0.1935483870967742,0.0,0,0,0,0.0,0.2,0.0464752292261009,0.0,0.0,0,0,S1-59400420,S2-380671598,0
0.4193548387096774,0.4193548387096774,0.0833333333333333,0.0833333333333333,0.3333333333333333,0.0,0,0,0,0.0,0.1428571428571428,0.0415726840829673,0.0909090909090909,0.0909090909090909,0,0,S1-59400420,S2-560080134,0
0.48,0.48,0.1666666666666666,0.1666666666666666,0.2950819672131147,0.0,0,0,0,0.0,0.2,0.1568611789278854,0.0,0.0,0,0,S1-879877635,S2-825643327,0
0.5106382978723404,0.5106382978723404,0.21875,0.21875,0.25,0.0,0,0,0,0.0,0.2,0.1287894366570947,0.0,0.0,0,0,S1-879877635,S2-439928572,0
0.4444444444444444,0.4444444444444444,0.2,0.2,0.198019801980198,0.0,0,0,0,0.0,0.2,0.1691821001601151,0.0,0.0,0,0,S1-879877635,S2-544794102,0
0.4074074074074074,0.4074074074074074,0.1538461538461538,0.1538461538461538,0.2385321100917431,0.0,0,0,0,0.0,0.1666666666666666,0.1407023940064081,0.0,0.0,0,0,S1-879877635,S2-925427025,0
0.5806451612903226,0.5806451612903226,0.3333333333333333,0.3333333333333333,0.2105263157894736,0.0,0,0,0,0.0,0.25,0.1624185054176734,0.0,0.0,0,0,S1-879877635,S2-141384953,0
0.4,0.4,0.1428571428571428,0.1428571428571428,0.2518518518518518,0.0,0,0,0,0.0,0.1428571428571428,0.045405565050628,0.0,0.0,0,0,S1-610149670,S2-851573434,0
0.5,0.5,0.1666666666666666,0.1666666666666666,0.2222222222222222,0.0,0,0,0,0.0,0.1666666666666666,0.042355960137695,0.0,0.0,0,0,S1-610149670,S2-633358240,0
0.5283018867924528,0.5283018867924528,0.131578947368421,0.131578947368421,0.2,0.0,0,0,0,0.0,0.1428571428571428,0.0387845698408449,0.0,0.0,0,0,S1-610149670,S2-507833510,0
0.6415094339622641,0.6415094339622641,0.4,0.4,0.3055555555555556,0.0,0,0,0,0.0,0.3333333333333333,0.1080494300545977,0.0,0.0,0,0,S1-610149670,S2-79915961,0
0.56,0.56,0.1428571428571428,0.1428571428571428,0.3114754098360656,0.0,0,0,0,0.0,0.1428571428571428,0.0461853606127131,0.0,0.0,0,0,S1-610149670,S2-889780521,0
0.4666666666666667,0.4666666666666667,0.2105263157894736,0.2105263157894736,0.4,0.0,0,0,0,0.0,0.25,0.2258253833971012,0.0,0.0,1,0,S1-320200542,S2-787034299,0
0.5333333333333333,0.5333333333333333,0.2105263157894736,0.2105263157894736,0.3376623376623376,0.0,0,0,0,0.0,0.25,0.2676590369040714,0.0,0.0,0,0,S1-320200542,S2-413410627,0
0.5,0.5,0.1904761904761904,0.1904761904761904,0.1587301587301587,0.0,0,0,0,0.0,0.25,0.2103513343118433,0.0,0.0,0,0,S1-320200542,S2-918418392,0
0.3809523809523809,0.3809523809523809,0.1379310344827586,0.1379310344827586,0.1473684210526315,0.0,0,0,0,0.0,0.1666666666666666,0.1881365956907458,0.0,0.0,0,0,S1-320200542,S2-417235965,0
0.5,0.5,0.2222222222222222,0.2222222222222222,0.2535211267605634,0.0,0,0,0,0.0,0.3333333333333333,0.2705422165946314,0.0833333333333333,0.0833333333333333,0,0,S1-320200542,S2-160821957,0
0.5818181818181818,0.5818181818181818,0.1282051282051282,0.1282051282051282,0.3275862068965517,0.0,0,0,0,0.0,0.1428571428571428,0.0527402023640918,0.0,0.0,1,0,S1-927467834,S2-29640550,0
0.6666666666666666,0.6666666666666666,0.425,0.425,0.3382352941176471,0.0,0,0,0,0.0,0.5,0.2101152320477091,0.0,0.0,0,0,S1-927467834,S2-223641316,0
0.5666666666666667,0.5666666666666667,0.1136363636363636,0.1136363636363636,0.2135922330097087,0.0,0,0,0,0.0,0.125,0.0416167416997252,0.0,0.0,0,0,S1-927467834,S2-183433521,0
0.5925925925925926,0.5925925925925926,0.1578947368421052,0.1578947368421052,0.0,0.0,0,0,0,0.0,0.1428571428571428,0.0536598924798015,0.0,0.0,0,1,S1-927467834,S2-152632978,0
0.4583333333333333,0.4583333333333333,0.1470588235294117,0.1470588235294117,0.1458333333333333,0.0,0,0,0,0.0,0.1666666666666666,0.0568250051593027,0.0,0.0,0,0,S1-927467834,S2-950381919,0
0.7450980392156863,0.7450980392156863,0.4137931034482758,0.4137931034482758,0.2340425531914893,0.0,0,0,0,0.0,0.3333333333333333,0.1426924062896825,0.0,0.0,0,0,S1-991226123,S2-684324047,0
0.6545454545454545,0.6545454545454545,0.3636363636363636,0.3636363636363636,0.072463768115942,0.0,0,0,0,0.0,0.3333333333333333,0.1313575774284349,0.0,0.0,0,0,S1-991226123,S2-697753844,0
0.3466666666666667,0.3466666666666667,0.0862068965517241,0.0862068965517241,0.2993197278911564,0.0,0,0,0,0.0,0.1111111111111111,0.0339211536018337,0.0,0.0,0,0,S1-991226123,S2-385677886,0
0.5882352941176471,0.5882352941176471,0.1388888888888889,0.1388888888888889,0.3087248322147651,0.0,0,0,0,0.0,0.1428571428571428,0.0561710686418612,0.0,0.0,0,0,S1-991226123,S2-144365595,0
0.6779661016949152,0.6779661016949152,0.3243243243243243,0.3243243243243243,0.3012048192771084,0.0,0,0,0,0.0,0.3333333333333333,0.1370199037678285,0.0,0.0,0,0,S1-991226123,S2-8497900,0
0.4390243902439024,0.4390243902439024,0.0666666666666666,0.0666666666666666,0.2857142857142857,0.0,0,0,0,0.0,0.2,0.1046256347482661,0.0,0.0,1,0,S1-481281376,S2-152413868,0
0.3555555555555555,0.3555555555555555,0.0606060606060606,0.0606060606060606,0.3396226415094339,0.0,0,0,0,0.0,0.1428571428571428,0.0694622011165932,0.0,0.0,0,0,S1-481281376,S2-942937106,0
0.3478260869565217,0.3478260869565217,0.0571428571428571,0.0571428571428571,0.16,0.0,0,0,0,0.0,0.1666666666666666,0.0804669913484197,0.0,0.0,0,0,S1-481281376,S2-323238176,0
0.358974358974359,0.358974358974359,0.0689655172413793,0.0689655172413793,0.3773584905660377,0.0,0,0,0,0.0,0.2,0.127480895429162,0.0,0.0,0,0,S1-481281376,S2-64759494,0
0.4,0.4,0.08,0.08,0.0,0.0,0,0,0,0.0,0.2,0.0972022607059348,0.0,0.0,0,1,S1-481281376,S2-285488411,0
1.0,1.0,1.0,1.0,0.898876404494382,1.0,1,1,4,1.0,1.0,1.0,0.7777777777777778,0.7777777777777778,0,0,S1-210849781,S2-845708664,1
0.2745098039215686,0.2745098039215686,0.0769230769230769,0.0769230769230769,0.2857142857142857,0.0,0,0,0,0.0,0.1666666666666666,0.07759888295143,0.0,0.0,0,0,S1-210849781,S2-64630333,0
0.3902439024390244,0.3902439024390244,0.064516129032258,0.064516129032258,0.2650602409638554,0.0,0,0,0,0.0,0.2,0.087583239965436,0.0714285714285714,0.0714285714285714,1,0,S1-210849781,S2-931564582,0
0.3666666666666666,0.3666666666666666,0.0212765957446808,0.0212765957446808,0.367816091954023,0.0,0,0,0,0.0,0.125,0.0427669783884915,0.0,0.0,0,0,S1-210849781,S2-583490143,0
0.4782608695652174,0.4782608695652174,0.1935483870967742,0.1935483870967742,0.3414634146341463,0.0,0,0,0,0.0,0.1666666666666666,0.1176616310218825,0.0,0.0,0,0,S1-210849781,S2-348499671,0
0.2631578947368421,0.2631578947368421,0.0344827586206896,0.0344827586206896,0.3333333333333333,0.0,0,0,0,0.0,0.2,0.0933437969041353,0.0,0.0,0,0,S1-210849781,S2-161129978,0
0.3684210526315789,0.3684210526315789,0.1538461538461538,0.1538461538461538,0.2727272727272727,0.0,0,0,0,0.0,0.2,0.1559651817806236,0.0,0.0,0,0,S1-844896591,S2-937624711,0
0.3283582089552239,0.3283582089552239,0.0769230769230769,0.0769230769230769,0.2626262626262626,0.0,0,0,0,0.0,0.125,0.1274538107853048,0.0,0.0,0,0,S1-844896591,S2-317871764,0
0.4074074074074074,0.4074074074074074,0.0975609756097561,0.0975609756097561,0.3384615384615385,0.0,0,0,0,0.0,0.1666666666666666,0.1697840180426987,0.0,0.0,0,0,S1-844896591,S2-653681517,0
0.3018867924528302,0.3018867924528302,0.1,0.1,0.2028985507246377,0.0,0,0,0,0.0,0.1666666666666666,0.1194017097364965,0.0,0.0,0,0,S1-844896591,S2-87778259,0
0.4,0.4,0.0754716981132075,0.0754716981132075,0.3661971830985915,0.0,0,0,0,0.0,0.1111111111111111,0.1329979578195928,0.0,0.0,0,0,S1-844896591,S2-710080674,0
0.35,0.35,0.0333333333333333,0.0333333333333333,0.3125,0.0,0,0,0,0.0,0.2,0.2332589188666041,0.0,0.0,0,0,S1-705083256,S2-601276521,0
0.5454545454545454,0.5454545454545454,0.3333333333333333,0.3333333333333333,0.2571428571428571,0.0,0,0,0,0.0,0.3333333333333333,0.1073612617142434,0.0,0.0,1,0,S1-705083256,S2-518555797,0
0.5357142857142857,0.5357142857142857,0.3235294117647059,0.3235294117647059,0.2916666666666667,0.0,0,0,0,0.0,0.3333333333333333,0.1202182860786347,0.0,0.0,0,0,S1-705083256,S2-640216869,0
0.5294117647058824,0.5294117647058824,0.2790697674418604,0.2790697674418604,0.4968944099378882,0.2,1,1,1,0.0,0.25,0.0900867370284944,0.2,0.1999999999999999,0,0,S1-705083256,S2-412777702,0
0.6984126984126984,0.6984126984126984,0.3,0.3,0.3546099290780142,0.0,0,0,0,0.0,0.3333333333333333,0.1190650352959667,0.0454545454545454,0.0454545454545454,0,0,S1-705083256,S2-433227175,0
0.3174603174603174,0.3174603174603174,0.1063829787234042,0.1063829787234042,0.1848739495798319,0.0,0,0,0,0.0,0.125,0.0446698217391738,0.0,0.0,0,0,S1-109593962,S2-257371108,0
0.5428571428571428,0.5428571428571428,0.2553191489361702,0.2553191489361702,0.1925925925925926,0.0,0,0,0,0.0,0.2857142857142857,0.1122543064099027,0.0,0.0,0,0,S1-109593962,S2-559823127,0
0.4230769230769231,0.4230769230769231,0.1351351351351351,0.1351351351351351,0.1188118811881188,0.0,0,0,0,0.0,0.1428571428571428,0.0541131400422484,0.0,0.0,0,0,S1-109593962,S2-27742230,0
0.6551724137931034,0.6551724137931034,0.3333333333333333,0.3333333333333333,0.2676056338028169,0.0,0,0,0,0.0,0.3333333333333333,0.133820856822062,0.0,0.0,0,0,S1-109593962,S2-845908863,0
0.3673469387755102,0.3673469387755102,0.1428571428571428,0.1428571428571428,0.1884057971014492,0.0,0,0,0,0.0,0.1666666666666666,0.0618150325232689,0.0,0.0,0,0,S1-109593962,S2-943046043,0
0.1333333333333333,0.1333333333333333,0.0277777777777777,0.0277777777777777,0.16,0.0,0,0,0,0.0,0.2,0.0662604206952122,0.0,0.0,0,0,S1-971293452,S2-416826232,0
0.2857142857142857,0.2857142857142857,0.0303030303030303,0.0303030303030303,0.2372881355932203,0.0,0,0,0,0.0,0.2,0.0672153042158695,0.0,0.0,0,0,S1-971293452,S2-192953345,0
0.4516129032258064,0.4516129032258064,0.0454545454545454,0.0454545454545454,0.2857142857142857,0.0,0,0,0,0.0,0.2,0.0723902638863889,0.0,0.0,0,0,S1-971293452,S2-493038484,0
0.3846153846153846,0.3846153846153846,0.0555555555555555,0.0555555555555555,0.3728813559322034,0.0,0,0,0,0.0,0.25,0.0815191539964624,0.0,0.0,0,0,S1-971293452,S2-787309075,0
0.4210526315789473,0.4210526315789473,0.0344827586206896,0.0344827586206896,0.0,0.0,0,0,0,0.0,0.2,0.0543186914069736,0.0,0.0,0,1,S1-971293452,S2-865691824,0
0.4705882352941176,0.4705882352941176,0.1666666666666666,0.1666666666666666,0.3464566929133858,0.0,0,0,0,0.0,0.1666666666666666,0.1340676372784825,0.0476190476190476,0.0476190476190476,0,0,S1-681160793,S2-883436763,0
0.7777777777777778,0.7777777777777778,0.5517241379310345,0.5517241379310345,0.2923076923076923,0.0,0,0,0,0.0,0.4,0.3559416550067324,0.0,0.0,1,0,S1-681160793,S2-545674695,0
0.4888888888888889,0.4888888888888889,0.15625,0.15625,0.0952380952380952,0.0,0,0,0,0.0,0.2,0.192766111653103,0.0,0.0,0,0,S1-681160793,S2-541636548,0
0.6216216216216216,0.6216216216216216,0.3636363636363636,0.3636363636363636,0.1520467836257309,0.0,0,0,0,0.0,0.3333333333333333,0.2919748054290976,0.1739130434782608,0.1739130434782608,0,0,S1-681160793,S2-598322271,0
0.509090909090909,0.509090909090909,0.1219512195121951,0.1219512195121951,0.2083333333333333,0.0,0,0,0,0.0,0.1666666666666666,0.1209357621752968,0.0,0.0,0,0,S1-681160793,S2-222195968,0
0.5454545454545454,0.5454545454545454,0.1818181818181818,0.1818181818181818,0.2545454545454545,0.0,0,0,0,0.0,0.25,0.2447743222244016,0.0,0.0,0,0,S1-59474645,S2-672054842,0
0.4545454545454545,0.4545454545454545,0.125,0.125,0.2711864406779661,0.0,0,0,0,0.0,0.2,0.1791709873054851,0.0,0.0,0,0,S1-59474645,S2-417090507,0
0.6451612903225806,0.6451612903225806,0.1904761904761904,0.1904761904761904,0.0,0.0,0,0,0,0.0,0.3333333333333333,0.2736885627479184,0.0,0.0,1,1,S1-59474645,S2-966985435,0
0.4615384615384615,0.4615384615384615,0.25,0.25,0.1492537313432835,0.0,0,0,0,0.0,0.3333333333333333,0.2195151878477922,0.0,0.0,0,0,S1-59474645,S2-371501898,0
0.4102564102564102,0.4102564102564102,0.1538461538461538,0.1538461538461538,0.0,0.0,0,0,0,0.0,0.2,0.162980117517918,0.0,0.0,0,1,S1-59474645,S2-215090832,0
0.4363636363636363,0.4363636363636363,0.0232558139534883,0.0232558139534883,0.3478260869565217,0.0,0,0,0,0.0,0.125,0.0350886565394961,0.0,0.0,0,0,S1-321648485,S2-893385935,0
0.4444444444444444,0.4444444444444444,0.0408163265306122,0.0408163265306122,0.2181818181818181,0.0,0,0,0,0.0,0.1111111111111111,0.0317648178274327,0.0,0.0,0,0,S1-321648485,S2-10847918,0
0.4347826086956521,0.4347826086956521,0.0277777777777777,0.0277777777777777,0.3934426229508196,0.0,0,0,0,0.0,0.1666666666666666,0.053141170915845,0.0,0.0,0,0,S1-321648485,S2-936788611,0
0.4262295081967213,0.4262295081967213,0.0416666666666666,0.0416666666666666,0.1403508771929824,0.0,0,0,0,0.0,0.125,0.0368430834994359,0.0,0.0,0,0,S1-321648485,S2-179512080,0
0.2666666666666666,0.2666666666666666,0.0285714285714285,0.0285714285714285,0.2711864406779661,0.0,0,0,0,0.0,0.1666666666666666,0.0643227779413807,0.0,0.0,0,0,S1-321648485,S2-269909391,0
0.2857142857142857,0.2857142857142857,0.0256410256410256,0.0256410256410256,0.358974358974359,0.0,0,0,0,0.0,0.1666666666666666,0.0618379186021278,0.0,0.0,0,0,S1-117525650,S2-936629782,0
0.2564102564102564,0.2564102564102564,0.0357142857142857,0.0357142857142857,0.2051282051282051,0.0,0,0,0,0.0,0.1428571428571428,0.0514833286983218,0.0,0.0,0,0,S1-117525650,S2-723693171,0
0.3333333333333333,0.3333333333333333,0.0256410256410256,0.0256410256410256,0.3823529411764705,0.0,0,0,0,0.0,0.2,0.0733784257158511,0.0,0.0,1,0,S1-117525650,S2-125905754,0
0.3272727272727272,0.3272727272727272,0.0465116279069767,0.0465116279069767,0.0,0.0,0,0,0,0.0,0.1428571428571428,0.0432746597948009,0.0,0.0,0,1,S1-117525650,S2-757259652,0
0.4285714285714285,0.4285714285714285,0.03125,0.03125,0.3714285714285714,0.0,0,0,0,0.0,0.1666666666666666,0.0572279125796976,0.0,0.0,0,0,S1-117525650,S2-276684351,0
0.392156862745098,0.392156862745098,0.1351351351351351,0.1351351351351351,0.2831858407079646,0.0,0,0,0,0.0,0.1666666666666666,0.0522986377521303,0.0,0.0,0,0,S1-832050262,S2-541414076,0
0.48,0.48,0.1388888888888889,0.1388888888888889,0.1857142857142857,0.0,0,0,0,0.0,0.1666666666666666,0.0413928020283686,0.0,0.0,0,0,S1-832050262,S2-717871003,0
0.4727272727272727,0.4727272727272727,0.1219512195121951,0.1219512195121951,0.1896551724137931,0.0,0,0,0,0.0,0.1666666666666666,0.0602959063806474,0.0,0.0,0,0,S1-832050262,S2-745610205,0
0.2857142857142857,0.2857142857142857,0.1388888888888889,0.1388888888888889,0.1917808219178082,0.0,0,0,0,0.0,0.2,0.0539484242164998,0.0,0.0,0,0,S1-832050262,S2-236956812,0
0.392156862745098,0.392156862745098,0.1351351351351351,0.1351351351351351,0.3142857142857143,0.0,0,0,0,0.0,0.1666666666666666,0.0633006443146848,0.0476190476190476,0.0476190476190476,0,0,S1-832050262,S2-203563265,0
0.4705882352941176,0.4705882352941176,0.04,0.04,0.231578947368421,0.0,0,0,0,0.0,0.2,0.0761754916682434,0.0,0.0,0,0,S1-416613506,S2-865385001,0
0.4390243902439024,0.4390243902439024,0.032258064516129,0.032258064516129,0.160919540229885,0.0,0,0,0,0.0,0.1666666666666666,0.068890492230817,0.0,0.0,0,0,S1-416613506,S2-408906304,0
0.4390243902439024,0.4390243902439024,0.032258064516129,0.032258064516129,0.1971830985915492,0.0,0,0,0,0.0,0.1666666666666666,0.0592494406065114,0.0,0.0,0,0,S1-416613506,S2-343033405,0
0.4324324324324324,0.4324324324324324,0.037037037037037,0.037037037037037,0.1818181818181818,0.0,0,0,0,0.0,0.1666666666666666,0.0622477449260132,0.0,0.0,0,0,S1-416613506,S2-432330352,0
0.5777777777777777,0.5777777777777777,0.1935483870967742,0.1935483870967742,0.1428571428571428,0.0,0,0,0,0.0,0.2,0.1683830752934846,0.0,0.0,0,0,S1-416613506,S2-742045258,0
0.4642857142857143,0.4642857142857143,0.1,0.1,0.2692307692307692,0.0,0,0,0,0.0,0.125,0.0681719802655124,0.1111111111111111,0.1111111111111111,0,0,S1-201953835,S2-182841187,0
0.3692307692307692,0.3692307692307692,0.0833333333333333,0.0833333333333333,0.28,0.0,0,0,0,0.0,0.1111111111111111,0.058186344571489,0.0,0.0,1,0,S1-201953835,S2-258002872,0
0.3703703703703703,0.3703703703703703,0.025,0.025,0.2105263157894736,0.0,0,0,0,0.0,0.1111111111111111,0.0596006827064915,0.0,0.0,0,0,S1-201953835,S2-666966106,0
0.3396226415094339,0.3396226415094339,0.024390243902439,0.024390243902439,0.3448275862068966,0.0,0,0,0,0.0,0.1428571428571428,0.065173514109625,0.0,0.0,0,0,S1-201953835,S2-872994923,0
0.3692307692307692,0.3692307692307692,0.04,0.04,0.3673469387755102,0.0,0,0,0,0.0,0.1111111111111111,0.0597697900583515,0.0,0.0,0,0,S1-201953835,S2-271588872,0
0.4680851063829787,0.4680851063829787,0.027027027027027,0.027027027027027,0.2058823529411764,0.0,0,0,0,0.0,0.1666666666666666,0.0663853188151677,0.0,0.0,0,0,S1-529098208,S2-101845648,0
0.4827586206896552,0.4827586206896552,0.0666666666666666,0.0666666666666666,0.2608695652173913,0.0,0,0,0,0.0,0.1428571428571428,0.0545307650389279,0.0,0.0,0,0,S1-529098208,S2-217865329,0
0.32,0.32,0.0512820512820512,0.0512820512820512,0.1454545454545454,0.0,0,0,0,0.0,0.1666666666666666,0.0629212598381532,0.0,0.0,0,0,S1-529098208,S2-629697746,0
0.3636363636363636,0.3636363636363636,0.0294117647058823,0.0294117647058823,0.2461538461538461,0.0,0,0,0,0.0,0.1666666666666666,0.0608774391255231,0.0,0.0,1,0,S1-529098208,S2-726113822,0
0.417910447761194,0.417910447761194,0.0377358490566037,0.0377358490566037,0.2191780821917808,0.0,0,0,0,0.0,0.125,0.0468755914966068,0.0,0.0,0,0,S1-529098208,S2-785591796,0
0.3571428571428571,0.3571428571428571,0.1111111111111111,0.1111111111111111,0.1538461538461538,0.0,0,0,0,0.0,0.2,0.2237067126932767,0.0,0.0,0,0,S1-613517393,S2-10603410,0
0.6666666666666666,0.6666666666666666,0.2,0.2,0.253012048192771,0.0,0,0,0,0.0,0.3333333333333333,0.2685682250019851,0.0,0.0,0,0,S1-613517393,S2-659123694,0
0.4827586206896552,0.4827586206896552,0.1666666666666666,0.1666666666666666,0.2242990654205607,0.0,0,0,0,0.0,0.2,0.2453908728781883,0.0,0.0,0,0,S1-613517393,S2-293829884,0
0.2666666666666666,0.2666666666666666,0.09375,0.09375,0.3076923076923077,0.0,0,0,0,0.0,0.1428571428571428,0.1911801968172658,0.0,0.0,0,0,S1-613517393,S2-876373717,0
0.2702702702702703,0.2702702702702703,0.0769230769230769,0.0769230769230769,0.2608695652173913,0.0,0,0,0,0.0,0.1666666666666666,0.1876316461849912,0.0555555555555555,0.0555555555555555,0,0,S1-613517393,S2-288744955,0
0.4390243902439024,0.4390243902439024,0.03125,0.03125,0.417910447761194,0.0,0,0,0,0.0,0.2,0.0578421849513034,0.1111111111111111,0.1111111111111111,0,0,S1-312171728,S2-434964200,0
0.4166666666666667,0.4166666666666667,0.027027027027027,0.027027027027027,0.2318840579710145,0.0,0,0,0,0.0,0.1428571428571428,0.0428893853373254,0.0,0.0,0,0,S1-312171728,S2-462393410,0
0.35,0.35,0.032258064516129,0.032258064516129,0.24,0.0,0,0,0,0.0,0.2,0.0597873903393673,0.0,0.0,0,0,S1-312171728,S2-586980333,0
0.3142857142857143,0.3142857142857143,0.02,0.02,0.3103448275862069,0.0,0,0,0,0.0,0.125,0.0316635053530381,0.0,0.0,0,0,S1-312171728,S2-2636502,0
0.3428571428571428,0.3428571428571428,0.0384615384615384,0.0384615384615384,0.2318840579710145,0.0,0,0,0,0.0,0.2,0.0522302366727243,0.0,0.0,0,0,S1-312171728,S2-57380853,0
0.625,0.625,0.3793103448275862,0.3793103448275862,0.2909090909090909,0.0,0,0,0,0.0,0.2,0.1855959248122518,0.08,0.0799999999999999,0,0,S1-951159035,S2-503039505,0
0.5769230769230769,0.5769230769230769,0.2941176470588235,0.2941176470588235,0.3076923076923077,0.0,0,0,0,0.0,0.2,0.1847203917026538,0.0357142857142857,0.0357142857142857,0,0,S1-951159035,S2-644850388,0
0.3,0.3,0.032258064516129,0.032258064516129,0.2511627906976744,0.0,0,0,0,0.0,0.2,0.241706781369623,0.0,0.0,0,0,S1-951159035,S2-736205568,0
0.5714285714285714,0.5714285714285714,0.1724137931034483,0.1724137931034483,0.2,0.0,0,0,0,0.0,0.2,0.2842425311658626,0.0526315789473684,0.0526315789473684,0,0,S1-951159035,S2-211198150,0
0.5833333333333334,0.5833333333333334,0.3333333333333333,0.3333333333333333,0.1419354838709677,0.0,0,0,0,0.0,0.2,0.1600974946537662,0.0,0.0,0,0,S1-951159035,S2-482837624,0
0.35,0.35,0.0333333333333333,0.0333333333333333,0.1126760563380281,0.0,0,0,0,0.0,0.1666666666666666,0.0495364028064778,0.0,0.0,0,0,S1-958297307,S2-320313071,0
0.360655737704918,0.360655737704918,0.0204081632653061,0.0204081632653061,0.1794871794871795,0.0,0,0,0,0.0,0.125,0.0437860591227664,0.0,0.0,0,0,S1-958297307,S2-685496471,0
0.4390243902439024,0.4390243902439024,0.0666666666666666,0.0666666666666666,0.1975308641975308,0.0,0,0,0,0.0,0.1666666666666666,0.0400104288936507,0.0,0.0,0,0,S1-958297307,S2-277365503,0
0.4444444444444444,0.4444444444444444,0.0285714285714285,0.0285714285714285,0.1917808219178082,0.0,0,0,0,0.0,0.1666666666666666,0.0437028025733901,0.0,0.0,1,0,S1-958297307,S2-876109019,0
0.4242424242424242,0.4242424242424242,0.0416666666666666,0.0416666666666666,0.1518987341772152,0.0,0,0,0,0.0,0.2,0.0528023800157255,0.0,0.0,0,0,S1-958297307,S2-283165890,0
0.6037735849056604,0.6037735849056604,0.131578947368421,0.131578947368421,0.2839506172839506,0.0,0,0,0,0.0,0.1428571428571428,0.0453167416464583,0.0434782608695652,0.0434782608695652,0,0,S1-907412145,S2-421332191,0
0.3793103448275862,0.3793103448275862,0.1162790697674418,0.1162790697674418,0.2577319587628865,0.0,0,0,0,0.0,0.1428571428571428,0.0541588492597265,0.0,0.0,0,0,S1-907412145,S2-205109237,0
0.5454545454545454,0.5454545454545454,0.2857142857142857,0.2857142857142857,0.0972222222222222,0.0,0,0,0,0.0,0.3333333333333333,0.1180422977363715,0.0,0.0,1,0,S1-907412145,S2-626400872,0
0.6923076923076923,0.6923076923076923,0.2727272727272727,0.2727272727272727,0.2331288343558282,0.0,0,0,0,0.0,0.1428571428571428,0.0518645004698975,0.0,0.0,0,0,S1-907412145,S2-888988528,0
0.5581395348837209,0.5581395348837209,0.1724137931034483,0.1724137931034483,0.1616161616161616,0.0,0,0,0,0.0,0.1666666666666666,0.0538391516394071,0.0,0.0,0,0,S1-907412145,S2-108610091,0
0.5263157894736842,0.5263157894736842,0.1818181818181818,0.1818181818181818,0.1785714285714285,0.0,0,0,0,0.0,0.3333333333333333,0.2931151175936796,0.0,0.0,0,0,S1-975588880,S2-284676645,0
0.375,0.375,0.0909090909090909,0.0909090909090909,0.4137931034482758,0.0,0,0,0,0.0,0.2,0.2561074748154499,0.1,0.1,0,0,S1-975588880,S2-650817671,0
0.2857142857142857,0.2857142857142857,0.0833333333333333,0.0833333333333333,0.5,0.0,0,0,0,0.0,0.1666666666666666,0.1933087506791689,0.1111111111111111,0.1111111111111111,0,0,S1-975588880,S2-539983756,0
0.4347826086956521,0.4347826086956521,0.1428571428571428,0.1428571428571428,0.3666666666666666,0.0,0,0,0,0.0,0.25,0.2671082450032543,0.0,0.0,0,0,S1-975588880,S2-982282180,0
0.3157894736842105,0.3157894736842105,0.074074074074074,0.074074074074074,0.1785714285714285,0.0,0,0,0,0.0,0.1666666666666666,0.1502777880874203,0.0,0.0,0,0,S1-975588880,S2-283572298,0
0.3492063492063492,0.3492063492063492,0.0909090909090909,0.0909090909090909,0.189873417721519,0.0,0,0,0,0.0,0.1666666666666666,0.165788809195464,0.0,0.0,0,0,S1-447519365,S2-339051804,0
0.5925925925925926,0.5925925925925926,0.1666666666666666,0.1666666666666666,0.2650602409638554,0.0,0,0,0,0.0,0.3333333333333333,0.2329081298461114,0.0,0.0,0,0,S1-447519365,S2-106370688,0
0.5517241379310345,0.5517241379310345,0.15,0.15,0.1739130434782608,0.0,0,0,0,0.0,0.3333333333333333,0.2774807613614691,0.0,0.0,0,0,S1-447519365,S2-434859212,0
0.5142857142857142,0.5142857142857142,0.12,0.12,0.2142857142857142,0.0,0,0,0,0.0,0.25,0.204064445910766,0.0,0.0,0,0,S1-447519365,S2-994273839,0
0.3684210526315789,0.3684210526315789,0.1111111111111111,0.1111111111111111,0.2185792349726776,0.0,0,0,0,0.0,0.2,0.1744056236618419,0.04,0.0399999999999999,0,0,S1-447519365,S2-20699984,0
0.3783783783783784,0.3783783783783784,0.12,0.12,0.2295081967213114,0.0,0,0,0,0.0,0.1666666666666666,0.1273241808321469,0.0,0.0,0,0,S1-490725588,S2-287678517,0
0.5,0.5,0.1290322580645161,0.1290322580645161,0.2641509433962264,0.0,0,0,0,0.0,0.1666666666666666,0.1494920913065823,0.0,0.0,0,0,S1-490725588,S2-21901695,0
0.4782608695652174,0.4782608695652174,0.1212121212121212,0.1212121212121212,0.2962962962962963,0.0,0,0,0,0.0,0.1666666666666666,0.1827911361225547,0.0,0.0,0,0,S1-490725588,S2-122158071,0
0.5777777777777777,0.5777777777777777,0.2,0.2,0.1454545454545454,0.0,0,0,0,0.0,0.1666666666666666,0.2004658559451894,0.0,0.0,0,0,S1-490725588,S2-228055183,0
0.36,0.36,0.1081081081081081,0.1081081081081081,0.2807017543859649,0.0,0,0,0,0.0,0.1666666666666666,0.1654022621103232,0.0,0.0,0,0,S1-490725588,S2-44201685,0
0.4888888888888889,0.4888888888888889,0.2413793103448276,0.2413793103448276,0.1458333333333333,0.0,0,0,0,0.0,0.1666666666666666,0.2020779393123629,0.0,0.0,0,0,S1-297380975,S2-341849445,0
0.7096774193548387,0.7096774193548387,0.3888888888888889,0.3888888888888889,0.2162162162162162,0.0,0,0,0,0.0,0.3333333333333333,0.2890674904452829,0.0,0.0,0,0,S1-297380975,S2-478316150,0
0.5217391304347826,0.5217391304347826,0.2258064516129032,0.2258064516129032,0.2857142857142857,0.0,0,0,0,0.0,0.2,0.1970238699116582,0.0,0.0,0,0,S1-297380975,S2-146464048,0
0.6666666666666666,0.6666666666666666,0.3181818181818182,0.3181818181818182,0.0,0.0,0,0,0,0.0,0.25,0.2656705587836073,0.0,0.0,0,1,S1-297380975,S2-629377847,0
0.5555555555555556,0.5555555555555556,0.3333333333333333,0.3333333333333333,0.2909090909090909,0.0,0,0,0,0.0,0.2,0.1561019485282106,0.0,0.0,0,0,S1-297380975,S2-306581120,0
0.4727272727272727,0.4727272727272727,0.048780487804878,0.048780487804878,0.2539682539682539,0.0,0,0,0,0.0,0.2857142857142857,0.1119533979233952,0.0,0.0,0,0,S1-383740360,S2-109898615,0
0.4230769230769231,0.4230769230769231,0.025,0.025,0.2666666666666666,0.0,0,0,0,0.0,0.125,0.0606487023675018,0.0,0.0,0,0,S1-383740360,S2-810583772,0
0.1463414634146341,0.1463414634146341,0.032258064516129,0.032258064516129,0.3235294117647059,0.0,0,0,0,0.0,0.1666666666666666,0.0614468673517382,0.0909090909090909,0.0909090909090909,0,0,S1-383740360,S2-702273799,0
0.3773584905660377,0.3773584905660377,0.025,0.025,0.15625,0.0,0,0,0,0.0,0.125,0.0573602170656236,0.0,0.0,0,0,S1-383740360,S2-682345764,0
0.375,0.375,0.0555555555555555,0.0555555555555555,0.1904761904761904,0.0,0,0,0,0.0,0.1428571428571428,0.0449839508868127,0.0,0.0,0,0,S1-383740360,S2-289801416,0
0.4324324324324324,0.4324324324324324,0.0769230769230769,0.0769230769230769,0.4117647058823529,0.0,0,0,0,0.0,0.1666666666666666,0.2121560040534081,0.0,0.0,0,0,S1-387997909,S2-650805897,0
0.4761904761904761,0.4761904761904761,0.1379310344827586,0.1379310344827586,0.3,0.0,0,0,0,0.0,0.1666666666666666,0.1899692136045172,0.0,0.0,0,0,S1-387997909,S2-924029353,0
0.5531914893617021,0.5531914893617021,0.1212121212121212,0.1212121212121212,0.2142857142857142,0.0,0,0,0,0.0,0.1428571428571428,0.1596965292900664,0.0,0.0,0,0,S1-387997909,S2-494069861,0
0.5,0.5,0.2222222222222222,0.2222222222222222,0.3461538461538461,0.0,0,0,0,0.0,0.125,0.1608504286510159,0.0,0.0,0,0,S1-387997909,S2-763221117,0
0.44,0.44,0.1111111111111111,0.1111111111111111,0.3157894736842105,0.0,0,0,0,0.0,0.1428571428571428,0.1462791940398216,0.0,0.0,0,0,S1-387997909,S2-307908876,0
0.3703703703703703,0.3703703703703703,0.0465116279069767,0.0465116279069767,0.4444444444444444,0.0,0,0,0,0.0,0.1666666666666666,0.0583988402562485,0.0,0.0,0,0,S1-961045042,S2-152277568,0
0.3333333333333333,0.3333333333333333,0.0263157894736842,0.0263157894736842,0.2608695652173913,0.0,0,0,0,0.0,0.1666666666666666,0.0732727485040507,0.0,0.0,0,0,S1-961045042,S2-670791513,0
0.4126984126984127,0.4126984126984127,0.0392156862745098,0.0392156862745098,0.1290322580645161,0.0,0,0,0,0.0,0.1428571428571428,0.060937848095949,0.0,0.0,0,0,S1-961045042,S2-774639762,0
0.2727272727272727,0.2727272727272727,0.0588235294117647,0.0588235294117647,0.3380281690140845,0.0,0,0,0,0.0,0.2,0.0773151792620185,0.0,0.0,0,0,S1-961045042,S2-675493056,0
0.3283582089552239,0.3283582089552239,0.037037037037037,0.037037037037037,0.3529411764705882,0.0,0,0,0,0.0,0.125,0.0439134059385255,0.1,0.1,0,0,S1-961045042,S2-658087964,0
0.5,0.5,0.282051282051282,0.282051282051282,0.1756756756756756,0.0,0,0,0,0.0,0.3333333333333333,0.1476800555617843,0.0869565217391304,0.0869565217391304,1,0,S1-599612665,S2-612664296,0
0.5538461538461539,0.5538461538461539,0.2926829268292683,0.2926829268292683,0.2650602409638554,0.0,0,0,0,0.0,0.3333333333333333,0.1159508055288056,0.0357142857142857,0.0357142857142857,0,0,S1-599612665,S2-563821149,0
0.5833333333333334,0.5833333333333334,0.1818181818181818,0.1818181818181818,0.3506493506493506,0.0,0,0,0,0.0,0.1666666666666666,0.0715748370473502,0.04,0.0399999999999999,0,0,S1-599612665,S2-335876974,0
0.52,0.52,0.1388888888888889,0.1388888888888889,0.193103448275862,0.0,0,0,0,0.0,0.1666666666666666,0.0659421711919611,0.0,0.0,0,0,S1-599612665,S2-238797588,0
0.4210526315789473,0.4210526315789473,0.119047619047619,0.119047619047619,0.3194444444444444,0.0,0,0,0,0.0,0.1428571428571428,0.0501889470291062,0.0,0.0,0,0,S1-599612665,S2-309883270,0
0.5757575757575758,0.5757575757575758,0.1914893617021276,0.1914893617021276,0.1780821917808219,0.0,0,0,0,0.0,0.1428571428571428,0.1470265020628648,0.04,0.0399999999999999,0,0,S1-749145371,S2-604636877,0
0.5185185185185185,0.5185185185185185,0.2162162162162162,0.2162162162162162,0.1864406779661017,0.0,0,0,0,0.0,0.1666666666666666,0.1190962404335618,0.0,0.0,0,0,S1-749145371,S2-95182609,0
0.3888888888888889,0.3888888888888889,0.1698113207547169,0.1698113207547169,0.188034188034188,0.0,0,0,0,0.0,0.1428571428571428,0.1073680429322057,0.0,0.0,0,0,S1-749145371,S2-243290350,0
0.5079365079365079,0.5079365079365079,0.2045454545454545,0.2045454545454545,0.2352941176470588,0.0,0,0,0,0.0,0.1428571428571428,0.1046149904896212,0.0,0.0,0,0,S1-749145371,S2-376624651,0
0.5454545454545454,0.5454545454545454,0.2051282051282051,0.2051282051282051,0.2342342342342342,0.0,0,0,0,0.0,0.2,0.1310174726884456,0.0,0.0,0,0,S1-749145371,S2-77415236,0
0.6666666666666666,0.6666666666666666,0.3170731707317073,0.3170731707317073,0.1787709497206704,0.0,0,0,0,0.0,0.2857142857142857,0.0919863789047313,0.0,0.0,0,0,S1-426267364,S2-704807309,0
0.8421052631578947,0.8421052631578947,0.5,0.5,0.3225806451612903,0.0,0,0,0,0.0,0.2857142857142857,0.2614826863562715,0.0,0.0,0,0,S1-426267364,S2-989003508,0
0.5063291139240507,0.5063291139240507,0.1851851851851851,0.1851851851851851,0.2698412698412698,0.0,0,0,0,0.0,0.25,0.0919125900562186,0.0,0.0,0,0,S1-426267364,S2-757345219,0
0.5862068965517241,0.5862068965517241,0.15,0.15,0.2627737226277372,0.0,0,0,0,0.0,0.125,0.0462103941381492,0.0,0.0,0,0,S1-426267364,S2-725453467,0
0.4363636363636363,0.4363636363636363,0.1282051282051282,0.1282051282051282,0.2204724409448819,0.0,0,0,0,0.0,0.1428571428571428,0.0519977203869102,0.0,0.0,0,0,S1-426267364,S2-50611860,0
0.4347826086956521,0.4347826086956521,0.2127659574468085,0.2127659574468085,0.2,0.0,0,0,0,0.0,0.2857142857142857,0.0951421896273081,0.0,0.0,0,0,S1-230376371,S2-602771038,0
0.5806451612903226,0.5806451612903226,0.3076923076923077,0.3076923076923077,0.1694915254237288,0.0,0,0,0,0.0,0.2857142857142857,0.0934086137851164,0.0,0.0,0,0,S1-230376371,S2-829108318,0
0.4313725490196078,0.4313725490196078,0.1351351351351351,0.1351351351351351,0.3636363636363636,0.0,0,0,0,0.0,0.1666666666666666,0.0611008814758287,0.0909090909090909,0.0909090909090908,0,0,S1-230376371,S2-848878443,0
0.5531914893617021,0.5531914893617021,0.1515151515151515,0.1515151515151515,0.1733333333333333,0.0,0,0,0,0.0,0.1666666666666666,0.0626934770123287,0.0,0.0,0,0,S1-230376371,S2-363791215,0
0.4347826086956521,0.4347826086956521,0.15625,0.15625,0.2666666666666666,0.0,0,0,0,0.0,0.1666666666666666,0.0570800888252392,0.0,0.0,0,0,S1-230376371,S2-934719868,0
0.4651162790697674,0.4651162790697674,0.0303030303030303,0.0303030303030303,0.1702127659574468,0.0,0,0,0,0.0,0.1666666666666666,0.0455259196058128,0.0,0.0,0,0,S1-369312486,S2-586980333,0
0.4102564102564102,0.4102564102564102,0.0344827586206896,0.0344827586206896,0.2,0.0,0,0,0,0.0,0.1666666666666666,0.0461423454289049,0.0,0.0,0,0,S1-369312486,S2-461613991,0
0.1578947368421052,0.1578947368421052,0.0357142857142857,0.0357142857142857,0.3050847457627119,0.0,0,0,0,0.0,0.1666666666666666,0.0466504606531263,0.0,0.0,0,0,S1-369312486,S2-241417026,0
0.25,0.25,0.0277777777777777,0.0277777777777777,0.2807017543859649,0.0,0,0,0,0.0,0.125,0.0371743918021357,0.0,0.0,0,0,S1-369312486,S2-594299706,0
0.4680851063829787,0.4680851063829787,0.0277777777777777,0.0277777777777777,0.2068965517241379,0.0,0,0,0,0.0,0.1428571428571428,0.0426178186540642,0.0,0.0,0,0,S1-369312486,S2-436214857,0
0.5283018867924528,0.5283018867924528,0.2,0.2,0.3380281690140845,0.0,0,0,0,0.0,0.2857142857142857,0.3477890424296698,0.0,0.0,0,0,S1-900831254,S2-858300322,0
0.696969696969697,0.696969696969697,0.2857142857142857,0.2857142857142857,0.32,0.0,0,0,0,0.0,0.25,0.2082933156704316,0.0,0.0,0,0,S1-900831254,S2-975124888,0
0.6666666666666666,0.6666666666666666,0.3076923076923077,0.3076923076923077,0.3529411764705882,0.0,0,0,0,0.0,0.25,0.2136242426007147,0.0,0.0,0,0,S1-900831254,S2-392954635,0
0.3582089552238806,0.3582089552238806,0.0588235294117647,0.0588235294117647,0.1860465116279069,0.0,0,0,0,0.0,0.1111111111111111,0.084189173322504,0.0,0.0,0,0,S1-900831254,S2-758912046,0
0.3333333333333333,0.3333333333333333,0.0434782608695652,0.0434782608695652,0.2962962962962963,0.0,0,0,0,0.0,0.1111111111111111,0.0816049008244213,0.0,0.0,0,0,S1-900831254,S2-443882647,0
0.5,0.5,0.1944444444444444,0.1944444444444444,0.1095890410958904,0.0,0,0,0,0.0,0.1666666666666666,0.1481656842279037,0.0,0.0,0,0,S1-385892098,S2-460545987,0
0.55,0.55,0.28,0.28,0.4126984126984127,0.0,0,0,0,0.0,0.2,0.1761471294182286,0.0,0.0,0,0,S1-385892098,S2-781849200,0
0.5714285714285714,0.5714285714285714,0.2222222222222222,0.2222222222222222,0.3389830508474576,0.0,0,0,0,0.0,0.1666666666666666,0.1782085943297404,0.0,0.0,0,0,S1-385892098,S2-157739638,0
0.5238095238095238,0.5238095238095238,0.2142857142857142,0.2142857142857142,0.4067796610169492,0.0,0,0,0,0.0,0.2,0.1728611877778906,0.0,0.0,0,0,S1-385892098,S2-477768147,0
0.5116279069767442,0.5116279069767442,0.2068965517241379,0.2068965517241379,0.2608695652173913,0.0,0,0,0,0.0,0.2,0.1768775176436557,0.0,0.0,0,0,S1-385892098,S2-880446726,0
0.7058823529411765,0.7058823529411765,0.3571428571428571,0.3571428571428571,0.3188405797101449,0.0,0,0,0,0.0,0.2857142857142857,0.1170065621142955,0.0476190476190476,0.0476190476190476,0,0,S1-447656699,S2-880012978,0
0.6440677966101694,0.6440677966101694,0.2564102564102564,0.2564102564102564,0.2748091603053435,0.0,0,0,0,0.0,0.3333333333333333,0.102314602831285,0.0476190476190476,0.0476190476190476,0,0,S1-447656699,S2-577917555,0
0.7777777777777778,0.7777777777777778,0.4333333333333333,0.4333333333333333,0.2209944751381215,0.0,0,0,0,0.0,0.2857142857142857,0.1151942969746424,0.0434782608695652,0.0434782608695652,0,0,S1-447656699,S2-195958658,0
0.7037037037037037,0.7037037037037037,0.375,0.375,0.3582089552238806,0.0,0,0,0,0.0,0.3333333333333333,0.1055331871473437,0.0,0.0,0,0,S1-447656699,S2-423266141,0
0.5,0.5,0.1219512195121951,0.1219512195121951,0.2441860465116279,0.0,0,0,0,0.0,0.1428571428571428,0.0469101766216956,0.0,0.0,0,0,S1-447656699,S2-903637674,0
0.5666666666666667,0.5666666666666667,0.275,0.275,0.0789473684210526,0.0,0,0,0,0.0,0.1666666666666666,0.1406457715865683,0.0,0.0,0,0,S1-960214248,S2-934692090,0
0.5660377358490566,0.5660377358490566,0.3235294117647059,0.3235294117647059,0.2258064516129032,0.0,0,0,0,0.0,0.2,0.1410570965783143,0.0,0.0,0,0,S1-960214248,S2-566815932,0
0.5483870967741935,0.5483870967741935,0.4054054054054054,0.4054054054054054,0.0,0.0,0,0,0,0.0,0.3333333333333333,0.2784314509389496,0.0,0.0,0,1,S1-960214248,S2-927639722,0
0.6101694915254238,0.6101694915254238,0.2894736842105263,0.2894736842105263,0.1714285714285714,0.0,0,0,0,0.0,0.1666666666666666,0.1428579448354475,0.0,0.0,0,0,S1-960214248,S2-419167424,0
0.6666666666666666,0.6666666666666666,0.4074074074074074,0.4074074074074074,0.1791044776119403,0.0,0,0,0,0.0,0.25,0.1580958046849141,0.0,0.0,0,0,S1-960214248,S2-164987661,0
0.3333333333333333,0.3333333333333333,0.0476190476190476,0.0476190476190476,0.3050847457627119,0.0,0,0,0,0.0,0.2,0.0775260967374594,0.125,0.125,0,0,S1-512261431,S2-960276783,0
0.4705882352941176,0.4705882352941176,0.04,0.04,0.0769230769230769,0.0,0,0,0,0.0,0.2,0.0784395917666945,0.125,0.125,0,0,S1-512261431,S2-778964854,0
0.4,0.4,0.0294117647058823,0.0294117647058823,0.2571428571428571,0.0,0,0,0,0.0,0.1428571428571428,0.0488945064168624,0.0,0.0,0,0,S1-512261431,S2-140210427,0
0.3396226415094339,0.3396226415094339,0.0238095238095238,0.0238095238095238,0.3333333333333333,0.0,0,0,0,0.0,0.1428571428571428,0.0550411622110632,0.1111111111111111,0.1111111111111111,0,0,S1-512261431,S2-951776045,0
0.32,0.32,0.081081081081081,0.081081081081081,0.1764705882352941,0.0,0,0,0,0.0,0.1428571428571428,0.0438356995706603,0.0,0.0,0,0,S1-512261431,S2-802715588,0
0.6829268292682927,0.6829268292682927,0.2692307692307692,0.2692307692307692,0.4363636363636363,0.0,0,0,0,0.0,0.2,0.2058608443466256,0.1111111111111111,0.1111111111111111,0,0,S1-317318785,S2-915213429,0
0.4782608695652174,0.4782608695652174,0.2333333333333333,0.2333333333333333,0.2413793103448276,0.0,0,0,0,0.0,0.1666666666666666,0.172151609601852,0.0,0.0,0,0,S1-317318785,S2-668740789,0
0.4,0.4,0.1538461538461538,0.1538461538461538,0.2666666666666666,0.0,0,0,0,0.0,0.1428571428571428,0.1537588669197674,0.1,0.1,0,0,S1-317318785,S2-154564306,0
0.52,0.52,0.2058823529411764,0.2058823529411764,0.2142857142857142,0.0,0,0,0,0.0,0.1666666666666666,0.1718585483494284,0.1111111111111111,0.1111111111111111,0,0,S1-317318785,S2-819703651,0
0.5454545454545454,0.5454545454545454,0.2142857142857142,0.2142857142857142,0.2121212121212121,0.0,0,0,0,0.0,0.1428571428571428,0.1492245635946404,0.0,0.0,0,0,S1-317318785,S2-640262494,0
0.375,0.375,0.0454545454545454,0.0454545454545454,0.3142857142857143,0.0,0,0,0,0.0,0.1666666666666666,0.0503769185279222,0.0909090909090909,0.0909090909090909,0,0,S1-993609628,S2-253799125,0
0.4210526315789473,0.4210526315789473,0.037037037037037,0.037037037037037,0.3333333333333333,0.0,0,0,0,0.0,0.1428571428571428,0.0400971145428651,0.0909090909090909,0.0909090909090909,1,0,S1-993609628,S2-710839555,0
0.3571428571428571,0.3571428571428571,0.0526315789473684,0.0526315789473684,0.0615384615384615,0.0,0,0,0,0.0,0.2,0.0632071628463204,0.0,0.0,0,0,S1-993609628,S2-755569144,0
0.28,0.28,0.0256410256410256,0.0256410256410256,0.208955223880597,0.0,0,0,0,0.0,0.1428571428571428,0.0475661667351135,0.0,0.0,0,0,S1-993609628,S2-721911033,0
0.3448275862068966,0.3448275862068966,0.05,0.05,0.1791044776119403,0.0,0,0,0,0.0,0.2,0.0643755961070422,0.0,0.0,0,0,S1-993609628,S2-630903717,0
0.3333333333333333,0.3333333333333333,0.03125,0.03125,0.25,0.0,0,0,0,0.0,0.1666666666666666,0.0525343780874853,0.0,0.0,0,0,S1-760888492,S2-687479929,0
0.2413793103448276,0.2413793103448276,0.0217391304347826,0.0217391304347826,0.3333333333333333,0.0,0,0,0,0.0,0.125,0.0384712903788495,0.0,0.0,0,0,S1-760888492,S2-702319504,0
0.25,0.25,0.0555555555555555,0.0555555555555555,0.2622950819672131,0.0,0,0,0,0.0,0.1428571428571428,0.0476361317576752,0.0,0.0,0,0,S1-760888492,S2-147357325,0
0.5,0.5,0.0526315789473684,0.0526315789473684,0.3103448275862069,0.0,0,0,0,0.0,0.2,0.058828992629884,0.0,0.0,1,0,S1-760888492,S2-189369955,0
0.5714285714285714,0.5714285714285714,0.1666666666666666,0.1666666666666666,0.2758620689655172,0.0,0,0,0,0.0,0.25,0.0766009400368589,0.0,0.0,0,0,S1-760888492,S2-59063822,0
0.5185185185185185,0.5185185185185185,0.25,0.25,0.2686567164179104,0.0,0,0,0,0.0,0.25,0.2762501003123503,0.0,0.0,0,0,S1-523975207,S2-120970477,0
0.5,0.5,0.2222222222222222,0.2222222222222222,0.3055555555555556,0.0,0,0,0,0.0,0.3333333333333333,0.2950688738633787,0.0,0.0,1,0,S1-523975207,S2-533312919,0
0.5454545454545454,0.5454545454545454,0.1904761904761904,0.1904761904761904,0.2051282051282051,0.0,0,0,0,0.0,0.2,0.2147865898841124,0.0,0.0,1,0,S1-523975207,S2-57075061,0
0.3888888888888889,0.3888888888888889,0.1666666666666666,0.1666666666666666,0.2247191011235955,0.0,0,0,0,0.0,0.2,0.252907838919735,0.0625,0.0624999999999999,0,0,S1-523975207,S2-248578795,0
0.4102564102564102,0.4102564102564102,0.1481481481481481,0.1481481481481481,0.2368421052631578,0.0,0,0,0,0.0,0.2,0.2350642331886408,0.0,0.0,0,0,S1-523975207,S2-10891223,0
0.4705882352941176,0.4705882352941176,0.04,0.04,0.2467532467532467,0.0,0,0,0,0.0,0.2,0.1237780751333459,0.0,0.0,0,0,S1-223818707,S2-140770419,0
0.5306122448979592,0.5306122448979592,0.1818181818181818,0.1818181818181818,0.1834061135371179,0.0,0,0,0,0.0,0.1428571428571428,0.1645831627794134,0.0,0.0,0,0,S1-223818707,S2-21747376,0
0.1764705882352941,0.1764705882352941,0.04,0.04,0.134453781512605,0.0,0,0,0,0.0,0.2,0.1427572733509549,0.0,0.0,0,0,S1-223818707,S2-811704506,0
0.56,0.56,0.1764705882352941,0.1764705882352941,0.2793296089385474,0.0,0,0,0,0.0,0.1428571428571428,0.1528306390018136,0.0,0.0,0,0,S1-223818707,S2-499860960,0
0.4571428571428571,0.4571428571428571,0.08,0.08,0.379746835443038,0.0,0,0,0,0.0,0.2,0.1171685399871099,0.1,0.0999999999999999,1,0,S1-223818707,S2-713927990,0
0.3636363636363636,0.3636363636363636,0.0666666666666666,0.0666666666666666,0.4507042253521127,0.0,0,0,0,0.0,0.2,0.0639229912254544,0.0833333333333333,0.0833333333333333,0,0,S1-890009542,S2-89351530,0
0.375,0.375,0.027027027027027,0.027027027027027,0.32,0.0,0,0,0,0.0,0.1428571428571428,0.0495562416805341,0.0,0.0,0,0,S1-890009542,S2-957435177,0
0.5294117647058824,0.5294117647058824,0.0434782608695652,0.0434782608695652,0.3636363636363636,0.0,0,0,0,0.0,0.1428571428571428,0.0468693540453318,0.0,0.0,1,0,S1-890009542,S2-184369642,0
0.4897959183673469,0.4897959183673469,0.088235294117647,0.088235294117647,0.1818181818181818,0.0,0,0,0,0.0,0.1111111111111111,0.0384131494003622,0.0,0.0,0,0,S1-890009542,S2-193442342,0
0.2272727272727272,0.2272727272727272,0.03125,0.03125,0.2105263157894736,0.0,0,0,0,0.0,0.125,0.0499713519495722,0.0,0.0,0,0,S1-890009542,S2-507837506,0
0.3870967741935484,0.3870967741935484,0.0454545454545454,0.0454545454545454,0.1886792452830188,0.0,0,0,0,0.0,0.2,0.0613546359869884,0.0,0.0,0,0,S1-226099106,S2-917073950,0
0.3783783783783784,0.3783783783783784,0.04,0.04,0.12,0.0,0,0,0,0.0,0.125,0.0407152945106741,0.0,0.0,0,0,S1-226099106,S2-953956842,0
0.4912280701754385,0.4912280701754385,0.0930232558139534,0.0930232558139534,0.2592592592592592,0.0,0,0,0,0.0,0.1428571428571428,0.1529750803617455,0.0,0.0,1,0,S1-226099106,S2-730882667,0
0.28,0.28,0.0526315789473684,0.0526315789473684,0.2448979591836734,0.0,0,0,0,0.0,0.1428571428571428,0.0535871908443963,0.0,0.0,0,0,S1-226099106,S2-289222177,0
0.4583333333333333,0.4583333333333333,0.1515151515151515,0.1515151515151515,0.2,0.0,0,0,0,0.0,0.1428571428571428,0.042695669233047,0.0,0.0,0,0,S1-226099106,S2-264356042,0
0.4838709677419355,0.4838709677419355,0.1063829787234042,0.1063829787234042,0.238095238095238,0.3333333333333333,1,1,1,0.0,0.1428571428571428,0.0492397858654981,0.0454545454545454,0.0454545454545454,0,0,S1-928584878,S2-55680295,0
0.4285714285714285,0.4285714285714285,0.119047619047619,0.119047619047619,0.2886597938144329,0.25,1,1,1,0.0,0.1666666666666666,0.0590405644423812,0.0769230769230769,0.0769230769230769,0,0,S1-928584878,S2-175848536,0
0.4507042253521127,0.4507042253521127,0.0892857142857142,0.0892857142857142,0.3255813953488372,0.2,1,1,1,0.0,0.1428571428571428,0.0470133770035768,0.0689655172413793,0.0689655172413792,0,0,S1-928584878,S2-329399212,0
0.4675324675324675,0.4675324675324675,0.081967213114754,0.081967213114754,0.2639593908629442,0.0,0,0,0,0.0,0.125,0.0511039430159859,0.04,0.0399999999999999,0,0,S1-928584878,S2-486778080,0
0.4166666666666667,0.4166666666666667,0.1509433962264151,0.1509433962264151,0.3018867924528302,0.0,0,0,0,0.0,0.2857142857142857,0.1416781036114899,0.0333333333333333,0.0333333333333333,0,0,S1-928584878,S2-2423540,0
0.5151515151515151,0.5151515151515151,0.125,0.125,0.188235294117647,0.0,0,0,0,0.0,0.125,0.0510022599823345,0.0454545454545454,0.0454545454545454,0,0,S1-680008372,S2-736616519,0
0.3636363636363636,0.3636363636363636,0.1224489795918367,0.1224489795918367,0.2644628099173554,0.0,0,0,0,0.0,0.1428571428571428,0.0557822650309925,0.0,0.0,0,0,S1-680008372,S2-217193491,0
0.5806451612903226,0.5806451612903226,0.3076923076923077,0.3076923076923077,0.2428571428571428,0.0,0,0,0,0.0,0.3333333333333333,0.1523412720103532,0.0,0.0,0,0,S1-680008372,S2-466494788,0
0.3943661971830985,0.3943661971830985,0.2083333333333333,0.2083333333333333,0.4369747899159664,0.0,0,0,0,0.0,0.2857142857142857,0.1042541605761179,0.05,0.0499999999999999,0,0,S1-680008372,S2-348428910,0
0.6551724137931034,0.6551724137931034,0.3428571428571428,0.3428571428571428,0.1388888888888889,0.0,0,0,0,0.0,0.3333333333333333,0.104452493076366,0.0,0.0,0,0,S1-680008372,S2-781595386,0
0.5106382978723404,0.5106382978723404,0.088235294117647,0.088235294117647,0.2222222222222222,0.0,0,0,0,0.0,0.1428571428571428,0.1192278341087524,0.0,0.0,0,0,S1-239320834,S2-19069446,0
0.4705882352941176,0.4705882352941176,0.1351351351351351,0.1351351351351351,0.4507042253521127,0.0,0,0,0,0.0,0.1666666666666666,0.1324465240183477,0.0833333333333333,0.0833333333333333,0,0,S1-239320834,S2-260375341,0
0.4545454545454545,0.4545454545454545,0.1521739130434782,0.1521739130434782,0.2903225806451613,0.0,0,0,0,0.0,0.25,0.1893501147295462,0.0909090909090909,0.0909090909090909,0,0,S1-239320834,S2-669445124,0
0.6071428571428571,0.6071428571428571,0.25,0.25,0.2153846153846154,0.0,0,0,0,0.0,0.2857142857142857,0.2234835471820195,0.0,0.0,0,0,S1-239320834,S2-924031701,0
0.5,0.5,0.088235294117647,0.088235294117647,0.0,0.0,0,0,0,0.0,0.1428571428571428,0.1227861296651003,0.0,0.0,0,1,S1-239320834,S2-822007167,0
0.3859649122807017,0.3859649122807017,0.0217391304347826,0.0217391304347826,0.2121212121212121,0.0,0,0,0,0.0,0.1428571428571428,0.0449938219297563,0.0,0.0,0,0,S1-101629104,S2-454390508,0
0.2950819672131147,0.2950819672131147,0.02,0.02,0.3478260869565217,0.0,0,0,0,0.0,0.1428571428571428,0.0441813050541241,0.0,0.0,0,0,S1-101629104,S2-730034531,0
0.4,0.4,0.0638297872340425,0.0638297872340425,0.144927536231884,0.0,0,0,0,0.0,0.1428571428571428,0.0422379557649394,0.0,0.0,0,0,S1-101629104,S2-357506387,0
0.3333333333333333,0.3333333333333333,0.0204081632653061,0.0204081632653061,0.2258064516129032,0.0,0,0,0,0.0,0.1428571428571428,0.0364737950841801,0.0,0.0,0,0,S1-101629104,S2-405252307,0
0.3333333333333333,0.3333333333333333,0.0263157894736842,0.0263157894736842,0.4375,0.0,0,0,0,0.0,0.1666666666666666,0.0476790933912111,0.0,0.0,0,0,S1-101629104,S2-341786209,0
0.5555555555555556,0.5555555555555556,0.1818181818181818,0.1818181818181818,0.3612903225806451,0.0,0,0,0,0.0,0.3333333333333333,0.1786542545308186,0.0434782608695652,0.0434782608695652,0,0,S1-851921239,S2-748575802,0
0.5777777777777777,0.5777777777777777,0.0294117647058823,0.0294117647058823,0.4054054054054054,0.0,0,0,0,0.0,0.1428571428571428,0.0708311357754846,0.05,0.0499999999999999,0,0,S1-851921239,S2-735538229,0
0.4090909090909091,0.4090909090909091,0.0303030303030303,0.0303030303030303,0.1911764705882352,0.0,0,0,0,0.0,0.1428571428571428,0.0679253944790287,0.0,0.0,0,0,S1-851921239,S2-77265473,0
0.5142857142857142,0.5142857142857142,0.04,0.04,0.15,0.0,0,0,0,0.0,0.1666666666666666,0.0806340782067039,0.0,0.0,0,0,S1-851921239,S2-455653085,0
0.4571428571428571,0.4571428571428571,0.04,0.04,0.3493975903614458,0.0,0,0,0,0.0,0.1666666666666666,0.0683410145443554,0.0,0.0,0,0,S1-851921239,S2-641839477,0
0.6774193548387096,0.6774193548387096,0.3076923076923077,0.3076923076923077,0.3170731707317073,0.0,0,0,0,0.0,0.2857142857142857,0.0960930256873015,0.0,0.0,0,0,S1-998129023,S2-752874620,0
0.4067796610169492,0.4067796610169492,0.1162790697674418,0.1162790697674418,0.0,0.0,0,0,0,0.0,0.125,0.0493805956222527,0.0,0.0,0,1,S1-998129023,S2-589066831,0
0.3846153846153846,0.3846153846153846,0.1886792452830188,0.1886792452830188,0.2333333333333333,0.0,0,0,0,0.0,0.25,0.0958184173793622,0.0,0.0,1,0,S1-998129023,S2-900987952,0
0.5070422535211268,0.5070422535211268,0.1132075471698113,0.1132075471698113,0.1304347826086956,0.0,0,0,0,0.0,0.1111111111111111,0.0448429600795403,0.0555555555555555,0.0555555555555555,0,0,S1-998129023,S2-855731424,0
0.4230769230769231,0.4230769230769231,0.1351351351351351,0.1351351351351351,0.3622047244094488,0.0,0,0,0,0.0,0.1428571428571428,0.0569161118994974,0.0714285714285714,0.0714285714285714,0,0,S1-998129023,S2-598202687,0
0.3389830508474576,0.3389830508474576,0.0425531914893617,0.0425531914893617,0.16,0.0,0,0,0,0.0,0.1428571428571428,0.0373069501533932,0.0,0.0,0,0,S1-476146328,S2-723577878,0
0.2857142857142857,0.2857142857142857,0.0192307692307692,0.0192307692307692,0.25,0.0,0,0,0,0.0,0.1428571428571428,0.0410720087267292,0.0,0.0,0,0,S1-476146328,S2-81426854,0
0.2727272727272727,0.2727272727272727,0.0185185185185185,0.0185185185185185,0.1904761904761904,0.0,0,0,0,0.0,0.125,0.0324294572370513,0.0,0.0,0,0,S1-476146328,S2-588817119,0
0.3103448275862069,0.3103448275862069,0.0666666666666666,0.0666666666666666,0.2068965517241379,0.0,0,0,0,0.0,0.1428571428571428,0.0368562219714321,0.0,0.0,0,0,S1-476146328,S2-909574740,0
0.3214285714285714,0.3214285714285714,0.0222222222222222,0.0222222222222222,0.2456140350877192,0.0,0,0,0,0.0,0.1428571428571428,0.0370033160802115,0.0,0.0,1,0,S1-476146328,S2-606108952,0
0.3636363636363636,0.3636363636363636,0.0294117647058823,0.0294117647058823,0.3508771929824561,0.0,0,0,0,0.0,0.1666666666666666,0.0411213966403,0.0,0.0,0,0,S1-966027321,S2-66523922,0
0.109090909090909,0.109090909090909,0.0232558139534883,0.0232558139534883,0.2105263157894736,0.0,0,0,0,0.0,0.125,0.0362553323005453,0.0,0.0,0,0,S1-966027321,S2-452031090,0
0.4545454545454545,0.4545454545454545,0.0294117647058823,0.0294117647058823,0.3174603174603174,0.0,0,0,0,0.0,0.1666666666666666,0.0453290672461838,0.0,0.0,0,0,S1-966027321,S2-85754974,0
0.375,0.375,0.0434782608695652,0.0434782608695652,0.2769230769230769,0.0,0,0,0,0.0,0.2,0.048514511741046,0.0,0.0,0,0,S1-966027321,S2-500903317,0
0.25,0.25,0.0689655172413793,0.0689655172413793,0.3773584905660377,0.0,0,0,0,0.0,0.1666666666666666,0.04049666373938,0.1111111111111111,0.1111111111111111,0,0,S1-966027321,S2-931295947,0
0.3773584905660377,0.3773584905660377,0.054054054054054,0.054054054054054,0.3703703703703703,0.0,0,0,0,0.0,0.1111111111111111,0.030196137046041,0.1111111111111111,0.1111111111111111,0,0,S1-789405085,S2-314109661,0
0.3389830508474576,0.3389830508474576,0.0476190476190476,0.0476190476190476,0.2352941176470588,0.0,0,0,0,0.0,0.2222222222222222,0.0907533173661408,0.0,0.0,0,0,S1-789405085,S2-254409840,0
0.3703703703703703,0.3703703703703703,0.025,0.025,0.3384615384615385,0.0,0,0,0,0.0,0.125,0.0362578253349226,0.0,0.0,0,0,S1-789405085,S2-458826344,0
0.3870967741935484,0.3870967741935484,0.0212765957446808,0.0212765957446808,0.2413793103448276,0.0,0,0,0,0.0,0.1111111111111111,0.0340300517733901,0.0,0.0,0,0,S1-789405085,S2-825257153,0
0.3235294117647059,0.3235294117647059,0.04,0.04,0.2,0.0,0,0,0,0.0,0.1,0.0299982893987344,0.0,0.0,0,0,S1-789405085,S2-813012025,0
0.5901639344262295,0.5901639344262295,0.1666666666666666,0.1666666666666666,0.1904761904761904,0.0,0,0,0,0.0,0.1111111111111111,0.0376365591638512,0.0,0.0,0,0,S1-159303490,S2-838007406,0
0.4074074074074074,0.4074074074074074,0.1282051282051282,0.1282051282051282,0.0,0.0,0,0,0,0.0,0.1428571428571428,0.0428237095414338,0.0,0.0,0,1,S1-159303490,S2-841743700,0
0.3283582089552239,0.3283582089552239,0.0980392156862745,0.0980392156862745,0.2233502538071066,0.0,0,0,0,0.0,0.125,0.0416620009470694,0.0,0.0,0,0,S1-159303490,S2-81398584,0
0.4590163934426229,0.4590163934426229,0.1590909090909091,0.1590909090909091,0.2209302325581395,0.0,0,0,0,0.0,0.1428571428571428,0.043790249299337,0.0,0.0,1,0,S1-159303490,S2-975535138,0
0.4727272727272727,0.4727272727272727,0.125,0.125,0.4232804232804232,0.0,0,0,0,0.0,0.1428571428571428,0.0505176250548205,0.1578947368421052,0.1578947368421052,0,0,S1-159303490,S2-852076276,0
0.3414634146341463,0.3414634146341463,0.0666666666666666,0.0666666666666666,0.2641509433962264,0.0,0,0,0,0.0,0.1666666666666666,0.1687849564112224,0.0,0.0,0,0,S1-263027135,S2-89184556,0
0.48,0.48,0.2058823529411764,0.2058823529411764,0.5714285714285714,0.0,0,0,0,0.0,0.1666666666666666,0.1488958556148362,0.25,0.25,0,0,S1-263027135,S2-495448687,0
0.4705882352941176,0.4705882352941176,0.1388888888888889,0.1388888888888889,0.3050847457627119,0.0,0,0,0,0.0,0.1428571428571428,0.1353391943182323,0.0,0.0,0,0,S1-263027135,S2-475762872,0
0.5142857142857142,0.5142857142857142,0.2272727272727272,0.2272727272727272,0.2222222222222222,0.0,0,0,0,0.0,0.2,0.1873359276875348,0.0,0.0,0,0,S1-263027135,S2-184914487,0
0.4571428571428571,0.4571428571428571,0.1304347826086956,0.1304347826086956,0.2886597938144329,0.0,0,0,0,0.0,0.1666666666666666,0.1780664085586308,0.0,0.0,0,0,S1-263027135,S2-864905500,0
0.24,0.24,0.0512820512820512,0.0512820512820512,0.5172413793103449,0.0,0,0,0,0.0,0.1666666666666666,0.1261874115461503,0.1111111111111111,0.1111111111111111,0,0,S1-330851545,S2-573905837,0
0.4,0.4,0.081081081081081,0.081081081081081,0.3666666666666666,0.0,0,0,0,0.0,0.1428571428571428,0.1015618943942928,0.0,0.0,0,0,S1-330851545,S2-730105794,0
0.3404255319148936,0.3404255319148936,0.0555555555555555,0.0555555555555555,0.2068965517241379,0.0,0,0,0,0.0,0.1666666666666666,0.1389618675453049,0.0,0.0,0,0,S1-330851545,S2-639854377,0
0.3902439024390244,0.3902439024390244,0.064516129032258,0.064516129032258,0.2941176470588235,0.0,0,0,0,0.0,0.2,0.1580109744926032,0.0,0.0,0,0,S1-330851545,S2-640442762,0
0.2545454545454545,0.2545454545454545,0.0465116279069767,0.0465116279069767,0.6,0.0,0,0,0,0.0,0.1428571428571428,0.1082257847872158,0.1111111111111111,0.1111111111111111,0,0,S1-330851545,S2-725169997,0
0.3846153846153846,0.3846153846153846,0.1714285714285714,0.1714285714285714,0.3636363636363636,0.0,0,0,0,0.0,0.1666666666666666,0.073272598523727,0.0,0.0,1,0,S1-744710348,S2-622708113,0
0.4,0.4,0.1063829787234042,0.1063829787234042,0.4057971014492754,0.0,0,0,0,0.0,0.125,0.043679363849902,0.0434782608695652,0.0434782608695652,0,0,S1-744710348,S2-120899490,0
0.2372881355932203,0.2372881355932203,0.1707317073170731,0.1707317073170731,0.1739130434782608,0.0,0,0,0,0.0,0.1666666666666666,0.0529590124015655,0.0,0.0,0,0,S1-744710348,S2-40198921,0
0.6052631578947368,0.6052631578947368,0.26,0.26,0.2857142857142857,0.0,0,0,0,0.0,0.2857142857142857,0.1164081435165565,0.0,0.0,0,0,S1-744710348,S2-446464109,0
0.5573770491803278,0.5573770491803278,0.1395348837209302,0.1395348837209302,0.3272727272727272,0.0,0,0,0,0.0,0.1428571428571428,0.0721625436976834,0.0526315789473684,0.0526315789473684,0,0,S1-744710348,S2-330454951,0
0.3673469387755102,0.3673469387755102,0.0625,0.0625,0.2205882352941176,0.0,0,0,0,0.0,0.1666666666666666,0.0855412478385359,0.0,0.0,0,0,S1-837399164,S2-824669797,0
0.4878048780487805,0.4878048780487805,0.0714285714285714,0.0714285714285714,0.180327868852459,0.0,0,0,0,0.0,0.125,0.0707306152248302,0.0,0.0,0,0,S1-837399164,S2-725825839,0
0.3783783783783784,0.3783783783783784,0.074074074074074,0.074074074074074,0.1565217391304348,0.0,0,0,0,0.0,0.2,0.1071198002878578,0.0,0.0,0,0,S1-837399164,S2-563768667,0
0.3902439024390244,0.3902439024390244,0.0689655172413793,0.0689655172413793,0.1848739495798319,0.0,0,0,0,0.0,0.1666666666666666,0.1033252453934402,0.0,0.0,0,0,S1-837399164,S2-732342063,0
0.4571428571428571,0.4571428571428571,0.08,0.08,0.4318181818181818,0.0,0,0,0,0.0,0.2,0.1123902144814723,0.04,0.0399999999999999,0,0,S1-837399164,S2-843400244,0
0.5098039215686274,0.5098039215686274,0.2727272727272727,0.2727272727272727,0.2993197278911564,0.0,0,0,0,0.0,0.2,0.173605377645502,0.0454545454545454,0.0454545454545454,0,0,S1-57235044,S2-332356681,0
0.7027027027027027,0.7027027027027027,0.4090909090909091,0.4090909090909091,0.2115384615384615,0.0,0,0,0,0.0,0.3333333333333333,0.2240906860363662,0.0,0.0,0,0,S1-57235044,S2-573624572,0
0.7647058823529411,0.7647058823529411,0.4736842105263157,0.4736842105263157,0.2517482517482518,0.0,0,0,0,0.0,0.3333333333333333,0.1976859961804369,0.0,0.0,0,0,S1-57235044,S2-284891285,0
0.5185185185185185,0.5185185185185185,0.2432432432432432,0.2432432432432432,0.1558441558441558,0.0,0,0,0,0.0,0.2,0.1758688770008878,0.0,0.0,0,0,S1-57235044,S2-621342457,0
0.5909090909090909,0.5909090909090909,0.3846153846153846,0.3846153846153846,0.1298701298701298,0.0,0,0,0,0.0,0.2,0.164841458749941,0.0,0.0,0,0,S1-57235044,S2-295385994,0
0.4230769230769231,0.4230769230769231,0.0263157894736842,0.0263157894736842,0.24,0.0,0,0,0,0.0,0.1,0.0296703717942169,0.0,0.0,1,0,S1-143919660,S2-254191486,0
0.3466666666666667,0.3466666666666667,0.0172413793103448,0.0172413793103448,0.2337662337662337,0.0,0,0,0,0.0,0.0909090909090909,0.0315999803447719,0.0,0.0,0,0,S1-143919660,S2-15631008,0
0.4074074074074074,0.4074074074074074,0.0238095238095238,0.0238095238095238,0.1428571428571428,0.0,0,0,0,0.0,0.125,0.0340008658641065,0.0,0.0,0,0,S1-143919660,S2-721472717,0
0.4242424242424242,0.4242424242424242,0.0392156862745098,0.0392156862745098,0.2564102564102564,0.0,0,0,0,0.0,0.2222222222222222,0.0831535757328032,0.0,0.0,0,0,S1-143919660,S2-155799493,0
0.3829787234042553,0.3829787234042553,0.0285714285714285,0.0285714285714285,0.2857142857142857,0.0,0,0,0,0.0,0.125,0.037671507550732,0.0,0.0,0,0,S1-143919660,S2-108762336,0
0.4444444444444444,0.4444444444444444,0.0384615384615384,0.0384615384615384,0.2388059701492537,0.0,0,0,0,0.0,0.1666666666666666,0.0666222156823176,0.0,0.0,1,0,S1-868074583,S2-35165872,0
0.3720930232558139,0.3720930232558139,0.03125,0.03125,0.2121212121212121,0.0,0,0,0,0.0,0.1428571428571428,0.0456153072562325,0.0,0.0,0,0,S1-868074583,S2-666535071,0
0.3333333333333333,0.3333333333333333,0.03125,0.03125,0.1578947368421052,0.0,0,0,0,0.0,0.1666666666666666,0.0647746703013351,0.0,0.0,0,0,S1-868074583,S2-10593232,0
0.2903225806451613,0.2903225806451613,0.0208333333333333,0.0208333333333333,0.3809523809523809,0.0,0,0,0,0.0,0.1111111111111111,0.0399901828234736,0.0,0.0,0,0,S1-868074583,S2-163965683,0
0.3111111111111111,0.3111111111111111,0.0303030303030303,0.0303030303030303,0.208955223880597,0.0,0,0,0,0.0,0.125,0.0488983776662782,0.0,0.0,0,0,S1-868074583,S2-92835928,0
0.4615384615384615,0.4615384615384615,0.025,0.025,0.1492537313432835,0.0,0,0,0,0.0,0.125,0.0364577435370985,0.0,0.0,0,0,S1-924020849,S2-663815970,0
0.3571428571428571,0.3571428571428571,0.0227272727272727,0.0227272727272727,0.3333333333333333,0.0,0,0,0,0.0,0.125,0.0332747048215794,0.0,0.0,0,0,S1-924020849,S2-404132531,0
0.1276595744680851,0.1276595744680851,0.0277777777777777,0.0277777777777777,0.2258064516129032,0.0,0,0,0,0.0,0.1428571428571428,0.0414596750351219,0.0,0.0,0,0,S1-924020849,S2-557111788,0
0.4225352112676056,0.4225352112676056,0.037037037037037,0.037037037037037,0.1923076923076923,0.0,0,0,0,0.0,0.1,0.0309159500601623,0.0,0.0,0,0,S1-924020849,S2-125748296,0
0.2727272727272727,0.2727272727272727,0.0294117647058823,0.0294117647058823,0.40625,0.0,0,0,0,0.0,0.1666666666666666,0.0492850606351124,0.1,0.1,0,0,S1-924020849,S2-928394694,0
0.6046511627906976,0.6046511627906976,0.0303030303030303,0.0303030303030303,0.3304347826086956,0.0,0,0,0,0.0,0.1666666666666666,0.0544727186305924,0.0,0.0,0,0,S1-44757147,S2-243128815,0
0.5217391304347826,0.5217391304347826,0.1290322580645161,0.1290322580645161,0.247191011235955,0.0,0,0,0,0.0,0.2857142857142857,0.1343102328394328,0.0,0.0,0,0,S1-44757147,S2-770450171,0
0.5581395348837209,0.5581395348837209,0.03125,0.03125,0.2653061224489796,0.0,0,0,0,0.0,0.1428571428571428,0.0565425012511152,0.0,0.0,0,0,S1-44757147,S2-930836164,0
0.4615384615384615,0.4615384615384615,0.025,0.025,0.3584905660377358,0.0,0,0,0,0.0,0.125,0.0591538537958837,0.0,0.0,0,0,S1-44757147,S2-946564355,0
0.358974358974359,0.358974358974359,0.0357142857142857,0.0357142857142857,0.2077922077922078,0.0,0,0,0,0.0,0.1666666666666666,0.0746302071998086,0.0,0.0,0,0,S1-44757147,S2-551627072,0
0.4,0.4,0.1219512195121951,0.1219512195121951,0.173469387755102,0.0,0,0,0,0.0,0.1666666666666666,0.050977828279792,0.0333333333333333,0.0333333333333333,0,0,S1-36093778,S2-358052714,0
0.5423728813559322,0.5423728813559322,0.2894736842105263,0.2894736842105263,0.136986301369863,0.0,0,0,0,0.0,0.3333333333333333,0.119377997021223,0.0434782608695652,0.0434782608695652,0,0,S1-36093778,S2-9090201,0
0.5151515151515151,0.5151515151515151,0.125,0.125,0.2,0.0,0,0,0,0.0,0.125,0.0377524056848418,0.0,0.0,0,0,S1-36093778,S2-929172133,0
0.6129032258064516,0.6129032258064516,0.3,0.3,0.3352601156069364,0.0,0,0,0,0.0,0.3333333333333333,0.1025376389899071,0.037037037037037,0.037037037037037,0,0,S1-36093778,S2-892014687,0
0.392156862745098,0.392156862745098,0.1351351351351351,0.1351351351351351,0.2375,0.0,0,0,0,0.0,0.1666666666666666,0.0526695414832938,0.0416666666666666,0.0416666666666666,0,0,S1-36093778,S2-661457224,0
0.3636363636363636,0.3636363636363636,0.0232558139534883,0.0232558139534883,0.2058823529411764,0.0,0,0,0,0.0,0.1428571428571428,0.0418320707957383,0.0,0.0,0,0,S1-737665494,S2-234192211,0
0.4583333333333333,0.4583333333333333,0.0277777777777777,0.0277777777777777,0.28125,0.0,0,0,0,0.0,0.1428571428571428,0.0542998697942826,0.0,0.0,0,0,S1-737665494,S2-531339611,0
0.3,0.3,0.0425531914893617,0.0425531914893617,0.3928571428571428,0.0,0,0,0,0.0,0.1428571428571428,0.0506049464003992,0.0,0.0,0,0,S1-737665494,S2-252681357,0
0.3461538461538461,0.3461538461538461,0.0512820512820512,0.0512820512820512,0.3125,0.0,0,0,0,0.0,0.1428571428571428,0.0490057710863698,0.1,0.1,0,0,S1-737665494,S2-853719906,0
0.3829787234042553,0.3829787234042553,0.088235294117647,0.088235294117647,0.2181818181818181,0.0,0,0,0,0.0,0.1666666666666666,0.0565900088672189,0.0,0.0,0,0,S1-737665494,S2-915617724,0
0.4,0.4,0.125,0.125,0.2222222222222222,0.0,0,0,0,0.0,0.2,0.2140137046069109,0.0,0.0,0,0,S1-670030836,S2-377354176,0
0.4864864864864865,0.4864864864864865,0.1111111111111111,0.1111111111111111,0.2711864406779661,0.0,0,0,0,0.0,0.25,0.2554696521920083,0.0,0.0,0,0,S1-670030836,S2-871252473,0
0.3902439024390244,0.3902439024390244,0.1,0.1,0.4375,0.0,0,0,0,0.0,0.2,0.2254732569097543,0.1111111111111111,0.1111111111111111,0,0,S1-670030836,S2-410272577,0
0.35,0.35,0.1034482758620689,0.1034482758620689,0.2333333333333333,0.0,0,0,0,0.0,0.2,0.2531116563828984,0.0,0.0,0,0,S1-670030836,S2-930403795,0
0.4736842105263157,0.4736842105263157,0.1111111111111111,0.1111111111111111,0.25,0.0,0,0,0,0.0,0.2,0.2540142484397142,0.0,0.0,0,0,S1-670030836,S2-568364644,0
0.4888888888888889,0.4888888888888889,0.1935483870967742,0.1935483870967742,0.2535211267605634,0.0,0,0,0,0.0,0.2,0.1218565889697012,0.0,0.0,0,0,S1-88817160,S2-850692545,0
0.375,0.375,0.1818181818181818,0.1818181818181818,0.1666666666666666,0.0,0,0,0,0.0,0.1666666666666666,0.1221169730105201,0.0,0.0,0,0,S1-88817160,S2-242145095,0
0.4489795918367347,0.4489795918367347,0.1764705882352941,0.1764705882352941,0.1951219512195122,0.0,0,0,0,0.0,0.1666666666666666,0.1377952619500239,0.0,0.0,0,0,S1-88817160,S2-894749036,0
0.5185185185185185,0.5185185185185185,0.1578947368421052,0.1578947368421052,0.3146067415730337,0.0,0,0,0,0.0,0.1428571428571428,0.1002015833602563,0.0,0.0,0,0,S1-88817160,S2-306887992,0
0.5,0.5,0.1818181818181818,0.1818181818181818,0.3043478260869565,0.0,0,0,0,0.0,0.1666666666666666,0.110679100621691,0.0,0.0,0,0,S1-88817160,S2-308256803,0
0.4081632653061224,0.4081632653061224,0.027027027027027,0.027027027027027,0.0,0.0,0,0,0,0.0,0.125,0.0337266645346169,0.0,0.0,0,1,S1-360475070,S2-92495291,0
0.3404255319148936,0.3404255319148936,0.0277777777777777,0.0277777777777777,0.2127659574468085,0.0,0,0,0,0.0,0.1428571428571428,0.0349103054633454,0.0,0.0,0,0,S1-360475070,S2-191939413,0
0.3548387096774194,0.3548387096774194,0.0204081632653061,0.0204081632653061,0.1403508771929824,0.0,0,0,0,0.0,0.1111111111111111,0.0310157653334318,0.0,0.0,1,0,S1-360475070,S2-821020423,0
0.3181818181818182,0.3181818181818182,0.0303030303030303,0.0303030303030303,0.3661971830985915,0.0,0,0,0,0.0,0.1428571428571428,0.0396810766757627,0.0769230769230769,0.0769230769230769,0,0,S1-360475070,S2-646594637,0
0.34375,0.34375,0.0697674418604651,0.0697674418604651,0.25,0.0,0,0,0,0.0,0.125,0.0348169943444986,0.0,0.0,1,0,S1-360475070,S2-478923597,0
0.5428571428571428,0.5428571428571428,0.2553191489361702,0.2553191489361702,0.208955223880597,0.3333333333333333,1,1,1,0.0,0.2857142857142857,0.097191002044483,0.0,0.0,1,0,S1-332396561,S2-323945463,0
0.4615384615384615,0.4615384615384615,0.131578947368421,0.131578947368421,0.2790697674418604,0.0,0,0,0,0.0,0.1666666666666666,0.0492684392386579,0.0,0.0,0,0,S1-332396561,S2-962690276,0
0.7391304347826086,0.6451612903225806,0.48,0.3157894736842105,0.2733812949640288,0.0,0,0,0,0.0,0.4,0.1366688167391851,0.0,0.0,1,0,S1-332396561,S2-930551729,0
0.6206896551724138,0.6206896551724138,0.2631578947368421,0.2631578947368421,0.3773584905660377,0.0,0,0,0,0.0,0.3333333333333333,0.0962072618795952,0.074074074074074,0.074074074074074,0,0,S1-332396561,S2-546659808,0
0.4225352112676056,0.4225352112676056,0.2,0.2,0.2745098039215686,0.0,0,0,0,0.0,0.2857142857142857,0.0781125895137111,0.0,0.0,0,0,S1-332396561,S2-158237013,0
0.4390243902439024,0.4390243902439024,0.0333333333333333,0.0333333333333333,0.1367521367521367,0.0,0,0,0,0.0,0.1666666666666666,0.0662630332156627,0.0,0.0,0,0,S1-8068264,S2-544349540,0
0.4,0.4,0.0303030303030303,0.0303030303030303,0.3132530120481928,0.0,0,0,0,0.0,0.1428571428571428,0.077784705180974,0.0,0.0,0,0,S1-8068264,S2-708067905,0
0.4090909090909091,0.4090909090909091,0.03125,0.03125,0.0,0.0,0,0,0,0.0,0.1428571428571428,0.0714449657870525,0.0,0.0,0,1,S1-8068264,S2-663399158,0
0.4285714285714285,0.4285714285714285,0.1111111111111111,0.1111111111111111,0.217391304347826,0.0,0,0,0,0.0,0.2857142857142857,0.181560529893646,0.0,0.0,0,0,S1-8068264,S2-921624110,0
0.1463414634146341,0.1463414634146341,0.0357142857142857,0.0357142857142857,0.1573033707865168,0.0,0,0,0,0.0,0.1666666666666666,0.0753942944438219,0.0,0.0,0,0,S1-8068264,S2-311560092,0
0.44,0.44,0.0526315789473684,0.0526315789473684,0.3809523809523809,0.0,0,0,0,0.0,0.1428571428571428,0.0603366497782916,0.0,0.0,0,0,S1-573739083,S2-892731107,0
0.4814814814814814,0.4814814814814814,0.0476190476190476,0.0476190476190476,0.3103448275862069,0.0,0,0,0,0.0,0.1428571428571428,0.0619127705458116,0.0,0.0,0,0,S1-573739083,S2-18060352,0
0.4545454545454545,0.4545454545454545,0.0606060606060606,0.0606060606060606,0.3137254901960784,0.0,0,0,0,0.0,0.1666666666666666,0.066090586244845,0.0,0.0,0,0,S1-573739083,S2-828901433,0
0.3684210526315789,0.3684210526315789,0.074074074074074,0.074074074074074,0.3389830508474576,0.0,0,0,0,0.0,0.1666666666666666,0.0639925166301503,0.0,0.0,0,0,S1-573739083,S2-586112434,0
0.4864864864864865,0.4864864864864865,0.037037037037037,0.037037037037037,0.40625,0.0,0,0,0,0.0,0.1666666666666666,0.0689012753001411,0.0,0.0,0,0,S1-573739083,S2-150612286,0
0.96,0.96,0.7027027027027027,0.7027027027027027,0.8461538461538461,1.0,2,1,3,0.0,0.6666666666666666,0.4660322951060946,0.8888888888888888,0.888888888888889,0,0,S1-929436188,S2-597692962,1
0.7076923076923077,0.7076923076923077,0.3846153846153846,0.3846153846153846,0.218978102189781,0.0,0,0,0,0.0,0.5,0.3315386801832993,0.0,0.0,1,0,S1-929436188,S2-597340970,0
0.5405405405405406,0.5405405405405406,0.26,0.26,0.348993288590604,0.0,0,0,0,0.0,0.2857142857142857,0.1007084214864177,0.0,0.0,0,0,S1-929436188,S2-918306650,0
0.5833333333333334,0.5833333333333334,0.2666666666666666,0.2666666666666666,0.2016806722689075,0.0,0,0,0,0.0,0.2857142857142857,0.115811729291402,0.0625,0.0624999999999999,0,0,S1-929436188,S2-604777900,0
0.6363636363636364,0.6363636363636364,0.2727272727272727,0.2727272727272727,0.3076923076923077,0.0,0,0,0,0.0,0.3333333333333333,0.1175129873977609,0.0,0.0,0,0,S1-929436188,S2-988744744,0
0.6176470588235294,0.6176470588235294,0.2666666666666666,0.2666666666666666,0.2388059701492537,0.0,0,0,0,0.0,0.2857142857142857,0.1202467015496163,0.0,0.0,1,0,S1-929436188,S2-91873253,0
0.717948717948718,0.717948717948718,0.5238095238095238,0.5238095238095238,0.2335766423357664,0.0,0,0,0,0.0,0.25,0.1815486924096791,0.0,0.0,0,0,S1-632500007,S2-43189428,0
0.4333333333333333,0.4333333333333333,0.2894736842105263,0.2894736842105263,0.2091503267973856,0.0,0,0,0,0.0,0.1666666666666666,0.1469028184956237,0.0,0.0,0,0,S1-632500007,S2-994500979,0
0.4375,0.4375,0.2777777777777778,0.2777777777777778,0.3064516129032258,0.0,0,0,0,0.0,0.25,0.1579165366891657,0.0,0.0,0,0,S1-632500007,S2-157169456,0
0.6037735849056604,0.6037735849056604,0.3333333333333333,0.3333333333333333,0.3166666666666666,0.0,0,0,0,0.0,0.2,0.1695074868024659,0.0,0.0,0,0,S1-632500007,S2-578007732,0
0.5384615384615384,0.5384615384615384,0.2941176470588235,0.2941176470588235,0.2690058479532163,0.0,0,0,0,0.0,0.2,0.1376451798538941,0.0,0.0,0,0,S1-632500007,S2-281832582,0
0.52,0.52,0.3,0.3,0.1917808219178082,0.0,0,0,0,0.0,0.2,0.2428604841697996,0.0,0.0,0,0,S1-66627070,S2-77731070,0
0.4745762711864407,0.4745762711864407,0.0952380952380952,0.0952380952380952,0.2535211267605634,0.0,0,0,0,0.0,0.1428571428571428,0.0651137139049164,0.0,0.0,0,0,S1-66627070,S2-520542279,0
0.5490196078431373,0.5490196078431373,0.1176470588235294,0.1176470588235294,0.3302752293577982,0.0,0,0,0,0.0,0.1428571428571428,0.0838171672270009,0.0588235294117647,0.0588235294117647,0,0,S1-66627070,S2-249735038,0
0.5333333333333333,0.5333333333333333,0.1333333333333333,0.1333333333333333,0.303030303030303,0.0,0,0,0,0.0,0.2,0.1161335215312289,0.0,0.0,0,0,S1-66627070,S2-844841084,0
0.4897959183673469,0.4897959183673469,0.1212121212121212,0.1212121212121212,0.2954545454545454,0.0,0,0,0,0.0,0.1666666666666666,0.0711832361378463,0.0,0.0,0,0,S1-66627070,S2-316175233,0
0.5866666666666667,0.5866666666666667,0.2352941176470588,0.2352941176470588,0.2251655629139073,0.0,0,0,0,0.0,0.25,0.0880809795315104,0.0,0.0,0,0,S1-993942589,S2-542402013,0
0.3684210526315789,0.3684210526315789,0.0833333333333333,0.0833333333333333,0.2571428571428571,0.0,0,0,0,0.0,0.125,0.0457853381373229,0.0,0.0,0,0,S1-993942589,S2-968017609,0
0.5970149253731343,0.5970149253731343,0.2727272727272727,0.2727272727272727,0.3087248322147651,0.0,0,0,0,0.0,0.2857142857142857,0.1081451660214149,0.0526315789473684,0.0526315789473684,0,0,S1-993942589,S2-336028515,0
0.4067796610169492,0.4067796610169492,0.1136363636363636,0.1136363636363636,0.2465753424657534,0.0,0,0,0,0.0,0.1428571428571428,0.0419101601982157,0.0526315789473684,0.0526315789473684,0,0,S1-993942589,S2-142031060,0
0.5555555555555556,0.5555555555555556,0.2448979591836734,0.2448979591836734,0.28,0.0,0,0,0,0.0,0.2857142857142857,0.1000882234300345,0.0,0.0,0,0,S1-993942589,S2-129030071,0
0.3508771929824561,0.3508771929824561,0.119047619047619,0.119047619047619,0.1417322834645669,0.0,0,0,0,0.0,0.1428571428571428,0.0582262515542343,0.0,0.0,0,0,S1-749410612,S2-91206576,0
0.5185185185185185,0.5185185185185185,0.1282051282051282,0.1282051282051282,0.0851063829787234,0.0,0,0,0,0.0,0.1428571428571428,0.0492869133878341,0.0,0.0,0,0,S1-749410612,S2-633855726,0
0.7076923076923077,0.7076923076923077,0.2790697674418604,0.2790697674418604,0.2434782608695652,0.0,0,0,0,0.0,0.3333333333333333,0.1466603868479596,0.0,0.0,0,0,S1-749410612,S2-75192126,0
0.2692307692307692,0.2692307692307692,0.1621621621621621,0.1621621621621621,0.1739130434782608,0.0,0,0,0,0.0,0.1666666666666666,0.0493909065701704,0.0,0.0,0,0,S1-749410612,S2-356151586,0
0.4561403508771929,0.4561403508771929,0.119047619047619,0.119047619047619,0.1676646706586826,0.0,0,0,0,0.0,0.1428571428571428,0.0576328713313272,0.0,0.0,0,0,S1-749410612,S2-674028684,0
0.5405405405405406,0.5405405405405406,0.2,0.2,0.0,0.0,0,0,0,0.0,0.25,0.1751447279876077,0.0,0.0,0,1,S1-959883662,S2-634927127,0
0.4761904761904761,0.4761904761904761,0.1785714285714285,0.1785714285714285,0.1388888888888889,0.0,0,0,0,0.0,0.2,0.1583423467754227,0.0,0.0,0,0,S1-959883662,S2-629292439,0
0.3673469387755102,0.3673469387755102,0.1612903225806451,0.1612903225806451,0.4081632653061224,0.0,0,0,0,0.0,0.1666666666666666,0.142596258850599,0.0,0.0,0,0,S1-959883662,S2-685264402,0
0.6666666666666666,0.5517241379310345,0.3846153846153846,0.2941176470588235,0.320754716981132,0.0,0,0,0,0.0,0.3333333333333333,0.2178274410669231,0.0,0.0,1,0,S1-959883662,S2-830048460,0
0.3137254901960784,0.3137254901960784,0.1388888888888889,0.1388888888888889,0.1782178217821782,0.0,0,0,0,0.0,0.1666666666666666,0.1424555669829673,0.0,0.0,0,0,S1-959883662,S2-750256967,0
0.3571428571428571,0.3571428571428571,0.0476190476190476,0.0476190476190476,0.1649484536082474,0.0,0,0,0,0.0,0.125,0.0446314440161439,0.0,0.0,0,0,S1-855145932,S2-276478634,0
0.3773584905660377,0.3773584905660377,0.048780487804878,0.048780487804878,0.2444444444444444,0.0,0,0,0,0.0,0.1428571428571428,0.0445605091566424,0.0,0.0,0,0,S1-855145932,S2-398995743,0
0.5333333333333333,0.5333333333333333,0.0909090909090909,0.0909090909090909,0.2197802197802197,0.0,0,0,0,0.0,0.1666666666666666,0.0605320525160333,0.0,0.0,0,0,S1-855145932,S2-875681520,0
0.4482758620689655,0.4482758620689655,0.0681818181818181,0.0681818181818181,0.2549019607843137,0.0,0,0,0,0.0,0.1428571428571428,0.0528868497534838,0.0,0.0,0,0,S1-855145932,S2-888638901,0
0.3846153846153846,0.3846153846153846,0.024390243902439,0.024390243902439,0.2150537634408602,0.0,0,0,0,0.0,0.1428571428571428,0.0517195184370294,0.0,0.0,1,0,S1-855145932,S2-108078597,0
0.4126984126984127,0.4126984126984127,0.04,0.04,0.2857142857142857,0.0,0,0,0,0.0,0.125,0.0409254402242877,0.0,0.0,0,0,S1-15875172,S2-338909980,0
0.4615384615384615,0.4615384615384615,0.025,0.025,0.0,0.0,0,0,0,0.0,0.125,0.0478606191185593,0.0,0.0,0,1,S1-15875172,S2-839433246,0
0.2727272727272727,0.2727272727272727,0.0303030303030303,0.0303030303030303,0.0,0.0,0,0,0,0.0,0.1428571428571428,0.0549261158871429,0.0,0.0,1,1,S1-15875172,S2-858811944,0
0.4590163934426229,0.4590163934426229,0.1136363636363636,0.1136363636363636,0.1702127659574468,0.0,0,0,0,0.0,0.25,0.1655649746266715,0.0,0.0,1,0,S1-15875172,S2-774199285,0
0.417910447761194,0.417910447761194,0.0384615384615384,0.0384615384615384,0.3214285714285714,0.0,0,0,0,0.0,0.1,0.0569068932268955,0.0,0.0,0,0,S1-15875172,S2-480757921,0
0.28,0.28,0.0256410256410256,0.0256410256410256,0.3508771929824561,0.0,0,0,0,0.0,0.1666666666666666,0.0526621878366058,0.1111111111111111,0.1111111111111111,0,0,S1-4754203,S2-792385950,0
0.3636363636363636,0.3636363636363636,0.0227272727272727,0.0227272727272727,0.2941176470588235,0.0,0,0,0,0.0,0.1428571428571428,0.0506251497450794,0.0,0.0,0,0,S1-4754203,S2-412489420,0
0.4102564102564102,0.4102564102564102,0.0333333333333333,0.0333333333333333,0.1587301587301587,0.0,0,0,0,0.0,0.2,0.0610796289467147,0.0,0.0,0,0,S1-4754203,S2-102979514,0
0.4081632653061224,0.4081632653061224,0.0526315789473684,0.0526315789473684,0.3235294117647059,0.0,0,0,0,0.0,0.1666666666666666,0.0550807951973718,0.0,0.0,0,0,S1-4754203,S2-89950184,0
0.5128205128205128,0.5128205128205128,0.0689655172413793,0.0689655172413793,0.2545454545454545,0.0,0,0,0,0.0,0.2,0.0745823715660617,0.0,0.0,1,0,S1-4754203,S2-391549963,0
0.5106382978723404,0.5106382978723404,0.1612903225806451,0.1612903225806451,0.2882882882882883,0.0,0,0,0,0.0,0.1666666666666666,0.0532414486572264,0.0,0.0,0,0,S1-155025322,S2-116133966,0
0.4444444444444444,0.4444444444444444,0.108695652173913,0.108695652173913,0.2280701754385964,0.0,0,0,0,0.0,0.1428571428571428,0.0517137387446669,0.0,0.0,0,0,S1-155025322,S2-518741071,0
0.3928571428571428,0.3928571428571428,0.125,0.125,0.3857142857142857,0.0,0,0,0,0.0,0.1666666666666666,0.0541470879715019,0.0454545454545454,0.0454545454545454,0,0,S1-155025322,S2-632370525,0
0.3111111111111111,0.3111111111111111,0.1666666666666666,0.1666666666666666,0.5918367346938775,0.0,0,0,0,0.0,0.2,0.0537059479896129,0.1538461538461538,0.1538461538461538,0,0,S1-155025322,S2-811293101,0
0.4473684210526316,0.4473684210526316,0.125,0.125,0.1904761904761904,0.0,0,0,0,0.0,0.125,0.0330603288244956,0.0,0.0,0,0,S1-155025322,S2-693146061,0
0.4096385542168674,0.4096385542168674,0.0952380952380952,0.0952380952380952,0.3820224719101123,0.0,0,0,0,0.0,0.0909090909090909,0.0260849000054009,0.0666666666666666,0.0666666666666666,0,0,S1-322571285,S2-663575104,0
0.4067796610169492,0.4067796610169492,0.1136363636363636,0.1136363636363636,0.2615384615384615,0.0,0,0,0,0.0,0.1428571428571428,0.0411541739791317,0.0,0.0,0,0,S1-322571285,S2-905585096,0
0.3947368421052631,0.3947368421052631,0.1034482758620689,0.1034482758620689,0.1666666666666666,0.0,0,0,0,0.0,0.1111111111111111,0.0399946526398614,0.0,0.0,0,0,S1-322571285,S2-913370867,0
0.6,0.6,0.2653061224489796,0.2653061224489796,0.5641025641025641,0.0,0,0,0,0.0,0.25,0.0862181250265215,0.125,0.1249999999999999,0,0,S1-322571285,S2-927940270,0
0.5333333333333333,0.5333333333333333,0.1363636363636363,0.1363636363636363,0.4444444444444444,0.0,0,0,0,0.0,0.1428571428571428,0.0503082510327091,0.0588235294117647,0.0588235294117647,0,0,S1-322571285,S2-729001239,0
0.4666666666666667,0.4666666666666667,0.1395348837209302,0.1395348837209302,0.2222222222222222,0.0,0,0,0,0.0,0.125,0.0581517151677119,0.0,0.0,0,0,S1-822968781,S2-496223723,0
0.1428571428571428,0.1428571428571428,0.032258064516129,0.032258064516129,0.2424242424242424,0.0,0,0,0,0.0,0.1428571428571428,0.0541011722003698,0.0,0.0,0,0,S1-822968781,S2-64058049,0
0.2608695652173913,0.2608695652173913,0.0294117647058823,0.0294117647058823,0.2391304347826087,0.0,0,0,0,0.0,0.125,0.0443320225155118,0.0,0.0,0,0,S1-822968781,S2-322238940,0
0.2857142857142857,0.2857142857142857,0.0263157894736842,0.0263157894736842,0.2300884955752212,0.0,0,0,0,0.0,0.1428571428571428,0.0707477118157903,0.0,0.0,0,0,S1-822968781,S2-128140277,0
0.2307692307692307,0.2307692307692307,0.0277777777777777,0.0277777777777777,0.2127659574468085,0.0,0,0,0,0.0,0.1428571428571428,0.0536965943839606,0.0,0.0,0,0,S1-822968781,S2-540265081,0
0.48,0.48,0.0588235294117647,0.0588235294117647,0.0833333333333333,0.0,0,0,0,0.0,0.25,0.0695751155091776,0.0,0.0,0,0,S1-378978603,S2-293094184,0
0.1875,0.1875,0.0454545454545454,0.0454545454545454,0.2333333333333333,0.0,0,0,0,0.0,0.1666666666666666,0.0450946130015738,0.0,0.0,0,0,S1-378978603,S2-622735152,0
0.3265306122448979,0.3265306122448979,0.0263157894736842,0.0263157894736842,0.32,0.0,0,0,0,0.0,0.1428571428571428,0.0509960189044362,0.0,0.0,0,0,S1-378978603,S2-91449550,0
0.2222222222222222,0.2222222222222222,0.0555555555555555,0.0555555555555555,0.3529411764705882,0.0,0,0,0,0.0,0.2,0.0478657441689539,0.0,0.0,0,0,S1-378978603,S2-335046880,0
0.4390243902439024,0.4390243902439024,0.04,0.04,0.144927536231884,0.0,0,0,0,0.0,0.2,0.0578347263091377,0.0,0.0,0,0,S1-378978603,S2-78914846,0
0.3684210526315789,0.3684210526315789,0.0357142857142857,0.0357142857142857,0.3611111111111111,0.0,0,0,0,0.0,0.1666666666666666,0.0508251668502581,0.0,0.0,1,0,S1-919733927,S2-420572254,0
0.360655737704918,0.360655737704918,0.0416666666666666,0.0416666666666666,0.2222222222222222,0.0,0,0,0,0.0,0.125,0.0389244059898018,0.0,0.0,0,0,S1-919733927,S2-894260746,0
0.4363636363636363,0.4363636363636363,0.0465116279069767,0.0465116279069767,0.3855421686746988,0.0,0,0,0,0.0,0.1428571428571428,0.0465257055804278,0.0,0.0,0,0,S1-919733927,S2-874757538,0
0.4666666666666667,0.4666666666666667,0.0454545454545454,0.0454545454545454,0.2272727272727272,0.0,0,0,0,0.0,0.25,0.0792671089556962,0.0,0.0,0,0,S1-919733927,S2-740702811,0
0.1538461538461538,0.1538461538461538,0.0333333333333333,0.0333333333333333,0.2409638554216867,0.0,0,0,0,0.0,0.2,0.060973784381602,0.0,0.0,1,0,S1-919733927,S2-286560424,0
0.4067796610169492,0.4067796610169492,0.0212765957446808,0.0212765957446808,0.34375,0.0,0,0,0,0.0,0.125,0.0357523981955312,0.0,0.0,1,0,S1-797353825,S2-184214559,0
0.3773584905660377,0.3773584905660377,0.024390243902439,0.024390243902439,0.1818181818181818,0.0,0,0,0,0.0,0.125,0.0343686183035623,0.0,0.0,0,0,S1-797353825,S2-275667129,0
0.081081081081081,0.081081081081081,0.0166666666666666,0.0166666666666666,0.2307692307692307,0.0,0,0,0,0.0,0.1,0.0237945430253679,0.0,0.0,1,0,S1-797353825,S2-241137909,0
0.3225806451612903,0.3225806451612903,0.02,0.02,0.2352941176470588,0.0,0,0,0,0.0,0.125,0.0368134407622532,0.0,0.0,0,0,S1-797353825,S2-208405652,0
0.3333333333333333,0.3333333333333333,0.0217391304347826,0.0217391304347826,0.0,0.0,0,0,0,0.0,0.125,0.0336547620012447,0.0,0.0,0,1,S1-797353825,S2-305970952,0
0.8378378378378378,0.8378378378378378,0.7027027027027027,0.7027027027027027,0.7666666666666667,0.0,0,0,0,0.0,0.8,0.8851939167466305,0.4285714285714285,0.4285714285714286,0,0,S1-574585973,S2-117111824,1
0.4444444444444444,0.4444444444444444,0.1282051282051282,0.1282051282051282,0.1935483870967742,0.0,0,0,0,0.0,0.1428571428571428,0.1115315834679602,0.0,0.0,0,0,S1-574585973,S2-27261847,0
0.3478260869565217,0.3478260869565217,0.0980392156862745,0.0980392156862745,0.2641509433962264,0.0,0,0,0,0.0,0.1428571428571428,0.1197707789215183,0.0,0.0,0,0,S1-574585973,S2-157864406,0
0.360655737704918,0.360655737704918,0.1111111111111111,0.1111111111111111,0.3103448275862069,0.0,0,0,0,0.0,0.1428571428571428,0.1238915446056719,0.0,0.0,1,0,S1-574585973,S2-778859023,0
0.4406779661016949,0.4406779661016949,0.1136363636363636,0.1136363636363636,0.2372881355932203,0.0,0,0,0,0.0,0.1428571428571428,0.1106755408543393,0.0,0.0,0,0,S1-574585973,S2-874817662,0
0.3943661971830985,0.3943661971830985,0.0943396226415094,0.0943396226415094,0.2816901408450704,0.0,0,0,0,0.0,0.1,0.1392130029896283,0.0,0.0,0,0,S1-574585973,S2-459591627,0
0.4888888888888889,0.4888888888888889,0.1612903225806451,0.1612903225806451,0.3076923076923077,0.0,0,0,0,0.0,0.1666666666666666,0.0643738756605346,0.05,0.0499999999999999,0,0,S1-157194945,S2-352971789,0
0.5862068965517241,0.5862068965517241,0.1162790697674418,0.1162790697674418,0.5585585585585585,0.0,0,0,0,0.0,0.1428571428571428,0.0472491050597526,0.2857142857142857,0.2857142857142857,0,0,S1-157194945,S2-741811666,0
0.5283018867924528,0.5283018867924528,0.1621621621621621,0.1621621621621621,0.2882882882882883,0.0,0,0,0,0.0,0.1428571428571428,0.0761644667280219,0.0,0.0,0,0,S1-157194945,S2-310528394,0
0.7407407407407407,0.7407407407407407,0.375,0.375,0.2556390977443609,0.0,0,0,0,0.0,0.3333333333333333,0.1129358085172322,0.0,0.0,0,0,S1-157194945,S2-961461976,0
0.2295081967213114,0.2295081967213114,0.108695652173913,0.108695652173913,0.1639344262295081,0.0,0,0,0,0.0,0.1428571428571428,0.0473195731473851,0.0,0.0,0,0,S1-157194945,S2-163768250,0
0.4642857142857143,0.4642857142857143,0.119047619047619,0.119047619047619,0.174757281553398,0.0,0,0,0,0.0,0.1666666666666666,0.0642732385526917,0.0,0.0,0,0,S1-25780470,S2-694521142,0
0.6037735849056604,0.6037735849056604,0.1944444444444444,0.1944444444444444,0.0,0.0,0,0,0,0.0,0.1428571428571428,0.0624618393530555,0.0,0.0,0,1,S1-25780470,S2-84830309,0
0.5283018867924528,0.5283018867924528,0.1282051282051282,0.1282051282051282,0.175438596491228,0.0,0,0,0,0.0,0.1666666666666666,0.0577065378723389,0.0,0.0,0,0,S1-25780470,S2-983332474,0
0.5,0.5,0.119047619047619,0.119047619047619,0.1666666666666666,0.0,0,0,0,0.0,0.1666666666666666,0.0504505627691674,0.0,0.0,0,0,S1-25780470,S2-865452478,0
0.5671641791044776,0.5671641791044776,0.2666666666666666,0.2666666666666666,0.2222222222222222,0.0,0,0,0,0.0,0.1666666666666666,0.0585679824417625,0.0,0.0,0,0,S1-25780470,S2-292685720,0
0.8947368421052632,0.8947368421052632,0.8235294117647058,0.8235294117647058,0.8513513513513513,1.0,1,1,1,0.0,0.6666666666666666,0.8664805019075691,0.8571428571428571,0.857142857142857,0,0,S1-45948270,S2-597614345,1
0.5769230769230769,0.5769230769230769,0.05,0.05,0.2666666666666666,0.0,0,0,0,0.0,0.1428571428571428,0.0599054307783582,0.0,0.0,0,0,S1-45948270,S2-193808361,0
0.4,0.4,0.0277777777777777,0.0277777777777777,0.2178217821782178,0.0,0,0,0,0.0,0.2,0.069314366061186,0.0,0.0,0,0,S1-45948270,S2-208235332,0
0.5416666666666666,0.5416666666666666,0.054054054054054,0.054054054054054,0.1428571428571428,0.0,0,0,0,0.0,0.1666666666666666,0.0640662935000585,0.0,0.0,0,0,S1-45948270,S2-186004565,0
0.4878048780487805,0.4878048780487805,0.064516129032258,0.064516129032258,0.3687150837988827,0.0,0,0,0,0.0,0.2,0.0859824064947486,0.074074074074074,0.074074074074074,0,0,S1-45948270,S2-37944304,0
0.5306122448979592,0.5306122448979592,0.0526315789473684,0.0526315789473684,0.3333333333333333,0.0,0,0,0,0.0,0.1666666666666666,0.066245142394997,0.0,0.0,0,0,S1-45948270,S2-764796849,0
0.4,0.4,0.0833333333333333,0.0833333333333333,0.1818181818181818,0.0,0,0,0,0.0,0.125,0.175789696601728,0.0,0.0,0,0,S1-280382449,S2-510495834,0
0.5882352941176471,0.5882352941176471,0.2666666666666666,0.2666666666666666,0.2926829268292683,0.0,0,0,0,0.0,0.5714285714285714,0.6996071720860123,0.0,0.0,0,0,S1-280382449,S2-216744851,0
0.4313725490196078,0.4313725490196078,0.05,0.05,0.3243243243243243,0.0,0,0,0,0.0,0.1666666666666666,0.0596854370856279,0.0,0.0,0,0,S1-355685907,S2-900527689,0
0.3720930232558139,0.3720930232558139,0.0294117647058823,0.0294117647058823,0.3278688524590163,0.0,0,0,0,0.0,0.2,0.0677259622668844,0.0,0.0,0,0,S1-355685907,S2-730605486,0
0.4390243902439024,0.4390243902439024,0.064516129032258,0.064516129032258,0.2950819672131147,0.0,0,0,0,0.0,0.2,0.0660593550016268,0.0,0.0,0,0,S1-355685907,S2-25787150,0
0.45,0.45,0.032258064516129,0.032258064516129,0.2807017543859649,0.0,0,0,0,0.0,0.2,0.0533403203172328,0.0,0.0,0,0,S1-355685907,S2-990535436,0
0.4615384615384615,0.4615384615384615,0.0238095238095238,0.0238095238095238,0.0,0.0,0,0,0,0.0,0.1666666666666666,0.0604164016442638,0.0,0.0,0,1,S1-355685907,S2-22603403,0
0.2222222222222222,0.2222222222222222,0.1063829787234042,0.1063829787234042,0.1458333333333333,0.0,0,0,0,0.0,0.1428571428571428,0.1348091972094784,0.0,0.0,0,0,S1-981603279,S2-237562710,0
0.4705882352941176,0.4705882352941176,0.1388888888888889,0.1388888888888889,0.3142857142857143,0.0,0,0,0,0.0,0.1666666666666666,0.1490128307395931,0.0,0.0,0,0,S1-981603279,S2-756240267,0
0.40625,0.40625,0.1707317073170731,0.1707317073170731,0.2448979591836734,0.0,0,0,0,0.0,0.125,0.1144447273215747,0.0,0.0,0,0,S1-981603279,S2-532399244,0
0.4,0.4,0.1136363636363636,0.1136363636363636,0.2622950819672131,0.0,0,0,0,0.0,0.1428571428571428,0.1427462475637026,0.0,0.0,0,0,S1-981603279,S2-998664145,0
0.40625,0.40625,0.1521739130434782,0.1521739130434782,0.0,0.0,0,0,0,0.0,0.1428571428571428,0.1146085411772443,0.0,0.0,0,1,S1-981603279,S2-205675068,0
0.4888888888888889,0.4888888888888889,0.0588235294117647,0.0588235294117647,0.2622950819672131,0.0,0,0,0,0.0,0.1666666666666666,0.1235016183805558,0.0,0.0,0,0,S1-442165268,S2-494083839,0
0.5531914893617021,0.5531914893617021,0.1176470588235294,0.1176470588235294,0.3050847457627119,0.0,0,0,0,0.0,0.2,0.1985124796156003,0.0,0.0,0,0,S1-442165268,S2-157050415,0
0.44,0.44,0.0512820512820512,0.0512820512820512,0.3287671232876712,0.0,0,0,0,0.0,0.2,0.1363701748028605,0.0,0.0,0,0,S1-442165268,S2-836755446,0
0.5945945945945946,0.5945945945945946,0.16,0.16,0.2727272727272727,0.0,0,0,0,0.0,0.2,0.1365688925729477,0.0,0.0,0,0,S1-442165268,S2-731611707,0
0.4838709677419355,0.4838709677419355,0.1590909090909091,0.1590909090909091,0.4470588235294118,0.0,0,0,0,0.0,0.1428571428571428,0.1210002351630695,0.0833333333333333,0.0833333333333333,0,0,S1-442165268,S2-595213006,0
0.44,0.44,0.1388888888888889,0.1388888888888889,0.0,0.0,0,0,0,0.0,0.1666666666666666,0.0559416646574598,0.0,0.0,0,1,S1-622519610,S2-624911233,0
0.5581395348837209,0.5581395348837209,0.1724137931034483,0.1724137931034483,0.2276422764227642,0.0,0,0,0,0.0,0.1666666666666666,0.0512444322878497,0.0,0.0,0,0,S1-622519610,S2-588768793,0
0.55,0.55,0.2666666666666666,0.2666666666666666,0.2184873949579832,0.0,0,0,0,0.0,0.3333333333333333,0.102675233565071,0.0,0.0,1,0,S1-622519610,S2-215687249,0
0.6222222222222222,0.6222222222222222,0.2068965517241379,0.2068965517241379,0.3221476510067114,0.2,1,1,1,0.0,0.1428571428571428,0.049529712696772,0.0909090909090909,0.0909090909090908,0,0,S1-622519610,S2-190508700,0
0.4285714285714285,0.4285714285714285,0.125,0.125,0.1379310344827586,0.0,0,0,0,0.0,0.1428571428571428,0.054159487813705,0.0,0.0,0,0,S1-622519610,S2-650345529,0
0.375,0.375,0.1428571428571428,0.1428571428571428,0.2592592592592592,0.0,0,0,0,0.0,0.2,0.1426371626402369,0.0,0.0,0,0,S1-526604791,S2-781730627,0
0.392156862745098,0.392156862745098,0.1714285714285714,0.1714285714285714,0.3555555555555555,0.0,0,0,0,0.0,0.1428571428571428,0.1133913244242436,0.125,0.125,0,0,S1-526604791,S2-969271086,0
0.5333333333333333,0.5333333333333333,0.15625,0.15625,0.2307692307692307,0.0,0,0,0,0.0,0.2,0.1333426399730352,0.0,0.0,0,0,S1-526604791,S2-72014516,0
0.4878048780487805,0.4878048780487805,0.1851851851851851,0.1851851851851851,0.3272727272727272,0.0,0,0,0,0.0,0.1666666666666666,0.1411833960813441,0.0,0.0,0,0,S1-526604791,S2-565372188,0
0.4081632653061224,0.4081632653061224,0.1428571428571428,0.1428571428571428,0.1428571428571428,0.0,0,0,0,0.0,0.1666666666666666,0.1780225701588982,0.0,0.0,0,0,S1-526604791,S2-927801770,0
0.4705882352941176,0.4705882352941176,0.2285714285714285,0.2285714285714285,0.2666666666666666,0.0,0,0,0,0.0,0.2,0.1793754744542182,0.0,0.0,0,0,S1-135768644,S2-353236672,0
0.3404255319148936,0.3404255319148936,0.0277777777777777,0.0277777777777777,0.360655737704918,0.0,0,0,0,0.0,0.1666666666666666,0.1590231148545703,0.1,0.1,0,0,S1-135768644,S2-334697730,0
0.375,0.375,0.0857142857142857,0.0857142857142857,0.5,0.0,0,0,0,0.0,0.2,0.1595345463669487,0.2222222222222222,0.2222222222222222,0,0,S1-135768644,S2-331971904,0
0.5,0.5,0.32,0.32,0.3728813559322034,0.0,0,0,0,0.0,0.25,0.2380565402071994,0.0,0.0,0,0,S1-135768644,S2-913773680,0
0.4166666666666667,0.4166666666666667,0.054054054054054,0.054054054054054,0.3571428571428571,0.0,0,0,0,0.0,0.1666666666666666,0.1717038931693595,0.0,0.0,0,0,S1-135768644,S2-501979662,0
0.4166666666666667,0.4166666666666667,0.1470588235294117,0.1470588235294117,0.2191780821917808,0.0,0,0,0,0.0,0.1666666666666666,0.0548033160047589,0.1,0.1,0,0,S1-360488265,S2-737222370,0
0.44,0.44,0.1388888888888889,0.1388888888888889,0.3541666666666667,0.0,0,0,0,0.0,0.1666666666666666,0.0710032261590212,0.0833333333333333,0.0833333333333333,0,0,S1-360488265,S2-605529008,0
0.3692307692307692,0.3692307692307692,0.1489361702127659,0.1489361702127659,0.2291666666666666,0.0,0,0,0,0.0,0.1428571428571428,0.04617430702452,0.0,0.0,0,0,S1-360488265,S2-928826408,0
0.6428571428571429,0.6428571428571429,0.3636363636363636,0.3636363636363636,0.2912621359223301,0.0,0,0,0,0.0,0.1428571428571428,0.0517503492853135,0.0,0.0,0,0,S1-360488265,S2-766957933,0
0.5,0.5,0.15,0.15,0.2900763358778626,0.0,0,0,0,0.0,0.1428571428571428,0.0598976394947124,0.0,0.0,0,0,S1-360488265,S2-789405074,0
0.4363636363636363,0.4363636363636363,0.0952380952380952,0.0952380952380952,0.2727272727272727,0.0,0,0,0,0.0,0.1666666666666666,0.069785549984726,0.0,0.0,0,0,S1-505450177,S2-236515616,0
0.3396226415094339,0.3396226415094339,0.073170731707317,0.073170731707317,0.2181818181818181,0.0,0,0,0,0.0,0.1666666666666666,0.0720270538849659,0.0,0.0,0,0,S1-505450177,S2-452053515,0
0.392156862745098,0.392156862745098,0.025,0.025,0.1818181818181818,0.0,0,0,0,0.0,0.1428571428571428,0.0546197301347979,0.0,0.0,0,0,S1-505450177,S2-977300586,0
0.4363636363636363,0.4363636363636363,0.0227272727272727,0.0227272727272727,0.303030303030303,0.0,0,0,0,0.0,0.1428571428571428,0.0452273000379653,0.0,0.0,0,0,S1-505450177,S2-723810835,0
0.4150943396226415,0.4150943396226415,0.0476190476190476,0.0476190476190476,0.109090909090909,0.0,0,0,0,0.0,0.1666666666666666,0.0628947208500057,0.0,0.0,0,0,S1-505450177,S2-486072408,0
0.4722222222222222,0.4722222222222222,0.1111111111111111,0.1111111111111111,0.3694267515923566,0.0,0,0,0,0.0,0.125,0.0441382663364728,0.0454545454545454,0.0454545454545454,0,0,S1-918839632,S2-194980849,0
0.4333333333333333,0.4333333333333333,0.1136363636363636,0.1136363636363636,0.3013698630136986,0.0,0,0,0,0.0,0.1428571428571428,0.0414483754703337,0.0,0.0,1,0,S1-918839632,S2-304914069,0
0.5217391304347826,0.5217391304347826,0.1153846153846153,0.1153846153846153,0.1238938053097345,0.0,0,0,0,0.0,0.125,0.0500649599188514,0.0,0.0,0,0,S1-918839632,S2-479556958,0
0.6571428571428571,0.6571428571428571,0.2666666666666666,0.2666666666666666,0.0,0.0,0,0,0,0.0,0.2222222222222222,0.0755383713350975,0.0,0.0,0,1,S1-918839632,S2-517107904,0
0.5074626865671642,0.5074626865671642,0.1020408163265306,0.1020408163265306,0.2644628099173554,0.0,0,0,0,0.0,0.125,0.041844017142245,0.0,0.0,0,0,S1-918839632,S2-54997964,0
0.4126984126984127,0.4126984126984127,0.1818181818181818,0.1818181818181818,0.2549019607843137,0.0,0,0,0,0.0,0.1428571428571428,0.0803187444148332,0.0,0.0,0,0,S1-35964220,S2-622776772,0
0.5357142857142857,0.5357142857142857,0.2432432432432432,0.2432432432432432,0.2105263157894736,0.0,0,0,0,0.0,0.1666666666666666,0.1339385912932008,0.0,0.0,0,0,S1-35964220,S2-280362825,0
0.5588235294117647,0.5588235294117647,0.1914893617021276,0.1914893617021276,0.1836734693877551,0.0,0,0,0,0.0,0.1428571428571428,0.1091053306615442,0.0,0.0,0,0,S1-35964220,S2-149217176,0
0.4745762711864407,0.4745762711864407,0.2,0.2,0.0,0.0,0,0,0,0.0,0.1428571428571428,0.0948417281227439,0.0,0.0,0,1,S1-35964220,S2-328352504,0
0.5084745762711864,0.5084745762711864,0.1951219512195122,0.1951219512195122,0.174757281553398,0.0,0,0,0,0.0,0.1666666666666666,0.1230398760897417,0.0,0.0,0,0,S1-35964220,S2-647367546,0
0.28125,0.28125,0.1276595744680851,0.1276595744680851,0.3396226415094339,0.0,0,0,0,0.0,0.2857142857142857,0.2263952444946706,0.1333333333333333,0.1333333333333333,0,0,S1-338000416,S2-89138628,0
0.3529411764705882,0.3529411764705882,0.0980392156862745,0.0980392156862745,0.3404255319148936,0.0,0,0,0,0.0,0.1111111111111111,0.1195331123121028,0.1,0.0999999999999999,0,0,S1-338000416,S2-631988961,0
0.2686567164179104,0.2686567164179104,0.125,0.125,0.3928571428571428,0.0,0,0,0,0.0,0.25,0.2098116618603709,0.2,0.2,0,0,S1-338000416,S2-465642879,0
0.4155844155844156,0.4155844155844156,0.1851851851851851,0.1851851851851851,0.2903225806451613,0.0,0,0,0,0.0,0.1111111111111111,0.1009921005513232,0.0526315789473684,0.0526315789473684,0,0,S1-338000416,S2-912495655,0
0.1470588235294117,0.1470588235294117,0.0181818181818181,0.0181818181818181,0.2905982905982906,0.0,0,0,0,0.0,0.1111111111111111,0.0940326688193037,0.0,0.0,0,0,S1-338000416,S2-342257437,0
0.5454545454545454,0.5454545454545454,0.238095238095238,0.238095238095238,0.4,0.0,0,0,0,0.0,0.25,0.2480932309594968,0.0,0.0,0,0,S1-936580191,S2-805004944,0
0.5625,0.5625,0.25,0.25,0.1470588235294117,0.0,0,0,0,0.0,0.25,0.2633624980307508,0.0,0.0,0,0,S1-936580191,S2-153767892,0
0.5555555555555556,0.5555555555555556,0.217391304347826,0.217391304347826,0.3098591549295774,0.0,0,0,0,0.0,0.2,0.2406899340088783,0.0,0.0,0,0,S1-936580191,S2-205654474,0
0.6,0.6,0.1923076923076923,0.1923076923076923,0.1917808219178082,0.0,0,0,0,0.0,0.2,0.1839801428063081,0.0,0.0,0,0,S1-936580191,S2-339877995,0
0.5714285714285714,0.5714285714285714,0.21875,0.21875,0.2372881355932203,0.0,0,0,0,0.0,0.3333333333333333,0.3898010987176257,0.0,0.0,0,0,S1-936580191,S2-634606967,0
0.2857142857142857,0.2857142857142857,0.0227272727272727,0.0227272727272727,0.2950819672131147,0.0,0,0,0,0.0,0.1428571428571428,0.0648638833125858,0.0,0.0,0,0,S1-558752887,S2-232875,0
0.4680851063829787,0.4680851063829787,0.0555555555555555,0.0555555555555555,0.1904761904761904,0.0,0,0,0,0.0,0.1666666666666666,0.0689268557659375,0.0,0.0,0,0,S1-558752887,S2-906281664,0
0.3478260869565217,0.3478260869565217,0.0285714285714285,0.0285714285714285,0.0,0.0,0,0,0,0.0,0.1666666666666666,0.0699742918636351,0.0,0.0,0,1,S1-558752887,S2-319892896,0
0.4090909090909091,0.4090909090909091,0.0303030303030303,0.0303030303030303,0.2903225806451613,0.0,0,0,0,0.0,0.1428571428571428,0.062913908685132,0.0,0.0,0,0,S1-558752887,S2-19660082,0
0.3846153846153846,0.3846153846153846,0.05,0.05,0.1935483870967742,0.0,0,0,0,0.0,0.1428571428571428,0.0431732978042803,0.1,0.1,0,0,S1-558752887,S2-976701827,0
0.4313725490196078,0.4313725490196078,0.1351351351351351,0.1351351351351351,0.0,0.0,0,0,0,0.0,0.1666666666666666,0.1775752320821726,0.0,0.0,0,1,S1-354301488,S2-891740097,0
0.4,0.4,0.0476190476190476,0.0476190476190476,0.1538461538461538,0.0,0,0,0,0.0,0.1428571428571428,0.0556218149494191,0.0,0.0,0,0,S1-354301488,S2-843833365,0
0.3116883116883117,0.3116883116883117,0.032258064516129,0.032258064516129,0.3508771929824561,0.0,0,0,0,0.0,0.1,0.0362246684792477,0.0,0.0,0,0,S1-354301488,S2-805306727,0
0.2926829268292683,0.2926829268292683,0.03125,0.03125,0.2711864406779661,0.0,0,0,0,0.0,0.2,0.077279941987117,0.0,0.0,0,0,S1-354301488,S2-513305886,0
0.3404255319148936,0.3404255319148936,0.027027027027027,0.027027027027027,0.2264150943396226,0.0,0,0,0,0.0,0.1666666666666666,0.0576290612164313,0.0,0.0,0,0,S1-354301488,S2-613945467,0
0.5306122448979592,0.5306122448979592,0.1470588235294117,0.1470588235294117,0.3255813953488372,0.0,0,0,0,0.0,0.1666666666666666,0.0550961234202233,0.0714285714285714,0.0714285714285714,0,0,S1-658877778,S2-269854461,0
0.6274509803921569,0.6274509803921569,0.1428571428571428,0.1428571428571428,0.2325581395348837,0.0,0,0,0,0.0,0.1666666666666666,0.0613330656560018,0.0,0.0,0,0,S1-658877778,S2-494156424,0
0.3870967741935484,0.3870967741935484,0.1111111111111111,0.1111111111111111,0.3076923076923077,0.0,0,0,0,0.0,0.1428571428571428,0.0483798402334723,0.0714285714285714,0.0714285714285714,0,0,S1-658877778,S2-278899754,0
0.4137931034482758,0.4137931034482758,0.119047619047619,0.119047619047619,0.2857142857142857,0.0,0,0,0,0.0,0.1428571428571428,0.0500420035050441,0.0588235294117647,0.0588235294117647,0,0,S1-658877778,S2-825274870,0
0.4067796610169492,0.4067796610169492,0.1162790697674418,0.1162790697674418,0.09009009009009,0.0,0,0,0,0.0,0.1666666666666666,0.0604742600942607,0.0,0.0,0,0,S1-658877778,S2-939220493,0
0.4137931034482758,0.4137931034482758,0.0666666666666666,0.0666666666666666,0.2857142857142857,0.0,0,0,0,0.0,0.1428571428571428,0.129535371983484,0.0384615384615384,0.0384615384615384,0,0,S1-88833811,S2-802420113,0
0.5405405405405406,0.5405405405405406,0.2608695652173913,0.2608695652173913,0.0,0.0,0,0,0,0.0,0.2,0.2252898365827149,0.0,0.0,0,1,S1-88833811,S2-823031082,0
0.5128205128205128,0.5128205128205128,0.24,0.24,0.2962962962962963,0.0,0,0,0,0.0,0.2,0.1910165496525284,0.1,0.0999999999999999,0,0,S1-88833811,S2-659598360,0
0.2941176470588235,0.2941176470588235,0.0833333333333333,0.0833333333333333,0.2362204724409448,0.0,0,0,0,0.0,0.2,0.1719668490929984,0.0,0.0,0,0,S1-88833811,S2-584139949,0
0.4444444444444444,0.4444444444444444,0.2,0.2,0.3132530120481928,0.0,0,0,0,0.0,0.1666666666666666,0.193454437266263,0.0,0.0,0,0,S1-88833811,S2-262376350,0
0.717948717948718,0.717948717948718,0.55,0.55,0.5,0.0,0,0,0,0.0,0.5,0.5921888553194924,0.5714285714285714,0.5714285714285715,0,0,S1-726860670,S2-8703194,1
0.3333333333333333,0.3333333333333333,0.027027027027027,0.027027027027027,0.081081081081081,0.0,0,0,0,0.0,0.1666666666666666,0.0581288314703466,0.0,0.0,0,0,S1-726860670,S2-615508918,0
0.3943661971830985,0.3943661971830985,0.0172413793103448,0.0172413793103448,0.3582089552238806,0.0,0,0,0,0.0,0.1111111111111111,0.0432073808213472,0.0,0.0,0,0,S1-726860670,S2-105631146,0
0.2325581395348837,0.2325581395348837,0.0303030303030303,0.0303030303030303,0.2456140350877192,0.0,0,0,0,0.0,0.1666666666666666,0.0609079836248578,0.0,0.0,0,0,S1-726860670,S2-488545746,0
0.5,0.5,0.1142857142857142,0.1142857142857142,0.2424242424242424,0.0,0,0,0,0.0,0.1666666666666666,0.0554134018591439,0.0,0.0,1,0,S1-726860670,S2-858355166,0
0.3846153846153846,0.3846153846153846,0.025,0.025,0.4545454545454545,0.0,0,0,0,0.0,0.125,0.0392088085888587,0.1,0.1,0,0,S1-726860670,S2-705605983,0
0.391304347826087,0.391304347826087,0.0909090909090909,0.0909090909090909,0.1897810218978102,0.0,0,0,0,0.0,0.3333333333333333,0.1486381037141018,0.0476190476190476,0.0476190476190476,0,0,S1-76222476,S2-404279290,0
0.4615384615384615,0.4615384615384615,0.0344827586206896,0.0344827586206896,0.1186440677966101,0.0,0,0,0,0.0,0.1666666666666666,0.0706287811730808,0.0,0.0,0,0,S1-76222476,S2-591266283,0
0.4081632653061224,0.4081632653061224,0.0263157894736842,0.0263157894736842,0.175438596491228,0.0,0,0,0,0.0,0.1428571428571428,0.0482630611029616,0.0,0.0,0,0,S1-76222476,S2-462327865,0
0.5333333333333333,0.5333333333333333,0.0606060606060606,0.0606060606060606,0.0,0.0,0,0,0,0.0,0.1428571428571428,0.0545731129326964,0.0,0.0,0,1,S1-76222476,S2-87723562,0
0.6511627906976745,0.6511627906976745,0.1379310344827586,0.1379310344827586,0.3609022556390977,0.0,0,0,0,0.0,0.3333333333333333,0.1282448254779263,0.0454545454545454,0.0454545454545454,0,0,S1-76222476,S2-878264708,0
0.1395348837209302,0.1395348837209302,0.0303030303030303,0.0303030303030303,0.2857142857142857,0.0,0,0,0,0.0,0.1666666666666666,0.0709379548072876,0.0,0.0,0,0,S1-199719839,S2-873416829,0
0.3137254901960784,0.3137254901960784,0.0512820512820512,0.0512820512820512,0.0,0.0,0,0,0,0.0,0.1428571428571428,0.063536360903784,0.0,0.0,0,1,S1-199719839,S2-670084831,0
0.3555555555555555,0.3555555555555555,0.0285714285714285,0.0285714285714285,0.1686746987951807,0.0,0,0,0,0.0,0.1666666666666666,0.0581672141887509,0.0,0.0,0,0,S1-199719839,S2-987233360,0
0.48,0.48,0.0256410256410256,0.0256410256410256,0.3,0.0,0,0,0,0.0,0.1428571428571428,0.049840361416795,0.0,0.0,0,0,S1-199719839,S2-619273487,0
0.3529411764705882,0.3529411764705882,0.024390243902439,0.024390243902439,0.2857142857142857,0.0,0,0,0,0.0,0.1666666666666666,0.0595555717312231,0.0,0.0,0,0,S1-199719839,S2-455960609,0
0.3333333333333333,0.3333333333333333,0.2037037037037037,0.2037037037037037,0.1690140845070422,0.0,0,0,0,0.0,0.2857142857142857,0.1002445295387378,0.0,0.0,0,0,S1-966952251,S2-688944425,0
0.5555555555555556,0.5555555555555556,0.2826086956521739,0.2826086956521739,0.375,0.0,0,0,0,0.0,0.2857142857142857,0.1039329767343237,0.0666666666666666,0.0666666666666666,1,0,S1-966952251,S2-911252875,0
0.4545454545454545,0.4545454545454545,0.1020408163265306,0.1020408163265306,0.3308270676691729,0.0,0,0,0,0.0,0.1428571428571428,0.0430257268303768,0.0,0.0,0,0,S1-966952251,S2-315098068,0
0.419753086419753,0.419753086419753,0.1,0.1,0.3352601156069364,0.0,0,0,0,0.0,0.125,0.0501888036804995,0.0,0.0,0,0,S1-966952251,S2-281088083,0
0.4415584415584415,0.4415584415584415,0.1228070175438596,0.1228070175438596,0.1904761904761904,0.0,0,0,0,0.0,0.125,0.0387894878738027,0.0,0.0,0,0,S1-966952251,S2-886514756,0
0.6567164179104478,0.6567164179104478,0.3023255813953488,0.3023255813953488,0.1232876712328767,0.0,0,0,0,0.0,0.2857142857142857,0.093615649001151,0.0,0.0,0,0,S1-780921055,S2-252637823,0
0.6545454545454545,0.6545454545454545,0.25,0.25,0.2684563758389262,0.0,0,0,0,0.0,0.1428571428571428,0.0388876937586133,0.0588235294117647,0.0588235294117647,0,0,S1-780921055,S2-130755377,0
0.375,0.375,0.1020408163265306,0.1020408163265306,0.2941176470588235,0.0,0,0,0,0.0,0.1428571428571428,0.0486784106590211,0.0,0.0,0,0,S1-780921055,S2-650096155,0
0.3928571428571428,0.3928571428571428,0.119047619047619,0.119047619047619,0.2096774193548387,0.0,0,0,0,0.0,0.1666666666666666,0.057862969638545,0.0,0.0,1,0,S1-780921055,S2-651190084,0
0.3823529411764705,0.3823529411764705,0.2040816326530612,0.2040816326530612,0.2075471698113207,0.0,0,0,0,0.0,0.4,0.1231409243139782,0.0,0.0,0,0,S1-780921055,S2-587438279,0
0.5333333333333333,0.5333333333333333,0.1290322580645161,0.1290322580645161,0.2950819672131147,0.0,0,0,0,0.0,0.1428571428571428,0.1428373621490953,0.0,0.0,0,0,S1-96323101,S2-950453011,0
0.5,0.5,0.1290322580645161,0.1290322580645161,0.2285714285714285,0.0,0,0,0,0.0,0.1666666666666666,0.1564832636636559,0.0,0.0,0,0,S1-96323101,S2-531252778,0
0.2711864406779661,0.2711864406779661,0.1162790697674418,0.1162790697674418,0.2941176470588235,0.0,0,0,0,0.0,0.125,0.1228705304646009,0.0,0.0,0,0,S1-96323101,S2-652071861,0
0.5,0.5,0.1904761904761904,0.1904761904761904,0.2580645161290322,0.0,0,0,0,0.0,0.25,0.2057828420222653,0.0,0.0,0,0,S1-96323101,S2-211891271,0
0.3846153846153846,0.3846153846153846,0.1666666666666666,0.1666666666666666,0.208955223880597,0.0,0,0,0,0.0,0.1428571428571428,0.1444355081813631,0.0,0.0,0,0,S1-96323101,S2-676387300,0
0.0952380952380952,0.0952380952380952,0.0196078431372549,0.0196078431372549,0.1818181818181818,0.0,0,0,0,0.0,0.125,0.0509018938658242,0.0,0.0,0,0,S1-674323954,S2-514194001,0
0.3555555555555555,0.3555555555555555,0.0285714285714285,0.0285714285714285,0.2857142857142857,0.0,0,0,0,0.0,0.1666666666666666,0.0619969505950791,0.0,0.0,0,0,S1-674323954,S2-869927960,0
0.3939393939393939,0.3939393939393939,0.0185185185185185,0.0185185185185185,0.4477611940298507,0.0,0,0,0,0.0,0.125,0.0535168785906777,0.0,0.0,0,0,S1-674323954,S2-273477767,0
0.3111111111111111,0.3111111111111111,0.0294117647058823,0.0294117647058823,0.1846153846153846,0.0,0,0,0,0.0,0.1428571428571428,0.0564720522643481,0.0,0.0,0,0,S1-674323954,S2-76951470,0
0.36,0.36,0.081081081081081,0.081081081081081,0.34375,0.0,0,0,0,0.0,0.1428571428571428,0.1455312344143309,0.0,0.0,0,0,S1-674323954,S2-235647481,0
0.4090909090909091,0.4090909090909091,0.09375,0.09375,0.1176470588235294,0.0,0,0,0,0.0,0.1666666666666666,0.1707479067477126,0.0,0.0,0,0,S1-78789684,S2-251767365,0
0.3684210526315789,0.3684210526315789,0.1111111111111111,0.1111111111111111,0.3272727272727272,0.0,0,0,0,0.0,0.2,0.1436996375908079,0.0,0.0,0,0,S1-78789684,S2-407293005,0
0.4090909090909091,0.4090909090909091,0.0909090909090909,0.0909090909090909,0.1666666666666666,0.0,0,0,0,0.0,0.2,0.1903522511901684,0.0,0.0,0,0,S1-78789684,S2-421720666,0
0.2857142857142857,0.2857142857142857,0.1142857142857142,0.1142857142857142,0.24,0.0,0,0,0,0.0,0.1428571428571428,0.1261667032879775,0.0,0.0,0,0,S1-78789684,S2-336937772,0
0.2439024390243902,0.2439024390243902,0.1,0.1,0.4814814814814814,0.0,0,0,0,0.0,0.2,0.1300330291441741,0.1,0.1,0,0,S1-78789684,S2-554582702,0
0.5079365079365079,0.5079365079365079,0.1363636363636363,0.1363636363636363,0.180327868852459,0.0,0,0,0,0.0,0.1111111111111111,0.0379123828702311,0.0,0.0,0,0,S1-338253242,S2-136664450,0
0.3846153846153846,0.3846153846153846,0.1351351351351351,0.1351351351351351,0.2962962962962963,0.0,0,0,0,0.0,0.1428571428571428,0.0479230890116225,0.0454545454545454,0.0454545454545454,0,0,S1-338253242,S2-559674053,0
0.4,0.4,0.0793650793650793,0.0793650793650793,0.288135593220339,0.0,0,0,0,0.0,0.1111111111111111,0.0282775853511079,0.0555555555555555,0.0555555555555555,0,0,S1-338253242,S2-640440140,0
0.5084745762711864,0.5084745762711864,0.1395348837209302,0.1395348837209302,0.1679389312977099,0.0,0,0,0,0.0,0.1428571428571428,0.0521656355633818,0.0,0.0,0,0,S1-338253242,S2-261299810,0
0.5714285714285714,0.5714285714285714,0.2,0.2,0.2428571428571428,0.1666666666666666,1,1,1,0.0,0.3333333333333333,0.1093565662814426,0.0909090909090909,0.0909090909090908,0,0,S1-338253242,S2-856877981,0
0.5925925925925926,0.5925925925925926,0.1794871794871795,0.1794871794871795,0.25,0.0,0,0,0,0.0,0.2,0.0882608292251674,0.0,0.0,0,0,S1-702010060,S2-516430095,0
0.5333333333333333,0.5333333333333333,0.1875,0.1875,0.3103448275862069,0.0,0,0,0,0.0,0.25,0.150576600720603,0.0,0.0,0,0,S1-702010060,S2-469835694,0
0.4827586206896552,0.4827586206896552,0.1428571428571428,0.1428571428571428,0.3692307692307692,0.0,0,0,0,0.0,0.1428571428571428,0.094577961537734,0.0,0.0,0,0,S1-702010060,S2-661003912,0
0.4126984126984127,0.4126984126984127,0.125,0.125,0.2051282051282051,0.0,0,0,0,0.0,0.1666666666666666,0.0985293138106234,0.0,0.0,0,0,S1-702010060,S2-861510596,0
0.5238095238095238,0.5238095238095238,0.2068965517241379,0.2068965517241379,0.3703703703703703,0.0,0,0,0,0.0,0.25,0.1246172585522523,0.0,0.0,0,0,S1-702010060,S2-556053150,0
0.4782608695652174,0.4782608695652174,0.2,0.2,0.2297297297297297,0.0,0,0,0,0.0,0.1428571428571428,0.1336828170400871,0.0,0.0,0,0,S1-433691047,S2-888118556,0
0.3278688524590163,0.3278688524590163,0.0652173913043478,0.0652173913043478,0.253012048192771,0.0,0,0,0,0.0,0.125,0.1425805037681347,0.0,0.0,0,0,S1-433691047,S2-502866969,0
0.5454545454545454,0.5454545454545454,0.1538461538461538,0.1538461538461538,0.2147651006711409,0.0,0,0,0,0.0,0.1428571428571428,0.149648222423688,0.0,0.0,0,0,S1-433691047,S2-468099364,0
0.4081632653061224,0.4081632653061224,0.2258064516129032,0.2258064516129032,0.131578947368421,0.0,0,0,0,0.0,0.125,0.1273165011818576,0.0,0.0,0,0,S1-433691047,S2-132188747,0
0.2898550724637681,0.2898550724637681,0.1153846153846153,0.1153846153846153,0.2699386503067484,0.0,0,0,0,0.0,0.125,0.1098439052594965,0.0,0.0,0,0,S1-433691047,S2-820530357,0
0.5,0.5,0.1428571428571428,0.1428571428571428,0.226950354609929,0.0,0,0,0,0.0,0.125,0.0462038011167632,0.0,0.0,0,0,S1-518074091,S2-601688825,0
0.6122448979591837,0.6122448979591837,0.1818181818181818,0.1818181818181818,0.2608695652173913,0.0,0,0,0,0.0,0.1428571428571428,0.055837944672486,0.1176470588235294,0.1176470588235294,0,0,S1-518074091,S2-410225032,0
0.4782608695652174,0.4782608695652174,0.1612903225806451,0.1612903225806451,0.2317073170731707,0.0,0,0,0,0.0,0.1428571428571428,0.0534561034415895,0.0434782608695652,0.0434782608695652,0,0,S1-518074091,S2-771888503,0
0.7777777777777778,0.7777777777777778,0.4193548387096774,0.4193548387096774,0.2535211267605634,0.0,0,0,0,0.0,0.3333333333333333,0.1036906844913377,0.1666666666666666,0.1666666666666666,0,0,S1-518074091,S2-794501586,0
0.475,0.475,0.2352941176470588,0.2352941176470588,0.2151898734177215,0.0,0,0,0,0.0,0.25,0.081484742217073,0.0,0.0,0,0,S1-518074091,S2-987241288,0
0.2790697674418604,0.2790697674418604,0.0303030303030303,0.0303030303030303,0.175438596491228,0.0,0,0,0,0.0,0.1666666666666666,0.0513684370416633,0.0,0.0,0,0,S1-902148031,S2-209716762,0
0.1333333333333333,0.1333333333333333,0.0285714285714285,0.0285714285714285,0.3492063492063492,0.0,0,0,0,0.0,0.1666666666666666,0.0460711834915476,0.0,0.0,0,0,S1-902148031,S2-16210870,0
0.3720930232558139,0.3720930232558139,0.0303030303030303,0.0303030303030303,0.1111111111111111,0.0,0,0,0,0.0,0.1666666666666666,0.0539568851641848,0.0,0.0,0,0,S1-902148031,S2-6821557,0
0.4615384615384615,0.4615384615384615,0.025,0.025,0.0,0.0,0,0,0,0.0,0.1428571428571428,0.0452680923590069,0.0,0.0,0,1,S1-902148031,S2-708568133,0
0.4545454545454545,0.4545454545454545,0.0294117647058823,0.0294117647058823,0.2456140350877192,0.0,0,0,0,0.0,0.1666666666666666,0.0455774926067256,0.0,0.0,0,0,S1-902148031,S2-753286977,0
0.3076923076923077,0.3076923076923077,0.0333333333333333,0.0333333333333333,0.2461538461538461,0.0,0,0,0,0.0,0.2,0.0552466688152673,0.0,0.0,0,0,S1-47083411,S2-929534934,0
0.4878048780487805,0.4878048780487805,0.0666666666666666,0.0666666666666666,0.2333333333333333,0.0,0,0,0,0.0,0.1666666666666666,0.0475084739149414,0.0,0.0,1,0,S1-47083411,S2-193527860,0
0.3,0.3,0.0333333333333333,0.0333333333333333,0.3050847457627119,0.0,0,0,0,0.0,0.1666666666666666,0.0427921215283342,0.0,0.0,1,0,S1-47083411,S2-511424172,0
0.2439024390243902,0.2439024390243902,0.03125,0.03125,0.3396226415094339,0.0,0,0,0,0.0,0.2,0.0652330275574212,0.0,0.0,0,0,S1-47083411,S2-416048895,0
0.4,0.4,0.0512820512820512,0.0512820512820512,0.4444444444444444,0.0,0,0,0,0.0,0.1666666666666666,0.0433922010234324,0.0909090909090909,0.0909090909090909,0,0,S1-47083411,S2-223285706,0
0.5714285714285714,0.5714285714285714,0.2121212121212121,0.2121212121212121,0.3809523809523809,0.0,0,0,0,0.0,0.1666666666666666,0.1387179519819918,0.0,0.0,0,0,S1-334975123,S2-849787980,0
0.4347826086956521,0.4347826086956521,0.2333333333333333,0.2333333333333333,0.2368421052631578,0.0,0,0,0,0.0,0.1666666666666666,0.1166988310913081,0.0,0.0,0,0,S1-334975123,S2-252109540,0
0.52,0.52,0.2121212121212121,0.2121212121212121,0.3823529411764705,0.0,0,0,0,0.0,0.1428571428571428,0.109418897690805,0.0833333333333333,0.0833333333333333,0,0,S1-334975123,S2-347790872,0
0.5306122448979592,0.5306122448979592,0.2121212121212121,0.2121212121212121,0.1290322580645161,0.0,0,0,0,0.0,0.1666666666666666,0.1242472553526198,0.0,0.0,0,0,S1-334975123,S2-271776126,0
0.5333333333333333,0.5333333333333333,0.2333333333333333,0.2333333333333333,0.3225806451612903,0.0,0,0,0,0.0,0.2,0.149671275203356,0.0,0.0,0,0,S1-334975123,S2-446585847,0
0.6122448979591837,0.5846153846153846,0.4285714285714285,0.2857142857142857,0.2857142857142857,0.0,0,0,0,0.0,0.4,0.1736365144756263,0.0,0.0,1,0,S1-526056745,S2-675731014,0
0.44,0.44,0.1764705882352941,0.1764705882352941,0.1228070175438596,0.0,0,0,0,0.0,0.1428571428571428,0.0493553758124324,0.0,0.0,0,0,S1-526056745,S2-166160872,0
0.625,0.625,0.2926829268292683,0.2926829268292683,0.0,0.0,0,0,0,0.0,0.2857142857142857,0.1031514446603664,0.0,0.0,1,1,S1-526056745,S2-189859274,0
0.7,0.7,0.3243243243243243,0.3243243243243243,0.2758620689655172,0.0,0,0,0,0.0,0.2857142857142857,0.1121535261305821,0.0,0.0,0,0,S1-526056745,S2-502995441,0
0.5084745762711864,0.5084745762711864,0.1428571428571428,0.1428571428571428,0.2238805970149253,0.0,0,0,0,0.0,0.125,0.0481536649487512,0.0,0.0,0,0,S1-526056745,S2-538437297,0
0.5853658536585366,0.5853658536585366,0.2962962962962963,0.2962962962962963,0.4333333333333333,0.0,0,0,0,0.0,0.3333333333333333,0.2849081441072965,0.0,0.0,0,0,S1-721346891,S2-279121324,0
0.64,0.64,0.2571428571428571,0.2571428571428571,0.2903225806451613,0.0,0,0,0,0.0,0.3333333333333333,0.2247052107393728,0.0,0.0,0,0,S1-721346891,S2-265326366,0
0.64,0.64,0.2647058823529412,0.2647058823529412,0.2153846153846154,0.0,0,0,0,0.0,0.25,0.2433441457294204,0.0,0.0,0,0,S1-721346891,S2-372378403,0
0.4067796610169492,0.4067796610169492,0.1860465116279069,0.1860465116279069,0.1941747572815534,0.0,0,0,0,0.0,0.2,0.2038921045280468,0.0,0.0,0,0,S1-721346891,S2-863616692,0
0.4727272727272727,0.4727272727272727,0.2051282051282051,0.2051282051282051,0.2278481012658227,0.0,0,0,0,0.0,0.2,0.1755505099211851,0.0,0.0,0,0,S1-721346891,S2-61905077,0
0.3673469387755102,0.3673469387755102,0.1142857142857142,0.1142857142857142,0.0,0.0,0,0,0,0.0,0.1428571428571428,0.1009380245330451,0.0,0.0,0,1,S1-434328835,S2-815482866,0
0.3137254901960784,0.3137254901960784,0.0769230769230769,0.0769230769230769,0.1944444444444444,0.0,0,0,0,0.0,0.1666666666666666,0.1361722773770614,0.0,0.0,0,0,S1-434328835,S2-480613394,0
0.2608695652173913,0.2608695652173913,0.0909090909090909,0.0909090909090909,0.3283582089552239,0.0,0,0,0,0.0,0.1666666666666666,0.1500500161489769,0.0909090909090909,0.0909090909090909,0,0,S1-434328835,S2-486273410,0
0.2641509433962264,0.2641509433962264,0.0769230769230769,0.0769230769230769,0.1846153846153846,0.0,0,0,0,0.0,0.125,0.0848543407882046,0.0,0.0,0,0,S1-434328835,S2-414685147,0
0.5333333333333333,0.5333333333333333,0.09375,0.09375,0.2539682539682539,0.0,0,0,0,0.0,0.1428571428571428,0.1073224194351134,0.0,0.0,1,0,S1-434328835,S2-959159683,0
0.4838709677419355,0.4838709677419355,0.2093023255813953,0.2093023255813953,0.2692307692307692,0.0,0,0,0,0.0,0.1428571428571428,0.0874810757345065,0.0,0.0,0,0,S1-128861595,S2-965137319,0
0.4444444444444444,0.4444444444444444,0.0222222222222222,0.0222222222222222,0.3272727272727272,0.0,0,0,0,0.0,0.1428571428571428,0.0601653997432095,0.0,0.0,0,0,S1-128861595,S2-926271762,0
0.5428571428571428,0.5428571428571428,0.1875,0.1875,0.0754716981132075,0.0,0,0,0,0.0,0.1428571428571428,0.0858419322289537,0.0,0.0,0,0,S1-128861595,S2-647263771,0
0.3859649122807017,0.3859649122807017,0.048780487804878,0.048780487804878,0.2545454545454545,0.0,0,0,0,0.0,0.125,0.0625129581175569,0.0,0.0,0,0,S1-128861595,S2-384379221,0
0.4912280701754385,0.4912280701754385,0.2307692307692307,0.2307692307692307,0.1791044776119403,0.0,0,0,0,0.0,0.1666666666666666,0.1018087239297203,0.0,0.0,0,0,S1-128861595,S2-80012527,0
0.4363636363636363,0.4363636363636363,0.1,0.1,0.2,0.0,0,0,0,0.0,0.1428571428571428,0.0667001932285429,0.0,0.0,0,0,S1-797777457,S2-407974447,0
0.4313725490196078,0.4313725490196078,0.1081081081081081,0.1081081081081081,0.2285714285714285,0.0,0,0,0,0.0,0.1428571428571428,0.0565985213573706,0.0,0.0,0,0,S1-797777457,S2-88829597,0
0.4,0.4,0.125,0.125,0.2516556291390728,0.0,0,0,0,0.0,0.1428571428571428,0.0756585548366354,0.0416666666666666,0.0416666666666666,0,0,S1-797777457,S2-66448977,0
0.5,0.5,0.217391304347826,0.217391304347826,0.2165605095541401,0.0,0,0,0,0.0,0.2,0.0908271548046331,0.0,0.0,0,0,S1-797777457,S2-25752404,0
0.3255813953488372,0.3255813953488372,0.1428571428571428,0.1428571428571428,0.3884892086330935,0.0,0,0,0,0.0,0.125,0.0660787146573153,0.0952380952380952,0.0952380952380952,0,0,S1-797777457,S2-818150166,0
0.4561403508771929,0.4561403508771929,0.15,0.15,0.2727272727272727,0.0,0,0,0,0.0,0.125,0.1128818109620303,0.0,0.0,0,0,S1-927509773,S2-916954408,0
0.4864864864864865,0.4864864864864865,0.2608695652173913,0.2608695652173913,0.360655737704918,0.0,0,0,0,0.0,0.125,0.0931162735984508,0.1,0.1,0,0,S1-927509773,S2-954704943,0
0.2352941176470588,0.2352941176470588,0.1081081081081081,0.1081081081081081,0.3272727272727272,0.0,0,0,0,0.0,0.1428571428571428,0.1349292504465485,0.0,0.0,0,0,S1-927509773,S2-284471986,0
0.5573770491803278,0.5573770491803278,0.2195121951219512,0.2195121951219512,0.3846153846153846,0.0,0,0,0,0.0,0.2857142857142857,0.2254909584277824,0.0,0.0,0,0,S1-927509773,S2-572218763,0
0.3793103448275862,0.3793103448275862,0.119047619047619,0.119047619047619,0.4528301886792453,0.0,0,0,0,0.0,0.125,0.1315713520680031,0.0,0.0,0,0,S1-927509773,S2-116363393,0
0.1875,0.1875,0.0416666666666666,0.0416666666666666,0.2456140350877192,0.0,0,0,0,0.0,0.25,0.1759324667057368,0.0,0.0,0,0,S1-663800097,S2-546877084,0
0.3529411764705882,0.3529411764705882,0.04,0.04,0.2291666666666666,0.0,0,0,0,0.0,0.2,0.2881575813166118,0.0,0.0,0,0,S1-663800097,S2-342633714,0
0.6666666666666666,0.6666666666666666,0.2105263157894736,0.2105263157894736,0.2033898305084746,0.0,0,0,0,0.0,0.25,0.2588520209117414,0.0,0.0,0,0,S1-663800097,S2-739154006,0
0.5384615384615384,0.5384615384615384,0.0555555555555555,0.0555555555555555,0.2153846153846154,0.0,0,0,0,0.0,0.25,0.2651540220428113,0.0,0.0,0,0,S1-663800097,S2-392871255,0
0.4615384615384615,0.4615384615384615,0.0555555555555555,0.0555555555555555,0.2903225806451613,0.0,0,0,0,0.0,0.25,0.2447390396690054,0.0,0.0,1,0,S1-663800097,S2-245703038,0
0.5405405405405406,0.5405405405405406,0.0384615384615384,0.0384615384615384,0.3278688524590163,0.0,0,0,0,0.0,0.2,0.0560240751201789,0.0,0.0,0,0,S1-589877025,S2-204289763,0
0.4615384615384615,0.4615384615384615,0.048780487804878,0.048780487804878,0.4561403508771929,0.0,0,0,0,0.0,0.1666666666666666,0.0519136237242107,0.0,0.0,0,0,S1-589877025,S2-589796388,0
0.3043478260869565,0.3043478260869565,0.0277777777777777,0.0277777777777777,0.417910447761194,0.0,0,0,0,0.0,0.1666666666666666,0.0456172447791804,0.0,0.0,0,0,S1-589877025,S2-12820479,0
0.358974358974359,0.358974358974359,0.0344827586206896,0.0344827586206896,0.0,0.0,0,0,0,0.0,0.1666666666666666,0.0465227091338921,0.0,0.0,0,1,S1-589877025,S2-646284026,0
0.25,0.25,0.0344827586206896,0.0344827586206896,0.4333333333333333,0.0,0,0,0,0.0,0.1428571428571428,0.0413795568709645,0.0,0.0,0,0,S1-589877025,S2-384773779,0
0.5925925925925926,0.5925925925925926,0.25,0.25,0.2105263157894736,0.0,0,0,0,0.0,0.1666666666666666,0.1230535364909313,0.0,0.0,0,0,S1-447452795,S2-459886370,0
0.56,0.56,0.2727272727272727,0.2727272727272727,0.2580645161290322,0.0,0,0,0,0.0,0.2,0.1410036850031211,0.0,0.0,0,0,S1-447452795,S2-478288242,0
0.5423728813559322,0.5423728813559322,0.2307692307692307,0.2307692307692307,0.2933333333333333,0.0,0,0,0,0.0,0.1666666666666666,0.1356957609838708,0.0,0.0,0,0,S1-447452795,S2-620359775,0
0.2647058823529412,0.2647058823529412,0.0408163265306122,0.0408163265306122,0.25,0.0,0,0,0,0.0,0.125,0.0971597780055188,0.0,0.0,0,0,S1-447452795,S2-348809920,0
0.6,0.6,0.1785714285714285,0.1785714285714285,0.3243243243243243,0.0,0,0,0,0.0,0.25,0.243330901168631,0.0,0.0,1,0,S1-447452795,S2-922011742,0
0.4642857142857143,0.4642857142857143,0.1219512195121951,0.1219512195121951,0.2692307692307692,0.0,0,0,0,0.0,0.1428571428571428,0.0606685169573517,0.0,0.0,0,0,S1-847093601,S2-717816585,0
0.4571428571428571,0.4571428571428571,0.1132075471698113,0.1132075471698113,0.0,0.0,0,0,0,0.0,0.125,0.0550266815963901,0.0,0.0,0,1,S1-847093601,S2-679232263,0
0.4615384615384615,0.4615384615384615,0.1063829787234042,0.1063829787234042,0.2644628099173554,0.0,0,0,0,0.0,0.1428571428571428,0.047951244041687,0.0,0.0,0,0,S1-847093601,S2-856941269,0
0.5901639344262295,0.5901639344262295,0.3076923076923077,0.3076923076923077,0.1904761904761904,0.0,0,0,0,0.0,0.3333333333333333,0.114289492489008,0.0,0.0,0,0,S1-847093601,S2-817446290,0
0.6557377049180327,0.6557377049180327,0.3421052631578947,0.3421052631578947,0.2962962962962963,0.0,0,0,0,0.0,0.3333333333333333,0.117232893052922,0.0,0.0,0,0,S1-847093601,S2-211273059,0
0.1333333333333333,0.1333333333333333,0.0285714285714285,0.0285714285714285,0.2769230769230769,0.0,0,0,0,0.0,0.1666666666666666,0.068098858769507,0.0,0.0,0,0,S1-664355108,S2-819396706,0
0.2790697674418604,0.2790697674418604,0.0303030303030303,0.0303030303030303,0.2903225806451613,0.0,0,0,0,0.0,0.1666666666666666,0.0611327517277759,0.0,0.0,0,0,S1-664355108,S2-223698983,0
0.4347826086956521,0.4347826086956521,0.2,0.2,0.2058823529411764,0.0,0,0,0,0.0,0.1428571428571428,0.0759171191106576,0.0,0.0,0,0,S1-664355108,S2-889575139,0
0.3243243243243243,0.3243243243243243,0.0357142857142857,0.0357142857142857,0.1846153846153846,0.0,0,0,0,0.0,0.2,0.0725393759198662,0.0,0.0,0,0,S1-664355108,S2-478548816,0
0.4444444444444444,0.4444444444444444,0.0303030303030303,0.0303030303030303,0.1794871794871795,0.0,0,0,0,0.0,0.1666666666666666,0.0652781306583612,0.0,0.0,0,0,S1-664355108,S2-676721646,0
0.4772727272727273,0.4772727272727273,0.2592592592592592,0.2592592592592592,0.2439024390243902,0.0,0,0,0,0.0,0.25,0.078286511240831,0.0,0.0,0,0,S1-349920988,S2-852977673,0
0.6031746031746031,0.6031746031746031,0.3170731707317073,0.3170731707317073,0.3829787234042553,0.0,0,0,0,0.0,0.1666666666666666,0.0527944354308018,0.0555555555555555,0.0555555555555555,0,0,S1-349920988,S2-349717487,0
0.696969696969697,0.696969696969697,0.3023255813953488,0.3023255813953488,0.25,0.0,0,0,0,0.0,0.3333333333333333,0.0961586442074143,0.0,0.0,0,0,S1-349920988,S2-535902883,0
0.5,0.5,0.25,0.25,0.2452830188679245,0.0,0,0,0,0.0,0.3333333333333333,0.1106874537757781,0.0,0.0,0,0,S1-349920988,S2-712998673,0
0.4590163934426229,0.4590163934426229,0.1363636363636363,0.1363636363636363,0.3943661971830985,0.0,0,0,0,0.0,0.125,0.043287700284324,0.05,0.0499999999999999,0,0,S1-349920988,S2-622033492,0
0.4406779661016949,0.4406779661016949,0.0909090909090909,0.0909090909090909,0.0,0.0,0,0,0,0.0,0.125,0.0939065513354219,0.0,0.0,0,1,S1-341841843,S2-420758182,0
0.4,0.4,0.1707317073170731,0.1707317073170731,0.1612903225806451,0.0,0,0,0,0.0,0.25,0.1924890872278496,0.0,0.0,0,0,S1-341841843,S2-508041378,0
0.2807017543859649,0.2807017543859649,0.0952380952380952,0.0952380952380952,0.2015503875968992,0.0,0,0,0,0.0,0.125,0.1058724424260606,0.0,0.0,0,0,S1-341841843,S2-56934707,0
0.6551724137931034,0.6551724137931034,0.5161290322580645,0.5161290322580645,0.0,0.0,0,0,0,0.0,0.5,0.4091518758107929,0.0,0.0,0,1,S1-341841843,S2-595077757,0
0.4642857142857143,0.4642857142857143,0.0975609756097561,0.0975609756097561,0.3098591549295774,0.0,0,0,0,0.0,0.125,0.1018807897463143,0.0,0.0,0,0,S1-341841843,S2-979052623,0
0.4,0.4,0.0512820512820512,0.0512820512820512,0.1509433962264151,0.0,0,0,0,0.0,0.1666666666666666,0.0785086553797585,0.0,0.0,0,0,S1-99115147,S2-856893850,0
0.15,0.15,0.032258064516129,0.032258064516129,0.1714285714285714,0.0,0,0,0,0.0,0.2,0.1061354966247001,0.0,0.0,0,0,S1-99115147,S2-619231027,0
0.5,0.5,0.032258064516129,0.032258064516129,0.3366336633663366,0.0,0,0,0,0.0,0.2,0.0921991458666657,0.0,0.0,0,0,S1-99115147,S2-302149562,0
0.5,0.5,0.0625,0.0625,0.24,0.0,0,0,0,0.0,0.1666666666666666,0.0899679511419374,0.0,0.0,0,0,S1-99115147,S2-661366495,0
0.5945945945945946,0.5945945945945946,0.0357142857142857,0.0357142857142857,0.2328767123287671,0.0,0,0,0,0.0,0.2,0.1041600705139172,0.0,0.0,0,0,S1-99115147,S2-253527145,0
0.5,0.5,0.1666666666666666,0.1666666666666666,0.2095238095238095,0.0,0,0,0,0.0,0.1666666666666666,0.0606325398948163,0.0,0.0,0,0,S1-593010888,S2-552912428,0
0.7407407407407407,0.7407407407407407,0.375,0.375,0.2592592592592592,0.0,0,0,0,0.0,0.3333333333333333,0.1057924496822428,0.04,0.0399999999999999,0,0,S1-593010888,S2-32345237,0
0.425531914893617,0.425531914893617,0.1515151515151515,0.1515151515151515,0.217391304347826,0.0,0,0,0,0.0,0.1666666666666666,0.0679452276880355,0.0,0.0,0,0,S1-593010888,S2-618463009,0
0.4411764705882353,0.4411764705882353,0.14,0.14,0.375,0.0,0,0,0,0.0,0.125,0.0483394305784883,0.0476190476190476,0.0476190476190476,0,0,S1-593010888,S2-463973395,0
0.76,0.76,0.4285714285714285,0.4285714285714285,0.2388059701492537,0.0,0,0,0,0.0,0.3333333333333333,0.1224780872715555,0.0,0.0,1,0,S1-593010888,S2-914915697,0
0.2413793103448276,0.2413793103448276,0.119047619047619,0.119047619047619,0.2959183673469387,0.0,0,0,0,0.0,0.1428571428571428,0.0562063390202322,0.1034482758620689,0.1034482758620689,0,0,S1-975975269,S2-801693675,0
0.5151515151515151,0.5151515151515151,0.1224489795918367,0.1224489795918367,0.3398692810457516,0.0,0,0,0,0.0,0.1428571428571428,0.0524060264588803,0.0909090909090909,0.0909090909090908,0,0,S1-975975269,S2-469943910,0
0.7142857142857143,0.7142857142857143,0.3571428571428571,0.3571428571428571,0.1111111111111111,0.0,0,0,0,0.0,0.5,0.3816466272834556,0.0,0.0,0,0,S1-975975269,S2-766864987,0
0.4477611940298507,0.4477611940298507,0.2272727272727272,0.2272727272727272,0.1764705882352941,0.0,0,0,0,0.0,0.2857142857142857,0.1075218682778432,0.0,0.0,0,0,S1-975975269,S2-712194491,0
0.6176470588235294,0.6176470588235294,0.3023255813953488,0.3023255813953488,0.2464454976303317,0.0,0,0,0,0.0,0.2857142857142857,0.089427113184709,0.0625,0.0624999999999999,0,0,S1-975975269,S2-251372743,0
0.3461538461538461,0.3461538461538461,0.048780487804878,0.048780487804878,0.2127659574468085,0.0,0,0,0,0.0,0.1666666666666666,0.1060268606236098,0.0,0.0,0,0,S1-585413232,S2-194210743,0
0.5106382978723404,0.5106382978723404,0.0571428571428571,0.0571428571428571,0.2823529411764706,0.0,0,0,0,0.0,0.1428571428571428,0.0762500875332582,0.0,0.0,0,0,S1-585413232,S2-912862712,0
0.3684210526315789,0.3684210526315789,0.0714285714285714,0.0714285714285714,0.2641509433962264,0.0,0,0,0,0.0,0.2,0.1383510004492153,0.0,0.0,0,0,S1-585413232,S2-539205800,0
0.3428571428571428,0.3428571428571428,0.08,0.08,0.2439024390243902,0.0,0,0,0,0.0,0.2,0.1370474732268383,0.0,0.0,0,0,S1-585413232,S2-870692503,0
0.3414634146341463,0.3414634146341463,0.0666666666666666,0.0666666666666666,0.160919540229885,0.0,0,0,0,0.0,0.1666666666666666,0.093841293468613,0.0,0.0,0,0,S1-585413232,S2-887075950,0
0.4444444444444444,0.4444444444444444,0.0294117647058823,0.0294117647058823,0.5714285714285714,0.0,0,0,0,0.0,0.1428571428571428,0.0532723461424234,0.2,0.2,1,0,S1-481862892,S2-360389832,0
0.3414634146341463,0.3414634146341463,0.032258064516129,0.032258064516129,0.3116883116883117,0.0,0,0,0,0.0,0.1666666666666666,0.052789344502067,0.0,0.0,0,0,S1-481862892,S2-590282656,0
0.4102564102564102,0.4102564102564102,0.1481481481481481,0.1481481481481481,0.2535211267605634,0.0,0,0,0,0.0,0.2,0.136214070645802,0.0,0.0,0,0,S1-481862892,S2-274286024,0
0.3389830508474576,0.3389830508474576,0.0217391304347826,0.0217391304347826,0.3466666666666667,0.0,0,0,0,0.0,0.125,0.0380726108497924,0.0,0.0,0,0,S1-481862892,S2-398129528,0
0.2857142857142857,0.2857142857142857,0.0222222222222222,0.0222222222222222,0.088235294117647,0.0,0,0,0,0.0,0.1428571428571428,0.0440445671790142,0.0,0.0,0,0,S1-481862892,S2-312232197,0
0.2777777777777778,0.2777777777777778,0.0384615384615384,0.0384615384615384,0.430379746835443,0.0,0,0,0,0.0,0.1666666666666666,0.0422503375720151,0.0714285714285714,0.0714285714285714,0,0,S1-398427577,S2-121822683,0
0.2553191489361702,0.2553191489361702,0.0285714285714285,0.0285714285714285,0.2666666666666666,0.0,0,0,0,0.0,0.125,0.0451468789250137,0.0,0.0,0,0,S1-398427577,S2-880369011,0
0.3076923076923077,0.3076923076923077,0.0344827586206896,0.0344827586206896,0.2222222222222222,0.0,0,0,0,0.0,0.1666666666666666,0.0542822486590844,0.0,0.0,0,0,S1-398427577,S2-443882647,0
0.4285714285714285,0.4285714285714285,0.05,0.05,0.2391304347826087,0.0,0,0,0,0.0,0.25,0.0665112034684458,0.0,0.0,0,0,S1-398427577,S2-214218003,0
0.3333333333333333,0.3333333333333333,0.037037037037037,0.037037037037037,0.1707317073170731,0.0,0,0,0,0.0,0.2,0.0546308755719632,0.0,0.0,0,0,S1-398427577,S2-298446125,0
0.4,0.4,0.125,0.125,0.3529411764705882,0.0,0,0,0,0.0,0.1666666666666666,0.1557455153192933,0.0,0.0,0,0,S1-891013868,S2-61130520,0
0.4444444444444444,0.4444444444444444,0.0975609756097561,0.0975609756097561,0.2258064516129032,0.0,0,0,0,0.0,0.1666666666666666,0.13570931817986,0.0,0.0,0,0,S1-891013868,S2-108981958,0
0.5652173913043478,0.5652173913043478,0.1612903225806451,0.1612903225806451,0.1428571428571428,0.0,0,0,0,0.0,0.1666666666666666,0.1830772437605633,0.0909090909090909,0.0909090909090909,0,0,S1-891013868,S2-30249982,0
0.5945945945945946,0.5945945945945946,0.25,0.25,0.2857142857142857,0.0,0,0,0,0.0,0.25,0.2066804078383687,0.0,0.0,0,0,S1-891013868,S2-774336115,0
0.5806451612903226,0.5806451612903226,0.2,0.2,0.3529411764705882,0.0,0,0,0,0.0,0.25,0.207407319510561,0.0,0.0,0,0,S1-891013868,S2-648420391,0
0.6363636363636364,0.6363636363636364,0.2790697674418604,0.2790697674418604,0.3478260869565217,0.0,0,0,0,0.0,0.3333333333333333,0.1252716124771649,0.04,0.0399999999999999,0,0,S1-846680700,S2-853391509,0
0.6101694915254238,0.6101694915254238,0.225,0.225,0.192090395480226,0.0,0,0,0,0.0,0.1428571428571428,0.0431282853821431,0.0416666666666666,0.0416666666666666,0,0,S1-846680700,S2-833193799,0
0.5396825396825397,0.5396825396825397,0.1041666666666666,0.1041666666666666,0.224,0.0,0,0,0,0.0,0.1428571428571428,0.0540776311808778,0.0,0.0,0,0,S1-846680700,S2-248655244,0
0.7647058823529411,0.7647058823529411,0.2666666666666666,0.2666666666666666,0.272108843537415,0.0,0,0,0,0.0,0.3333333333333333,0.144501001025727,0.0,0.0,1,0,S1-846680700,S2-521706949,0
0.4166666666666667,0.4166666666666667,0.0892857142857142,0.0892857142857142,0.3387978142076502,0.0,0,0,0,0.0,0.125,0.0478883799199281,0.0,0.0,0,0,S1-846680700,S2-843741773,0
0.5185185185185185,0.5185185185185185,0.1891891891891892,0.1891891891891892,0.1785714285714285,0.0,0,0,0,0.0,0.1666666666666666,0.1291627391347497,0.0,0.0,0,0,S1-889479873,S2-613482136,0
0.4516129032258064,0.4516129032258064,0.1304347826086956,0.1304347826086956,0.3384615384615385,0.0,0,0,0,0.0,0.1428571428571428,0.1346610374282749,0.0,0.0,0,0,S1-889479873,S2-888167509,0
0.490566037735849,0.490566037735849,0.1578947368421052,0.1578947368421052,0.34375,0.0,0,0,0,0.0,0.1666666666666666,0.1575097663336602,0.0,0.0,0,0,S1-889479873,S2-457957345,0
0.55,0.55,0.2307692307692307,0.2307692307692307,0.2857142857142857,0.0,0,0,0,0.0,0.2,0.1693196718286614,0.0,0.0,0,0,S1-889479873,S2-617313553,0
0.4727272727272727,0.4727272727272727,0.15,0.15,0.3692307692307692,0.0,0,0,0,0.0,0.1666666666666666,0.1275461754781394,0.1,0.1,0,0,S1-889479873,S2-406476742,0
0.5263157894736842,0.5263157894736842,0.074074074074074,0.074074074074074,0.4,0.0,0,0,0,0.0,0.1666666666666666,0.082324343786987,0.0909090909090909,0.0909090909090909,0,0,S1-865831463,S2-310847429,0
0.3902439024390244,0.3902439024390244,0.032258064516129,0.032258064516129,0.5172413793103449,0.0,0,0,0,0.0,0.1666666666666666,0.0635287436202409,0.1,0.1,0,0,S1-865831463,S2-570152222,0
0.2142857142857142,0.2142857142857142,0.1578947368421052,0.1578947368421052,0.2033898305084746,0.0,0,0,0,0.0,0.1428571428571428,0.1303937501234071,0.0,0.0,0,0,S1-865831463,S2-395649892,0
0.3636363636363636,0.3636363636363636,0.0416666666666666,0.0416666666666666,0.4242424242424242,0.0,0,0,0,0.0,0.2,0.0689808026901629,0.0,0.0,0,0,S1-865831463,S2-998895646,0
0.4516129032258064,0.4516129032258064,0.0454545454545454,0.0454545454545454,0.3157894736842105,0.0,0,0,0,0.0,0.2,0.0684231938565299,0.0,0.0,0,0,S1-865831463,S2-626786350,0
0.4489795918367347,0.4489795918367347,0.027027027027027,0.027027027027027,0.3384615384615385,0.0,0,0,0,0.0,0.1428571428571428,0.0466776325297019,0.0,0.0,0,0,S1-748000306,S2-555828384,0
0.4090909090909091,0.4090909090909091,0.0303030303030303,0.0303030303030303,0.2909090909090909,0.0,0,0,0,0.0,0.1666666666666666,0.0593693177734568,0.0,0.0,0,0,S1-748000306,S2-676061140,0
0.3333333333333333,0.3333333333333333,0.075,0.075,0.3793103448275862,0.0,0,0,0,0.0,0.1428571428571428,0.0553930550137655,0.0,0.0,0,0,S1-748000306,S2-467472168,0
0.303030303030303,0.303030303030303,0.0434782608695652,0.0434782608695652,0.3125,0.0,0,0,0,0.0,0.1428571428571428,0.043794001129073,0.0,0.0,0,0,S1-748000306,S2-525302283,0
0.2622950819672131,0.2622950819672131,0.048780487804878,0.048780487804878,0.3214285714285714,0.0,0,0,0,0.0,0.1666666666666666,0.073212518085934,0.0,0.0,0,0,S1-748000306,S2-784771455,0
0.6666666666666666,0.6666666666666666,0.25,0.25,0.40625,0.0,0,0,0,0.0,0.5,0.4556707897037431,0.0,0.0,1,0,S1-430230415,S2-769303681,0
0.5454545454545454,0.5454545454545454,0.1363636363636363,0.1363636363636363,0.3773584905660377,0.0,0,0,0,0.0,0.2,0.242068601939306,0.0,0.0,1,0,S1-430230415,S2-213530655,0
0.1515151515151515,0.1515151515151515,0.073170731707317,0.073170731707317,0.3333333333333333,0.0,0,0,0,0.0,0.125,0.1676491532926803,0.0,0.0,0,0,S1-430230415,S2-469075541,0
0.5641025641025641,0.5641025641025641,0.2,0.2,0.2950819672131147,0.0,0,0,0,0.0,0.4,0.3292911250921458,0.0,0.0,0,0,S1-430230415,S2-808503723,0
0.5714285714285714,0.5714285714285714,0.1785714285714285,0.1785714285714285,0.3333333333333333,0.0,0,0,0,0.0,0.4,0.3623218862796458,0.0,0.0,0,0,S1-430230415,S2-820792389,0
0.48,0.48,0.1212121212121212,0.1212121212121212,0.2686567164179104,0.0,0,0,0,0.0,0.125,0.04524574205431,0.0,0.0,0,0,S1-769185722,S2-263909171,0
0.3720930232558139,0.3720930232558139,0.032258064516129,0.032258064516129,0.0,0.0,0,0,0,0.0,0.1666666666666666,0.0682970135077791,0.0,0.0,0,1,S1-769185722,S2-641732867,0
0.1224489795918367,0.1224489795918367,0.027027027027027,0.027027027027027,0.3283582089552239,0.0,0,0,0,0.0,0.1666666666666666,0.0659350321460987,0.0,0.0,0,0,S1-769185722,S2-932783180,0
0.4444444444444444,0.4444444444444444,0.0212765957446808,0.0212765957446808,0.3466666666666667,0.0,0,0,0,0.0,0.2222222222222222,0.1143100075928558,0.0,0.0,0,0,S1-769185722,S2-45155331,0
0.1304347826086956,0.1304347826086956,0.0303030303030303,0.0303030303030303,0.2950819672131147,0.0,0,0,0,0.0,0.1428571428571428,0.0611925331139677,0.1111111111111111,0.1111111111111111,1,0,S1-769185722,S2-454355317,0
0.3333333333333333,0.3333333333333333,0.03125,0.03125,0.3829787234042553,0.0,0,0,0,0.0,0.1666666666666666,0.0611622093288097,0.0,0.0,0,0,S1-480403125,S2-263940621,0
0.2,0.2,0.0212765957446808,0.0212765957446808,0.2258064516129032,0.0,0,0,0,0.0,0.1111111111111111,0.0404992742781941,0.0,0.0,0,0,S1-480403125,S2-456227028,0
0.4888888888888889,0.4888888888888889,0.0606060606060606,0.0606060606060606,0.2388059701492537,0.0,0,0,0,0.0,0.1428571428571428,0.0524316551169744,0.0,0.0,0,0,S1-480403125,S2-86582064,0
0.4363636363636363,0.4363636363636363,0.0285714285714285,0.0285714285714285,0.135593220338983,0.0,0,0,0,0.0,0.1666666666666666,0.0599232157335187,0.0,0.0,1,0,S1-480403125,S2-541238007,0
0.509090909090909,0.509090909090909,0.0975609756097561,0.0975609756097561,0.2553191489361702,0.0,0,0,0,0.0,0.1428571428571428,0.0563907310613266,0.0,0.0,0,0,S1-480403125,S2-394998319,0
0.4571428571428571,0.4571428571428571,0.0833333333333333,0.0833333333333333,0.3421052631578947,0.0,0,0,0,0.0,0.1666666666666666,0.06172824239742,0.0,0.0,0,0,S1-139623363,S2-856284373,0
0.3636363636363636,0.3636363636363636,0.0416666666666666,0.0416666666666666,0.0,0.0,0,0,0,0.0,0.2,0.0744848211538025,0.0,0.0,0,1,S1-139623363,S2-701498184,0
0.15,0.15,0.0333333333333333,0.0333333333333333,0.2647058823529412,0.0,0,0,0,0.0,0.1666666666666666,0.0636767431869406,0.0,0.0,1,0,S1-139623363,S2-854290450,0
0.1764705882352941,0.1764705882352941,0.04,0.04,0.2133333333333333,0.0,0,0,0,0.0,0.2,0.0769038704632864,0.0,0.0,0,0,S1-139623363,S2-550770650,0
0.2941176470588235,0.2941176470588235,0.04,0.04,0.1666666666666666,0.0,0,0,0,0.0,0.2,0.0804701956576083,0.0,0.0,0,0,S1-139623363,S2-730248895,0
1.0,1.0,1.0,1.0,0.8672566371681416,1.0,3,1,2,0.0,1.0,1.0,1.0,1.0,0,0,S1-820791388,S2-442717160,1
0.6285714285714286,0.6285714285714286,0.2553191489361702,0.2553191489361702,0.2692307692307692,0.0,0,0,0,0.0,0.2857142857142857,0.1058653921675765,0.0,0.0,0,0,S1-820791388,S2-141037096,0
0.5675675675675675,0.5675675675675675,0.25,0.25,0.1267605633802817,0.0,0,0,0,0.0,0.2857142857142857,0.0943850935939353,0.0,0.0,0,0,S1-820791388,S2-893664020,0
0.5666666666666667,0.5666666666666667,0.1428571428571428,0.1428571428571428,0.2838709677419355,0.0,0,0,0,0.0,0.1111111111111111,0.0464086762492111,0.0,0.0,0,0,S1-820791388,S2-389800347,0
0.5517241379310345,0.5517241379310345,0.1428571428571428,0.1428571428571428,0.0,0.0,0,0,0,0.0,0.1428571428571428,0.0523212388244549,0.0,0.0,0,1,S1-820791388,S2-412195399,0
0.4406779661016949,0.4406779661016949,0.1136363636363636,0.1136363636363636,0.2442748091603053,0.0,0,0,0,0.0,0.1428571428571428,0.0515395217177874,0.0,0.0,1,0,S1-820791388,S2-145275705,0
0.4615384615384615,0.4615384615384615,0.0357142857142857,0.0357142857142857,0.2857142857142857,0.0,0,0,0,0.0,0.1428571428571428,0.0604674247989909,0.0526315789473684,0.0526315789473684,0,0,S1-77225317,S2-600035624,0
0.4782608695652174,0.4782608695652174,0.0285714285714285,0.0285714285714285,0.2748091603053435,0.0,0,0,0,0.0,0.1428571428571428,0.0703520729755287,0.0,0.0,1,0,S1-77225317,S2-283721932,0
0.6153846153846154,0.6153846153846154,0.0357142857142857,0.0357142857142857,0.2442748091603053,0.0,0,0,0,0.0,0.1428571428571428,0.0604674247989909,0.0416666666666666,0.0416666666666666,0,0,S1-77225317,S2-115402940,0
0.5128205128205128,0.5128205128205128,0.16,0.16,0.2156862745098039,0.0,0,0,0,0.0,0.3333333333333333,0.153166241996452,0.0,0.0,1,0,S1-77225317,S2-630186993,0
0.4117647058823529,0.4117647058823529,0.0416666666666666,0.0416666666666666,0.2075471698113207,0.0,0,0,0,0.0,0.1666666666666666,0.0726068942260343,0.0,0.0,0,0,S1-77225317,S2-591763223,0
0.2564102564102564,0.2564102564102564,0.1111111111111111,0.1111111111111111,0.2253521126760563,0.0,0,0,0,0.0,0.2,0.2598002009978607,0.0,0.0,1,0,S1-601661980,S2-128959896,0
0.4761904761904761,0.4761904761904761,0.1851851851851851,0.1851851851851851,0.247191011235955,0.0,0,0,0,0.0,0.1666666666666666,0.1977952040633784,0.0,0.0,0,0,S1-601661980,S2-606891597,0
0.6896551724137931,0.6896551724137931,0.375,0.375,0.1944444444444444,0.0,0,0,0,0.0,0.3333333333333333,0.3129274379584583,0.0,0.0,0,0,S1-601661980,S2-688035282,0
0.3684210526315789,0.3684210526315789,0.2083333333333333,0.2083333333333333,0.1777777777777777,0.0,0,0,0,0.0,0.2,0.2075818174517318,0.0,0.0,0,0,S1-601661980,S2-100093454,0
0.3888888888888889,0.3888888888888889,0.2272727272727272,0.2272727272727272,0.3,0.0,0,0,0,0.0,0.2,0.2758035646272191,0.0,0.0,0,0,S1-601661980,S2-467224856,0
0.4285714285714285,0.4285714285714285,0.119047619047619,0.119047619047619,0.1458333333333333,0.0,0,0,0,0.0,0.1666666666666666,0.067068198006637,0.0,0.0,0,0,S1-21170358,S2-918566040,0
0.5714285714285714,0.5714285714285714,0.1739130434782608,0.1739130434782608,0.2635658914728682,0.0,0,0,0,0.0,0.1666666666666666,0.1506531217737635,0.0,0.0,0,0,S1-21170358,S2-676769255,0
0.4912280701754385,0.4912280701754385,0.1162790697674418,0.1162790697674418,0.3333333333333333,0.0,0,0,0,0.0,0.1666666666666666,0.0768427157999035,0.0,0.0,0,0,S1-21170358,S2-681501972,0
0.4528301886792453,0.4528301886792453,0.1282051282051282,0.1282051282051282,0.2015503875968992,0.0,0,0,0,0.0,0.1666666666666666,0.0616000337163434,0.0,0.0,0,0,S1-21170358,S2-340783807,0
0.3243243243243243,0.3243243243243243,0.087719298245614,0.087719298245614,0.1428571428571428,0.0,0,0,0,0.0,0.1111111111111111,0.0356111657615709,0.0,0.0,0,0,S1-21170358,S2-842868862,0
0.6153846153846154,0.6153846153846154,0.3043478260869565,0.3043478260869565,0.2264150943396226,0.0,0,0,0,0.0,0.4,0.364899119646864,0.0,0.0,0,0,S1-231859208,S2-577874201,0
0.6923076923076923,0.6923076923076923,0.4615384615384615,0.4615384615384615,0.3137254901960784,0.0,0,0,0,0.0,0.6666666666666666,0.6133772476764305,0.0,0.0,0,0,S1-231859208,S2-178805416,0
0.3783783783783784,0.3783783783783784,0.2083333333333333,0.2083333333333333,0.2909090909090909,0.0,0,0,0,0.0,0.2,0.2610949459075409,0.0,0.0,1,0,S1-231859208,S2-130959680,0
0.65,0.65,0.24,0.24,0.4528301886792453,0.0,0,0,0,0.0,0.4,0.4094957238084251,0.1111111111111111,0.1111111111111111,0,0,S1-231859208,S2-915298636,0
0.7741935483870968,0.7741935483870968,0.3529411764705882,0.3529411764705882,0.28125,0.0,0,0,0,0.0,0.5,0.3675903016832376,0.0,0.0,0,0,S1-231859208,S2-97952955,0
0.5333333333333333,0.5333333333333333,0.0526315789473684,0.0526315789473684,0.2258064516129032,0.0,0,0,0,0.0,0.1428571428571428,0.038815214236285,0.0,0.0,0,0,S1-191599763,S2-130795275,0
0.2,0.2,0.05,0.05,0.3265306122448979,0.0,0,0,0,0.0,0.1666666666666666,0.0444354889717611,0.0,0.0,0,0,S1-191599763,S2-16851748,0
0.2941176470588235,0.2941176470588235,0.05,0.05,0.2666666666666666,0.0,0,0,0,0.0,0.2,0.0549289387734681,0.0,0.0,0,0,S1-191599763,S2-396453994,0
0.3571428571428571,0.3571428571428571,0.0526315789473684,0.0526315789473684,0.3666666666666666,0.0,0,0,0,0.0,0.2,0.0528257699960824,0.0909090909090909,0.0909090909090909,0,0,S1-191599763,S2-606921512,0
0.1935483870967742,0.1935483870967742,0.0476190476190476,0.0476190476190476,0.1612903225806451,0.0,0,0,0,0.0,0.1666666666666666,0.0515864673113442,0.0,0.0,0,0,S1-191599763,S2-444882610,0
0.5901639344262295,0.5901639344262295,0.1627906976744186,0.1627906976744186,0.3548387096774194,0.0,0,0,0,0.0,0.125,0.0977149126389548,0.0,0.0,0,0,S1-457658065,S2-672519826,0
0.4561403508771929,0.4561403508771929,0.1219512195121951,0.1219512195121951,0.4347826086956521,0.0,0,0,0,0.0,0.125,0.0945779973308089,0.1,0.1,0,0,S1-457658065,S2-933434153,0
0.3278688524590163,0.3278688524590163,0.1111111111111111,0.1111111111111111,0.1333333333333333,0.0,0,0,0,0.0,0.125,0.1097193408889826,0.0,0.0,0,0,S1-457658065,S2-324754094,0
0.3846153846153846,0.3846153846153846,0.1351351351351351,0.1351351351351351,0.2545454545454545,0.0,0,0,0,0.0,0.1428571428571428,0.1174094607509215,0.0,0.0,0,0,S1-457658065,S2-282690204,0
0.4,0.4,0.1136363636363636,0.1136363636363636,0.2539682539682539,0.0,0,0,0,0.0,0.125,0.0907821840226666,0.0,0.0,0,0,S1-457658065,S2-179002214,0
0.2962962962962963,0.2962962962962963,0.0232558139534883,0.0232558139534883,0.2535211267605634,0.0,0,0,0,0.0,0.1428571428571428,0.0476879875577114,0.0,0.0,0,0,S1-255090320,S2-982919161,0
0.2564102564102564,0.2564102564102564,0.0317460317460317,0.0317460317460317,0.32,0.0,0,0,0,0.0,0.1111111111111111,0.0315294786576073,0.0714285714285714,0.0714285714285714,0,0,S1-255090320,S2-270858222,0
0.4,0.4,0.0465116279069767,0.0465116279069767,0.1470588235294117,0.0,0,0,0,0.0,0.1428571428571428,0.0436465995859837,0.0,0.0,0,0,S1-255090320,S2-623874049,0
0.3823529411764705,0.3823529411764705,0.0377358490566037,0.0377358490566037,0.3703703703703703,0.0,0,0,0,0.0,0.1,0.0287693150272242,0.0,0.0,0,0,S1-255090320,S2-869993077,0
0.2758620689655172,0.2758620689655172,0.0217391304347826,0.0217391304347826,0.345679012345679,0.0,0,0,0,0.0,0.1428571428571428,0.0489518967126896,0.0,0.0,0,0,S1-255090320,S2-994768938,0
0.4367816091954023,0.4367816091954023,0.1694915254237288,0.1694915254237288,0.3142857142857143,0.0,0,0,0,0.0,0.125,0.0386737308392094,0.0,0.0,0,0,S1-682477366,S2-996245861,0
0.4363636363636363,0.4363636363636363,0.1538461538461538,0.1538461538461538,0.4225352112676056,0.0,0,0,0,0.0,0.1428571428571428,0.0604985636385647,0.0952380952380952,0.0952380952380952,0,0,S1-682477366,S2-716297282,0
0.5151515151515151,0.5151515151515151,0.2790697674418604,0.2790697674418604,0.302158273381295,0.0,0,0,0,0.0,0.2857142857142857,0.1149017645603463,0.0,0.0,0,0,S1-682477366,S2-811357676,0
0.5625,0.5625,0.1521739130434782,0.1521739130434782,0.2452830188679245,0.0,0,0,0,0.0,0.125,0.0563323893409665,0.0,0.0,0,0,S1-682477366,S2-552353812,0
0.4411764705882353,0.4411764705882353,0.2391304347826087,0.2391304347826087,0.4171122994652406,0.0,0,0,0,0.0,0.2857142857142857,0.1203954275151421,0.1428571428571428,0.1428571428571428,0,0,S1-682477366,S2-897625711,0
0.35,0.35,0.1034482758620689,0.1034482758620689,0.3076923076923077,0.0,0,0,0,0.0,0.2,0.1491868442931476,0.0,0.0,0,0,S1-971182940,S2-676317979,0
0.3829787234042553,0.3829787234042553,0.0857142857142857,0.0857142857142857,0.2127659574468085,0.0,0,0,0,0.0,0.1666666666666666,0.2035155146050959,0.0,0.0,0,0,S1-971182940,S2-541316199,0
0.5098039215686274,0.5098039215686274,0.2352941176470588,0.2352941176470588,0.4406779661016949,0.0,0,0,0,0.0,0.4,0.3819318349786498,0.1,0.1,0,0,S1-971182940,S2-681990551,0
0.4545454545454545,0.4545454545454545,0.09375,0.09375,0.25,0.0,0,0,0,0.0,0.1666666666666666,0.1355955856189815,0.0,0.0,0,0,S1-971182940,S2-114828616,0
0.3137254901960784,0.3137254901960784,0.0789473684210526,0.0789473684210526,0.4126984126984127,0.0,0,0,0,0.0,0.1428571428571428,0.1323179141574356,0.0,0.0,0,0,S1-971182940,S2-737911479,0
0.2926829268292683,0.2926829268292683,0.0333333333333333,0.0333333333333333,0.1346153846153846,0.0,0,0,0,0.0,0.1428571428571428,0.0631006881449629,0.0,0.0,1,0,S1-632352110,S2-912619097,0
0.5106382978723404,0.5106382978723404,0.0277777777777777,0.0277777777777777,0.3285714285714285,0.0,0,0,0,0.0,0.1428571428571428,0.071780446824966,0.04,0.0399999999999999,0,0,S1-632352110,S2-988072695,0
0.3478260869565217,0.3478260869565217,0.0277777777777777,0.0277777777777777,0.1242937853107344,0.0,0,0,0,0.0,0.1666666666666666,0.076974717506042,0.0,0.0,0,0,S1-632352110,S2-208717862,0
0.3243243243243243,0.3243243243243243,0.037037037037037,0.037037037037037,0.1391304347826087,0.0,0,0,0,0.0,0.1666666666666666,0.0688537157945571,0.0,0.0,0,0,S1-632352110,S2-549416792,0
0.4117647058823529,0.4117647058823529,0.0416666666666666,0.0416666666666666,0.3157894736842105,0.0,0,0,0,0.0,0.1666666666666666,0.0694852583742195,0.0,0.0,0,0,S1-632352110,S2-892667817,0
0.5238095238095238,0.5238095238095238,0.1724137931034483,0.1724137931034483,0.2937853107344633,0.0,0,0,0,0.0,0.2,0.1330573670164593,0.0,0.0,0,0,S1-55296934,S2-250330856,0
0.3384615384615385,0.3384615384615385,0.1162790697674418,0.1162790697674418,0.3037974683544304,0.0,0,0,0,0.0,0.1428571428571428,0.1396189680248854,0.0454545454545454,0.0454545454545454,0,0,S1-55296934,S2-65180674,0
0.3846153846153846,0.3846153846153846,0.131578947368421,0.131578947368421,0.2874251497005988,0.0,0,0,0,0.0,0.1666666666666666,0.1021257015063751,0.0384615384615384,0.0384615384615384,1,0,S1-55296934,S2-336673828,0
0.2978723404255319,0.2978723404255319,0.1470588235294117,0.1470588235294117,0.1176470588235294,0.0,0,0,0,0.0,0.2,0.1268225759713273,0.037037037037037,0.037037037037037,0,0,S1-55296934,S2-303376487,0
0.5333333333333333,0.5333333333333333,0.15625,0.15625,0.3013698630136986,0.0,0,0,0,0.0,0.2,0.1335668450120316,0.0434782608695652,0.0434782608695652,0,0,S1-55296934,S2-899801046,0
0.4210526315789473,0.4210526315789473,0.0163934426229508,0.0163934426229508,0.1944444444444444,0.0,0,0,0,0.0,0.1111111111111111,0.0340875381085057,0.0,0.0,0,0,S1-859043162,S2-700966121,0
0.4,0.4,0.0232558139534883,0.0232558139534883,0.3157894736842105,0.0,0,0,0,0.0,0.125,0.0392007627402754,0.0,0.0,0,0,S1-859043162,S2-490834232,0
0.303030303030303,0.303030303030303,0.0185185185185185,0.0185185185185185,0.2564102564102564,0.0,0,0,0,0.0,0.125,0.0488503080872378,0.0,0.0,0,0,S1-859043162,S2-74892125,0
0.3793103448275862,0.3793103448275862,0.0652173913043478,0.0652173913043478,0.2950819672131147,0.0,0,0,0,0.0,0.1666666666666666,0.0559856577127646,0.0,0.0,0,0,S1-859043162,S2-244028343,0
0.4,0.4,0.0222222222222222,0.0222222222222222,0.0,0.0,0,0,0,0.0,0.1666666666666666,0.0636911008551418,0.0,0.0,0,1,S1-859043162,S2-978414679,0
0.4230769230769231,0.4230769230769231,0.131578947368421,0.131578947368421,0.1866666666666666,0.0,0,0,0,0.0,0.1666666666666666,0.055691614150277,0.0,0.0,0,0,S1-81014244,S2-771930199,0
0.32,0.32,0.1388888888888889,0.1388888888888889,0.2627737226277372,0.0,0,0,0,0.0,0.1666666666666666,0.0588211931290324,0.0,0.0,0,0,S1-81014244,S2-987700787,0
0.5,0.5,0.1470588235294117,0.1470588235294117,0.3076923076923077,0.0,0,0,0,0.0,0.1666666666666666,0.0539234468498753,0.0,0.0,0,0,S1-81014244,S2-601720783,0
0.3728813559322034,0.3728813559322034,0.1162790697674418,0.1162790697674418,0.2335766423357664,0.0,0,0,0,0.0,0.1428571428571428,0.0486820109056104,0.05,0.0499999999999999,0,0,S1-81014244,S2-46897990,0
0.5789473684210527,0.5789473684210527,0.2,0.2,0.1526717557251908,1.0,1,1,1,0.0,0.2,0.0734649127843867,0.0,0.0,0,0,S1-81014244,S2-329629405,0
0.4324324324324324,0.4324324324324324,0.217391304347826,0.217391304347826,0.0,0.0,0,0,0,0.0,0.2,0.0598606697832371,0.0,0.0,0,1,S1-427260240,S2-281109896,0
0.392156862745098,0.392156862745098,0.1428571428571428,0.1428571428571428,0.1632653061224489,0.0,0,0,0,0.0,0.1428571428571428,0.0459186449353607,0.0,0.0,0,0,S1-427260240,S2-359423178,0
0.3384615384615385,0.3384615384615385,0.1063829787234042,0.1063829787234042,0.4024390243902439,0.0,0,0,0,0.0,0.125,0.0450098234164457,0.0869565217391304,0.0869565217391304,0,0,S1-427260240,S2-610427303,0
0.5116279069767442,0.5116279069767442,0.1785714285714285,0.1785714285714285,0.2047244094488189,0.0,0,0,0,0.0,0.1666666666666666,0.057888089600272,0.0,0.0,0,0,S1-427260240,S2-527812446,0
0.3846153846153846,0.3846153846153846,0.1388888888888889,0.1388888888888889,0.2797202797202797,0.0,0,0,0,0.0,0.1428571428571428,0.0394450099020946,0.0,0.0,0,0,S1-427260240,S2-444244902,0
0.3773584905660377,0.3773584905660377,0.048780487804878,0.048780487804878,0.1886792452830188,0.0,0,0,0,0.0,0.1428571428571428,0.047033995144946,0.0,0.0,0,0,S1-955060068,S2-894475851,0
0.1153846153846153,0.1153846153846153,0.024390243902439,0.024390243902439,0.1967213114754098,0.0,0,0,0,0.0,0.1428571428571428,0.0473879292393649,0.0,0.0,0,0,S1-955060068,S2-981056494,0
0.3529411764705882,0.3529411764705882,0.04,0.04,0.0,0.0,0,0,0,0.0,0.2,0.0533235976777465,0.0,0.0,0,1,S1-955060068,S2-783946790,0
0.3783783783783784,0.3783783783783784,0.037037037037037,0.037037037037037,0.3333333333333333,0.0,0,0,0,0.0,0.1666666666666666,0.052849393890441,0.0,0.0,0,0,S1-955060068,S2-2643710,0
0.5,0.5,0.0625,0.0625,0.2909090909090909,0.0,0,0,0,0.0,0.25,0.071796975929909,0.0,0.0,0,0,S1-955060068,S2-831095368,0
0.4642857142857143,0.4642857142857143,0.175,0.175,0.2142857142857142,0.0,0,0,0,0.0,0.1666666666666666,0.149519217304763,0.0,0.0,0,0,S1-755800949,S2-199720346,0
0.4482758620689655,0.4482758620689655,0.1707317073170731,0.1707317073170731,0.4242424242424242,0.0,0,0,0,0.0,0.1428571428571428,0.1346083119733995,0.0,0.0,1,0,S1-755800949,S2-166385937,0
0.5714285714285714,0.5714285714285714,0.2121212121212121,0.2121212121212121,0.2025316455696202,0.0,0,0,0,0.0,0.1666666666666666,0.1510933905176429,0.0,0.0,0,0,S1-755800949,S2-928588719,0
0.4814814814814814,0.4814814814814814,0.1578947368421052,0.1578947368421052,0.3157894736842105,0.0,0,0,0,0.0,0.1666666666666666,0.1438419692600743,0.0,0.0,0,0,S1-755800949,S2-748290286,0
0.4827586206896552,0.4827586206896552,0.2,0.2,0.3728813559322034,0.0,0,0,0,0.0,0.1428571428571428,0.1254214490133774,0.1,0.1,0,0,S1-755800949,S2-682017979,0
0.4827586206896552,0.4827586206896552,0.1136363636363636,0.1136363636363636,0.2777777777777778,0.0,0,0,0,0.0,0.1666666666666666,0.0723550487776255,0.0,0.0,0,0,S1-895414321,S2-863080712,0
0.5964912280701754,0.5964912280701754,0.3428571428571428,0.3428571428571428,0.0,0.0,0,0,0,0.0,0.3333333333333333,0.1304581228464766,0.0,0.0,0,1,S1-895414321,S2-840052410,0
0.5151515151515151,0.5151515151515151,0.1458333333333333,0.1458333333333333,0.1232876712328767,0.0,0,0,0,0.0,0.1428571428571428,0.0575415946929135,0.0,0.0,0,0,S1-895414321,S2-834942927,0
0.5769230769230769,0.5769230769230769,0.2,0.2,0.3333333333333333,0.0,0,0,0,0.0,0.1428571428571428,0.0514106197710569,0.0,0.0,0,0,S1-895414321,S2-527259037,0
0.4583333333333333,0.4583333333333333,0.1470588235294117,0.1470588235294117,0.2442748091603053,0.0,0,0,0,0.0,0.1666666666666666,0.0541115906683061,0.0,0.0,0,0,S1-895414321,S2-246427065,0
0.3225806451612903,0.3225806451612903,0.0454545454545454,0.0454545454545454,0.1851851851851851,0.0,0,0,0,0.0,0.2,0.0540415253426018,0.0,0.0,0,0,S1-401761505,S2-631236798,0
0.4390243902439024,0.4390243902439024,0.0666666666666666,0.0666666666666666,0.2692307692307692,0.0,0,0,0,0.0,0.1666666666666666,0.059880883139837,0.0,0.0,0,0,S1-401761505,S2-596640450,0
0.3333333333333333,0.3333333333333333,0.03125,0.03125,0.3846153846153846,0.0,0,0,0,0.0,0.1666666666666666,0.0573046383753763,0.0,0.0,0,0,S1-401761505,S2-964690160,0
0.3859649122807017,0.3859649122807017,0.0217391304347826,0.0217391304347826,0.2758620689655172,0.0,0,0,0,0.0,0.1428571428571428,0.0445246860154691,0.0,0.0,0,0,S1-401761505,S2-351115999,0
0.5,0.5,0.1428571428571428,0.1428571428571428,0.34375,0.0,0,0,0,0.0,0.2,0.0537188395031699,0.0,0.0,0,0,S1-401761505,S2-206775978,0
0.5106382978723404,0.5106382978723404,0.2333333333333333,0.2333333333333333,0.1923076923076923,0.0,0,0,0,0.0,0.1428571428571428,0.0976035901205828,0.0,0.0,1,0,S1-692123552,S2-928483387,0
0.2702702702702703,0.2702702702702703,0.1481481481481481,0.1481481481481481,0.1666666666666666,0.0,0,0,0,0.0,0.1111111111111111,0.0739536875117586,0.0,0.0,0,0,S1-692123552,S2-171734378,0
0.6,0.6,0.25,0.25,0.2197802197802197,0.0,0,0,0,0.0,0.1428571428571428,0.0923586741787084,0.0,0.0,0,0,S1-692123552,S2-578688456,0
0.3823529411764705,0.3823529411764705,0.12,0.12,0.2622950819672131,0.0,0,0,0,0.0,0.1111111111111111,0.0878771576616872,0.0,0.0,0,0,S1-692123552,S2-241745761,0
0.4897959183673469,0.4897959183673469,0.1818181818181818,0.1818181818181818,0.0,0.0,0,0,0,0.0,0.1428571428571428,0.0939464491866183,0.0,0.0,0,1,S1-692123552,S2-902058489,0
0.4444444444444444,0.4444444444444444,0.1276595744680851,0.1276595744680851,0.1804511278195488,0.0,0,0,0,0.0,0.1666666666666666,0.0613621350567456,0.0,0.0,0,0,S1-767833583,S2-361687150,0
0.3116883116883117,0.3116883116883117,0.1818181818181818,0.1818181818181818,0.2179487179487179,0.0,0,0,0,0.0,0.2857142857142857,0.0928870127491063,0.0,0.0,0,0,S1-767833583,S2-568426230,0
0.4545454545454545,0.4545454545454545,0.25,0.25,0.2317073170731707,0.0,0,0,0,0.0,0.3333333333333333,0.1350455182578846,0.15,0.1499999999999999,0,0,S1-767833583,S2-119513941,0
0.5454545454545454,0.5454545454545454,0.1458333333333333,0.1458333333333333,0.1176470588235294,0.0,0,0,0,0.0,0.1428571428571428,0.0543364406742096,0.0,0.0,0,0,S1-767833583,S2-514683452,0
0.4444444444444444,0.4444444444444444,0.1276595744680851,0.1276595744680851,0.2948717948717949,0.0,0,0,0,0.0,0.1666666666666666,0.0563700230655455,0.0,0.0,0,0,S1-767833583,S2-469943910,0
0.5714285714285714,0.5714285714285714,0.25,0.25,0.176,0.0,0,0,0,0.0,0.25,0.1583375897763627,0.0,0.0,0,0,S1-511400409,S2-445205908,0
0.3636363636363636,0.3636363636363636,0.2,0.2,0.2170542635658914,0.0,0,0,0,0.0,0.2,0.1060163582760949,0.0,0.0,0,0,S1-511400409,S2-611712388,0
0.44,0.44,0.1714285714285714,0.1714285714285714,0.3356643356643357,0.0,0,0,0,0.0,0.1666666666666666,0.1184973816760118,0.0,0.0,0,0,S1-511400409,S2-175828224,0
0.5416666666666666,0.5416666666666666,0.1818181818181818,0.1818181818181818,0.1973684210526315,0.0,0,0,0,0.0,0.1666666666666666,0.1022338799787516,0.0,0.0,0,0,S1-511400409,S2-646520840,0
0.6,0.6,0.2222222222222222,0.2222222222222222,0.2362204724409448,0.0,0,0,0,0.0,0.25,0.1738645867486476,0.0,0.0,0,0,S1-511400409,S2-562226956,0
0.575,0.575,0.2363636363636363,0.2363636363636363,0.2096774193548387,0.0,0,0,0,0.0,0.25,0.1002716466968006,0.0,0.0,0,0,S1-845929181,S2-567090401,0
0.3888888888888889,0.3888888888888889,0.0892857142857142,0.0892857142857142,0.2083333333333333,0.0,0,0,0,0.0,0.125,0.0539774534068466,0.0,0.0,0,0,S1-845929181,S2-85440878,0
0.6451612903225806,0.6451612903225806,0.3076923076923077,0.3076923076923077,0.2123893805309734,0.0,0,0,0,0.0,0.2857142857142857,0.1064959171489935,0.0,0.0,0,0,S1-845929181,S2-594718171,0
0.4761904761904761,0.4761904761904761,0.1521739130434782,0.1521739130434782,0.2074074074074074,0.0,0,0,0,0.0,0.1428571428571428,0.055651961715463,0.0,0.0,0,0,S1-845929181,S2-260239968,0
0.5,0.5,0.1363636363636363,0.1363636363636363,0.1840490797546012,0.0,0,0,0,0.0,0.1428571428571428,0.0500719207636642,0.0,0.0,0,0,S1-845929181,S2-618630507,0
0.3902439024390244,0.3902439024390244,0.1034482758620689,0.1034482758620689,0.1720430107526881,0.0,0,0,0,0.0,0.1666666666666666,0.1391616988975384,0.0,0.0,0,0,S1-802233504,S2-340740631,0
0.3333333333333333,0.3333333333333333,0.1,0.1,0.2028985507246377,0.0,0,0,0,0.0,0.1666666666666666,0.1692134914321418,0.0,0.0,0,0,S1-802233504,S2-860028540,0
0.35,0.35,0.1111111111111111,0.1111111111111111,0.5074626865671642,0.0,0,0,0,0.0,0.1428571428571428,0.1320837818172392,0.1,0.1,0,0,S1-802233504,S2-178072569,0
0.2439024390243902,0.2439024390243902,0.1034482758620689,0.1034482758620689,0.0967741935483871,0.0,0,0,0,0.0,0.1666666666666666,0.1480313002822191,0.0,0.0,0,0,S1-802233504,S2-567395840,0
0.5263157894736842,0.5263157894736842,0.16,0.16,0.2424242424242424,0.0,0,0,0,0.0,0.1666666666666666,0.1744679053470974,0.0,0.0,0,0,S1-802233504,S2-407613211,0
0.5957446808510638,0.5957446808510638,0.1470588235294117,0.1470588235294117,0.2666666666666666,0.0,0,0,0,0.0,0.2,0.115749104560157,0.0,0.0,0,0,S1-819915040,S2-833779262,0
0.5,0.5,0.1666666666666666,0.1666666666666666,0.3142857142857143,0.0,0,0,0,0.0,0.1666666666666666,0.1241098059506122,0.0,0.0,0,0,S1-819915040,S2-724888813,0
0.5,0.5,0.1612903225806451,0.1612903225806451,0.2857142857142857,0.0,0,0,0,0.0,0.2,0.1242775265460598,0.0,0.0,0,0,S1-819915040,S2-205583253,0
0.75,0.75,0.5,0.5,0.1612903225806451,0.0,0,0,0,0.0,0.4,0.4271572391582896,0.1111111111111111,0.1111111111111111,0,0,S1-819915040,S2-957169407,0
0.5454545454545454,0.5454545454545454,0.238095238095238,0.238095238095238,0.2539682539682539,0.0,0,0,0,0.0,0.25,0.1806550181193568,0.0,0.0,0,0,S1-819915040,S2-430706414,0
0.3414634146341463,0.3414634146341463,0.0357142857142857,0.0357142857142857,0.3333333333333333,0.0,0,0,0,0.0,0.125,0.0384250315118749,0.0,0.0,0,0,S1-711218933,S2-855582115,0
0.5,0.5,0.0555555555555555,0.0555555555555555,0.1694915254237288,0.0,0,0,0,0.0,0.1428571428571428,0.0427262954602175,0.0,0.0,0,0,S1-711218933,S2-530604533,0
0.2553191489361702,0.2553191489361702,0.0277777777777777,0.0277777777777777,0.3137254901960784,0.0,0,0,0,0.0,0.1428571428571428,0.0416749299299754,0.0,0.0,0,0,S1-711218933,S2-324071789,0
0.4888888888888889,0.4888888888888889,0.0625,0.0625,0.3018867924528302,0.0,0,0,0,0.0,0.1666666666666666,0.0486734435505295,0.0,0.0,0,0,S1-711218933,S2-886325586,0
0.3043478260869565,0.3043478260869565,0.0294117647058823,0.0294117647058823,0.3333333333333333,0.0,0,0,0,0.0,0.125,0.0339853265414477,0.0,0.0,0,0,S1-711218933,S2-433528358,0
0.4444444444444444,0.4444444444444444,0.2045454545454545,0.2045454545454545,0.3050847457627119,0.0,0,0,0,0.0,0.1428571428571428,0.107155481467033,0.0,0.0,1,0,S1-917032577,S2-770236655,0
0.4126984126984127,0.4126984126984127,0.1777777777777777,0.1777777777777777,0.2432432432432432,0.0,0,0,0,0.0,0.1428571428571428,0.1080063537351615,0.0,0.0,0,0,S1-917032577,S2-503373128,0
0.4615384615384615,0.4615384615384615,0.2285714285714285,0.2285714285714285,0.2153846153846154,0.0,0,0,0,0.0,0.1666666666666666,0.1295514254909065,0.0,0.0,0,0,S1-917032577,S2-538025285,0
0.4827586206896552,0.4827586206896552,0.1707317073170731,0.1707317073170731,0.4,0.0,0,0,0,0.0,0.1428571428571428,0.1127950706463226,0.0909090909090909,0.0909090909090909,0,0,S1-917032577,S2-587014475,0
0.4470588235294118,0.4470588235294118,0.1166666666666666,0.1166666666666666,0.2857142857142857,0.0,0,0,0,0.0,0.125,0.1088546230247956,0.0,0.0,0,0,S1-917032577,S2-415729921,0
0.3773584905660377,0.3773584905660377,0.0476190476190476,0.0476190476190476,0.0,0.0,0,0,0,0.0,0.1666666666666666,0.0399691757707406,0.0,0.0,0,1,S1-605310063,S2-223512626,0
0.2424242424242424,0.2424242424242424,0.0566037735849056,0.0566037735849056,0.3333333333333333,0.0,0,0,0,0.0,0.1428571428571428,0.0442642092583989,0.0,0.0,0,0,S1-605310063,S2-578915025,0
0.4067796610169492,0.4067796610169492,0.0204081632653061,0.0204081632653061,0.2545454545454545,0.0,0,0,0,0.0,0.1666666666666666,0.0516858417353329,0.0,0.0,0,0,S1-605310063,S2-678502641,0
0.4081632653061224,0.4081632653061224,0.025,0.025,0.2692307692307692,0.0,0,0,0,0.0,0.2,0.0539664285983663,0.0,0.0,0,0,S1-605310063,S2-592451662,0
0.12,0.12,0.024390243902439,0.024390243902439,0.3214285714285714,0.0,0,0,0,0.0,0.2,0.055293395011178,0.0,0.0,0,0,S1-605310063,S2-264977749,0
0.5641025641025641,0.5641025641025641,0.1851851851851851,0.1851851851851851,0.2711864406779661,0.0,0,0,0,0.0,0.25,0.2786404920267623,0.0,0.0,0,0,S1-58037663,S2-291077602,0
0.4680851063829787,0.4680851063829787,0.1470588235294117,0.1470588235294117,0.3142857142857143,0.0,0,0,0,0.0,0.2,0.2487027044253986,0.0,0.0,0,0,S1-58037663,S2-302702906,0
0.5365853658536586,0.5365853658536586,0.2592592592592592,0.2592592592592592,0.3188405797101449,0.0,0,0,0,0.0,0.25,0.2729911513335486,0.0,0.0,0,0,S1-58037663,S2-676661435,0
0.6511627906976745,0.6511627906976745,0.25,0.25,0.28125,0.0,0,0,0,0.0,0.2,0.2111882223360454,0.0,0.0,0,0,S1-58037663,S2-935168283,0
0.7567567567567568,0.7567567567567568,0.5,0.5,0.2258064516129032,0.0,0,0,0,0.0,0.25,0.2924086236262818,0.0,0.0,0,0,S1-58037663,S2-540268330,0
0.5846153846153846,0.5846153846153846,0.2272727272727272,0.2272727272727272,0.1975308641975308,0.0,0,0,0,0.0,0.2857142857142857,0.1078432993812442,0.0,0.0,0,0,S1-740270062,S2-251494690,0
0.6666666666666666,0.6666666666666666,0.2954545454545454,0.2954545454545454,0.256,0.0,0,0,0,0.0,0.2857142857142857,0.1072211301205665,0.0,0.0,0,0,S1-740270062,S2-996303190,0
0.5714285714285714,0.5714285714285714,0.2553191489361702,0.2553191489361702,0.1968911917098445,0.25,1,1,1,0.0,0.2857142857142857,0.1140600424924979,0.0,0.0,0,0,S1-740270062,S2-78094358,0
0.5161290322580645,0.5161290322580645,0.1333333333333333,0.1333333333333333,0.3703703703703703,0.0,0,0,0,0.0,0.125,0.0374733415525411,0.1,0.0999999999999999,0,0,S1-740270062,S2-54756524,0
0.4583333333333333,0.4583333333333333,0.1764705882352941,0.1764705882352941,0.3356643356643357,0.0,0,0,0,0.0,0.2,0.0711468654546333,0.0434782608695652,0.0434782608695652,0,0,S1-740270062,S2-163974899,0
0.6470588235294118,0.6470588235294118,0.5,0.5,0.5714285714285714,1.0,2,1,2,0.0,0.0,0.0,0.6,0.6000000000000001,0,0,S1-16904802,S2-916085048,1
0.4,0.4,0.0256410256410256,0.0256410256410256,0.2535211267605634,0.0,0,0,0,0.0,0.1428571428571428,0.0670577719455504,0.0,0.0,0,0,S1-16904802,S2-739745484,0
0.4313725490196078,0.4313725490196078,0.025,0.025,0.2368421052631578,0.0,0,0,0,0.0,0.1428571428571428,0.0608221383954733,0.0,0.0,0,0,S1-16904802,S2-943230715,0
0.4615384615384615,0.4615384615384615,0.0714285714285714,0.0714285714285714,0.2307692307692307,0.0,0,0,0,0.0,0.1666666666666666,0.0724927970857543,0.0,0.0,0,0,S1-16904802,S2-268932954,0
0.391304347826087,0.391304347826087,0.0285714285714285,0.0285714285714285,0.3376623376623376,0.0,0,0,0,0.0,0.1428571428571428,0.0618085506481049,0.0,0.0,0,0,S1-16904802,S2-423095678,0
0.5416666666666666,0.5416666666666666,0.1515151515151515,0.1515151515151515,0.2727272727272727,0.0,0,0,0,0.0,0.3333333333333333,0.1469351181424311,0.0,0.0,0,0,S1-16904802,S2-958513490,0
0.3333333333333333,0.3333333333333333,0.08,0.08,0.2519685039370078,0.0,0,0,0,0.0,0.1666666666666666,0.2417401238523765,0.0,0.0,0,0,S1-68680285,S2-70662355,0
0.6086956521739131,0.6086956521739131,0.2142857142857142,0.2142857142857142,0.3181818181818182,0.0,0,0,0,0.0,0.3333333333333333,0.3645387647003169,0.05,0.0499999999999999,0,0,S1-68680285,S2-436225620,0
0.4285714285714285,0.4285714285714285,0.0952380952380952,0.0952380952380952,0.2372881355932203,0.0,0,0,0,0.0,0.1428571428571428,0.0862084536618711,0.0,0.0,0,0,S1-201089341,S2-368571401,0
0.6046511627906976,0.6046511627906976,0.2857142857142857,0.2857142857142857,0.2253521126760563,0.0,0,0,0,0.0,0.25,0.2200759333762163,0.0,0.0,0,0,S1-201089341,S2-767361034,0
0.3076923076923077,0.3076923076923077,0.08,0.08,0.3389830508474576,0.0,0,0,0,0.0,0.125,0.0913024764940189,0.0,0.0,0,0,S1-201089341,S2-624659668,0
0.5581395348837209,0.5581395348837209,0.2857142857142857,0.2857142857142857,0.1764705882352941,0.0,0,0,0,0.0,0.25,0.2237072483939768,0.0,0.0,0,0,S1-201089341,S2-700901473,0
0.5416666666666666,0.5416666666666666,0.1428571428571428,0.1428571428571428,0.2622950819672131,0.0,0,0,0,0.0,0.2,0.1465100307860261,0.0,0.0,0,0,S1-201089341,S2-470977168,0
0.6363636363636364,0.6363636363636364,0.3170731707317073,0.3170731707317073,0.16,0.0,0,0,0,0.0,0.2857142857142857,0.1036537494660906,0.0,0.0,0,0,S1-577790472,S2-277552244,0
0.6538461538461539,0.6538461538461539,0.4137931034482758,0.4137931034482758,0.2549019607843137,0.0,0,0,0,0.0,0.3333333333333333,0.1130597710865166,0.0,0.0,0,0,S1-577790472,S2-201372815,0
0.6909090909090909,0.6909090909090909,0.3870967741935484,0.3870967741935484,0.2222222222222222,0.0,0,0,0,0.0,0.3333333333333333,0.1175385711479036,0.0,0.0,0,0,S1-577790472,S2-792459514,0
0.5957446808510638,0.5957446808510638,0.1935483870967742,0.1935483870967742,0.3243243243243243,0.0,0,0,0,0.0,0.1666666666666666,0.0622593694181363,0.0,0.0,0,0,S1-577790472,S2-130783294,0
0.4,0.4,0.1282051282051282,0.1282051282051282,0.2321428571428571,0.0,0,0,0,0.0,0.1428571428571428,0.0463646343011197,0.0,0.0,0,0,S1-577790472,S2-506145204,0
0.4102564102564102,0.4102564102564102,0.0333333333333333,0.0333333333333333,0.2545454545454545,0.0,0,0,0,0.0,0.2,0.058958975942768,0.0,0.0,0,0,S1-450548914,S2-86812832,0
0.4,0.4,0.032258064516129,0.032258064516129,0.2857142857142857,0.0,0,0,0,0.0,0.2,0.0655154962109993,0.0,0.0,0,0,S1-450548914,S2-320411965,0
0.3666666666666666,0.3666666666666666,0.0204081632653061,0.0204081632653061,0.3214285714285714,0.0,0,0,0,0.0,0.1428571428571428,0.046454661270892,0.0,0.0,0,0,S1-450548914,S2-874757538,0
0.2978723404255319,0.2978723404255319,0.0277777777777777,0.0277777777777777,0.2727272727272727,0.0,0,0,0,0.0,0.1428571428571428,0.044089824156517,0.0,0.0,0,0,S1-450548914,S2-776363400,0
0.375,0.375,0.0416666666666666,0.0416666666666666,0.2745098039215686,0.0,0,0,0,0.0,0.25,0.0805619672313392,0.0,0.0,0,0,S1-450548914,S2-713385557,0
0.56,0.56,0.2352941176470588,0.2352941176470588,0.21875,0.0,0,0,0,0.0,0.2,0.210300464641614,0.0,0.0,0,0,S1-570918664,S2-605404874,0
0.5384615384615384,0.5384615384615384,0.2222222222222222,0.2222222222222222,0.25,0.0,0,0,0,0.0,0.2,0.2183598894497688,0.0,0.0,0,0,S1-570918664,S2-124102334,0
0.48,0.48,0.2962962962962963,0.2962962962962963,0.3188405797101449,0.0,0,0,0,0.0,0.3333333333333333,0.3350462259055837,0.0,0.0,0,0,S1-570918664,S2-146288242,0
0.631578947368421,0.631578947368421,0.3333333333333333,0.3333333333333333,0.4545454545454545,0.0,0,0,0,0.0,0.3333333333333333,0.3126656902984413,0.0909090909090909,0.0909090909090909,0,0,S1-570918664,S2-50705197,0
0.5,0.5,0.2,0.2,0.4225352112676056,0.0,0,0,0,0.0,0.2,0.151475940921942,0.0909090909090909,0.0909090909090909,0,0,S1-570918664,S2-677476905,0
0.3265306122448979,0.3265306122448979,0.0263157894736842,0.0263157894736842,0.1666666666666666,0.0,0,0,0,0.0,0.1428571428571428,0.0513447334122969,0.0,0.0,0,0,S1-328478516,S2-100862384,0
0.4761904761904761,0.4761904761904761,0.0416666666666666,0.0416666666666666,0.3137254901960784,0.0,0,0,0,0.0,0.1111111111111111,0.0404500223042468,0.0,0.0,0,0,S1-328478516,S2-234829057,0
0.3809523809523809,0.3809523809523809,0.03125,0.03125,0.2222222222222222,0.0,0,0,0,0.0,0.1666666666666666,0.0537149464981255,0.0,0.0,0,0,S1-328478516,S2-266600592,0
0.28,0.28,0.025,0.025,0.2432432432432432,0.0,0,0,0,0.0,0.1666666666666666,0.0558698400864645,0.0,0.0,0,0,S1-328478516,S2-578198643,0
0.4081632653061224,0.4081632653061224,0.0526315789473684,0.0526315789473684,0.2,0.0,0,0,0,0.0,0.1666666666666666,0.0596386179963778,0.0,0.0,0,0,S1-328478516,S2-274370929,0
0.6101694915254238,0.6101694915254238,0.2894736842105263,0.2894736842105263,0.0983606557377049,0.0,0,0,0,0.0,0.2,0.1475095919008427,0.0,0.0,0,0,S1-341963283,S2-448340801,0
0.6440677966101694,0.6440677966101694,0.282051282051282,0.282051282051282,0.1652892561983471,0.0,0,0,0,0.0,0.1666666666666666,0.1114714675664974,0.0,0.0,0,0,S1-341963283,S2-294439401,0
0.6274509803921569,0.6274509803921569,0.34375,0.34375,0.4337349397590361,0.0,0,0,0,0.0,0.2,0.1446227832583974,0.0833333333333333,0.0833333333333333,0,0,S1-341963283,S2-430470931,0
0.5121951219512195,0.5121951219512195,0.1964285714285714,0.1964285714285714,0.2203389830508474,0.0,0,0,0,0.0,0.125,0.1055589582595648,0.0,0.0,0,0,S1-341963283,S2-234018056,0
0.4,0.4,0.1351351351351351,0.1351351351351351,0.1981981981981982,0.0,0,0,0,0.0,0.2,0.1472042690142533,0.0,0.0,0,0,S1-341963283,S2-61327691,0
0.5106382978723404,0.5106382978723404,0.1935483870967742,0.1935483870967742,0.2592592592592592,0.0,0,0,0,0.0,0.2,0.171210280723381,0.0,0.0,0,0,S1-154508979,S2-974594387,0
0.6470588235294118,0.6470588235294118,0.2857142857142857,0.2857142857142857,0.2622950819672131,0.0,0,0,0,0.0,0.25,0.2388715262269449,0.0,0.0,0,0,S1-154508979,S2-974728151,0
0.5789473684210527,0.5789473684210527,0.24,0.24,0.3461538461538461,0.0,0,0,0,0.0,0.25,0.2197943252898125,0.0,0.0,0,0,S1-154508979,S2-201689981,0
0.4583333333333333,0.4583333333333333,0.125,0.125,0.3448275862068966,0.0,0,0,0,0.0,0.2,0.2543347997464789,0.0,0.0,0,0,S1-154508979,S2-631412393,0
0.6666666666666666,0.6666666666666666,0.3,0.3,0.2857142857142857,0.0,0,0,0,0.0,0.25,0.2439834354030691,0.0,0.0,0,0,S1-154508979,S2-540454967,0
0.3902439024390244,0.3902439024390244,0.0333333333333333,0.0333333333333333,0.1875,0.0,0,0,0,0.0,0.1428571428571428,0.1155674454683482,0.0,0.0,0,0,S1-161473445,S2-634291672,0
0.4117647058823529,0.4117647058823529,0.04,0.04,0.25,0.0,0,0,0,0.0,0.2,0.135932227090455,0.0,0.0,0,0,S1-161473445,S2-942885223,0
0.4117647058823529,0.4117647058823529,0.1363636363636363,0.1363636363636363,0.3098591549295774,0.0,0,0,0,0.0,0.1666666666666666,0.2196508198607805,0.0,0.0,0,0,S1-161473445,S2-650615133,0
0.4,0.4,0.0588235294117647,0.0588235294117647,0.32,0.0,0,0,0,0.0,0.1666666666666666,0.1158200655324027,0.0,0.0,0,0,S1-161473445,S2-139491893,0
0.3333333333333333,0.3333333333333333,0.0384615384615384,0.0384615384615384,0.2666666666666666,0.0,0,0,0,0.0,0.1666666666666666,0.1305787076520731,0.0,0.0,1,0,S1-161473445,S2-719180377,0
0.4761904761904761,0.4761904761904761,0.1041666666666666,0.1041666666666666,0.3111111111111111,0.0,0,0,0,0.0,0.1428571428571428,0.0551712295540768,0.0,0.0,0,0,S1-718380241,S2-82643574,0
0.5098039215686274,0.5098039215686274,0.1351351351351351,0.1351351351351351,0.4,0.0,0,0,0,0.0,0.1666666666666666,0.0568753005752192,0.1666666666666666,0.1666666666666666,0,0,S1-718380241,S2-60150618,0
0.5333333333333333,0.5333333333333333,0.1590909090909091,0.1590909090909091,0.1359223300970873,0.0,0,0,0,0.0,0.1666666666666666,0.0533767658133786,0.0,0.0,0,0,S1-718380241,S2-111807953,0
0.3661971830985915,0.3661971830985915,0.0925925925925925,0.0925925925925925,0.2205882352941176,0.0,0,0,0,0.0,0.125,0.051948226771904,0.0,0.0,0,0,S1-718380241,S2-84232550,0
0.4705882352941176,0.4705882352941176,0.1351351351351351,0.1351351351351351,0.1886792452830188,0.0,0,0,0,0.0,0.1666666666666666,0.0597720445977944,0.0,0.0,0,0,S1-718380241,S2-798505750,0
0.4415584415584415,0.4415584415584415,0.1956521739130435,0.1956521739130435,0.1978021978021978,0.0,0,0,0,0.0,0.1666666666666666,0.1078501635891594,0.0,0.0,0,0,S1-886890337,S2-749397692,0
0.5517241379310345,0.5517241379310345,0.225,0.225,0.2244897959183673,0.0,0,0,0,0.0,0.1666666666666666,0.0992558649179347,0.0,0.0,1,0,S1-886890337,S2-100662986,0
0.53125,0.53125,0.2093023255813953,0.2093023255813953,0.4,0.0,0,0,0,0.0,0.1666666666666666,0.0993356240815937,0.05,0.0499999999999999,0,0,S1-886890337,S2-246015121,0
0.6382978723404256,0.6382978723404256,0.3,0.3,0.1081081081081081,0.0,0,0,0,0.0,0.2,0.1303860832163608,0.0,0.0,0,0,S1-886890337,S2-784826184,0
0.6666666666666666,0.6666666666666666,0.2903225806451613,0.2903225806451613,0.1860465116279069,0.0,0,0,0,0.0,0.2,0.1302334032788686,0.0,0.0,0,0,S1-886890337,S2-210673724,0
0.2608695652173913,0.2608695652173913,0.0285714285714285,0.0285714285714285,0.2571428571428571,0.0,0,0,0,0.0,0.1428571428571428,0.0452617087617641,0.0,0.0,0,0,S1-214757286,S2-685982976,0
0.3076923076923077,0.3076923076923077,0.025,0.025,0.1538461538461538,0.0,0,0,0,0.0,0.125,0.0711499504230882,0.0,0.0,0,0,S1-214757286,S2-978561236,0
0.3934426229508196,0.3934426229508196,0.0425531914893617,0.0425531914893617,0.2424242424242424,0.0,0,0,0,0.0,0.1111111111111111,0.0369587316581049,0.0,0.0,1,0,S1-214757286,S2-72083239,0
0.3636363636363636,0.3636363636363636,0.0192307692307692,0.0192307692307692,0.2258064516129032,0.0,0,0,0,0.0,0.1,0.0272548120965824,0.0,0.0,0,0,S1-214757286,S2-527780007,0
0.4897959183673469,0.4897959183673469,0.0263157894736842,0.0263157894736842,0.3529411764705882,0.0,0,0,0,0.0,0.1428571428571428,0.0412261419695045,0.0833333333333333,0.0833333333333333,0,0,S1-214757286,S2-642599322,0
0.7857142857142857,0.7857142857142857,0.3529411764705882,0.3529411764705882,0.2601626016260163,0.0,0,0,0,0.0,0.3333333333333333,0.1053158206703081,0.0,0.0,0,0,S1-256542131,S2-921544612,0
0.5882352941176471,0.5882352941176471,0.1714285714285714,0.1714285714285714,0.3269230769230769,0.0,0,0,0,0.0,0.1428571428571428,0.0504978618112097,0.0,0.0,1,0,S1-256542131,S2-11553247,0
0.5357142857142857,0.5357142857142857,0.1219512195121951,0.1219512195121951,0.2689075630252101,0.0,0,0,0,0.0,0.1428571428571428,0.0424673568777612,0.0,0.0,0,0,S1-256542131,S2-244721500,0
0.6896551724137931,0.6896551724137931,0.3333333333333333,0.3333333333333333,0.25,0.0,0,0,0,0.0,0.3333333333333333,0.0993978624294509,0.0,0.0,0,0,S1-256542131,S2-993279982,0
0.5925925925925926,0.5925925925925926,0.2222222222222222,0.2222222222222222,0.2222222222222222,0.0,0,0,0,0.0,0.1428571428571428,0.0394993920953813,0.0,0.0,0,0,S1-256542131,S2-564517633,0
0.6666666666666666,0.6666666666666666,0.3611111111111111,0.3611111111111111,0.3060109289617486,0.25,1,1,1,0.0,0.3333333333333333,0.1330194153194128,0.0689655172413793,0.0689655172413792,0,0,S1-50983191,S2-113607085,0
0.4262295081967213,0.4262295081967213,0.108695652173913,0.108695652173913,0.3157894736842105,0.0,0,0,0,0.0,0.1666666666666666,0.0662527984374304,0.032258064516129,0.032258064516129,0,0,S1-50983191,S2-369632259,0
0.4057971014492754,0.4057971014492754,0.0961538461538461,0.0961538461538461,0.49,0.0,0,0,0,0.0,0.125,0.0500934726984123,0.1538461538461538,0.1538461538461538,0,0,S1-50983191,S2-435334576,0
0.5753424657534246,0.5753424657534246,0.0892857142857142,0.0892857142857142,0.272300469483568,0.5,1,1,1,0.0,0.125,0.0438384751310229,0.0333333333333333,0.0333333333333333,0,0,S1-50983191,S2-735192003,0
0.4146341463414634,0.4146341463414634,0.0952380952380952,0.0952380952380952,0.3203883495145631,0.0,0,0,0,0.0,0.1111111111111111,0.0381735547065321,0.064516129032258,0.064516129032258,0,0,S1-50983191,S2-990500136,0
0.45,0.45,0.032258064516129,0.032258064516129,0.3673469387755102,0.0,0,0,0,0.0,0.2,0.0812788654799317,0.0,0.0,0,0,S1-627500659,S2-320411965,0
0.5531914893617021,0.5531914893617021,0.1470588235294117,0.1470588235294117,0.3157894736842105,0.0,0,0,0,0.0,0.2,0.0739027894292161,0.0,0.0,0,0,S1-627500659,S2-990228492,0
0.4210526315789473,0.4210526315789473,0.1111111111111111,0.1111111111111111,0.2580645161290322,0.0,0,0,0,0.0,0.2,0.0670665791404175,0.0,0.0,0,0,S1-627500659,S2-546972423,0
0.4489795918367347,0.4489795918367347,0.0256410256410256,0.0256410256410256,0.3050847457627119,0.0,0,0,0,0.0,0.1666666666666666,0.0684274551213243,0.0,0.0,0,0,S1-627500659,S2-639620036,0
0.4285714285714285,0.4285714285714285,0.175,0.175,0.1454545454545454,0.0,0,0,0,0.0,0.1666666666666666,0.0624431982274646,0.0,0.0,0,0,S1-627500659,S2-561758300,0
0.56,0.56,0.25,0.25,0.2558139534883721,0.0,0,0,0,0.0,0.2,0.157160038161165,0.0,0.0,0,0,S1-948707976,S2-594777938,0
0.6153846153846154,0.6153846153846154,0.2307692307692307,0.2307692307692307,0.2058823529411764,0.0,0,0,0,0.0,0.25,0.2345439083309935,0.0,0.0,0,0,S1-948707976,S2-669897625,0
0.5531914893617021,0.5531914893617021,0.2580645161290322,0.2580645161290322,0.4333333333333333,0.0,0,0,0,0.0,0.2,0.1821015372823517,0.0,0.0,0,0,S1-948707976,S2-706491380,0
0.4307692307692308,0.4307692307692308,0.1702127659574468,0.1702127659574468,0.2025316455696202,0.0,0,0,0,0.0,0.1428571428571428,0.1285962753776472,0.0,0.0,0,0,S1-948707976,S2-345070913,0
0.4307692307692308,0.4307692307692308,0.1951219512195122,0.1951219512195122,0.2696629213483146,0.0,0,0,0,0.0,0.125,0.1090031534290732,0.0,0.0,0,0,S1-948707976,S2-245591139,0
0.4307692307692308,0.4307692307692308,0.08,0.08,0.2745098039215686,0.0,0,0,0,0.0,0.125,0.0635925522234113,0.0,0.0,0,0,S1-699554681,S2-103836583,0
0.2564102564102564,0.2564102564102564,0.0344827586206896,0.0344827586206896,0.2727272727272727,0.0,0,0,0,0.0,0.1666666666666666,0.0457462587615331,0.0,0.0,0,0,S1-699554681,S2-807608654,0
0.2702702702702703,0.2702702702702703,0.037037037037037,0.037037037037037,0.2857142857142857,0.0,0,0,0,0.0,0.1666666666666666,0.0442850257807068,0.0,0.0,0,0,S1-699554681,S2-297140748,0
0.4285714285714285,0.4285714285714285,0.032258064516129,0.032258064516129,0.2181818181818181,0.0,0,0,0,0.0,0.1428571428571428,0.0348228625924792,0.0,0.0,0,0,S1-699554681,S2-571920674,0
0.4347826086956521,0.4347826086956521,0.0625,0.0625,0.1587301587301587,0.0,0,0,0,0.0,0.125,0.0727330024616577,0.0,0.0,0,0,S1-699554681,S2-227661026,0
0.35,0.35,0.0333333333333333,0.0333333333333333,0.2222222222222222,0.0,0,0,0,0.0,0.1666666666666666,0.0949231290956088,0.0,0.0,0,0,S1-747755104,S2-512224067,0
0.4615384615384615,0.4615384615384615,0.0333333333333333,0.0333333333333333,0.1692307692307692,0.0,0,0,0,0.0,0.2,0.1230875675984543,0.0,0.0,0,0,S1-747755104,S2-421100616,0
0.2857142857142857,0.2857142857142857,0.0303030303030303,0.0303030303030303,0.3333333333333333,0.0,0,0,0,0.0,0.2,0.1059766349514263,0.0909090909090909,0.0909090909090909,0,0,S1-747755104,S2-368403452,0
0.4117647058823529,0.4117647058823529,0.125,0.125,0.3191489361702128,0.0,0,0,0,0.0,0.25,0.2450905593284921,0.0833333333333333,0.0833333333333333,0,0,S1-747755104,S2-505992692,0
0.2978723404255319,0.2978723404255319,0.0263157894736842,0.0263157894736842,0.3260869565217391,0.0,0,0,0,0.0,0.2,0.1174651033498549,0.0,0.0,0,0,S1-747755104,S2-498879477,0
0.4878048780487805,0.4878048780487805,0.2222222222222222,0.2222222222222222,0.3010752688172043,0.0,0,0,0,0.0,0.2,0.2623706521413507,0.0,0.0,0,0,S1-889992582,S2-542512870,0
0.6,0.6,0.2222222222222222,0.2222222222222222,0.28125,0.0,0,0,0,0.0,0.25,0.2348905160963217,0.0,0.0,0,0,S1-889992582,S2-555481271,0
0.7333333333333333,0.7333333333333333,0.3333333333333333,0.3333333333333333,0.4,0.0,0,0,0,0.0,0.3333333333333333,0.2863701716343587,0.0909090909090909,0.0909090909090909,0,0,S1-889992582,S2-277663748,0
0.5263157894736842,0.5263157894736842,0.1707317073170731,0.1707317073170731,0.4074074074074074,0.0,0,0,0,0.0,0.2,0.2319607375006923,0.0,0.0,0,0,S1-889992582,S2-172778216,0
0.5641025641025641,0.5641025641025641,0.24,0.24,0.40625,0.0,0,0,0,0.0,0.2,0.22865567703454,0.0909090909090909,0.0909090909090909,0,0,S1-889992582,S2-909707838,0
0.48,0.48,0.1388888888888889,0.1388888888888889,0.16,0.0,0,0,0,0.0,0.1666666666666666,0.0692822905536465,0.0,0.0,0,0,S1-546744924,S2-206427057,0
0.6153846153846154,0.6153846153846154,0.2857142857142857,0.2857142857142857,0.2016806722689075,0.0,0,0,0,0.0,0.2857142857142857,0.1139310771976361,0.0,0.0,0,0,S1-546744924,S2-37711757,0
0.6268656716417911,0.6268656716417911,0.2727272727272727,0.2727272727272727,0.1132075471698113,0.0,0,0,0,0.0,0.2857142857142857,0.1173365442222485,0.0,0.0,0,0,S1-546744924,S2-568103792,0
0.5,0.5,0.2894736842105263,0.2894736842105263,0.3310344827586207,0.0,0,0,0,0.0,0.2857142857142857,0.1078130876387437,0.0526315789473684,0.0526315789473684,0,0,S1-546744924,S2-449404814,0
0.7586206896551724,0.7586206896551724,0.5483870967741935,0.5483870967741935,0.074074074074074,0.0,0,0,0,0.0,0.3333333333333333,0.1225219112520613,0.0,0.0,0,0,S1-546744924,S2-196084482,0
0.4444444444444444,0.4444444444444444,0.0434782608695652,0.0434782608695652,0.2413793103448276,0.0,0,0,0,0.0,0.25,0.0637672141161803,0.0,0.0,0,0,S1-132204173,S2-777021325,0
0.4090909090909091,0.4090909090909091,0.0294117647058823,0.0294117647058823,0.4210526315789473,0.0,0,0,0,0.0,0.1666666666666666,0.046664684455301,0.0,0.0,0,0,S1-132204173,S2-193620992,0
0.2941176470588235,0.2941176470588235,0.1818181818181818,0.1818181818181818,0.2686567164179104,0.0,0,0,0,0.0,0.2,0.0578466723313928,0.0,0.0,0,0,S1-132204173,S2-756500173,0
0.3428571428571428,0.3428571428571428,0.125,0.125,0.2153846153846154,0.0,0,0,0,0.0,0.2,0.0650172502040104,0.0,0.0,0,0,S1-132204173,S2-231147170,0
0.3404255319148936,0.3404255319148936,0.0571428571428571,0.0571428571428571,0.1967213114754098,0.0,0,0,0,0.0,0.1428571428571428,0.0411384070666115,0.0,0.0,0,0,S1-132204173,S2-432829468,0
0.4666666666666667,0.4666666666666667,0.1136363636363636,0.1136363636363636,0.1879194630872483,0.1666666666666666,1,1,2,0.0,0.2857142857142857,0.1437369429651873,0.0,0.0,0,0,S1-712969191,S2-652194742,0
0.4444444444444444,0.4444444444444444,0.0851063829787234,0.0851063829787234,0.2075471698113207,0.0,0,0,0,0.0,0.25,0.1171411683537962,0.0,0.0,0,0,S1-712969191,S2-390639018,0
0.48,0.48,0.1142857142857142,0.1142857142857142,0.208955223880597,0.0,0,0,0,0.0,0.2857142857142857,0.1325434239694767,0.0,0.0,0,0,S1-712969191,S2-907307138,0
0.2258064516129032,0.2258064516129032,0.02,0.02,0.1702127659574468,0.1428571428571428,1,1,1,0.0,0.125,0.0512860473073257,0.0,0.0,0,0,S1-712969191,S2-20898097,0
0.3283582089552239,0.3283582089552239,0.0377358490566037,0.0377358490566037,0.1851851851851851,0.0,0,0,0,0.0,0.1111111111111111,0.0430631065196123,0.0,0.0,0,0,S1-712969191,S2-298039589,0
0.6470588235294118,0.6470588235294118,0.3333333333333333,0.3333333333333333,0.4262295081967213,0.0,0,0,0,0.0,0.3333333333333333,0.2848242367683096,0.1,0.1,0,0,S1-866981551,S2-934694293,0
0.5777777777777777,0.5777777777777777,0.2333333333333333,0.2333333333333333,0.3278688524590163,0.0,0,0,0,0.0,0.25,0.2416443557331909,0.0,0.0,0,0,S1-866981551,S2-694504644,0
0.4782608695652174,0.4782608695652174,0.21875,0.21875,0.1818181818181818,0.0,0,0,0,0.0,0.25,0.2394399960566177,0.0,0.0,0,0,S1-866981551,S2-404660862,0
0.3928571428571428,0.3928571428571428,0.1707317073170731,0.1707317073170731,0.2268041237113402,0.0,0,0,0,0.0,0.2,0.1554179750598978,0.0,0.0,0,0,S1-866981551,S2-581307873,0
0.7027027027027027,0.7027027027027027,0.2916666666666667,0.2916666666666667,0.1694915254237288,0.0,0,0,0,0.0,0.3333333333333333,0.2854030294995686,0.0,0.0,0,0,S1-866981551,S2-834147263,0
0.5217391304347826,0.5217391304347826,0.1176470588235294,0.1176470588235294,0.1052631578947368,0.0,0,0,0,0.0,0.1428571428571428,0.1360506605782502,0.0,0.0,0,0,S1-670153532,S2-252443444,0
0.4888888888888889,0.4888888888888889,0.0606060606060606,0.0606060606060606,0.2352941176470588,0.0,0,0,0,0.0,0.1666666666666666,0.0769071746483111,0.0,0.0,1,0,S1-670153532,S2-494249069,0
0.4,0.4,0.0714285714285714,0.0714285714285714,0.1367521367521367,0.0,0,0,0,0.0,0.1666666666666666,0.0932061524224897,0.0,0.0,0,0,S1-670153532,S2-802520554,0
0.3043478260869565,0.3043478260869565,0.0588235294117647,0.0588235294117647,0.3768115942028985,0.0,0,0,0,0.0,0.1666666666666666,0.0896871575780763,0.0769230769230769,0.0769230769230769,0,0,S1-670153532,S2-74485189,0
0.1454545454545454,0.1454545454545454,0.0476190476190476,0.0476190476190476,0.3880597014925373,0.0,0,0,0,0.0,0.1428571428571428,0.0837845533178743,0.0833333333333333,0.0833333333333333,0,0,S1-670153532,S2-661762133,0
0.4081632653061224,0.4081632653061224,0.0263157894736842,0.0263157894736842,0.2580645161290322,0.0,0,0,0,0.0,0.1428571428571428,0.0393835481221307,0.0,0.0,0,0,S1-800226602,S2-659798549,0
0.391304347826087,0.391304347826087,0.0294117647058823,0.0294117647058823,0.2318840579710145,0.0,0,0,0,0.0,0.125,0.0414597451284224,0.0,0.0,0,0,S1-800226602,S2-208249101,0
0.1714285714285714,0.1714285714285714,0.0384615384615384,0.0384615384615384,0.2711864406779661,0.0,0,0,0,0.0,0.2,0.0720753097253104,0.0,0.0,0,0,S1-800226602,S2-286777919,0
0.391304347826087,0.391304347826087,0.0285714285714285,0.0285714285714285,0.0,0.0,0,0,0,0.0,0.1428571428571428,0.051732494228,0.0,0.0,0,1,S1-800226602,S2-439584807,0
0.5,0.5,0.09375,0.09375,0.303030303030303,0.0,0,0,0,0.0,0.1666666666666666,0.0635456305883539,0.0,0.0,0,0,S1-800226602,S2-438995546,0
0.3939393939393939,0.3939393939393939,0.1,0.1,0.2837837837837837,0.0,0,0,0,0.0,0.125,0.0454737028425937,0.0,0.0,0,0,S1-972210348,S2-315322903,0
0.5,0.5,0.1176470588235294,0.1176470588235294,0.2537313432835821,0.0,0,0,0,0.0,0.125,0.0482924046209949,0.0,0.0,0,0,S1-972210348,S2-347627172,0
0.6086956521739131,0.6086956521739131,0.2608695652173913,0.2608695652173913,0.0,0.0,0,0,0,0.0,0.2857142857142857,0.0908723396905891,0.0,0.0,0,1,S1-972210348,S2-965399023,0
0.55,0.55,0.1166666666666666,0.1166666666666666,0.4,0.0,0,0,0,0.0,0.1,0.0393270951379664,0.1,0.0999999999999999,0,0,S1-972210348,S2-939621674,0
0.64,0.64,0.26,0.26,0.2442748091603053,0.0,0,0,0,0.0,0.2857142857142857,0.0909723882923257,0.0526315789473684,0.0526315789473684,0,0,S1-972210348,S2-341350419,0
0.3508771929824561,0.3508771929824561,0.048780487804878,0.048780487804878,0.417910447761194,0.0,0,0,0,0.0,0.1111111111111111,0.0588248144238037,0.0,0.0,0,0,S1-987373666,S2-548209100,0
0.1509433962264151,0.1509433962264151,0.048780487804878,0.048780487804878,0.3793103448275862,0.0,0,0,0,0.0,0.1428571428571428,0.0686968096733475,0.0,0.0,0,0,S1-987373666,S2-398772289,0
0.6086956521739131,0.6086956521739131,0.0909090909090909,0.0909090909090909,0.2857142857142857,0.0,0,0,0,0.0,0.1428571428571428,0.0691187615956281,0.0,0.0,0,0,S1-987373666,S2-518791618,0
0.425531914893617,0.425531914893617,0.0555555555555555,0.0555555555555555,0.1801801801801801,0.0,0,0,0,0.0,0.1666666666666666,0.0839892335758607,0.0,0.0,0,0,S1-987373666,S2-207239035,0
0.4444444444444444,0.4444444444444444,0.09375,0.09375,0.1978021978021978,0.0,0,0,0,0.0,0.1428571428571428,0.076152218750272,0.0,0.0,0,0,S1-987373666,S2-241754666,0
0.48,0.48,0.1388888888888889,0.1388888888888889,0.3092783505154639,0.0,0,0,0,0.0,0.1666666666666666,0.0483786535588589,0.0,0.0,0,0,S1-422218987,S2-718499681,0
0.4411764705882353,0.4411764705882353,0.2127659574468085,0.2127659574468085,0.173076923076923,0.0,0,0,0,0.0,0.2857142857142857,0.0965828827018358,0.0,0.0,0,0,S1-422218987,S2-831726341,0
0.5172413793103449,0.5172413793103449,0.2972972972972973,0.2972972972972973,0.2894736842105263,0.0,0,0,0,0.0,0.3333333333333333,0.1078648219886335,0.0,0.0,0,0,S1-422218987,S2-898171065,0
0.6376811594202898,0.6376811594202898,0.3023255813953488,0.3023255813953488,0.1428571428571428,0.0,0,0,0,0.0,0.2857142857142857,0.0970592811154593,0.0,0.0,0,0,S1-422218987,S2-808093095,0
0.5084745762711864,0.5084745762711864,0.1428571428571428,0.1428571428571428,0.1509433962264151,0.0,0,0,0,0.0,0.1428571428571428,0.0603647418305532,0.0,0.0,0,0,S1-422218987,S2-725621051,0
0.3225806451612903,0.3225806451612903,0.0888888888888888,0.0888888888888888,0.2119205298013245,0.0,0,0,0,0.0,0.1111111111111111,0.0857927539248859,0.0,0.0,0,0,S1-547807369,S2-522645302,0
0.5,0.5,0.1363636363636363,0.1363636363636363,0.2432432432432432,0.0,0,0,0,0.0,0.25,0.2969196417769319,0.0,0.0,0,0,S1-547807369,S2-485066032,0
0.4444444444444444,0.4444444444444444,0.1764705882352941,0.1764705882352941,0.1212121212121212,0.0,0,0,0,0.0,0.25,0.275520491966176,0.0,0.0,0,0,S1-547807369,S2-465933573,0
0.5128205128205128,0.5128205128205128,0.1923076923076923,0.1923076923076923,0.1836734693877551,0.0,0,0,0,0.0,0.2,0.3005160007627503,0.0,0.0,0,0,S1-547807369,S2-832670977,0
0.4848484848484848,0.4848484848484848,0.1818181818181818,0.1818181818181818,0.2790697674418604,0.0,0,0,0,0.0,0.25,0.324669354571331,0.0,0.0,0,0,S1-547807369,S2-194995745,0
0.4102564102564102,0.4102564102564102,0.0333333333333333,0.0333333333333333,0.2203389830508474,0.0,0,0,0,0.0,0.2,0.0725084273868851,0.0,0.0,0,0,S1-263491928,S2-83761191,0
0.4,0.4,0.0227272727272727,0.0227272727272727,0.0,0.0,0,0,0,0.0,0.1428571428571428,0.0683736148453849,0.0,0.0,0,1,S1-263491928,S2-209744989,0
0.4,0.4,0.0294117647058823,0.0294117647058823,0.2,0.2,1,1,1,0.0,0.1428571428571428,0.0658251145393975,0.0,0.0,0,0,S1-263491928,S2-957060010,0
0.3809523809523809,0.3809523809523809,0.03125,0.03125,0.2325581395348837,0.0,0,0,0,0.0,0.1666666666666666,0.0894619594290972,0.0,0.0,0,0,S1-263491928,S2-501725379,0
0.391304347826087,0.391304347826087,0.0285714285714285,0.0285714285714285,0.2666666666666666,0.0,0,0,0,0.0,0.1428571428571428,0.0692721182002133,0.0588235294117647,0.0588235294117647,0,0,S1-263491928,S2-441291988,0
0.4,0.4,0.125,0.125,0.3558282208588957,0.25,1,1,1,0.0,0.1428571428571428,0.0539739987209384,0.0869565217391304,0.0869565217391304,0,0,S1-517775802,S2-733699215,0
0.4230769230769231,0.4230769230769231,0.1351351351351351,0.1351351351351351,0.3291139240506329,0.0,0,0,0,0.0,0.1428571428571428,0.055598890734895,0.0476190476190476,0.0476190476190476,0,0,S1-517775802,S2-976679079,0
0.3764705882352941,0.3764705882352941,0.1206896551724138,0.1206896551724138,0.2097902097902098,0.0,0,0,0,0.0,0.1111111111111111,0.0422931556086522,0.0,0.0,0,0,S1-517775802,S2-539270410,0
0.4827586206896552,0.4827586206896552,0.1428571428571428,0.1428571428571428,0.3067484662576687,0.0,0,0,0,0.0,0.1428571428571428,0.0563575572810417,0.05,0.0499999999999999,0,0,S1-517775802,S2-288029588,0
0.4912280701754385,0.4912280701754385,0.119047619047619,0.119047619047619,0.25,0.0,0,0,0,0.0,0.1428571428571428,0.0564801023556102,0.0454545454545454,0.0454545454545454,1,0,S1-517775802,S2-634099523,0
0.4848484848484848,0.4848484848484848,0.1904761904761904,0.1904761904761904,0.3508771929824561,0.0,0,0,0,0.0,0.1666666666666666,0.1113168060085048,0.0,0.0,0,0,S1-681173131,S2-507688340,0
0.4788732394366197,0.4788732394366197,0.1956521739130435,0.1956521739130435,0.2962962962962963,0.0,0,0,0,0.0,0.1428571428571428,0.0848837340007831,0.0,0.0,0,0,S1-681173131,S2-339051804,0
0.6666666666666666,0.6666666666666666,0.2727272727272727,0.2727272727272727,0.3272727272727272,0.0,0,0,0,0.0,0.1666666666666666,0.1176587806266508,0.0,0.0,0,0,S1-681173131,S2-357517045,0
0.5833333333333334,0.5833333333333334,0.25,0.25,0.3548387096774194,0.0,0,0,0,0.0,0.2,0.1119086272497693,0.0,0.0,0,0,S1-681173131,S2-239445550,0
0.6938775510204082,0.6938775510204082,0.3666666666666666,0.3666666666666666,0.2,0.0,0,0,0,0.0,0.2,0.1073329298003166,0.0,0.0,1,0,S1-681173131,S2-821183986,0
0.9444444444444444,0.9444444444444444,0.7647058823529411,0.7647058823529411,0.9344262295081968,1.0,2,1,3,0.0,0.6666666666666666,0.8108502368509184,0.9090909090909092,0.9090909090909092,1,0,S1-990310663,S2-835410474,1
0.3,0.3,0.1111111111111111,0.1111111111111111,0.2372881355932203,0.0,0,0,0,0.0,0.1428571428571428,0.0629480502404534,0.0,0.0,1,0,S1-990310663,S2-430860969,0
0.5263157894736842,0.5263157894736842,0.15,0.15,0.0,0.0,0,0,0,0.0,0.125,0.0477929980816646,0.0,0.0,0,1,S1-990310663,S2-44569621,0
0.3666666666666666,0.3666666666666666,0.1111111111111111,0.1111111111111111,0.3262411347517731,0.0,0,0,0,0.0,0.1428571428571428,0.0565872940800415,0.0454545454545454,0.0454545454545454,0,0,S1-990310663,S2-887540110,0
0.3728813559322034,0.3728813559322034,0.1162790697674418,0.1162790697674418,0.2236024844720497,0.0,0,0,0,0.0,0.125,0.0484057370062191,0.0,0.0,0,0,S1-990310663,S2-771888503,0
0.5205479452054794,0.5205479452054794,0.1632653061224489,0.1632653061224489,0.3577235772357723,0.0,0,0,0,0.0,0.125,0.0485142032222113,0.0,0.0,0,0,S1-990310663,S2-563466294,0
0.3181818181818182,0.3181818181818182,0.0303030303030303,0.0303030303030303,0.1780821917808219,0.0,0,0,0,0.0,0.1428571428571428,0.0720547244372147,0.0555555555555555,0.0555555555555555,0,0,S1-566650549,S2-774919839,0
0.48,0.48,0.027027027027027,0.027027027027027,0.0869565217391304,0.0,0,0,0,0.0,0.125,0.0687360421005867,0.0,0.0,0,0,S1-566650549,S2-260503329,0
0.3846153846153846,0.3846153846153846,0.025,0.025,0.2797927461139896,0.0,0,0,0,0.0,0.125,0.0610718612861564,0.0434782608695652,0.0434782608695652,0,0,S1-566650549,S2-325822842,0
0.2456140350877192,0.2456140350877192,0.0465116279069767,0.0465116279069767,0.2142857142857142,0.0,0,0,0,0.0,0.25,0.1373763687176481,0.0625,0.0624999999999999,0,0,S1-566650549,S2-970631060,0
0.2580645161290322,0.2580645161290322,0.0208333333333333,0.0208333333333333,0.1185185185185185,0.0,0,0,0,0.0,0.1111111111111111,0.0593957661321131,0.0,0.0,0,0,S1-566650549,S2-122570602,0
0.4390243902439024,0.4390243902439024,0.03125,0.03125,0.0,0.0,0,0,0,0.0,0.2,0.0943975380378837,0.0,0.0,0,1,S1-575902348,S2-505812513,0
0.4166666666666667,0.4166666666666667,0.054054054054054,0.054054054054054,0.1538461538461538,0.0,0,0,0,0.0,0.1666666666666666,0.0637534134182871,0.0,0.0,0,0,S1-575902348,S2-606468092,0
0.3870967741935484,0.3870967741935484,0.1333333333333333,0.1333333333333333,0.2857142857142857,0.0,0,0,0,0.0,0.125,0.1218475657976393,0.0,0.0,0,0,S1-575902348,S2-24400983,0
0.3783783783783784,0.3783783783783784,0.0357142857142857,0.0357142857142857,0.2903225806451613,0.0,0,0,0,0.0,0.2,0.0812415721690586,0.1111111111111111,0.1111111111111111,0,0,S1-575902348,S2-356420499,0
0.2539682539682539,0.2539682539682539,0.04,0.04,0.360655737704918,0.0,0,0,0,0.0,0.125,0.0499323690288696,0.0,0.0,0,0,S1-575902348,S2-114797985,0
0.3673469387755102,0.3673469387755102,0.027027027027027,0.027027027027027,0.1707317073170731,0.0,0,0,0,0.0,0.125,0.0313080476373031,0.0,0.0,0,0,S1-16422884,S2-833224120,0
0.3050847457627119,0.3050847457627119,0.0434782608695652,0.0434782608695652,0.2894736842105263,0.0,0,0,0,0.0,0.125,0.0316028107495185,0.0,0.0,0,0,S1-16422884,S2-460039208,0
0.3333333333333333,0.3333333333333333,0.024390243902439,0.024390243902439,0.1728395061728395,0.0,0,0,0,0.0,0.125,0.0365102454260386,0.0,0.0,0,0,S1-16422884,S2-86094881,0
0.4,0.4,0.0344827586206896,0.0344827586206896,0.0,0.0,0,0,0,0.0,0.1428571428571428,0.037723181358798,0.0,0.0,0,1,S1-16422884,S2-205872433,0
0.2622950819672131,0.2622950819672131,0.0208333333333333,0.0208333333333333,0.2777777777777778,0.0,0,0,0,0.0,0.1111111111111111,0.0299152683486006,0.0,0.0,0,0,S1-16422884,S2-791181647,0
0.3272727272727272,0.3272727272727272,0.0476190476190476,0.0476190476190476,0.0,0.0,0,0,0,0.0,0.1428571428571428,0.0456167326099872,0.0,0.0,0,1,S1-892826685,S2-117687058,0
0.2666666666666666,0.2666666666666666,0.0294117647058823,0.0294117647058823,0.3125,0.0,0,0,0,0.0,0.1666666666666666,0.0629379370390633,0.0,0.0,0,0,S1-892826685,S2-173213786,0
0.4482758620689655,0.4482758620689655,0.175,0.175,0.0,0.0,0,0,0,0.0,0.1428571428571428,0.1008810424704649,0.0,0.0,0,1,S1-892826685,S2-341536025,0
0.4333333333333333,0.4333333333333333,0.0425531914893617,0.0425531914893617,0.131578947368421,0.0,0,0,0,0.0,0.1428571428571428,0.0476659498341097,0.0,0.0,0,0,S1-892826685,S2-578987912,0
0.3461538461538461,0.3461538461538461,0.024390243902439,0.024390243902439,0.3103448275862069,0.0,0,0,0,0.0,0.1666666666666666,0.0563322896460566,0.0,0.0,0,0,S1-892826685,S2-778255880,0
0.4375,0.4375,0.0416666666666666,0.0416666666666666,0.5070422535211268,0.0,0,0,0,0.0,0.25,0.274492390435185,0.1818181818181818,0.1818181818181818,0,0,S1-778698665,S2-670979423,0
0.3333333333333333,0.3333333333333333,0.0454545454545454,0.0454545454545454,0.3666666666666666,0.0,0,0,0,0.0,0.25,0.3223537364244597,0.0,0.0,0,0,S1-778698665,S2-784114508,0
0.4166666666666667,0.4166666666666667,0.25,0.25,0.2816901408450704,0.0,0,0,0,0.0,0.2,0.2094161802816592,0.0,0.0,0,0,S1-778698665,S2-638067226,0
0.4,0.4,0.2333333333333333,0.2333333333333333,0.2142857142857142,0.0,0,0,0,0.0,0.25,0.2148889267264979,0.0,0.0,0,0,S1-778698665,S2-54057873,0
0.425531914893617,0.425531914893617,0.21875,0.21875,0.4,0.0,0,0,0,0.0,0.2,0.227416314504294,0.0,0.0,0,0,S1-778698665,S2-918349153,0
0.3902439024390244,0.3902439024390244,0.0333333333333333,0.0333333333333333,0.2222222222222222,0.0,0,0,0,0.0,0.1428571428571428,0.0408800586149631,0.0,0.0,0,0,S1-616670538,S2-207816796,0
0.4,0.4,0.0384615384615384,0.0384615384615384,0.3783783783783784,0.0,0,0,0,0.0,0.2,0.0563046376908834,0.0,0.0,0,0,S1-616670538,S2-158037661,0
0.2692307692307692,0.2692307692307692,0.025,0.025,0.3272727272727272,0.0,0,0,0,0.0,0.1666666666666666,0.0638078190538152,0.0,0.0,0,0,S1-616670538,S2-988405298,0
0.3636363636363636,0.3636363636363636,0.0416666666666666,0.0416666666666666,0.1875,0.0,0,0,0,0.0,0.2,0.0582717936481027,0.0,0.0,0,0,S1-616670538,S2-649567478,0
0.3720930232558139,0.3720930232558139,0.0625,0.0625,0.1012658227848101,0.0,0,0,0,0.0,0.1666666666666666,0.0553987392909668,0.0,0.0,0,0,S1-616670538,S2-292570704,0
0.5555555555555556,0.5555555555555556,0.1842105263157894,0.1842105263157894,0.1012658227848101,0.0,0,0,0,0.0,0.1666666666666666,0.1103931676513123,0.0,0.0,0,0,S1-823537860,S2-654925978,0
0.5,0.5,0.1764705882352941,0.1764705882352941,0.3023255813953488,0.0,0,0,0,0.0,0.2,0.1681451164336383,0.0,0.0,1,0,S1-823537860,S2-326385916,0
0.4705882352941176,0.4705882352941176,0.2058823529411764,0.2058823529411764,0.2894736842105263,0.0,0,0,0,0.0,0.1666666666666666,0.1348591964975375,0.0714285714285714,0.0714285714285714,1,0,S1-823537860,S2-716450463,0
0.4680851063829787,0.4680851063829787,0.1875,0.1875,0.144927536231884,0.0,0,0,0,0.0,0.1666666666666666,0.1342509326419776,0.0,0.0,0,0,S1-823537860,S2-883494475,0
0.4814814814814814,0.4814814814814814,0.1578947368421052,0.1578947368421052,0.1839080459770115,0.0,0,0,0,0.0,0.1428571428571428,0.1001492203018022,0.0,0.0,0,0,S1-823537860,S2-355911588,0
0.28,0.28,0.054054054054054,0.054054054054054,0.1973684210526315,0.0,0,0,0,0.0,0.2857142857142857,0.1278455746806376,0.1,0.0999999999999999,0,0,S1-917989525,S2-879891903,0
0.5084745762711864,0.5084745762711864,0.1282051282051282,0.1282051282051282,0.2595419847328244,0.0,0,0,0,0.0,0.1428571428571428,0.0512807778266225,0.0,0.0,0,0,S1-917989525,S2-181600483,0
0.2857142857142857,0.2857142857142857,0.03125,0.03125,0.28,0.0,0,0,0,0.0,0.1666666666666666,0.0774860745060054,0.0,0.0,0,0,S1-917989525,S2-488021890,0
0.4230769230769231,0.4230769230769231,0.0769230769230769,0.0769230769230769,0.2300884955752212,0.0,0,0,0,0.0,0.1428571428571428,0.0759114444445886,0.0,0.0,0,0,S1-917989525,S2-919679245,0
0.4615384615384615,0.4615384615384615,0.075,0.075,0.065040650406504,0.0,0,0,0,0.0,0.1666666666666666,0.0842570253409444,0.0,0.0,0,0,S1-917989525,S2-190555312,0
0.34375,0.34375,0.04,0.04,0.1935483870967742,0.0,0,0,0,0.0,0.125,0.0391268854793523,0.0,0.0,0,0,S1-98485225,S2-736199437,0
0.4,0.4,0.0208333333333333,0.0208333333333333,0.4166666666666667,0.0,0,0,0,0.0,0.1428571428571428,0.0413449494645475,0.1,0.1,1,0,S1-98485225,S2-907504746,0
0.5614035087719298,0.5614035087719298,0.2368421052631578,0.2368421052631578,0.36,0.0,0,0,0,0.0,0.1666666666666666,0.146701495673986,0.0,0.0,0,0,S1-98485225,S2-498751509,0
0.3174603174603174,0.3174603174603174,0.04,0.04,0.2295081967213114,0.0,0,0,0,0.0,0.1428571428571428,0.041084058384896,0.0,0.0,0,0,S1-98485225,S2-76120909,0
0.2807017543859649,0.2807017543859649,0.0454545454545454,0.0454545454545454,0.15625,0.0,0,0,0,0.0,0.1428571428571428,0.0475906465977639,0.1,0.1,0,0,S1-98485225,S2-84967269,0
0.7,0.7,0.391304347826087,0.391304347826087,0.0,0.0,0,0,0,0.0,0.2,0.1061732086789548,0.0,0.0,0,1,S1-773926553,S2-445897702,0
0.4090909090909091,0.4090909090909091,0.0909090909090909,0.0909090909090909,0.417910447761194,0.0,0,0,0,0.0,0.2,0.1070013833574223,0.0,0.0,0,0,S1-773926553,S2-728137827,0
0.5238095238095238,0.5238095238095238,0.0967741935483871,0.0967741935483871,0.3513513513513513,0.0,0,0,0,0.0,0.2,0.0971359522298124,0.0,0.0,0,0,S1-773926553,S2-445056472,0
0.2127659574468085,0.2127659574468085,0.0857142857142857,0.0857142857142857,0.3283582089552239,0.0,0,0,0,0.0,0.1666666666666666,0.0868966653792035,0.0,0.0,0,0,S1-773926553,S2-798251452,0
0.2272727272727272,0.2272727272727272,0.09375,0.09375,0.2093023255813953,0.0,0,0,0,0.0,0.1666666666666666,0.0804357790081223,0.0714285714285714,0.0714285714285714,0,0,S1-773926553,S2-577223830,0
0.3829787234042553,0.3829787234042553,0.15625,0.15625,0.3428571428571428,0.0,0,0,0,0.0,0.1666666666666666,0.172681281615712,0.0,0.0,0,0,S1-343568091,S2-546484667,0
0.6666666666666666,0.6666666666666666,0.3125,0.3125,0.1866666666666666,0.0,0,0,0,0.0,0.3333333333333333,0.2648172404492016,0.0,0.0,1,0,S1-343568091,S2-769975484,0
0.5925925925925926,0.5925925925925926,0.3125,0.3125,0.4358974358974359,0.0,0,0,0,0.0,0.3333333333333333,0.3187373179887155,0.0,0.0,0,0,S1-343568091,S2-469008135,0
0.4736842105263157,0.4736842105263157,0.2,0.2,0.1772151898734177,0.0,0,0,0,0.0,0.2,0.2195480692455676,0.0,0.0,0,0,S1-343568091,S2-574120036,0
0.4878048780487805,0.4878048780487805,0.1785714285714285,0.1785714285714285,0.2025316455696202,0.0,0,0,0,0.0,0.2,0.1855152412839729,0.0,0.0,0,0,S1-343568091,S2-77515407,0
0.5070422535211268,0.5070422535211268,0.2448979591836734,0.2448979591836734,0.3221476510067114,0.0,0,0,0,0.0,0.3333333333333333,0.1127837785526112,0.0,0.0,0,0,S1-196309581,S2-828364595,0
0.5666666666666667,0.5666666666666667,0.1111111111111111,0.1111111111111111,0.3418803418803419,0.0,0,0,0,0.0,0.1428571428571428,0.0475319226369354,0.0,0.0,0,0,S1-196309581,S2-134214424,0
0.4516129032258064,0.4516129032258064,0.119047619047619,0.119047619047619,0.3043478260869565,0.0,0,0,0,0.0,0.1666666666666666,0.0537067268346489,0.0,0.0,0,0,S1-196309581,S2-927816868,0
0.6349206349206349,0.6349206349206349,0.325,0.325,0.2622950819672131,0.0,0,0,0,0.0,0.3333333333333333,0.1117126112132916,0.0,0.0,0,0,S1-196309581,S2-394423064,0
0.6909090909090909,0.6909090909090909,0.25,0.25,0.0789473684210526,0.0,0,0,0,0.0,0.1428571428571428,0.0503454959846762,0.0,0.0,0,0,S1-196309581,S2-929954428,0
0.8947368421052632,0.8947368421052632,0.8125,0.8125,0.8461538461538461,0.5,1,1,4,0.5,0.75,0.8870122520190054,0.5555555555555556,0.5555555555555556,1,0,S1-435479438,S2-41251681,1
0.3508771929824561,0.3508771929824561,0.0227272727272727,0.0227272727272727,0.2465753424657534,0.0,0,0,0,0.0,0.1111111111111111,0.039543330731599,0.0,0.0,0,0,S1-435479438,S2-820442919,0
0.34375,0.34375,0.0196078431372549,0.0196078431372549,0.3142857142857143,0.0,0,0,0,0.0,0.1111111111111111,0.038607432147432,0.0,0.0,1,0,S1-435479438,S2-294563043,0
0.3333333333333333,0.3333333333333333,0.0476190476190476,0.0476190476190476,0.3333333333333333,0.0,0,0,0,0.0,0.2,0.0803026739473933,0.0,0.0,0,0,S1-435479438,S2-810477060,0
0.3555555555555555,0.3555555555555555,0.0294117647058823,0.0294117647058823,0.2531645569620253,0.0,0,0,0,0.0,0.1428571428571428,0.0562644276121109,0.0,0.0,0,0,S1-435479438,S2-133498448,0
0.4102564102564102,0.4102564102564102,0.0344827586206896,0.0344827586206896,0.2191780821917808,0.0,0,0,0,0.0,0.1666666666666666,0.0733268659561167,0.0,0.0,0,0,S1-435479438,S2-521708323,0
0.9577464788732394,0.9577464788732394,0.6944444444444444,0.6944444444444444,0.735632183908046,0.0,0,0,0,0.0,0.6,0.5808651062049427,0.6666666666666666,0.6666666666666667,0,0,S1-284678397,S2-746526732,1
0.6153846153846154,0.6153846153846154,0.1224489795918367,0.1224489795918367,0.1777777777777777,0.0,0,0,0,0.0,0.1428571428571428,0.0503288124479775,0.0,0.0,0,0,S1-284678397,S2-33973224,0
0.4864864864864865,0.4864864864864865,0.2352941176470588,0.2352941176470588,0.1228070175438596,0.0,0,0,0,0.0,0.2857142857142857,0.0996807247308729,0.0,0.0,0,0,S1-284678397,S2-829690695,0
0.6363636363636364,0.6363636363636364,0.2727272727272727,0.2727272727272727,0.12,0.0,0,0,0,0.0,0.3333333333333333,0.1197616007173443,0.0,0.0,0,0,S1-284678397,S2-626083273,0
0.5625,0.5625,0.125,0.125,0.2203389830508474,0.0,0,0,0,0.0,0.1428571428571428,0.0568298702462213,0.0,0.0,0,0,S1-284678397,S2-532880089,0
0.4923076923076923,0.4923076923076923,0.1,0.1,0.3035714285714285,0.0,0,0,0,0.0,0.1428571428571428,0.0526088774741216,0.0,0.0,0,0,S1-284678397,S2-760787756,0
0.5641025641025641,0.5641025641025641,0.391304347826087,0.391304347826087,0.2276422764227642,0.0,0,0,0,0.0,0.25,0.1475975347978884,0.0,0.0,0,0,S1-463358505,S2-394067633,0
0.4615384615384615,0.4615384615384615,0.2647058823529412,0.2647058823529412,0.2733812949640288,0.0,0,0,0,0.0,0.1666666666666666,0.1380833768668848,0.0526315789473684,0.0526315789473684,0,0,S1-463358505,S2-497141401,0
0.4615384615384615,0.4615384615384615,0.1914893617021276,0.1914893617021276,0.2539682539682539,0.0,0,0,0,0.0,0.1666666666666666,0.1158664908019312,0.0,0.0,0,0,S1-463358505,S2-603778438,0
0.4444444444444444,0.4444444444444444,0.2857142857142857,0.2857142857142857,0.3181818181818182,0.0,0,0,0,0.0,0.1666666666666666,0.122866893555133,0.0476190476190476,0.0476190476190476,0,0,S1-463358505,S2-976523853,0
0.5641025641025641,0.5641025641025641,0.391304347826087,0.391304347826087,0.1463414634146341,0.0,0,0,0,0.0,0.25,0.1496913400573735,0.0,0.0,0,0,S1-463358505,S2-590311946,0
0.8421052631578947,0.8421052631578947,0.6842105263157895,0.6842105263157895,0.82,0.5,1,1,4,0.5,0.0,0.0,0.6666666666666666,0.6666666666666667,0,0,S1-880324716,S2-992200341,1
0.2790697674418604,0.2790697674418604,0.0625,0.0625,0.2162162162162162,0.0,0,0,0,0.0,0.1666666666666666,0.0533659013843609,0.0,0.0,0,0,S1-880324716,S2-132385214,0
0.2553191489361702,0.2553191489361702,0.027027027027027,0.027027027027027,0.1944444444444444,0.0,0,0,0,0.0,0.1666666666666666,0.064981493593029,0.0,0.0,0,0,S1-880324716,S2-386856198,0
0.2264150943396226,0.2264150943396226,0.05,0.05,0.3013698630136986,0.0,0,0,0,0.0,0.125,0.0445681555877856,0.0,0.0,0,0,S1-880324716,S2-72498401,0
0.36,0.36,0.0526315789473684,0.0526315789473684,0.3492063492063492,0.0,0,0,0,0.0,0.1428571428571428,0.0618467687264785,0.0,0.0,1,0,S1-880324716,S2-891699329,0
0.3636363636363636,0.3636363636363636,0.0294117647058823,0.0294117647058823,0.2469135802469135,0.0,0,0,0,0.0,0.1666666666666666,0.0522260308976778,0.0,0.0,0,0,S1-880324716,S2-117069862,0
0.6,0.6,0.2222222222222222,0.2222222222222222,0.1772151898734177,0.0,0,0,0,0.0,0.25,0.2893560218307267,0.0,0.0,0,0,S1-55033507,S2-938747245,0
0.4814814814814814,0.4814814814814814,0.1578947368421052,0.1578947368421052,0.1153846153846153,0.0,0,0,0,0.0,0.1666666666666666,0.1819591030967529,0.0,0.0,0,0,S1-55033507,S2-319692412,0
0.625,0.625,0.2121212121212121,0.2121212121212121,0.0833333333333333,0.0,0,0,0,0.0,0.2,0.1886520020479674,0.125,0.125,0,0,S1-55033507,S2-67465490,0
0.5106382978723404,0.5106382978723404,0.1818181818181818,0.1818181818181818,0.1626016260162601,0.0,0,0,0,0.0,0.2,0.2340669466777279,0.0,0.0,0,0,S1-55033507,S2-154972975,0
0.5,0.5,0.1764705882352941,0.1764705882352941,0.2553191489361702,0.0,0,0,0,0.0,0.2,0.1912607714696182,0.0,0.0,0,0,S1-55033507,S2-784218693,0
0.4528301886792453,0.4528301886792453,0.1052631578947368,0.1052631578947368,0.3609022556390977,0.0,0,0,0,0.0,0.2857142857142857,0.1733986859688773,0.1052631578947368,0.1052631578947368,0,0,S1-330702069,S2-637769084,0
0.5454545454545454,0.5454545454545454,0.0625,0.0625,0.23841059602649,0.0,0,0,0,0.0,0.1428571428571428,0.1003479942093271,0.0,0.0,0,0,S1-330702069,S2-572588110,0
0.5416666666666666,0.5416666666666666,0.1212121212121212,0.1212121212121212,0.2333333333333333,0.0,0,0,0,0.0,0.2857142857142857,0.1352441175430846,0.0526315789473684,0.0526315789473684,0,0,S1-330702069,S2-190713915,0
0.3703703703703703,0.3703703703703703,0.075,0.075,0.1379310344827586,0.0,0,0,0,0.0,0.125,0.0727053504082825,0.0,0.0,0,0,S1-330702069,S2-256459754,0
0.5238095238095238,0.5238095238095238,0.1428571428571428,0.1428571428571428,0.2166666666666666,0.0,0,0,0,0.0,0.3333333333333333,0.1796596608088426,0.0,0.0,0,0,S1-330702069,S2-177795303,0
0.4390243902439024,0.4390243902439024,0.1379310344827586,0.1379310344827586,0.3283582089552239,0.0,0,0,0,0.0,0.2,0.1733801317311735,0.0,0.0,0,0,S1-951623110,S2-754820989,0
0.36,0.36,0.1081081081081081,0.1081081081081081,0.3125,0.0,0,0,0,0.0,0.1666666666666666,0.1505537940928588,0.0,0.0,0,0,S1-951623110,S2-32409174,0
0.5945945945945946,0.5945945945945946,0.2,0.2,0.2058823529411764,0.0,0,0,0,0.0,0.25,0.3460776872058156,0.0,0.0,0,0,S1-951623110,S2-119019224,0
0.6206896551724138,0.6206896551724138,0.2777777777777778,0.2777777777777778,0.0,0.0,0,0,0,0.0,0.3333333333333333,0.2760610115567644,0.0,0.0,0,1,S1-951623110,S2-449004707,0
0.4,0.4,0.125,0.125,0.2857142857142857,0.0,0,0,0,0.0,0.2,0.1533683639188447,0.1,0.1,0,0,S1-951623110,S2-420187812,0
0.4927536231884058,0.4927536231884058,0.14,0.14,0.2830188679245283,0.0,0,0,0,0.0,0.125,0.0423843566937942,0.0,0.0,0,0,S1-991361913,S2-928435073,0
0.4074074074074074,0.4074074074074074,0.125,0.125,0.1639344262295081,0.0,0,0,0,0.0,0.1666666666666666,0.0675724436497545,0.0,0.0,0,0,S1-991361913,S2-35734195,0
0.4528301886792453,0.4528301886792453,0.131578947368421,0.131578947368421,0.2137404580152671,0.0,0,0,0,0.0,0.1428571428571428,0.038531941775824,0.0,0.0,0,0,S1-991361913,S2-651728780,0
0.3389830508474576,0.3389830508474576,0.1282051282051282,0.1282051282051282,0.1775147928994082,0.0,0,0,0,0.0,0.2,0.0637342722901209,0.0384615384615384,0.0384615384615384,0,0,S1-991361913,S2-94732549,0
0.4,0.4,0.1219512195121951,0.1219512195121951,0.293103448275862,0.0,0,0,0,0.0,0.1666666666666666,0.0576138183543407,0.0,0.0,1,0,S1-991361913,S2-162775518,0
0.4864864864864865,0.4864864864864865,0.1153846153846153,0.1153846153846153,0.2857142857142857,0.0,0,0,0,0.0,0.2,0.2295140398398991,0.0,0.0,0,0,S1-323089441,S2-222688325,0
0.5294117647058824,0.5294117647058824,0.125,0.125,0.3333333333333333,0.0,0,0,0,0.0,0.25,0.1935158033135017,0.0,0.0,0,0,S1-323089441,S2-783194949,0
0.45,0.45,0.1,0.1,0.2972972972972973,0.0,0,0,0,0.0,0.25,0.2180629684324874,0.0,0.0,0,0,S1-323089441,S2-566201465,0
0.358974358974359,0.358974358974359,0.1071428571428571,0.1071428571428571,0.3548387096774194,0.0,0,0,0,0.0,0.2,0.1463586160996127,0.0,0.0,0,0,S1-323089441,S2-804401553,0
0.4324324324324324,0.4324324324324324,0.1153846153846153,0.1153846153846153,0.2461538461538461,0.0,0,0,0,0.0,0.2,0.1681389813312273,0.0,0.0,0,0,S1-323089441,S2-240890119,0
0.4225352112676056,0.4225352112676056,0.1320754716981132,0.1320754716981132,0.2660098522167488,0.0,0,0,0,0.0,0.125,0.0414167101828278,0.0,0.0,0,0,S1-821827055,S2-834138186,0
0.5614035087719298,0.5614035087719298,0.1463414634146341,0.1463414634146341,0.0,0.0,0,0,0,0.0,0.1428571428571428,0.0566256143849877,0.0,0.0,0,1,S1-821827055,S2-536686473,0
0.4776119402985074,0.4776119402985074,0.0980392156862745,0.0980392156862745,0.3013698630136986,0.0,0,0,0,0.0,0.125,0.0451602643025857,0.0454545454545454,0.0454545454545454,0,0,S1-821827055,S2-1922378,0
0.44,0.44,0.1388888888888889,0.1388888888888889,0.3040935672514619,0.0,0,0,0,0.0,0.1666666666666666,0.0615614197140232,0.0416666666666666,0.0416666666666666,1,0,S1-821827055,S2-267895689,0
0.7142857142857143,0.7142857142857143,0.3529411764705882,0.3529411764705882,0.3209876543209876,0.0,0,0,0,0.0,0.3333333333333333,0.1428572145095739,0.0434782608695652,0.0434782608695652,1,0,S1-821827055,S2-784404723,0
0.4923076923076923,0.4923076923076923,0.125,0.125,0.2735042735042735,0.0,0,0,0,0.0,0.125,0.044398017923263,0.0555555555555555,0.0555555555555555,0,0,S1-494504627,S2-224962421,0
0.5769230769230769,0.6060606060606061,0.3870967741935484,0.3095238095238095,0.3149606299212598,0.0,0,0,0,0.0,0.4,0.1637572396098185,0.0555555555555555,0.0555555555555555,1,0,S1-494504627,S2-841861001,0
0.5352112676056338,0.5352112676056338,0.1372549019607843,0.1372549019607843,0.3518518518518518,0.0,0,0,0,0.0,0.1111111111111111,0.0318272570530629,0.0,0.0,0,0,S1-494504627,S2-352678659,0
0.5970149253731343,0.5970149253731343,0.375,0.375,0.2781456953642384,0.0,0,0,0,0.0,0.25,0.0803705328699383,0.0,0.0,1,0,S1-494504627,S2-976395886,0
0.4666666666666667,0.4666666666666667,0.1363636363636363,0.1363636363636363,0.4516129032258064,0.0,0,0,0,0.0,0.1428571428571428,0.0481896596794372,0.1052631578947368,0.1052631578947368,0,0,S1-494504627,S2-320477902,0
0.4651162790697674,0.4651162790697674,0.0689655172413793,0.0689655172413793,0.3283582089552239,0.0,0,0,0,0.0,0.1111111111111111,0.0876748431406067,0.0833333333333333,0.0833333333333333,0,0,S1-92524098,S2-565106345,0
0.3396226415094339,0.3396226415094339,0.027027027027027,0.027027027027027,0.3809523809523809,0.0,0,0,0,0.0,0.2222222222222222,0.1603011725063434,0.0,0.0,0,0,S1-92524098,S2-749243199,0
0.64,0.64,0.15625,0.15625,0.3,0.0,0,0,0,0.0,0.375,0.2534758844251778,0.0,0.0,1,0,S1-92524098,S2-466782421,0
0.5833333333333334,0.5833333333333334,0.1666666666666666,0.1666666666666666,0.2539682539682539,0.0,0,0,0,0.0,0.375,0.2681597208066438,0.0,0.0,0,0,S1-92524098,S2-339737852,0
0.36,0.36,0.0277777777777777,0.0277777777777777,0.3384615384615385,0.0,0,0,0,0.0,0.1,0.0805222543191053,0.0,0.0,0,0,S1-92524098,S2-188797963,0
0.4,0.4,0.081081081081081,0.081081081081081,0.35,0.0,0,0,0,0.0,0.1428571428571428,0.0419482826895047,0.0714285714285714,0.0714285714285714,1,0,S1-683069505,S2-393484017,0
0.3555555555555555,0.3555555555555555,0.0285714285714285,0.0285714285714285,0.3809523809523809,0.0,0,0,0,0.0,0.1666666666666666,0.0578513278081724,0.0714285714285714,0.0714285714285714,0,0,S1-683069505,S2-445378376,0
0.1621621621621621,0.1621621621621621,0.0357142857142857,0.0357142857142857,0.2777777777777778,0.0,0,0,0,0.0,0.2,0.0525494570402438,0.0,0.0,0,0,S1-683069505,S2-579572380,0
0.3333333333333333,0.3333333333333333,0.024390243902439,0.024390243902439,0.208955223880597,0.0,0,0,0,0.0,0.1428571428571428,0.040528888112012,0.0,0.0,0,0,S1-683069505,S2-778020237,0
0.4230769230769231,0.4230769230769231,0.0769230769230769,0.0769230769230769,0.1891891891891892,0.0,0,0,0,0.0,0.1428571428571428,0.0459169149146524,0.0,0.0,0,0,S1-683069505,S2-29722575,0
0.4186046511627907,0.4186046511627907,0.09375,0.09375,0.1846153846153846,0.0,0,0,0,0.0,0.2,0.3084355317220971,0.0,0.0,0,0,S1-618370093,S2-934934406,0
0.5454545454545454,0.5454545454545454,0.1304347826086956,0.1304347826086956,0.2456140350877192,0.0,0,0,0,0.0,0.25,0.298006369401758,0.0,0.0,0,0,S1-618370093,S2-493584066,0
0.5142857142857142,0.5142857142857142,0.217391304347826,0.217391304347826,0.3174603174603174,0.0,0,0,0,0.0,0.25,0.2706657338229058,0.1,0.1,0,0,S1-618370093,S2-192855848,0
0.45,0.45,0.1,0.1,0.2941176470588235,0.0,0,0,0,0.0,0.25,0.2657867060308846,0.0,0.0,0,0,S1-618370093,S2-576488523,0
0.4102564102564102,0.4102564102564102,0.1071428571428571,0.1071428571428571,0.3111111111111111,0.0,0,0,0,0.0,0.2,0.2542717235840481,0.0,0.0,0,0,S1-618370093,S2-172721836,0
0.3414634146341463,0.3414634146341463,0.032258064516129,0.032258064516129,0.3037974683544304,0.0,0,0,0,0.0,0.1666666666666666,0.0666336107312154,0.0454545454545454,0.0454545454545454,0,0,S1-259895813,S2-399800210,0
0.4,0.4,0.0227272727272727,0.0227272727272727,0.1818181818181818,0.0,0,0,0,0.0,0.1428571428571428,0.0581275295836406,0.0,0.0,0,0,S1-259895813,S2-796350554,0
0.3548387096774194,0.3548387096774194,0.02,0.02,0.192,0.0,0,0,0,0.0,0.125,0.0519197246395973,0.0,0.0,0,0,S1-259895813,S2-450319965,0
0.375,0.375,0.0555555555555555,0.0555555555555555,0.2857142857142857,0.0,0,0,0,0.0,0.1666666666666666,0.0734201047056664,0.0,0.0,0,0,S1-259895813,S2-487038569,0
0.2916666666666667,0.2916666666666667,0.0555555555555555,0.0555555555555555,0.1496598639455782,0.0,0,0,0,0.0,0.3333333333333333,0.1480521286525258,0.0,0.0,0,0,S1-259895813,S2-896696403,0
0.6060606060606061,0.6060606060606061,0.238095238095238,0.238095238095238,0.1891891891891892,0.0,0,0,0,0.0,0.25,0.2209446129598412,0.0,0.0,0,0,S1-584261180,S2-93466094,0
0.6857142857142857,0.6857142857142857,0.3333333333333333,0.3333333333333333,0.34375,0.0,0,0,0,0.0,0.25,0.1827929494974499,0.0,0.0,0,0,S1-584261180,S2-189064860,0
0.4186046511627907,0.4186046511627907,0.1666666666666666,0.1666666666666666,0.4117647058823529,0.0,0,0,0,0.0,0.2,0.2150961792144262,0.0,0.0,0,0,S1-584261180,S2-136538981,0
0.4186046511627907,0.4186046511627907,0.1666666666666666,0.1666666666666666,0.3225806451612903,0.0,0,0,0,0.0,0.2,0.232521013147866,0.0,0.0,1,0,S1-584261180,S2-86129876,0
0.6206896551724138,0.6206896551724138,0.2777777777777778,0.2777777777777778,0.2,0.0,0,0,0,0.0,0.3333333333333333,0.2859912560354518,0.0,0.0,0,0,S1-584261180,S2-343655850,0
0.3555555555555555,0.3555555555555555,0.0909090909090909,0.0909090909090909,0.3492063492063492,0.0,0,0,0,0.0,0.1666666666666666,0.0619195203138243,0.0,0.0,0,0,S1-987835631,S2-936577116,0
0.5454545454545454,0.5454545454545454,0.1724137931034483,0.1724137931034483,0.2921348314606741,0.0,0,0,0,0.0,0.1428571428571428,0.1541413033149896,0.0,0.0,0,0,S1-987835631,S2-276214321,0
0.375,0.375,0.0555555555555555,0.0555555555555555,0.3692307692307692,0.0,0,0,0,0.0,0.1428571428571428,0.0408680649135832,0.0,0.0,0,0,S1-987835631,S2-228029393,0
0.5116279069767442,0.5116279069767442,0.0967741935483871,0.0967741935483871,0.2333333333333333,0.0,0,0,0,0.0,0.1666666666666666,0.0553843234741825,0.0,0.0,0,0,S1-987835631,S2-424393157,0
0.3773584905660377,0.3773584905660377,0.075,0.075,0.4,0.0,0,0,0,0.0,0.1428571428571428,0.0564483436810675,0.0,0.0,0,0,S1-987835631,S2-906864897,0
0.3428571428571428,0.3428571428571428,0.04,0.04,0.2393162393162393,0.0,0,0,0,0.0,0.1666666666666666,0.0741399668818724,0.0,0.0,0,0,S1-489876250,S2-179164897,0
0.3181818181818182,0.3181818181818182,0.0294117647058823,0.0294117647058823,0.5074626865671642,0.0,0,0,0,0.0,0.1666666666666666,0.0700424798366389,0.1176470588235294,0.1176470588235294,0,0,S1-489876250,S2-311157961,0
0.5142857142857142,0.5142857142857142,0.0833333333333333,0.0833333333333333,0.217391304347826,0.0,0,0,0,0.0,0.1666666666666666,0.0769077846570085,0.0,0.0,0,0,S1-489876250,S2-399119404,0
0.3157894736842105,0.3157894736842105,0.0357142857142857,0.0357142857142857,0.1967213114754098,0.0,0,0,0,0.0,0.1666666666666666,0.0737064708538464,0.0,0.0,0,0,S1-489876250,S2-262617719,0
0.3529411764705882,0.3529411764705882,0.0416666666666666,0.0416666666666666,0.0,0.0,0,0,0,0.0,0.1666666666666666,0.0612565705063687,0.0,0.0,0,1,S1-489876250,S2-758802360,0
0.6,0.6,0.4285714285714285,0.4285714285714285,0.9010989010989012,1.0,1,1,3,0.0,1.0,1.0,0.8823529411764706,0.8823529411764706,0,0,S1-637471848,S2-431134024,1
0.3076923076923077,0.3076923076923077,0.074074074074074,0.074074074074074,0.2894736842105263,0.0,0,0,0,0.0,0.3333333333333333,0.1632782067731747,0.0,0.0,0,0,S1-637471848,S2-455750535,0
0.5384615384615384,0.5384615384615384,0.1081081081081081,0.1081081081081081,0.3857142857142857,0.0,0,0,0,0.0,0.2857142857142857,0.1109927689319992,0.0952380952380952,0.0952380952380952,0,0,S1-637471848,S2-912574749,0
0.6511627906976745,0.6511627906976745,0.1379310344827586,0.1379310344827586,0.0,0.0,0,0,0,0.0,0.3333333333333333,0.1442841383979063,0.0,0.0,0,1,S1-637471848,S2-646171294,0
0.5853658536585366,0.5853658536585366,0.1481481481481481,0.1481481481481481,0.4081632653061224,0.0,0,0,0,0.0,0.3333333333333333,0.1284768066315887,0.0909090909090909,0.0909090909090908,1,0,S1-637471848,S2-714867366,0
0.4782608695652174,0.4782608695652174,0.0285714285714285,0.0285714285714285,0.1379310344827586,0.0,0,0,0,0.0,0.1428571428571428,0.058291193514598,0.0,0.0,0,0,S1-637471848,S2-791306545,0
0.490566037735849,0.490566037735849,0.1621621621621621,0.1621621621621621,0.2903225806451613,0.0,0,0,0,0.0,0.1428571428571428,0.1694244924394493,0.0,0.0,0,0,S1-618835410,S2-8881901,0
0.5357142857142857,0.5357142857142857,0.125,0.125,0.2711864406779661,0.0,0,0,0,0.0,0.125,0.1335453347172316,0.0,0.0,0,0,S1-618835410,S2-971222759,0
0.3823529411764705,0.3823529411764705,0.0588235294117647,0.0588235294117647,0.1,0.0,0,0,0,0.0,0.1,0.1311762201531947,0.0,0.0,0,0,S1-618835410,S2-139957652,0
0.5454545454545454,0.5454545454545454,0.2068965517241379,0.2068965517241379,0.3939393939393939,0.0,0,0,0,0.0,0.1666666666666666,0.1718478589402075,0.0,0.0,0,0,S1-618835410,S2-582763935,0
0.3333333333333333,0.3333333333333333,0.0967741935483871,0.0967741935483871,0.3548387096774194,0.0,0,0,0,0.0,0.2,0.1943442413509134,0.0,0.0,0,0,S1-618835410,S2-334615973,0
0.5116279069767442,0.5116279069767442,0.2222222222222222,0.2222222222222222,0.2711864406779661,0.0,0,0,0,0.0,0.1666666666666666,0.0779282732884162,0.0,0.0,0,0,S1-725757693,S2-712836200,0
0.3859649122807017,0.3859649122807017,0.1463414634146341,0.1463414634146341,0.3225806451612903,0.0,0,0,0,0.0,0.1666666666666666,0.0706690884502617,0.0,0.0,0,0,S1-725757693,S2-64021649,0
0.5925925925925926,0.5925925925925926,0.2222222222222222,0.2222222222222222,0.3050847457627119,0.0,0,0,0,0.0,0.1666666666666666,0.0768480387427309,0.0,0.0,0,0,S1-725757693,S2-381771697,0
0.44,0.44,0.2142857142857142,0.2142857142857142,0.24,0.0,0,0,0,0.0,0.2,0.08035778361253,0.0,0.0,0,0,S1-725757693,S2-290645536,0
0.5777777777777777,0.5777777777777777,0.2068965517241379,0.2068965517241379,0.2758620689655172,0.0,0,0,0,0.0,0.1666666666666666,0.0831089786925728,0.0,0.0,0,0,S1-725757693,S2-422762174,0
0.3181818181818182,0.3181818181818182,0.0285714285714285,0.0285714285714285,0.1639344262295081,0.0,0,0,0,0.0,0.2,0.0437425888904474,0.0,0.0,1,0,S1-701320082,S2-210182979,0
0.2692307692307692,0.2692307692307692,0.024390243902439,0.024390243902439,0.0769230769230769,0.0,0,0,0,0.0,0.1428571428571428,0.0376992988058002,0.1111111111111111,0.1111111111111111,0,0,S1-701320082,S2-262953244,0
0.3829787234042553,0.3829787234042553,0.027027027027027,0.027027027027027,0.3333333333333333,0.0,0,0,0,0.0,0.2,0.0516035965996585,0.0,0.0,0,0,S1-701320082,S2-315300750,0
0.4285714285714285,0.4285714285714285,0.05,0.05,0.3174603174603174,0.0,0,0,0,0.0,0.25,0.0609108904743935,0.0,0.0,0,0,S1-701320082,S2-532558132,0
0.2142857142857142,0.2142857142857142,0.05,0.05,0.2318840579710145,0.0,0,0,0,0.0,0.25,0.0617492215880535,0.0,0.0,1,0,S1-701320082,S2-956721421,0
0.4363636363636363,0.4363636363636363,0.1282051282051282,0.1282051282051282,0.0,0.0,0,0,0,0.0,0.1428571428571428,0.0486372501134366,0.0,0.0,0,1,S1-245861569,S2-658767760,0
0.5161290322580645,0.5161290322580645,0.1041666666666666,0.1041666666666666,0.3428571428571428,0.5,1,1,2,0.0,0.1666666666666666,0.0468283634277499,0.0555555555555555,0.0555555555555555,0,0,S1-245861569,S2-290354993,0
0.4150943396226415,0.4150943396226415,0.1282051282051282,0.1282051282051282,0.231578947368421,0.0,0,0,0,0.0,0.1666666666666666,0.049465806261184,0.0,0.0,0,0,S1-245861569,S2-1247841,0
0.4074074074074074,0.4074074074074074,0.1578947368421052,0.1578947368421052,0.2708333333333333,0.0,0,0,0,0.0,0.1428571428571428,0.0496262344747072,0.0,0.0,0,0,S1-245861569,S2-132924524,0
0.65625,0.65625,0.3170731707317073,0.3170731707317073,0.3777777777777777,0.0,0,0,0,0.0,0.3333333333333333,0.1292994826346362,0.0,0.0,0,0,S1-245861569,S2-807608858,0
0.3404255319148936,0.3404255319148936,0.09375,0.09375,0.4705882352941176,0.0,0,0,0,0.0,0.1111111111111111,0.0925378488702988,0.0833333333333333,0.0833333333333333,0,0,S1-171670923,S2-453527740,0
0.4242424242424242,0.4242424242424242,0.1363636363636363,0.1363636363636363,0.28125,0.0,0,0,0,0.0,0.2,0.1428494158864709,0.0,0.0,0,0,S1-171670923,S2-325776971,0
0.4210526315789473,0.4210526315789473,0.1153846153846153,0.1153846153846153,0.2857142857142857,0.0,0,0,0,0.0,0.1666666666666666,0.1334182750618619,0.0,0.0,0,0,S1-171670923,S2-7377074,0
0.358974358974359,0.358974358974359,0.1111111111111111,0.1111111111111111,0.2,0.0,0,0,0,0.0,0.1666666666666666,0.1475894379725253,0.0,0.0,0,0,S1-171670923,S2-391527596,0
0.6666666666666666,0.6666666666666666,0.2222222222222222,0.2222222222222222,0.2909090909090909,0.0,0,0,0,0.0,0.2,0.1833065333296607,0.0,0.0,0,0,S1-171670923,S2-879468482,0
0.4583333333333333,0.4583333333333333,0.0857142857142857,0.0857142857142857,0.4615384615384615,0.0,0,0,0,0.0,0.1666666666666666,0.1343048852850934,0.0,0.0,0,0,S1-572464827,S2-366066563,0
0.5396825396825397,0.5396825396825397,0.1860465116279069,0.1860465116279069,0.3076923076923077,0.0,0,0,0,0.0,0.125,0.1414928952528052,0.0,0.0,1,0,S1-572464827,S2-241666879,0
0.52,0.52,0.2424242424242424,0.2424242424242424,0.2285714285714285,0.0,0,0,0,0.0,0.2,0.1416194899272996,0.0,0.0,0,0,S1-572464827,S2-81719182,0
0.2553191489361702,0.2553191489361702,0.0857142857142857,0.0857142857142857,0.2857142857142857,0.0,0,0,0,0.0,0.2,0.1560756043225205,0.0,0.0,0,0,S1-572464827,S2-849787980,0
0.4705882352941176,0.4705882352941176,0.1632653061224489,0.1632653061224489,0.1639344262295081,0.0,0,0,0,0.0,0.1428571428571428,0.0840941999928295,0.0,0.0,0,0,S1-572464827,S2-387970150,0
0.4528301886792453,0.4528301886792453,0.1282051282051282,0.1282051282051282,0.1971830985915492,0.0,0,0,0,0.0,0.1666666666666666,0.1185866108466119,0.0,0.0,1,0,S1-127636104,S2-991061340,0
0.5357142857142857,0.5357142857142857,0.119047619047619,0.119047619047619,0.3389830508474576,0.0,0,0,0,0.0,0.1666666666666666,0.1298910262630784,0.0,0.0,0,0,S1-127636104,S2-919996696,0
0.410958904109589,0.410958904109589,0.087719298245614,0.087719298245614,0.4117647058823529,0.0,0,0,0,0.0,0.125,0.1012955313260119,0.0769230769230769,0.0769230769230769,0,0,S1-127636104,S2-543959576,0
0.4615384615384615,0.4615384615384615,0.1282051282051282,0.1282051282051282,0.2933333333333333,0.0,0,0,0,0.0,0.2,0.118741376818724,0.0,0.0,0,0,S1-127636104,S2-648509330,0
0.3396226415094339,0.3396226415094339,0.1,0.1,0.2985074626865671,0.0,0,0,0,0.0,0.1666666666666666,0.1441915521890013,0.0,0.0,0,0,S1-127636104,S2-688558596,0
0.4615384615384615,0.4615384615384615,0.1351351351351351,0.1351351351351351,0.4,0.0,0,0,0,0.0,0.1428571428571428,0.0408658326130366,0.0454545454545454,0.0454545454545454,0,0,S1-258353664,S2-700038289,0
0.5,0.5,0.1351351351351351,0.1351351351351351,0.2451612903225806,0.0,0,0,0,0.0,0.1428571428571428,0.0452384761309752,0.0,0.0,0,0,S1-258353664,S2-599530961,0
0.3835616438356164,0.3835616438356164,0.0909090909090909,0.0909090909090909,0.3243243243243243,0.0,0,0,0,0.0,0.125,0.042169711626212,0.0,0.0,0,0,S1-258353664,S2-494464735,0
0.5161290322580645,0.5161290322580645,0.1304347826086956,0.1304347826086956,0.2635658914728682,0.25,1,1,1,0.0,0.1428571428571428,0.0399388788005824,0.0,0.0,0,0,S1-258353664,S2-471713609,0
0.3773584905660377,0.3773584905660377,0.1282051282051282,0.1282051282051282,0.2469135802469135,0.0,0,0,0,0.0,0.1666666666666666,0.0503770026722871,0.0,0.0,0,0,S1-258353664,S2-830807133,0
0.44,0.44,0.1081081081081081,0.1081081081081081,0.1785714285714285,0.0,0,0,0,0.0,0.1666666666666666,0.159075516775969,0.0,0.0,0,0,S1-9859169,S2-741581730,0
0.5454545454545454,0.5454545454545454,0.1818181818181818,0.1818181818181818,0.2857142857142857,0.0,0,0,0,0.0,0.25,0.2072307515200426,0.0,0.0,0,0,S1-9859169,S2-249920346,0
0.3214285714285714,0.3214285714285714,0.0952380952380952,0.0952380952380952,0.4561403508771929,0.0,0,0,0,0.0,0.1428571428571428,0.1332515668275516,0.0,0.0,0,0,S1-9859169,S2-507582789,0
0.4347826086956521,0.4347826086956521,0.15625,0.15625,0.2307692307692307,0.0,0,0,0,0.0,0.1666666666666666,0.1419432853064834,0.0,0.0,0,0,S1-9859169,S2-173868402,0
0.4186046511627907,0.4186046511627907,0.1290322580645161,0.1290322580645161,0.1724137931034483,0.0,0,0,0,0.0,0.2,0.1908431069869572,0.0,0.0,0,0,S1-9859169,S2-993272739,0
0.3684210526315789,0.3684210526315789,0.0344827586206896,0.0344827586206896,0.0,0.0,0,0,0,0.0,0.2,0.1928442427836244,0.0,0.0,0,1,S1-522474081,S2-745321585,0
0.3870967741935484,0.3870967741935484,0.0476190476190476,0.0476190476190476,0.1176470588235294,0.0,0,0,0,0.0,0.1666666666666666,0.1615075873080139,0.0,0.0,0,0,S1-522474081,S2-884128173,0
0.4444444444444444,0.4444444444444444,0.0526315789473684,0.0526315789473684,0.1515151515151515,0.0,0,0,0,0.0,0.25,0.2884220565130079,0.0,0.0,0,0,S1-522474081,S2-970769379,0
0.0,0.2926829268292683,0.0,0.032258064516129,0.135593220338983,0.0,0,0,0,0.0,0.0,0.0,0.0,0.0,1,0,S1-522474081,S2-980657396,0
0.0,0.3870967741935484,0.0,0.0454545454545454,0.1941747572815534,0.0,0,0,0,0.0,0.0,0.0,0.0,0.0,1,0,S1-522474081,S2-384431799,0
0.3076923076923077,0.3076923076923077,0.0333333333333333,0.0333333333333333,0.2874251497005988,0.0,0,0,0,0.0,0.2,0.1015309985086799,0.0434782608695652,0.0434782608695652,0,0,S1-712393406,S2-193624059,0
0.5454545454545454,0.5454545454545454,0.0416666666666666,0.0416666666666666,0.4,0.0,0,0,0,0.0,0.2,0.1142583413286924,0.0,0.0,0,0,S1-712393406,S2-64929843,0
0.4516129032258064,0.4516129032258064,0.0454545454545454,0.0454545454545454,0.2816901408450704,0.0,0,0,0,0.0,0.2,0.1057079917363052,0.0476190476190476,0.0476190476190476,0,0,S1-712393406,S2-138557236,0
0.3225806451612903,0.3225806451612903,0.0434782608695652,0.0434782608695652,0.2956521739130435,0.0,0,0,0,0.0,0.25,0.1140292838097788,0.0,0.0,0,0,S1-712393406,S2-678858883,0
0.4571428571428571,0.4571428571428571,0.0384615384615384,0.0384615384615384,0.3738317757009345,0.0,0,0,0,0.0,0.2,0.1109360060349174,0.0,0.0,0,0,S1-712393406,S2-132583569,0
0.5185185185185185,0.5185185185185185,0.1875,0.1875,0.1647058823529411,0.0,0,0,0,0.0,0.2,0.1959864613689353,0.0,0.0,1,0,S1-481585162,S2-995919193,0
0.5,0.5,0.1071428571428571,0.1071428571428571,0.3888888888888889,0.0,0,0,0,0.0,0.1666666666666666,0.1832866200710406,0.0,0.0,0,0,S1-481585162,S2-414773243,0
0.5263157894736842,0.5263157894736842,0.1153846153846153,0.1153846153846153,0.2857142857142857,0.0,0,0,0,0.0,0.1666666666666666,0.2105812295127152,0.0,0.0,0,0,S1-481585162,S2-211082341,0
0.4615384615384615,0.4615384615384615,0.2,0.2,0.3218390804597701,0.0,0,0,0,0.0,0.2,0.2086240599498748,0.0,0.0,0,0,S1-481585162,S2-92236120,0
0.5454545454545454,0.5454545454545454,0.1428571428571428,0.1428571428571428,0.3870967741935484,0.0,0,0,0,0.0,0.1666666666666666,0.1799270061105106,0.0,0.0,0,0,S1-481585162,S2-489724928,0
0.5454545454545454,0.5454545454545454,0.6363636363636364,0.6363636363636364,0.6017699115044248,0.5,1,1,1,0.0,1.0,1.0000000000000002,0.5,0.5000000000000001,0,0,S1-365905493,S2-15671982,1
0.6153846153846154,0.6153846153846154,0.24,0.24,0.3262411347517731,0.0,0,0,0,0.0,0.2,0.2064689552461319,0.0,0.0,0,0,S1-365905493,S2-208929666,0
0.6341463414634146,0.6341463414634146,0.2222222222222222,0.2222222222222222,0.3285714285714285,0.0,0,0,0,0.0,0.2,0.2155616528922471,0.0555555555555555,0.0555555555555555,0,0,S1-365905493,S2-38897565,0
0.44,0.44,0.1081081081081081,0.1081081081081081,0.2083333333333333,0.0,0,0,0,0.0,0.1666666666666666,0.1388616073907404,0.0,0.0,0,0,S1-365905493,S2-5405243,0
0.4285714285714285,0.4285714285714285,0.0952380952380952,0.0952380952380952,0.205607476635514,0.0,0,0,0,0.0,0.1428571428571428,0.1138744832031536,0.0,0.0,0,0,S1-365905493,S2-618616165,0
0.4186046511627907,0.4186046511627907,0.1333333333333333,0.1333333333333333,0.2419354838709677,0.0,0,0,0,0.0,0.1666666666666666,0.1358062342219191,0.0,0.0,0,0,S1-365905493,S2-369468926,0
0.5454545454545454,0.5454545454545454,0.2307692307692307,0.2307692307692307,0.2834645669291338,0.0,0,0,0,0.0,0.25,0.0876844020642555,0.0,0.0,0,0,S1-830366022,S2-880799511,0
0.6176470588235294,0.6176470588235294,0.2727272727272727,0.2727272727272727,0.192090395480226,0.0,0,0,0,0.0,0.2857142857142857,0.0988789712047929,0.0476190476190476,0.0476190476190476,0,0,S1-830366022,S2-754766754,0
0.4788732394366197,0.4788732394366197,0.1132075471698113,0.1132075471698113,0.2539682539682539,0.0,0,0,0,0.0,0.125,0.0500651674381748,0.0,0.0,0,0,S1-830366022,S2-637816415,0
0.2058823529411764,0.2058823529411764,0.0980392156862745,0.0980392156862745,0.2130177514792899,0.0,0,0,0,0.0,0.125,0.0401833573073715,0.0,0.0,0,0,S1-830366022,S2-789023037,0
0.6470588235294118,0.6470588235294118,0.2727272727272727,0.2727272727272727,0.0,0.0,0,0,0,0.0,0.2857142857142857,0.1026073341694172,0.0,0.0,0,1,S1-830366022,S2-795166346,0
0.5769230769230769,0.5769230769230769,0.3125,0.3125,0.2558139534883721,0.0,0,0,0,0.0,0.3333333333333333,0.1110053311759999,0.0,0.0,1,0,S1-962784092,S2-635758705,0
0.4262295081967213,0.4262295081967213,0.2564102564102564,0.2564102564102564,0.4098360655737705,0.0,0,0,0,0.0,0.25,0.0991115418043338,0.1176470588235294,0.1176470588235294,0,0,S1-962784092,S2-861223014,0
0.5538461538461539,0.5538461538461539,0.2,0.2,0.3034482758620689,0.0,0,0,0,0.0,0.125,0.0454291185737926,0.05,0.0499999999999999,0,0,S1-962784092,S2-272109720,0
0.6896551724137931,0.6896551724137931,0.3333333333333333,0.3333333333333333,0.1489361702127659,0.0,0,0,0,0.0,0.3333333333333333,0.1365571564627395,0.0,0.0,0,0,S1-962784092,S2-874005721,0
0.6296296296296297,0.6296296296296297,0.1621621621621621,0.1621621621621621,0.4390243902439024,0.0,0,0,0,0.0,0.1428571428571428,0.0499993745589042,0.1538461538461538,0.1538461538461538,0,0,S1-962784092,S2-555998876,0
0.4727272727272727,0.4727272727272727,0.15,0.15,0.2967741935483871,0.0,0,0,0,0.0,0.1666666666666666,0.0540420718508084,0.0,0.0,0,0,S1-776613918,S2-183699168,0
0.6341463414634146,0.6341463414634146,0.1785714285714285,0.1785714285714285,0.2893081761006289,0.0,0,0,0,0.0,0.2,0.0521946973969995,0.0,0.0,0,0,S1-776613918,S2-450538091,0
0.4347826086956521,0.4347826086956521,0.1515151515151515,0.1515151515151515,0.2816901408450704,0.0,0,0,0,0.0,0.2,0.0548826300496812,0.0,0.0,0,0,S1-776613918,S2-605846251,0
0.5098039215686274,0.5098039215686274,0.1388888888888889,0.1388888888888889,0.1783439490445859,0.0,0,0,0,0.0,0.1428571428571428,0.0416401338894519,0.0454545454545454,0.0454545454545454,0,0,S1-776613918,S2-969131319,0
0.4918032786885246,0.4918032786885246,0.1904761904761904,0.1904761904761904,0.125,0.0,0,0,0,0.0,0.1428571428571428,0.0466614142016793,0.0,0.0,0,0,S1-776613918,S2-958146159,0
0.5671641791044776,0.5671641791044776,0.2439024390243902,0.2439024390243902,0.2264150943396226,0.0,0,0,0,0.0,0.3333333333333333,0.228745178129744,0.0,0.0,0,0,S1-662501491,S2-995444276,0
0.5614035087719298,0.5614035087719298,0.1794871794871795,0.1794871794871795,0.0,0.0,0,0,0,0.0,0.125,0.0501053825519901,0.0,0.0,0,1,S1-662501491,S2-187199368,0
0.6376811594202898,0.6376811594202898,0.2666666666666666,0.2666666666666666,0.3770491803278688,0.0,0,0,0,0.0,0.2857142857142857,0.09800610779855,0.0454545454545454,0.0454545454545454,0,0,S1-662501491,S2-359856966,0
0.4210526315789473,0.4210526315789473,0.1162790697674418,0.1162790697674418,0.3184713375796178,0.0,0,0,0,0.0,0.1666666666666666,0.0735511748276272,0.0,0.0,0,0,S1-662501491,S2-777817549,0
0.5757575757575758,0.5757575757575758,0.2790697674418604,0.2790697674418604,0.3066666666666666,0.0,0,0,0,0.0,0.2857142857142857,0.1194647327676244,0.0,0.0,0,0,S1-662501491,S2-693111456,0
0.3773584905660377,0.3773584905660377,0.0238095238095238,0.0238095238095238,0.2040816326530612,0.0,0,0,0,0.0,0.1428571428571428,0.0410847502964329,0.0,0.0,0,0,S1-683375384,S2-820757471,0
0.3111111111111111,0.3111111111111111,0.0294117647058823,0.0294117647058823,0.1904761904761904,0.0,0,0,0,0.0,0.1428571428571428,0.0369394421034494,0.0,0.0,0,0,S1-683375384,S2-249488059,0
0.5098039215686274,0.5098039215686274,0.1052631578947368,0.1052631578947368,0.2456140350877192,0.0,0,0,0,0.0,0.1666666666666666,0.0478641399459889,0.0,0.0,0,0,S1-683375384,S2-488795479,0
0.3809523809523809,0.3809523809523809,0.03125,0.03125,0.2745098039215686,0.0,0,0,0,0.0,0.1666666666666666,0.0460333838367312,0.0,0.0,0,0,S1-683375384,S2-237103523,0
0.391304347826087,0.391304347826087,0.0285714285714285,0.0285714285714285,0.3859649122807017,0.0,0,0,0,0.0,0.1428571428571428,0.0363633061399778,0.0,0.0,0,0,S1-683375384,S2-809558298,0
0.6285714285714286,0.6285714285714286,0.3157894736842105,0.3157894736842105,0.2711864406779661,0.0,0,0,0,0.0,0.25,0.2122788783593387,0.0,0.0,0,0,S1-877258361,S2-246576834,0
0.5909090909090909,0.5909090909090909,0.1935483870967742,0.1935483870967742,0.2352941176470588,0.0,0,0,0,0.0,0.25,0.2778984843957293,0.0,0.0,0,0,S1-877258361,S2-366063326,0
0.625,0.625,0.3157894736842105,0.3157894736842105,0.2666666666666666,0.0,0,0,0,0.0,0.25,0.2273092427596289,0.0,0.0,0,0,S1-877258361,S2-277858998,0
0.4,0.4,0.1666666666666666,0.1666666666666666,0.1395348837209302,0.0,0,0,0,0.0,0.2,0.2500754647971858,0.0,0.0,0,0,S1-877258361,S2-255974279,0
0.4897959183673469,0.4897959183673469,0.1714285714285714,0.1714285714285714,0.2933333333333333,0.0,0,0,0,0.0,0.2,0.2475481199546418,0.0,0.0,0,0,S1-877258361,S2-159615687,0
0.5161290322580645,0.5161290322580645,0.1333333333333333,0.1333333333333333,0.3188405797101449,0.0,0,0,0,0.0,0.125,0.0492304919565983,0.0,0.0,0,0,S1-230582109,S2-216641180,0
0.6666666666666666,0.6666666666666666,0.3529411764705882,0.3529411764705882,0.358974358974359,0.0,0,0,0,0.0,0.3333333333333333,0.1280760421733766,0.0909090909090909,0.0909090909090908,0,0,S1-230582109,S2-685663723,0
0.5,0.5,0.2666666666666666,0.2666666666666666,0.3142857142857143,0.25,1,1,1,0.0,0.2857142857142857,0.0882649963147631,0.0434782608695652,0.0434782608695652,0,0,S1-230582109,S2-295385905,0
0.4745762711864407,0.4745762711864407,0.1111111111111111,0.1111111111111111,0.2857142857142857,0.25,1,1,1,0.0,0.1666666666666666,0.0692973055435707,0.0,0.0,0,0,S1-230582109,S2-730047167,0
0.4912280701754385,0.4912280701754385,0.119047619047619,0.119047619047619,0.1145833333333333,0.0,0,0,0,0.0,0.1428571428571428,0.0456995564931511,0.0666666666666666,0.0666666666666666,0,0,S1-230582109,S2-942839596,0
0.4242424242424242,0.4242424242424242,0.1702127659574468,0.1702127659574468,0.2033898305084746,0.0,0,0,0,0.0,0.125,0.0767715405769314,0.0,0.0,0,0,S1-851799346,S2-867814372,0
0.3934426229508196,0.3934426229508196,0.1333333333333333,0.1333333333333333,0.3793103448275862,0.0,0,0,0,0.0,0.1428571428571428,0.1297511226664359,0.0,0.0,0,0,S1-851799346,S2-999423052,0
0.4,0.4,0.1463414634146341,0.1463414634146341,0.3666666666666666,0.0,0,0,0,0.0,0.2,0.1846574905965415,0.125,0.125,0,0,S1-851799346,S2-520110837,0
0.4918032786885246,0.4918032786885246,0.1818181818181818,0.1818181818181818,0.1016949152542373,0.0,0,0,0,0.0,0.1666666666666666,0.0984526461463146,0.0,0.0,0,0,S1-851799346,S2-443892205,0
0.5423728813559322,0.5423728813559322,0.2195121951219512,0.2195121951219512,0.1587301587301587,0.0,0,0,0,0.0,0.1666666666666666,0.1105000400169913,0.0,0.0,0,0,S1-851799346,S2-98317827,0
0.3636363636363636,0.3636363636363636,0.0606060606060606,0.0606060606060606,0.24,0.0,0,0,0,0.0,0.1666666666666666,0.0782452207084853,0.0,0.0,0,0,S1-237597610,S2-465255548,0
0.21875,0.21875,0.04,0.04,0.2564102564102564,0.0,0,0,0,0.0,0.1111111111111111,0.0594083010726658,0.0,0.0,0,0,S1-237597610,S2-893508744,0
0.4642857142857143,0.4642857142857143,0.0465116279069767,0.0465116279069767,0.3043478260869565,0.0,0,0,0,0.0,0.125,0.062284610055145,0.0,0.0,0,0,S1-237597610,S2-101744187,0
0.3793103448275862,0.3793103448275862,0.0454545454545454,0.0454545454545454,0.3389830508474576,0.0,0,0,0,0.0,0.1111111111111111,0.0579203625798397,0.0,0.0,0,0,S1-237597610,S2-809944101,0
0.3396226415094339,0.3396226415094339,0.05,0.05,0.175438596491228,0.0,0,0,0,0.0,0.125,0.0632664739794974,0.0,0.0,0,0,S1-237597610,S2-811178278,0
0.8307692307692308,0.8307692307692308,0.4473684210526316,0.4473684210526316,0.225563909774436,0.0,0,0,0,0.0,0.3333333333333333,0.1086190552029369,0.0454545454545454,0.0454545454545454,0,0,S1-136165359,S2-582843375,0
0.5901639344262295,0.5901639344262295,0.3076923076923077,0.3076923076923077,0.3310344827586207,0.0,0,0,0,0.0,0.3333333333333333,0.1081981677358509,0.0416666666666666,0.0416666666666666,0,0,S1-136165359,S2-599450774,0
0.5833333333333334,0.5833333333333334,0.4054054054054054,0.4054054054054054,0.2222222222222222,0.0,0,0,0,0.0,0.3333333333333333,0.1142952511958814,0.0,0.0,0,0,S1-136165359,S2-813303139,0
0.52,0.52,0.1388888888888889,0.1388888888888889,0.2573099415204678,0.0,0,0,0,0.0,0.2,0.0628426858798694,0.04,0.0399999999999999,0,0,S1-136165359,S2-356225934,0
0.5753424657534246,0.5753424657534246,0.2156862745098039,0.2156862745098039,0.2857142857142857,0.0,0,0,0,0.0,0.125,0.0516521310830709,0.0,0.0,0,0,S1-136165359,S2-951139927,0
0.4363636363636363,0.4363636363636363,0.0222222222222222,0.0222222222222222,0.2711864406779661,0.0,0,0,0,0.0,0.1666666666666666,0.046474174710357,0.0,0.0,0,0,S1-171120558,S2-151631013,0
0.3265306122448979,0.3265306122448979,0.0256410256410256,0.0256410256410256,0.1951219512195122,0.0,0,0,0,0.0,0.1666666666666666,0.0469625756708868,0.0,0.0,0,0,S1-171120558,S2-691443878,0
0.2727272727272727,0.2727272727272727,0.0576923076923076,0.0576923076923076,0.3768115942028985,0.0,0,0,0,0.0,0.125,0.0328245267824839,0.0833333333333333,0.0833333333333333,0,0,S1-171120558,S2-220553568,0
0.3050847457627119,0.3050847457627119,0.0208333333333333,0.0208333333333333,0.3013698630136986,0.0,0,0,0,0.0,0.1428571428571428,0.0492865098226956,0.0,0.0,0,0,S1-171120558,S2-193401022,0
0.2622950819672131,0.2622950819672131,0.0408163265306122,0.0408163265306122,0.2962962962962963,0.0,0,0,0,0.0,0.1428571428571428,0.0473166298505583,0.0,0.0,0,0,S1-171120558,S2-466147229,0
0.4193548387096774,0.4193548387096774,0.238095238095238,0.238095238095238,0.3053435114503817,0.0,0,0,0,0.0,0.3333333333333333,0.1116582041381089,0.0526315789473684,0.0526315789473684,0,0,S1-861283664,S2-396752858,0
0.4363636363636363,0.4363636363636363,0.125,0.125,0.1276595744680851,0.0,0,0,0,0.0,0.1428571428571428,0.0556166105066077,0.0,0.0,0,0,S1-861283664,S2-897684307,0
0.5098039215686274,0.5098039215686274,0.1666666666666666,0.1666666666666666,0.3206106870229007,0.0,0,0,0,0.0,0.1666666666666666,0.0670984424881628,0.0,0.0,0,0,S1-861283664,S2-712031367,0
0.5245901639344263,0.5245901639344263,0.108695652173913,0.108695652173913,0.2678571428571428,0.0,0,0,0,0.0,0.1428571428571428,0.0416468602659392,0.0,0.0,1,0,S1-861283664,S2-849918501,0
0.4,0.4,0.2075471698113207,0.2075471698113207,0.3742690058479532,0.0,0,0,0,0.0,0.2857142857142857,0.0963931564977946,0.0434782608695652,0.0434782608695652,0,0,S1-861283664,S2-91585928,0
0.5833333333333334,0.5833333333333334,0.1568627450980392,0.1568627450980392,0.2834645669291338,0.0,0,0,0,0.0,0.125,0.0515725714924336,0.0,0.0,0,0,S1-541815651,S2-534997558,0
0.48,0.48,0.24,0.24,0.4193548387096774,0.0,0,0,0,0.0,0.2857142857142857,0.1115799727145572,0.0,0.0,0,0,S1-541815651,S2-331339262,0
0.4242424242424242,0.4242424242424242,0.1,0.1,0.1702127659574468,0.0,0,0,0,0.0,0.1666666666666666,0.0546545203946462,0.0,0.0,0,0,S1-541815651,S2-637308189,0
0.5454545454545454,0.5454545454545454,0.125,0.125,0.1925925925925926,0.0,0,0,0,0.0,0.1428571428571428,0.0563128981409541,0.0,0.0,0,0,S1-541815651,S2-46464921,0
0.40625,0.40625,0.1063829787234042,0.1063829787234042,0.3777777777777777,0.0,0,0,0,0.0,0.1428571428571428,0.0537528177855888,0.0,0.0,0,0,S1-541815651,S2-830090494,0
0.4,0.4,0.0851063829787234,0.0851063829787234,0.160919540229885,0.0,0,0,0,0.0,0.1666666666666666,0.0498389888007022,0.0,0.0,0,0,S1-159856883,S2-659178877,0
0.1875,0.1875,0.0188679245283018,0.0188679245283018,0.3421052631578947,0.0,0,0,0,0.0,0.1428571428571428,0.0420759449436594,0.0,0.0,0,0,S1-159856883,S2-839110738,0
0.2153846153846154,0.2153846153846154,0.0188679245283018,0.0188679245283018,0.1612903225806451,0.0,0,0,0,0.0,0.125,0.0409472145205168,0.0,0.0,0,0,S1-159856883,S2-806541523,0
0.2686567164179104,0.2686567164179104,0.0363636363636363,0.0363636363636363,0.4166666666666667,0.0,0,0,0,0.0,0.1428571428571428,0.0394320373371875,0.0,0.0,0,0,S1-159856883,S2-920552216,0
0.3692307692307692,0.3692307692307692,0.0185185185185185,0.0185185185185185,0.1917808219178082,0.0,0,0,0,0.0,0.1428571428571428,0.049623605177862,0.0,0.0,0,0,S1-159856883,S2-454623328,0
0.5333333333333333,0.5333333333333333,0.0285714285714285,0.0285714285714285,0.3636363636363636,0.0,0,0,0,0.0,0.1666666666666666,0.0804473497627285,0.0,0.0,0,0,S1-913785285,S2-19117998,0
0.48,0.48,0.0526315789473684,0.0526315789473684,0.4,0.0,0,0,0,0.0,0.1428571428571428,0.0550646400200997,0.0,0.0,0,0,S1-913785285,S2-618011259,0
0.3783783783783784,0.3783783783783784,0.0357142857142857,0.0357142857142857,0.2666666666666666,0.0,0,0,0,0.0,0.2,0.0989319235087166,0.0,0.0,0,0,S1-913785285,S2-457612732,0
0.3225806451612903,0.3225806451612903,0.0454545454545454,0.0454545454545454,0.3389830508474576,0.0,0,0,0,0.0,0.2,0.0652553581262461,0.0,0.0,0,0,S1-913785285,S2-993796353,0
0.375,0.375,0.0263157894736842,0.0263157894736842,0.4074074074074074,0.0,0,0,0,0.0,0.1666666666666666,0.0687258631486898,0.1,0.1,0,0,S1-913785285,S2-766452226,0
0.3555555555555555,0.3555555555555555,0.1014492753623188,0.1014492753623188,0.2342342342342342,0.0,0,0,0,0.0,0.0909090909090909,0.0260005771862786,0.0,0.0,0,0,S1-145942488,S2-438482111,0
0.2608695652173913,0.2608695652173913,0.0985915492957746,0.0985915492957746,0.2790697674418604,0.0,0,0,0,0.0,0.0909090909090909,0.0240971485339834,0.0,0.0,0,0,S1-145942488,S2-65115859,0
0.5510204081632653,0.5510204081632653,0.208955223880597,0.208955223880597,0.2068965517241379,0.0,0,0,0,0.0,0.1818181818181818,0.0484189503189288,0.0,0.0,0,0,S1-145942488,S2-997165561,0
0.3820224719101123,0.3820224719101123,0.1029411764705882,0.1029411764705882,0.2474226804123711,0.0,0,0,0,0.0,0.0909090909090909,0.02550909651589,0.0,0.0,0,0,S1-145942488,S2-251520188,0
0.4835164835164835,0.4835164835164835,0.2063492063492063,0.2063492063492063,0.1846153846153846,0.0,0,0,0,0.0,0.1818181818181818,0.0489892547553533,0.0,0.0,0,0,S1-145942488,S2-514164775,0
0.4482758620689655,0.4482758620689655,0.1666666666666666,0.1666666666666666,0.3063063063063063,0.0,0,0,0,0.0,0.1666666666666666,0.1871457050970732,0.0,0.0,0,0,S1-281993653,S2-721532220,0
0.4705882352941176,0.4705882352941176,0.131578947368421,0.131578947368421,0.2553191489361702,0.0,0,0,0,0.0,0.2,0.2130214048347475,0.0,0.0,0,0,S1-281993653,S2-773597859,0
0.4727272727272727,0.4727272727272727,0.1842105263157894,0.1842105263157894,0.3759398496240601,0.0,0,0,0,0.0,0.1666666666666666,0.2210905258569891,0.05,0.0499999999999999,0,0,S1-281993653,S2-78669413,0
0.3773584905660377,0.3773584905660377,0.1282051282051282,0.1282051282051282,0.2201834862385321,0.0,0,0,0,0.0,0.1666666666666666,0.1732912530785523,0.0,0.0,0,0,S1-281993653,S2-19675450,0
0.5833333333333334,0.3829787234042553,0.3571428571428571,0.21875,0.208955223880597,0.0,0,0,0,0.0,0.5,0.4548330197814844,0.0,0.0,1,0,S1-281993653,S2-825428490,0
0.1333333333333333,0.1333333333333333,0.0285714285714285,0.0285714285714285,0.1964285714285714,0.0,0,0,0,0.0,0.1666666666666666,0.0719800410456983,0.0,0.0,0,0,S1-863624803,S2-73094443,0
0.4923076923076923,0.4923076923076923,0.0612244897959183,0.0612244897959183,0.1886792452830188,0.0,0,0,0,0.0,0.1111111111111111,0.0875148571273233,0.0,0.0,0,0,S1-863624803,S2-590345547,0
0.2745098039215686,0.2745098039215686,0.025,0.025,0.3018867924528302,0.0,0,0,0,0.0,0.1428571428571428,0.0583756862357571,0.0,0.0,0,0,S1-863624803,S2-110695195,0
0.48,0.48,0.0526315789473684,0.0526315789473684,0.1367521367521367,0.0,0,0,0,0.0,0.1428571428571428,0.0660360793847732,0.0,0.0,0,0,S1-863624803,S2-148560259,0
0.3404255319148936,0.3404255319148936,0.0277777777777777,0.0277777777777777,0.2105263157894736,0.0,0,0,0,0.0,0.1428571428571428,0.0707853797127998,0.0,0.0,0,0,S1-863624803,S2-347623467,0
0.35,0.35,0.0344827586206896,0.0344827586206896,0.1846153846153846,0.0,0,0,0,0.0,0.1428571428571428,0.0479004990116343,0.0,0.0,0,0,S1-969918995,S2-193255587,0
0.4545454545454545,0.4545454545454545,0.0625,0.0625,0.3492063492063492,0.0,0,0,0,0.0,0.1428571428571428,0.0517026994759477,0.0,0.0,0,0,S1-969918995,S2-311124116,0
0.16,0.16,0.0833333333333333,0.0833333333333333,0.2711864406779661,0.0,0,0,0,0.0,0.2857142857142857,0.1709404001122808,0.0,0.0,0,0,S1-969918995,S2-547277076,0
0.1851851851851851,0.1851851851851851,0.0238095238095238,0.0238095238095238,0.28125,0.0,0,0,0,0.0,0.125,0.0510791773821502,0.0,0.0,0,0,S1-969918995,S2-730235522,0
0.4210526315789473,0.4210526315789473,0.0222222222222222,0.0222222222222222,0.3333333333333333,0.0,0,0,0,0.0,0.125,0.0463380086658188,0.0,0.0,1,0,S1-969918995,S2-433439607,0
0.3,0.3,0.0425531914893617,0.0425531914893617,0.3692307692307692,0.0,0,0,0,0.0,0.125,0.0331801673888895,0.0,0.0,0,0,S1-91999143,S2-201200740,0
0.5116279069767442,0.5116279069767442,0.0303030303030303,0.0303030303030303,0.2,0.0,0,0,0,0.0,0.1666666666666666,0.0605946243678369,0.0,0.0,0,0,S1-91999143,S2-869377102,0
0.4878048780487805,0.4878048780487805,0.03125,0.03125,0.2686567164179104,0.0,0,0,0,0.0,0.2,0.0494973225603284,0.0,0.0,0,0,S1-91999143,S2-707276645,0
0.4878048780487805,0.4878048780487805,0.032258064516129,0.032258064516129,0.4411764705882353,0.0,0,0,0,0.0,0.1666666666666666,0.0428300204685754,0.1111111111111111,0.1111111111111111,0,0,S1-91999143,S2-698303740,0
0.4571428571428571,0.4571428571428571,0.0833333333333333,0.0833333333333333,0.3243243243243243,0.0,0,0,0,0.0,0.1666666666666666,0.0408729571409079,0.0,0.0,0,0,S1-91999143,S2-761962325,0
0.15,0.15,0.0344827586206896,0.0344827586206896,0.2592592592592592,0.0,0,0,0,0.0,0.1428571428571428,0.0521288150212142,0.0,0.0,0,0,S1-117240365,S2-787360832,0
0.4347826086956521,0.4347826086956521,0.0285714285714285,0.0285714285714285,0.3333333333333333,0.0,0,0,0,0.0,0.1428571428571428,0.0458278392289956,0.0,0.0,0,0,S1-117240365,S2-938789544,0
0.425531914893617,0.425531914893617,0.0277777777777777,0.0277777777777777,0.2807017543859649,0.0,0,0,0,0.0,0.1428571428571428,0.0519482872973099,0.0,0.0,0,0,S1-117240365,S2-314548326,0
0.48,0.48,0.0263157894736842,0.0263157894736842,0.2040816326530612,0.0,0,0,0,0.0,0.125,0.0458695347707031,0.0,0.0,0,0,S1-117240365,S2-910128413,0
0.1578947368421052,0.1578947368421052,0.037037037037037,0.037037037037037,0.2666666666666666,0.0,0,0,0,0.0,0.1428571428571428,0.0474776547403749,0.0,0.0,1,0,S1-117240365,S2-855904512,0
0.4411764705882353,0.4411764705882353,0.1372549019607843,0.1372549019607843,0.3065693430656934,0.0,0,0,0,0.0,0.1428571428571428,0.0573034530382313,0.0,0.0,0,0,S1-655725251,S2-820645328,0
0.4814814814814814,0.4814814814814814,0.1282051282051282,0.1282051282051282,0.2916666666666667,0.0,0,0,0,0.0,0.1666666666666666,0.0796055992619414,0.0,0.0,0,0,S1-655725251,S2-670495973,0
0.6428571428571429,0.6428571428571429,0.1794871794871795,0.1794871794871795,0.2553191489361702,0.0,0,0,0,0.0,0.1428571428571428,0.0582830814942306,0.0,0.0,0,0,S1-655725251,S2-193955069,0
0.5846153846153846,0.5846153846153846,0.2272727272727272,0.2272727272727272,0.3503649635036496,0.0,0,0,0,0.0,0.3333333333333333,0.134976793029214,0.0,0.0,0,0,S1-655725251,S2-846422320,0
0.6756756756756757,0.6756756756756757,0.2765957446808511,0.2765957446808511,0.2461538461538461,0.0,0,0,0,0.0,0.25,0.0906475293577313,0.0,0.0,0,0,S1-655725251,S2-555084835,0
0.4857142857142857,0.4857142857142857,0.0943396226415094,0.0943396226415094,0.0,0.0,0,0,0,0.0,0.1111111111111111,0.0345485250771084,0.0,0.0,0,1,S1-259539581,S2-9047068,0
0.5217391304347826,0.5217391304347826,0.1176470588235294,0.1176470588235294,0.1616161616161616,0.0,0,0,0,0.0,0.125,0.0439648645510398,0.0,0.0,0,0,S1-259539581,S2-141861397,0
0.2456140350877192,0.2456140350877192,0.1162790697674418,0.1162790697674418,0.1311475409836065,0.0,0,0,0,0.0,0.1666666666666666,0.0542982051582673,0.0,0.0,0,0,S1-259539581,S2-311706940,0
0.4126984126984127,0.4126984126984127,0.1063829787234042,0.1063829787234042,0.1052631578947368,0.0,0,0,0,0.0,0.125,0.0388035391653769,0.0,0.0,0,0,S1-259539581,S2-580212285,0
0.4285714285714285,0.4285714285714285,0.1153846153846153,0.1153846153846153,0.1939393939393939,0.0,0,0,0,0.0,0.1111111111111111,0.0390066868833627,0.0,0.0,0,0,S1-259539581,S2-922836128,0
0.4561403508771929,0.4561403508771929,0.0454545454545454,0.0454545454545454,0.2857142857142857,0.0,0,0,0,0.0,0.125,0.037142585198156,0.0,0.0,0,0,S1-495498850,S2-403417882,0
0.3728813559322034,0.3728813559322034,0.0425531914893617,0.0425531914893617,0.1846153846153846,0.0,0,0,0,0.0,0.1428571428571428,0.0455877041148506,0.0,0.0,0,0,S1-495498850,S2-492913087,0
0.3018867924528302,0.3018867924528302,0.0232558139534883,0.0232558139534883,0.1,0.0,0,0,0,0.0,0.1666666666666666,0.038948971202135,0.0,0.0,0,0,S1-495498850,S2-663452504,0
0.3396226415094339,0.3396226415094339,0.0256410256410256,0.0256410256410256,0.2253521126760563,0.0,0,0,0,0.0,0.1111111111111111,0.0297793256205711,0.0,0.0,0,0,S1-495498850,S2-964894995,0
0.3829787234042553,0.3829787234042553,0.0571428571428571,0.0571428571428571,0.2325581395348837,0.0,0,0,0,0.0,0.1428571428571428,0.0420235779255258,0.0,0.0,0,0,S1-495498850,S2-572765577,0
0.5660377358490566,0.5660377358490566,0.303030303030303,0.303030303030303,0.3673469387755102,0.0,0,0,0,0.0,0.3333333333333333,0.1053146705039715,0.0714285714285714,0.0714285714285714,1,0,S1-763162712,S2-635758705,0
0.7169811320754716,0.7169811320754716,0.3870967741935484,0.3870967741935484,0.2521008403361344,0.0,0,0,0,0.0,0.3333333333333333,0.1228566740515053,0.0,0.0,0,0,S1-763162712,S2-786803122,0
0.4827586206896552,0.4827586206896552,0.119047619047619,0.119047619047619,0.1951219512195122,0.0,0,0,0,0.0,0.1428571428571428,0.0464001022515152,0.0434782608695652,0.0434782608695652,0,0,S1-763162712,S2-544679270,0
0.6349206349206349,0.6349206349206349,0.3076923076923077,0.3076923076923077,0.1538461538461538,0.0,0,0,0,0.0,0.25,0.089673857177302,0.05,0.0499999999999999,0,0,S1-763162712,S2-858206134,0
0.6666666666666666,0.6666666666666666,0.3428571428571428,0.3428571428571428,0.2537313432835821,0.0,0,0,0,0.0,0.3333333333333333,0.111761391249773,0.0526315789473684,0.0526315789473684,0,0,S1-763162712,S2-669135506,0
0.3414634146341463,0.3414634146341463,0.032258064516129,0.032258064516129,0.3174603174603174,0.0,0,0,0,0.0,0.1666666666666666,0.0605665727314884,0.1,0.1,0,0,S1-212572135,S2-695136306,0
0.358974358974359,0.358974358974359,0.0344827586206896,0.0344827586206896,0.1612903225806451,0.0,0,0,0,0.0,0.1666666666666666,0.0814236280134197,0.0,0.0,0,0,S1-212572135,S2-417927717,0
0.3461538461538461,0.3461538461538461,0.024390243902439,0.024390243902439,0.3548387096774194,0.0,0,0,0,0.0,0.1428571428571428,0.0536212882946058,0.0,0.0,0,0,S1-212572135,S2-153723562,0
0.2857142857142857,0.2857142857142857,0.0232558139534883,0.0232558139534883,0.2857142857142857,0.0,0,0,0,0.0,0.125,0.0519346428323571,0.0,0.0,1,0,S1-212572135,S2-622196962,0
0.4117647058823529,0.4117647058823529,0.0416666666666666,0.0416666666666666,0.3943661971830985,0.0,0,0,0,0.0,0.1666666666666666,0.0625144777392063,0.1818181818181818,0.1818181818181818,0,0,S1-212572135,S2-850751886,0
0.5128205128205128,0.5128205128205128,0.1481481481481481,0.1481481481481481,0.2718446601941747,0.0,0,0,0,0.0,0.2,0.1915636122861576,0.0,0.0,0,0,S1-545777702,S2-365506583,0
0.3555555555555555,0.3555555555555555,0.125,0.125,0.2956521739130435,0.0,0,0,0,0.0,0.1666666666666666,0.1867542310804195,0.0,0.0,0,0,S1-545777702,S2-473761277,0
0.3529411764705882,0.3529411764705882,0.1739130434782608,0.1739130434782608,0.358974358974359,0.0,0,0,0,0.0,0.25,0.2390632331214211,0.0454545454545454,0.0454545454545454,0,0,S1-545777702,S2-774957463,0
0.3529411764705882,0.3529411764705882,0.1739130434782608,0.1739130434782608,0.2692307692307692,0.0,0,0,0,0.0,0.25,0.2153203723968665,0.0666666666666666,0.0666666666666666,0,0,S1-545777702,S2-972853605,0
0.4102564102564102,0.4102564102564102,0.2,0.2,0.0,0.0,0,0,0,0.0,0.2,0.16356209365108,0.0,0.0,0,1,S1-545777702,S2-415551592,0
0.3111111111111111,0.3111111111111111,0.125,0.125,0.1818181818181818,0.0,0,0,0,0.0,0.1666666666666666,0.187120433849188,0.0,0.0,0,0,S1-407554487,S2-155123038,0
0.5833333333333334,0.5833333333333334,0.2,0.2,0.26,0.5,1,1,1,0.0,0.3333333333333333,0.2451123475781788,0.0,0.0,0,0,S1-407554487,S2-60581228,0
0.4242424242424242,0.4242424242424242,0.1304347826086956,0.1304347826086956,0.0,0.0,0,0,0,0.0,0.25,0.200173311327814,0.0,0.0,0,1,S1-407554487,S2-90768998,0
0.6923076923076923,0.6923076923076923,0.2666666666666666,0.2666666666666666,0.3333333333333333,0.0,0,0,0,0.0,0.25,0.2062316041159097,0.0625,0.0624999999999999,0,0,S1-407554487,S2-166569232,0
0.4285714285714285,0.4285714285714285,0.1,0.1,0.2677165354330709,0.0,0,0,0,0.0,0.2,0.2136096875946908,0.0,0.0,0,0,S1-407554487,S2-996952098,0
0.5909090909090909,0.5909090909090909,0.2857142857142857,0.2857142857142857,0.1851851851851851,0.0,0,0,0,0.0,0.25,0.1963814417365778,0.0,0.0,0,0,S1-534279288,S2-469696883,0
0.463768115942029,0.463768115942029,0.1568627450980392,0.1568627450980392,0.1629629629629629,0.0,0,0,0,0.0,0.1428571428571428,0.107733555163061,0.0,0.0,0,0,S1-534279288,S2-252291466,0
0.5365853658536586,0.5365853658536586,0.1,0.1,0.2318840579710145,0.0,0,0,0,0.0,0.2,0.2427741048299753,0.0,0.0,0,0,S1-534279288,S2-757461644,0
0.5263157894736842,0.5263157894736842,0.2,0.2,0.2574257425742574,0.0,0,0,0,0.0,0.1666666666666666,0.1099538516732579,0.0,0.0,0,0,S1-534279288,S2-803893792,0
0.4482758620689655,0.4482758620689655,0.0681818181818181,0.0681818181818181,0.2773722627737226,0.0,0,0,0,0.0,0.125,0.1676608232819157,0.0,0.0,0,0,S1-534279288,S2-968059458,0
0.4528301886792453,0.4528301886792453,0.1282051282051282,0.1282051282051282,0.2972972972972973,0.0,0,0,0,0.0,0.1666666666666666,0.0464074647454168,0.0,0.0,0,0,S1-727274165,S2-771907627,0
0.78125,0.78125,0.4210526315789473,0.4210526315789473,0.0,0.0,0,0,0,0.0,0.3333333333333333,0.1009522325699147,0.0,0.0,0,1,S1-727274165,S2-748328771,0
0.4210526315789473,0.4210526315789473,0.1162790697674418,0.1162790697674418,0.2205882352941176,0.0,0,0,0,0.0,0.1666666666666666,0.0484750493182054,0.0,0.0,0,0,S1-727274165,S2-322305108,0
0.7123287671232876,0.7123287671232876,0.2857142857142857,0.2857142857142857,0.2882882882882883,0.0,0,0,0,0.0,0.3333333333333333,0.0893436556548545,0.0588235294117647,0.0588235294117647,0,0,S1-727274165,S2-416915751,0
0.5483870967741935,0.5483870967741935,0.1521739130434782,0.1521739130434782,0.2695035460992908,0.0,0,0,0,0.0,0.1666666666666666,0.0528455225439574,0.0476190476190476,0.0476190476190476,0,0,S1-727274165,S2-925719694,0
0.3888888888888889,0.3888888888888889,0.037037037037037,0.037037037037037,0.2631578947368421,0.0,0,0,0,0.0,0.2,0.0634689997810131,0.0,0.0,0,0,S1-379302553,S2-212382171,0
0.2325581395348837,0.2325581395348837,0.03125,0.03125,0.3384615384615385,0.0,0,0,0,0.0,0.1428571428571428,0.0412015435485753,0.0,0.0,1,0,S1-379302553,S2-943137382,0
0.3720930232558139,0.3720930232558139,0.0303030303030303,0.0303030303030303,0.2769230769230769,0.0,0,0,0,0.0,0.1666666666666666,0.0616284951257462,0.0,0.0,0,0,S1-379302553,S2-557977478,0
0.4,0.4,0.0384615384615384,0.0384615384615384,0.5633802816901409,0.0,0,0,0,0.0,0.2,0.058887546439965,0.1,0.1,0,0,S1-379302553,S2-595920649,0
0.5,0.5,0.0526315789473684,0.0526315789473684,0.2631578947368421,0.0,0,0,0,0.0,0.2,0.0563090763168173,0.0,0.0,0,0,S1-379302553,S2-65481058,0
0.5,0.5,0.1590909090909091,0.1590909090909091,0.2222222222222222,0.0,0,0,0,0.0,0.1666666666666666,0.0893217357613131,0.0,0.0,0,0,S1-927703724,S2-183612618,0
0.4666666666666667,0.4666666666666667,0.1363636363636363,0.1363636363636363,0.2278481012658227,0.0,0,0,0,0.0,0.1666666666666666,0.0941543464892177,0.0,0.0,0,0,S1-927703724,S2-409425563,0
0.6071428571428571,0.6071428571428571,0.1463414634146341,0.1463414634146341,0.1333333333333333,0.0,0,0,0,0.0,0.1666666666666666,0.0997468629714096,0.0,0.0,0,0,S1-927703724,S2-204484566,0
0.6153846153846154,0.6153846153846154,0.1621621621621621,0.1621621621621621,0.1818181818181818,0.0,0,0,0,0.0,0.1666666666666666,0.0893138565798304,0.0,0.0,0,0,S1-927703724,S2-764297223,0
0.4411764705882353,0.4411764705882353,0.1702127659574468,0.1702127659574468,0.1071428571428571,0.0,0,0,0,0.0,0.1666666666666666,0.0988505952159551,0.0,0.0,0,0,S1-927703724,S2-866650875,0
0.5,0.5,0.1111111111111111,0.1111111111111111,0.2105263157894736,0.0,0,0,0,0.0,0.2,0.2403135102129429,0.0,0.0,0,0,S1-757216136,S2-452771819,0
0.5384615384615384,0.5384615384615384,0.1111111111111111,0.1111111111111111,0.3103448275862069,0.0,0,0,0,0.0,0.3333333333333333,0.3153019260828336,0.0,0.0,0,0,S1-757216136,S2-769998546,0
0.6363636363636364,0.6363636363636364,0.3333333333333333,0.3333333333333333,0.4,0.0,0,0,0,0.0,0.3333333333333333,0.3117602356895667,0.0,0.0,0,0,S1-757216136,S2-633608410,0
0.5333333333333333,0.5333333333333333,0.2105263157894736,0.2105263157894736,0.2,0.0,0,0,0,0.0,0.25,0.2942140002499969,0.0,0.0,0,0,S1-757216136,S2-958321123,0
0.4615384615384615,0.4615384615384615,0.1538461538461538,0.1538461538461538,0.1403508771929824,0.0,0,0,0,0.0,0.2,0.2238911023725883,0.0,0.0,0,0,S1-757216136,S2-765531481,0
0.3684210526315789,0.3684210526315789,0.04,0.04,0.2033898305084746,0.0,0,0,0,0.0,0.125,0.0374281121177196,0.0,0.0,0,0,S1-594157566,S2-662746302,0
0.2702702702702703,0.2702702702702703,0.037037037037037,0.037037037037037,0.2903225806451613,0.0,0,0,0,0.0,0.1666666666666666,0.0480722933761871,0.0,0.0,0,0,S1-594157566,S2-998543917,0
0.2692307692307692,0.2692307692307692,0.024390243902439,0.024390243902439,0.1153846153846153,0.0,0,0,0,0.0,0.1428571428571428,0.0479870200900642,0.0,0.0,0,0,S1-594157566,S2-821320066,0
0.3396226415094339,0.3396226415094339,0.0238095238095238,0.0238095238095238,0.2622950819672131,0.0,0,0,0,0.0,0.1428571428571428,0.0460069622427066,0.1,0.1,1,0,S1-594157566,S2-503763049,0
0.1860465116279069,0.1860465116279069,0.03125,0.03125,0.1851851851851851,0.0,0,0,0,0.0,0.1428571428571428,0.0410524284163946,0.0,0.0,0,0,S1-594157566,S2-868475778,0
0.4615384615384615,0.4615384615384615,0.131578947368421,0.131578947368421,0.2439024390243902,0.0,0,0,0,0.0,0.1666666666666666,0.07110711317174,0.0,0.0,0,0,S1-475564329,S2-978232132,0
0.419753086419753,0.419753086419753,0.09375,0.09375,0.192,0.0,0,0,0,0.0,0.125,0.0489779007634106,0.0,0.0,0,0,S1-475564329,S2-899345907,0
0.5,0.5,0.15,0.15,0.5,0.0,0,0,0,0.0,0.1666666666666666,0.0548518128039475,0.1666666666666666,0.1666666666666666,0,0,S1-475564329,S2-277327715,0
0.6521739130434783,0.6521739130434783,0.2258064516129032,0.2258064516129032,0.2051282051282051,0.0,0,0,0,0.0,0.2,0.0600053000800711,0.0,0.0,0,0,S1-475564329,S2-205777991,0
0.4363636363636363,0.4363636363636363,0.1219512195121951,0.1219512195121951,0.4285714285714285,0.0,0,0,0,0.0,0.1666666666666666,0.0575410202312202,0.0625,0.0624999999999999,0,0,S1-475564329,S2-134214424,0
0.3333333333333333,0.3333333333333333,0.0384615384615384,0.0384615384615384,0.2857142857142857,0.0,0,0,0,0.0,0.1666666666666666,0.053399386483769,0.0,0.0,0,0,S1-404725425,S2-977694963,0
0.4090909090909091,0.4090909090909091,0.0303030303030303,0.0303030303030303,0.1052631578947368,0.0,0,0,0,0.0,0.1428571428571428,0.0443242030864599,0.0,0.0,0,0,S1-404725425,S2-189016499,0
0.3684210526315789,0.3684210526315789,0.0357142857142857,0.0357142857142857,0.3773584905660377,0.0,0,0,0,0.0,0.1666666666666666,0.0576267321374183,0.0,0.0,0,0,S1-404725425,S2-390456470,0
0.4444444444444444,0.4444444444444444,0.08,0.08,0.2857142857142857,0.0,0,0,0,0.0,0.1666666666666666,0.0516808103774115,0.0,0.0,0,0,S1-404725425,S2-423051159,0
0.1666666666666666,0.1666666666666666,0.037037037037037,0.037037037037037,0.3076923076923077,0.0,0,0,0,0.0,0.2,0.0596146502547265,0.0,0.0,0,0,S1-404725425,S2-523599272,0
0.4444444444444444,0.4444444444444444,0.1212121212121212,0.1212121212121212,0.3092783505154639,0.0,0,0,0,0.0,0.2,0.0983242997239488,0.0,0.0,0,0,S1-204919619,S2-378124233,0
0.5,0.5,0.08,0.08,0.2826086956521739,0.0,0,0,0,0.0,0.1428571428571428,0.0874541677033543,0.0714285714285714,0.0714285714285714,0,0,S1-204919619,S2-957317794,0
0.2318840579710145,0.2318840579710145,0.0754716981132075,0.0754716981132075,0.3380281690140845,0.0,0,0,0,0.0,0.1111111111111111,0.0893198623102317,0.0,0.0,0,0,S1-204919619,S2-848234498,0
0.56,0.56,0.1714285714285714,0.1714285714285714,0.1616161616161616,0.0,0,0,0,0.0,0.1666666666666666,0.0829814831215313,0.0,0.0,0,0,S1-204919619,S2-52324799,0
0.4285714285714285,0.4285714285714285,0.0952380952380952,0.0952380952380952,0.2307692307692307,0.0,0,0,0,0.0,0.1428571428571428,0.0690512416391471,0.05,0.0499999999999999,1,0,S1-204919619,S2-211221701,0
0.3076923076923077,0.3076923076923077,0.0344827586206896,0.0344827586206896,0.2372881355932203,0.0,0,0,0,0.0,0.1666666666666666,0.0494953213356,0.0,0.0,0,0,S1-987849454,S2-777985554,0
0.1846153846153846,0.1846153846153846,0.0192307692307692,0.0192307692307692,0.2950819672131147,0.0,0,0,0,0.0,0.1111111111111111,0.0419754045057312,0.0,0.0,0,0,S1-987849454,S2-768677445,0
0.3859649122807017,0.3859649122807017,0.0222222222222222,0.0222222222222222,0.1935483870967742,0.0,0,0,0,0.0,0.125,0.0386069869585683,0.0,0.0,0,0,S1-987849454,S2-183793905,0
0.4313725490196078,0.4313725490196078,0.025,0.025,0.2352941176470588,0.0,0,0,0,0.0,0.1428571428571428,0.0437068854447573,0.0,0.0,0,0,S1-987849454,S2-367611561,0
0.24,0.24,0.0256410256410256,0.0256410256410256,0.2318840579710145,0.0,0,0,0,0.0,0.1428571428571428,0.052056760894449,0.0,0.0,0,0,S1-987849454,S2-511714565,0
0.4117647058823529,0.4117647058823529,0.0416666666666666,0.0416666666666666,0.4266666666666667,0.0,0,0,0,0.0,0.1666666666666666,0.0508758961397654,0.0,0.0,0,0,S1-821289455,S2-418555965,0
0.4081632653061224,0.4081632653061224,0.027027027027027,0.027027027027027,0.1951219512195122,0.0,0,0,0,0.0,0.125,0.0391035332541151,0.0,0.0,0,0,S1-821289455,S2-431726319,0
0.5098039215686274,0.5098039215686274,0.0256410256410256,0.0256410256410256,0.3835616438356164,0.0,0,0,0,0.0,0.125,0.0484039372722219,0.0,0.0,0,0,S1-821289455,S2-618085534,0
0.1153846153846153,0.1153846153846153,0.025,0.025,0.2941176470588235,0.0,0,0,0,0.0,0.1428571428571428,0.0468437976471507,0.0,0.0,0,0,S1-821289455,S2-283306593,0
0.4137931034482758,0.4137931034482758,0.0454545454545454,0.0454545454545454,0.282051282051282,0.0,0,0,0,0.0,0.1111111111111111,0.0361210905000697,0.0,0.0,0,0,S1-821289455,S2-41297531,0
0.5423728813559322,0.5423728813559322,0.1395348837209302,0.1395348837209302,0.0,0.0,0,0,0,0.0,0.1428571428571428,0.0594403811068807,0.0,0.0,0,1,S1-461233189,S2-220379378,0
0.625,0.625,0.2857142857142857,0.2857142857142857,0.2666666666666666,0.0,0,0,0,0.0,0.3333333333333333,0.1122505471340566,0.0,0.0,0,0,S1-461233189,S2-557817036,0
0.7017543859649122,0.7017543859649122,0.3529411764705882,0.3529411764705882,0.3714285714285714,0.0,0,0,0,0.0,0.3333333333333333,0.1114482336093927,0.1818181818181818,0.1818181818181818,0,0,S1-461233189,S2-345172295,0
0.5797101449275363,0.5797101449275363,0.2608695652173913,0.2608695652173913,0.2666666666666666,0.0,0,0,0,0.0,0.2857142857142857,0.105123800995441,0.0,0.0,0,0,S1-461233189,S2-39633913,0
0.5714285714285714,0.5714285714285714,0.2162162162162162,0.2162162162162162,0.3181818181818182,0.0,0,0,0,0.0,0.3333333333333333,0.1860127630165381,0.0909090909090909,0.0909090909090908,0,0,S1-461233189,S2-404576751,0
0.5507246376811594,0.5507246376811594,0.2666666666666666,0.2666666666666666,0.2093023255813953,0.0,0,0,0,0.0,0.25,0.0959851670410758,0.0,0.0,0,0,S1-288254418,S2-992401374,0
0.711864406779661,0.711864406779661,0.3428571428571428,0.3428571428571428,0.5116279069767442,0.0,0,0,0,0.0,0.2857142857142857,0.1007397351097248,0.1666666666666666,0.1666666666666666,0,0,S1-288254418,S2-495319352,0
0.5614035087719298,0.5614035087719298,0.119047619047619,0.119047619047619,0.275,0.0,0,0,0,0.0,0.1428571428571428,0.0500089364143043,0.037037037037037,0.037037037037037,1,0,S1-288254418,S2-961901797,0
0.6470588235294118,0.6470588235294118,0.2666666666666666,0.2666666666666666,0.2481751824817518,0.0,0,0,0,0.0,0.2857142857142857,0.0881585249760069,0.0476190476190476,0.0476190476190476,0,0,S1-288254418,S2-975474016,0
0.5217391304347826,0.5217391304347826,0.217391304347826,0.217391304347826,0.3144654088050314,0.0,0,0,0,0.0,0.1111111111111111,0.0388817651476673,0.04,0.0399999999999999,0,0,S1-288254418,S2-940534622,0
0.4897959183673469,0.4897959183673469,0.054054054054054,0.054054054054054,0.1702127659574468,0.0,0,0,0,0.0,0.1428571428571428,0.1969510693707708,0.0,0.0,0,0,S1-252743528,S2-528474928,0
0.5357142857142857,0.5357142857142857,0.2368421052631578,0.2368421052631578,0.36,0.0,0,0,0,0.0,0.1666666666666666,0.1647398949166822,0.0,0.0,0,0,S1-252743528,S2-528845891,0
0.0,0.3103448275862069,0.0,0.0217391304347826,0.3392857142857143,0.0,0,0,0,0.0,0.0,0.0,0.0,0.0,1,0,S1-252743528,S2-519859158,0
0.6285714285714286,0.6285714285714286,0.0384615384615384,0.0384615384615384,0.3496503496503496,0.0,0,0,0,0.0,0.2,0.1090105647875568,0.0454545454545454,0.0454545454545454,0,0,S1-252743528,S2-329297144,0
0.4477611940298507,0.4477611940298507,0.1914893617021276,0.1914893617021276,0.2622950819672131,0.0,0,0,0,0.0,0.125,0.12418730710142,0.0,0.0,0,0,S1-252743528,S2-225331080,0
0.4516129032258064,0.4516129032258064,0.0909090909090909,0.0909090909090909,0.2631578947368421,0.0,0,0,0,0.0,0.25,0.1502034440247679,0.0,0.0,1,0,S1-894321687,S2-3133452,0
0.2666666666666666,0.2666666666666666,0.0638297872340425,0.0638297872340425,0.2068965517241379,0.0,0,0,0,0.0,0.1428571428571428,0.0942236576844576,0.0,0.0,0,0,S1-894321687,S2-615224877,0
0.3414634146341463,0.3414634146341463,0.0714285714285714,0.0714285714285714,0.1487603305785124,0.0,0,0,0,0.0,0.2,0.1368472623387399,0.0,0.0,0,0,S1-894321687,S2-746271686,0
0.3428571428571428,0.3428571428571428,0.0769230769230769,0.0769230769230769,0.2033898305084746,0.0,0,0,0,0.0,0.1111111111111111,0.0819055528328633,0.0,0.0,0,0,S1-894321687,S2-580454269,0
0.4489795918367347,0.4489795918367347,0.1470588235294117,0.1470588235294117,0.2714285714285714,0.0,0,0,0,0.0,0.1428571428571428,0.125361297824468,0.0,0.0,0,0,S1-894321687,S2-433545477,0
0.4528301886792453,0.4528301886792453,0.1282051282051282,0.1282051282051282,0.2620689655172414,0.0,0,0,0,0.0,0.1666666666666666,0.0507899124070144,0.0,0.0,0,0,S1-936282065,S2-918602707,0
0.4,0.4,0.1388888888888889,0.1388888888888889,0.2666666666666666,0.0,0,0,0,0.0,0.1666666666666666,0.0664582806188904,0.0,0.0,0,0,S1-936282065,S2-289385122,0
0.5,0.5,0.2439024390243902,0.2439024390243902,0.0629921259842519,0.0,0,0,0,0.0,0.1666666666666666,0.0536116161128287,0.0,0.0,0,0,S1-936282065,S2-122920933,0
0.5964912280701754,0.5964912280701754,0.3428571428571428,0.3428571428571428,0.2191780821917808,0.0,0,0,0,0.0,0.3333333333333333,0.1192445973085132,0.0384615384615384,0.0384615384615384,0,0,S1-936282065,S2-393940498,0
0.4827586206896552,0.4827586206896552,0.2631578947368421,0.2631578947368421,0.1884057971014492,0.0,0,0,0,0.0,0.3333333333333333,0.1257824512323204,0.0,0.0,0,0,S1-936282065,S2-906898057,0
0.3461538461538461,0.3461538461538461,0.1052631578947368,0.1052631578947368,0.1967213114754098,0.0,0,0,0,0.0,0.1666666666666666,0.1219396254296513,0.0,0.0,0,0,S1-962727661,S2-812236132,0
0.5,0.5,0.1515151515151515,0.1515151515151515,0.3529411764705882,0.0,0,0,0,0.0,0.1666666666666666,0.1814124684367405,0.0,0.0,0,0,S1-962727661,S2-998211272,0
0.2807017543859649,0.2807017543859649,0.0952380952380952,0.0952380952380952,0.2388059701492537,0.0,0,0,0,0.0,0.1428571428571428,0.1002107807498824,0.0,0.0,0,0,S1-962727661,S2-651409686,0
0.3529411764705882,0.3529411764705882,0.1428571428571428,0.1428571428571428,0.3225806451612903,0.0,0,0,0,0.0,0.1428571428571428,0.1391060892805318,0.0,0.0,0,0,S1-962727661,S2-928507929,0
0.5,0.5,0.1176470588235294,0.1176470588235294,0.3809523809523809,0.0,0,0,0,0.0,0.1666666666666666,0.1085709452159124,0.0909090909090909,0.0909090909090909,0,0,S1-962727661,S2-880171202,0
0.4,0.4,0.1111111111111111,0.1111111111111111,0.2795698924731182,0.0,0,0,0,0.0,0.1428571428571428,0.0569790388029224,0.0,0.0,0,0,S1-748540962,S2-746386858,0
0.6075949367088608,0.6075949367088608,0.2407407407407407,0.2407407407407407,0.2077922077922078,0.0,0,0,0,0.0,0.25,0.0842303206240421,0.0,0.0,1,0,S1-748540962,S2-298390170,0
0.5588235294117647,0.5588235294117647,0.1428571428571428,0.1428571428571428,0.2222222222222222,0.0,0,0,0,0.0,0.125,0.0564628445874276,0.0,0.0,0,0,S1-748540962,S2-918671320,0
0.4,0.4,0.081967213114754,0.081967213114754,0.1702127659574468,0.0,0,0,0,0.0,0.1111111111111111,0.0405296410430538,0.0,0.0,0,0,S1-748540962,S2-581249854,0
0.5970149253731343,0.5970149253731343,0.2727272727272727,0.2727272727272727,0.25,0.0,0,0,0,0.0,0.2857142857142857,0.1038878831892146,0.0,0.0,0,0,S1-748540962,S2-328764829,0
0.3692307692307692,0.3692307692307692,0.1,0.1,0.2985074626865671,0.0,0,0,0,0.0,0.1428571428571428,0.1289245214577441,0.0,0.0,0,0,S1-808456108,S2-611065813,0
0.6818181818181818,0.6818181818181818,0.2758620689655172,0.2758620689655172,0.2807017543859649,0.0,0,0,0,0.0,0.25,0.2914683958511025,0.0,0.0,0,0,S1-808456108,S2-607323171,0
0.4814814814814814,0.4814814814814814,0.1282051282051282,0.1282051282051282,0.1470588235294117,0.0,0,0,0,0.0,0.1666666666666666,0.1927322187217794,0.0,0.0,0,0,S1-808456108,S2-627151925,0
0.6060606060606061,0.6060606060606061,0.2272727272727272,0.2272727272727272,0.3714285714285714,0.0,0,0,0,0.0,0.3333333333333333,0.3236092201404385,0.0,0.0,0,0,S1-808456108,S2-84686241,0
0.5098039215686274,0.5098039215686274,0.1515151515151515,0.1515151515151515,0.0,0.0,0,0,0,0.0,0.25,0.173352832459034,0.0,0.0,0,1,S1-808456108,S2-653469113,0
0.56,0.56,0.1714285714285714,0.1714285714285714,0.4727272727272727,0.0,0,0,0,0.0,0.2,0.1190488644672066,0.0,0.0,0,0,S1-220899874,S2-694504644,0
0.3720930232558139,0.3720930232558139,0.2068965517241379,0.2068965517241379,0.074074074074074,0.0,0,0,0,0.0,0.2,0.1050475449319229,0.0,0.0,0,0,S1-220899874,S2-949095820,0
0.5555555555555556,0.5555555555555556,0.1153846153846153,0.1153846153846153,0.2758620689655172,0.0,0,0,0,0.0,0.25,0.3220951207841961,0.0,0.0,0,0,S1-220899874,S2-531501591,0
0.5652173913043478,0.5652173913043478,0.1875,0.1875,0.2047244094488189,0.0,0,0,0,0.0,0.2,0.103602204250854,0.0,0.0,0,0,S1-220899874,S2-497844461,0
0.5769230769230769,0.5769230769230769,0.1578947368421052,0.1578947368421052,0.3103448275862069,0.0,0,0,0,0.0,0.2,0.1112950453555697,0.0,0.0,0,0,S1-220899874,S2-628959348,0
0.3170731707317073,0.3170731707317073,0.032258064516129,0.032258064516129,0.135593220338983,0.0,0,0,0,0.0,0.1,0.0411496233951564,0.0,0.0,0,0,S1-942449735,S2-136399487,0
0.4262295081967213,0.4262295081967213,0.0444444444444444,0.0444444444444444,0.1971830985915492,0.0,0,0,0,0.0,0.1428571428571428,0.0764648454545809,0.0,0.0,1,0,S1-942449735,S2-592291210,0
0.3235294117647059,0.3235294117647059,0.02,0.02,0.1677419354838709,0.0,0,0,0,0.0,0.125,0.0623452818592618,0.0,0.0,0,0,S1-942449735,S2-936882897,0
0.3928571428571428,0.3928571428571428,0.1081081081081081,0.1081081081081081,0.2901554404145077,0.0,0,0,0,0.0,0.2857142857142857,0.1490047378070869,0.03125,0.0312499999999999,0,0,S1-942449735,S2-686074965,0
0.2333333333333333,0.2333333333333333,0.0465116279069767,0.0465116279069767,0.1560283687943262,0.0,0,0,0,0.0,0.125,0.0619689017560158,0.0,0.0,0,0,S1-942449735,S2-121603435,0
0.3928571428571428,0.3928571428571428,0.1428571428571428,0.1428571428571428,0.0,0.0,0,0,0,0.0,0.2,0.1813547357067988,0.0,0.0,0,1,S1-908845594,S2-246585297,0
0.4727272727272727,0.4727272727272727,0.15,0.15,0.1061946902654867,0.0,0,0,0,0.0,0.1666666666666666,0.1576412592678175,0.0,0.0,0,0,S1-908845594,S2-22248420,0
0.5,0.5,0.1714285714285714,0.1714285714285714,0.233009708737864,0.0,0,0,0,0.0,0.25,0.1947560355407679,0.0,0.0,0,0,S1-908845594,S2-84839195,0
0.490566037735849,0.490566037735849,0.1538461538461538,0.1538461538461538,0.12,0.0,0,0,0,0.0,0.2,0.1595015274311088,0.0,0.0,0,0,S1-908845594,S2-78644826,0
0.5652173913043478,0.5652173913043478,0.1875,0.1875,0.1553398058252427,0.0,0,0,0,0.0,0.2,0.1743729598417397,0.0,0.0,0,0,S1-908845594,S2-900518000,0
0.4444444444444444,0.4444444444444444,0.12,0.12,0.2727272727272727,0.0,0,0,0,0.0,0.2,0.1122684885861414,0.0,0.0,0,0,S1-494307520,S2-978640838,0
0.1851851851851851,0.1851851851851851,0.073170731707317,0.073170731707317,0.1764705882352941,0.0,0,0,0,0.0,0.1428571428571428,0.0908045108424921,0.0,0.0,0,0,S1-494307520,S2-602394487,0
0.4590163934426229,0.4590163934426229,0.125,0.125,0.2,0.0,0,0,0,0.0,0.1666666666666666,0.1036999852300265,0.0,0.0,0,0,S1-494307520,S2-436994539,0
0.4615384615384615,0.4615384615384615,0.1071428571428571,0.1071428571428571,0.1935483870967742,0.0,0,0,0,0.0,0.2,0.1013728745967389,0.0,0.0,0,0,S1-494307520,S2-960818749,0
0.3703703703703703,0.3703703703703703,0.1142857142857142,0.1142857142857142,0.1709401709401709,0.0,0,0,0,0.0,0.1666666666666666,0.1044936808451305,0.0,0.0,0,0,S1-494307520,S2-497898664,0
0.2622950819672131,0.2622950819672131,0.0208333333333333,0.0208333333333333,0.2142857142857142,0.0,0,0,0,0.0,0.1111111111111111,0.033075532966029,0.0,0.0,0,0,S1-816640916,S2-389205277,0
0.3428571428571428,0.3428571428571428,0.04,0.04,0.2903225806451613,0.0,0,0,0,0.0,0.1666666666666666,0.0494095527299799,0.0,0.0,0,0,S1-816640916,S2-508468564,0
0.5116279069767442,0.5116279069767442,0.03125,0.03125,0.463768115942029,0.0,0,0,0,0.0,0.1428571428571428,0.0416660881107018,0.0,0.0,0,0,S1-816640916,S2-386626528,0
0.3111111111111111,0.3111111111111111,0.0294117647058823,0.0294117647058823,0.3225806451612903,0.0,0,0,0,0.0,0.1428571428571428,0.043630298916471,0.0,0.0,0,0,S1-816640916,S2-375035645,0
0.3783783783783784,0.3783783783783784,0.037037037037037,0.037037037037037,0.3188405797101449,0.0,0,0,0,0.0,0.1666666666666666,0.0439890441822693,0.0,0.0,0,0,S1-816640916,S2-931723156,0
0.3902439024390244,0.3902439024390244,0.1333333333333333,0.1333333333333333,0.4347826086956521,0.0,0,0,0,0.0,0.25,0.1284047308531135,0.0,0.0,0,0,S1-116255318,S2-904035448,0
0.6,0.6,0.2105263157894736,0.2105263157894736,0.1875,0.0,0,0,0,0.0,0.25,0.157179602232076,0.0,0.0,0,0,S1-116255318,S2-114519962,0
0.5405405405405406,0.5405405405405406,0.1153846153846153,0.1153846153846153,0.131578947368421,0.0,0,0,0,0.0,0.2,0.2498862020338403,0.0,0.0,0,0,S1-116255318,S2-513049997,0
0.5882352941176471,0.5882352941176471,0.1818181818181818,0.1818181818181818,0.3793103448275862,0.0,0,0,0,0.0,0.2,0.1035923830718707,0.0,0.0,0,0,S1-116255318,S2-147492940,0
0.5294117647058824,0.5294117647058824,0.1818181818181818,0.1818181818181818,0.2295081967213114,0.0,0,0,0,0.0,0.2,0.1232862041035488,0.0,0.0,1,0,S1-116255318,S2-561401434,0
0.188235294117647,0.188235294117647,0.09375,0.09375,0.3548387096774194,0.0,0,0,0,0.0,0.0909090909090909,0.0513177108958779,0.0,0.0,0,0,S1-563715989,S2-302933108,0
0.4736842105263157,0.4736842105263157,0.109090909090909,0.109090909090909,0.2857142857142857,0.0,0,0,0,0.0,0.1,0.0539773684136013,0.0,0.0,0,0,S1-563715989,S2-547465839,0
0.4444444444444444,0.4444444444444444,0.1,0.1,0.225,0.0,0,0,0,0.0,0.0909090909090909,0.0460195550490766,0.0,0.0,0,0,S1-563715989,S2-357244024,0
0.4390243902439024,0.4390243902439024,0.0983606557377049,0.0983606557377049,0.2121212121212121,0.0,0,0,0,0.0,0.0909090909090909,0.0420667391649236,0.0,0.0,0,0,S1-563715989,S2-887253912,0
0.4857142857142857,0.4857142857142857,0.1176470588235294,0.1176470588235294,0.2571428571428571,0.0,0,0,0,0.0,0.1111111111111111,0.0531250986693064,0.0,0.0,0,0,S1-563715989,S2-29594767,0
0.6785714285714286,0.6785714285714286,0.3055555555555556,0.3055555555555556,0.2549019607843137,0.0,0,0,0,0.0,0.4,0.4049737544607562,0.0,0.0,0,0,S1-602313462,S2-429173819,0
0.4444444444444444,0.4444444444444444,0.125,0.125,0.3026315789473684,0.0,0,0,0,0.0,0.1666666666666666,0.0529051308318425,0.0,0.0,0,0,S1-602313462,S2-223408371,0
0.4561403508771929,0.4561403508771929,0.119047619047619,0.119047619047619,0.1441441441441441,0.0,0,0,0,0.0,0.1428571428571428,0.1856997963667137,0.0,0.0,0,0,S1-602313462,S2-307251823,0
0.6333333333333333,0.6333333333333333,0.3157894736842105,0.3157894736842105,0.2515723270440251,0.0,0,0,0,0.0,0.3333333333333333,0.1392878601052724,0.0,0.0,0,0,S1-602313462,S2-464637551,0
0.5806451612903226,0.5806451612903226,0.3,0.3,0.2142857142857142,0.0,0,0,0,0.0,0.3333333333333333,0.1372294894868561,0.0,0.0,0,0,S1-602313462,S2-923634203,0
0.4375,0.4375,0.0454545454545454,0.0454545454545454,0.2564102564102564,0.0,0,0,0,0.0,0.1666666666666666,0.0694950086305582,0.0,0.0,0,0,S1-704300375,S2-383210273,0
0.3243243243243243,0.3243243243243243,0.037037037037037,0.037037037037037,0.1403508771929824,0.0,0,0,0,0.0,0.1666666666666666,0.0758460214095044,0.0,0.0,1,0,S1-704300375,S2-72055517,0
0.2222222222222222,0.2222222222222222,0.0384615384615384,0.0384615384615384,0.2162162162162162,0.0,0,0,0,0.0,0.1666666666666666,0.0617743496585444,0.0,0.0,0,0,S1-704300375,S2-193321379,0
0.3870967741935484,0.3870967741935484,0.0454545454545454,0.0454545454545454,0.4888888888888889,0.0,0,0,0,0.0,0.2,0.0712481680468795,0.1111111111111111,0.1111111111111111,0,0,S1-704300375,S2-773344565,0
0.391304347826087,0.391304347826087,0.0571428571428571,0.0571428571428571,0.3333333333333333,0.0,0,0,0,0.0,0.1666666666666666,0.0692516915503807,0.0,0.0,0,0,S1-704300375,S2-546489139,0
0.4102564102564102,0.4102564102564102,0.24,0.24,0.2033898305084746,0.0,0,0,0,0.0,0.2,0.2384345030956706,0.0,0.0,0,0,S1-607955474,S2-649850048,0
0.4285714285714285,0.4285714285714285,0.2142857142857142,0.2142857142857142,0.2711864406779661,0.0,0,0,0,0.0,0.2,0.2517742593252136,0.0,0.0,0,0,S1-607955474,S2-531953316,0
0.6923076923076923,0.6923076923076923,0.4285714285714285,0.4285714285714285,0.3278688524590163,0.0,0,0,0,0.0,0.3333333333333333,0.3546596020255702,0.0,0.0,0,0,S1-607955474,S2-844927521,0
0.5,0.5,0.2608695652173913,0.2608695652173913,0.0,0.0,0,0,0,0.0,0.25,0.2683477957626076,0.0,0.0,0,1,S1-607955474,S2-464446070,0
0.5454545454545454,0.5454545454545454,0.3157894736842105,0.3157894736842105,0.2033898305084746,0.0,0,0,0,0.0,0.2,0.2463846605852984,0.0,0.0,0,0,S1-607955474,S2-606826366,0
0.7419354838709677,0.7419354838709677,0.3,0.3,0.1734104046242774,0.0,0,0,0,0.0,0.3333333333333333,0.138470759568744,0.0357142857142857,0.0357142857142857,1,0,S1-960633076,S2-102472990,0
0.5555555555555556,0.5555555555555556,0.125,0.125,0.238095238095238,0.0,0,0,0,0.0,0.1666666666666666,0.0733644099196724,0.0,0.0,0,0,S1-960633076,S2-271078420,0
0.5714285714285714,0.5714285714285714,0.2105263157894736,0.2105263157894736,0.1940298507462686,0.0,0,0,0,0.0,0.1428571428571428,0.0584727247668869,0.0526315789473684,0.0526315789473684,0,0,S1-960633076,S2-485869826,0
0.6666666666666666,0.6666666666666666,0.3513513513513513,0.3513513513513513,0.3098591549295774,0.0,0,0,0,0.0,0.3333333333333333,0.1087514352939061,0.05,0.0499999999999999,0,0,S1-960633076,S2-936489261,0
0.6440677966101694,0.6440677966101694,0.3243243243243243,0.3243243243243243,0.1946902654867256,0.0,0,0,0,0.0,0.3333333333333333,0.1201025669126253,0.0,0.0,0,0,S1-960633076,S2-7868826,0
0.3888888888888889,0.3888888888888889,0.037037037037037,0.037037037037037,0.2727272727272727,0.0,0,0,0,0.0,0.2,0.0491337837022475,0.0,0.0,0,0,S1-318782515,S2-930240505,0
0.4489795918367347,0.4489795918367347,0.054054054054054,0.054054054054054,0.2,0.0,0,0,0,0.0,0.1428571428571428,0.0411706541502023,0.0,0.0,0,0,S1-318782515,S2-645940787,0
0.3529411764705882,0.3529411764705882,0.04,0.04,0.3137254901960784,0.0,0,0,0,0.0,0.2,0.0678676576802838,0.0,0.0,0,0,S1-318782515,S2-538363473,0
0.4090909090909091,0.4090909090909091,0.0294117647058823,0.0294117647058823,0.4444444444444444,0.0,0,0,0,0.0,0.1666666666666666,0.0591162984561595,0.0,0.0,0,0,S1-318782515,S2-879980104,0
0.3225806451612903,0.3225806451612903,0.0454545454545454,0.0454545454545454,0.2033898305084746,0.0,0,0,0,0.0,0.2,0.0564938436647039,0.0,0.0,0,0,S1-318782515,S2-744164350,0
0.3243243243243243,0.3243243243243243,0.16,0.16,0.1935483870967742,0.0,0,0,0,0.0,0.2,0.1775687485864331,0.0,0.0,0,0,S1-728769041,S2-160401148,0
0.4090909090909091,0.4090909090909091,0.1290322580645161,0.1290322580645161,0.2758620689655172,0.0,0,0,0,0.0,0.1666666666666666,0.1696679704390475,0.0,0.0,0,0,S1-728769041,S2-809001701,0
0.5333333333333333,0.5333333333333333,0.2105263157894736,0.2105263157894736,0.2535211267605634,0.0,0,0,0,0.0,0.25,0.2907488165712957,0.0,0.0,1,0,S1-728769041,S2-547474847,0
0.4363636363636363,0.4363636363636363,0.1219512195121951,0.1219512195121951,0.2,0.0,0,0,0,0.0,0.1666666666666666,0.1402241859598708,0.0,0.0,0,0,S1-728769041,S2-153573534,0
0.5405405405405406,0.5405405405405406,0.16,0.16,0.2461538461538461,0.0,0,0,0,0.0,0.2,0.2216113307279378,0.0,0.0,0,0,S1-728769041,S2-351653272,0
0.6206896551724138,0.6206896551724138,0.3333333333333333,0.3333333333333333,0.2368421052631578,0.0,0,0,0,0.0,0.3333333333333333,0.1260119883174338,0.0,0.0,0,0,S1-784624627,S2-802056932,0
0.6388888888888888,0.6388888888888888,0.2708333333333333,0.2708333333333333,0.1818181818181818,0.0,0,0,0,0.0,0.2857142857142857,0.1120985144157066,0.0,0.0,0,0,S1-784624627,S2-100782761,0
0.6133333333333333,0.6133333333333333,0.24,0.24,0.2802547770700637,0.0,0,0,0,0.0,0.2222222222222222,0.072226598012301,0.1,0.0999999999999999,1,0,S1-784624627,S2-522801016,0
0.5423728813559322,0.5423728813559322,0.1162790697674418,0.1162790697674418,0.316546762589928,0.0,0,0,0,0.0,0.125,0.0587221873721693,0.0,0.0,0,0,S1-784624627,S2-343104114,0
0.5862068965517241,0.5862068965517241,0.1428571428571428,0.1428571428571428,0.3647798742138364,0.0,0,0,0,0.0,0.1428571428571428,0.0710080728792471,0.0909090909090909,0.0909090909090908,0,0,S1-784624627,S2-581239930,0
0.6363636363636364,0.6363636363636364,0.4,0.4,0.2619047619047619,0.0,0,0,0,0.0,0.4,0.4003798832127471,0.0416666666666666,0.0416666666666666,0,0,S1-562754513,S2-674028684,0
0.5,0.5,0.25,0.25,0.2236842105263158,0.0,0,0,0,0.0,0.25,0.1890983005491887,0.0,0.0,0,0,S1-562754513,S2-216998210,0
0.6842105263157895,0.6842105263157895,0.45,0.45,0.0,0.0,0,0,0,0.0,0.4,0.3930642669098945,0.0,0.0,0,1,S1-562754513,S2-88773721,0
0.4848484848484848,0.4848484848484848,0.238095238095238,0.238095238095238,0.3037974683544304,0.0,0,0,0,0.0,0.25,0.1912522417590972,0.0,0.0,0,0,S1-562754513,S2-487270769,0
0.75,0.75,0.4090909090909091,0.4090909090909091,0.3063063063063063,0.0,0,0,0,0.0,0.4,0.315169225738676,0.0588235294117647,0.0588235294117647,0,0,S1-562754513,S2-998062956,0
0.5333333333333333,0.5333333333333333,0.1363636363636363,0.1363636363636363,0.0,0.0,0,0,0,0.0,0.1428571428571428,0.1432435445212183,0.0,0.0,0,1,S1-138305121,S2-222897099,0
0.4375,0.4375,0.0816326530612244,0.0816326530612244,0.2465753424657534,0.0,0,0,0,0.0,0.125,0.0722373302791947,0.0,0.0,0,0,S1-138305121,S2-346040569,0
0.5,0.5,0.0769230769230769,0.0769230769230769,0.4324324324324324,0.0,0,0,0,0.0,0.1428571428571428,0.0935889318579797,0.0909090909090909,0.0909090909090909,0,0,S1-138305121,S2-258999394,0
0.5396825396825397,0.5396825396825397,0.358974358974359,0.358974358974359,0.2368421052631578,0.0,0,0,0,0.0,0.6,0.5583820553246317,0.0,0.0,0,0,S1-138305121,S2-726436479,0
0.1875,0.1875,0.06,0.06,0.5185185185185185,0.0,0,0,0,0.0,0.125,0.1002290744147337,0.0833333333333333,0.0833333333333333,0,0,S1-138305121,S2-469569825,0
0.64,0.64,0.4285714285714285,0.4285714285714285,0.2372881355932203,0.0,0,0,0,0.0,0.5,0.6198559639764503,0.0,0.0,0,0,S1-374920705,S2-670917271,0
0.3018867924528302,0.3018867924528302,0.1578947368421052,0.1578947368421052,0.2950819672131147,0.0,0,0,0,0.0,0.25,0.2344483374385873,0.0,0.0,0,0,S1-374920705,S2-260909540,0
0.4444444444444444,0.4444444444444444,0.2608695652173913,0.2608695652173913,0.2372881355932203,0.0,0,0,0,0.0,0.25,0.2980516201017782,0.0,0.0,0,0,S1-374920705,S2-661664283,0
0.5714285714285714,0.5714285714285714,0.375,0.375,0.3448275862068966,0.0,0,0,0,0.0,0.3333333333333333,0.333716201146591,0.0,0.0,0,0,S1-374920705,S2-711919843,0
0.5925925925925926,0.5925925925925926,0.4,0.4,0.2857142857142857,0.0,0,0,0,0.0,0.3333333333333333,0.300063781601054,0.0,0.0,0,0,S1-374920705,S2-520447085,0
0.4,0.4,0.1388888888888889,0.1388888888888889,0.1818181818181818,0.0,0,0,0,0.0,0.1666666666666666,0.1793679445064204,0.0,0.0,0,0,S1-987048612,S2-180864424,0
0.417910447761194,0.417910447761194,0.0566037735849056,0.0566037735849056,0.3106796116504854,0.0,0,0,0,0.0,0.125,0.0803271461817175,0.0714285714285714,0.0714285714285714,0,0,S1-987048612,S2-125304205,0
0.4745762711864407,0.4745762711864407,0.0666666666666666,0.0666666666666666,0.2391304347826087,0.0,0,0,0,0.0,0.125,0.0797760713971545,0.0,0.0,0,0,S1-987048612,S2-260117742,0
0.3859649122807017,0.3859649122807017,0.0217391304347826,0.0217391304347826,0.2542372881355932,0.0,0,0,0,0.0,0.1428571428571428,0.0772531018661561,0.0588235294117647,0.0588235294117647,0,0,S1-987048612,S2-495261752,0
0.2916666666666667,0.2916666666666667,0.0263157894736842,0.0263157894736842,0.3015873015873015,0.0,0,0,0,0.0,0.1666666666666666,0.0949689133730697,0.0,0.0,0,0,S1-987048612,S2-32738112,0
0.3448275862068966,0.3448275862068966,0.1162790697674418,0.1162790697674418,0.3296703296703296,0.0,0,0,0,0.0,0.1428571428571428,0.036885576013057,0.0666666666666666,0.0666666666666666,0,0,S1-605680458,S2-290663739,0
0.6,0.6,0.2830188679245283,0.2830188679245283,0.2678571428571428,0.0,0,0,0,0.0,0.25,0.0815756917221254,0.0,0.0,0,0,S1-605680458,S2-733678534,0
0.4477611940298507,0.4477611940298507,0.0980392156862745,0.0980392156862745,0.2777777777777778,0.0,0,0,0,0.0,0.125,0.0327318808254692,0.0,0.0,0,0,S1-605680458,S2-712307728,0
0.5079365079365079,0.5079365079365079,0.1304347826086956,0.1304347826086956,0.2682926829268293,0.0,0,0,0,0.0,0.125,0.0400574278189258,0.0,0.0,0,0,S1-605680458,S2-687094738,0
0.3934426229508196,0.3934426229508196,0.108695652173913,0.108695652173913,0.1983471074380165,0.0,0,0,0,0.0,0.1428571428571428,0.0377690242720221,0.0,0.0,0,0,S1-605680458,S2-38552347,0
0.4262295081967213,0.4262295081967213,0.108695652173913,0.108695652173913,0.1964285714285714,0.0,0,0,0,0.0,0.1428571428571428,0.0537431473042679,0.0,0.0,0,0,S1-797797352,S2-963215036,0
0.5283018867924528,0.5283018867924528,0.2162162162162162,0.2162162162162162,0.2150537634408602,0.0,0,0,0,0.0,0.2,0.2373360442882959,0.0,0.0,0,0,S1-797797352,S2-987753655,0
0.6461538461538462,0.6461538461538462,0.3095238095238095,0.3095238095238095,0.2417582417582417,0.0,0,0,0,0.0,0.3333333333333333,0.1054141777208159,0.0,0.0,0,0,S1-797797352,S2-288142232,0
0.3846153846153846,0.3846153846153846,0.175438596491228,0.175438596491228,0.4220183486238532,0.0,0,0,0,0.0,0.2857142857142857,0.1044764769667773,0.0588235294117647,0.0588235294117647,0,0,S1-797797352,S2-699058748,0
0.4727272727272727,0.4727272727272727,0.1219512195121951,0.1219512195121951,0.2535211267605634,0.0,0,0,0,0.0,0.1666666666666666,0.054847843393846,0.0,0.0,1,0,S1-797797352,S2-261792330,0
0.2941176470588235,0.2941176470588235,0.125,0.125,0.1818181818181818,0.0,0,0,0,0.0,0.25,0.3511625761927754,0.0,0.0,0,0,S1-429813907,S2-121693096,0
0.1428571428571428,0.1428571428571428,0.03125,0.03125,0.2153846153846154,0.0,0,0,0,0.0,0.1666666666666666,0.0413620437900371,0.0,0.0,1,0,S1-129303510,S2-60098249,0
0.3888888888888889,0.3888888888888889,0.037037037037037,0.037037037037037,0.2769230769230769,0.0,0,0,0,0.0,0.2,0.0498893997220836,0.0,0.0,0,0,S1-129303510,S2-640269924,0
0.3265306122448979,0.3265306122448979,0.027027027027027,0.027027027027027,0.3548387096774194,0.0,0,0,0,0.0,0.1428571428571428,0.0411750253799933,0.0,0.0,0,0,S1-129303510,S2-72201257,0
0.2857142857142857,0.2857142857142857,0.0384615384615384,0.0384615384615384,0.25,0.0,0,0,0,0.0,0.2,0.0498893997220836,0.0,0.0,0,0,S1-129303510,S2-171380499,0
0.2439024390243902,0.2439024390243902,0.032258064516129,0.032258064516129,0.0,0.0,0,0,0,0.0,0.1666666666666666,0.0471565262789715,0.0,0.0,0,1,S1-129303510,S2-719985597,0
0.5098039215686274,0.5098039215686274,0.1351351351351351,0.1351351351351351,0.2342342342342342,0.0,0,0,0,0.0,0.1666666666666666,0.0444552565719499,0.0,0.0,1,0,S1-725702430,S2-869487269,0
0.4680851063829787,0.4680851063829787,0.1515151515151515,0.1515151515151515,0.2158273381294964,0.0,0,0,0,0.0,0.1666666666666666,0.0375917999304851,0.0526315789473684,0.0526315789473684,0,0,S1-725702430,S2-951557623,0
0.5263157894736842,0.5263157894736842,0.1923076923076923,0.1923076923076923,0.208955223880597,0.0,0,0,0,0.0,0.25,0.0541024905076322,0.0,0.0,0,0,S1-725702430,S2-901464430,0
0.5106382978723404,0.5106382978723404,0.1515151515151515,0.1515151515151515,0.3355704697986577,0.0,0,0,0,0.0,0.1666666666666666,0.0474046457993127,0.0,0.0,1,0,S1-725702430,S2-942134801,0
0.4,0.4,0.1612903225806451,0.1612903225806451,0.2276422764227642,0.0,0,0,0,0.0,0.1666666666666666,0.0484815699100895,0.0,0.0,0,0,S1-725702430,S2-500942550,0
0.6440677966101694,0.6440677966101694,0.2564102564102564,0.2564102564102564,0.2388059701492537,0.0,0,0,0,0.0,0.1428571428571428,0.1547445411498976,0.0,0.0,1,0,S1-527208946,S2-874126749,0
0.5818181818181818,0.5818181818181818,0.2777777777777778,0.2777777777777778,0.25,0.0,0,0,0,0.0,0.1666666666666666,0.1894897400059028,0.0,0.0,0,0,S1-527208946,S2-615202978,0
0.6,0.6,0.25,0.25,0.2666666666666666,0.0,0,0,0,0.0,0.1428571428571428,0.1808406654869735,0.0,0.0,0,0,S1-527208946,S2-134499854,0
0.6333333333333333,0.6333333333333333,0.25,0.25,0.5633802816901409,0.0,0,0,0,0.0,0.1428571428571428,0.1607105243919363,0.3,0.3000000000000001,1,0,S1-527208946,S2-555892726,0
0.5555555555555556,0.5555555555555556,0.3333333333333333,0.3333333333333333,0.2162162162162162,0.0,0,0,0,0.0,0.1428571428571428,0.1441937215044013,0.0,0.0,0,0,S1-527208946,S2-27865742,0
0.4150943396226415,0.4150943396226415,0.0256410256410256,0.0256410256410256,0.3125,0.0,0,0,0,0.0,0.1111111111111111,0.0950067116359834,0.0,0.0,0,0,S1-172650277,S2-814979411,0
0.3043478260869565,0.3043478260869565,0.0303030303030303,0.0303030303030303,0.3333333333333333,0.0,0,0,0,0.0,0.125,0.1013937431709019,0.0,0.0,0,0,S1-172650277,S2-53500622,0
0.4776119402985074,0.4776119402985074,0.1276595744680851,0.1276595744680851,0.1666666666666666,0.0,0,0,0,0.0,0.1,0.1480593195538904,0.0,0.0,0,0,S1-172650277,S2-607939011,0
0.217391304347826,0.217391304347826,0.0303030303030303,0.0303030303030303,0.2711864406779661,0.0,0,0,0,0.0,0.125,0.1036822301417175,0.0,0.0,0,0,S1-172650277,S2-276615836,0
0.3928571428571428,0.3928571428571428,0.05,0.05,0.4642857142857143,0.0,0,0,0,0.0,0.1,0.0866121937865032,0.1111111111111111,0.1111111111111111,0,0,S1-172650277,S2-974651366,0
0.3823529411764705,0.3823529411764705,0.0181818181818181,0.0181818181818181,0.3333333333333333,0.0,0,0,0,0.0,0.125,0.0339305683948961,0.0,0.0,0,0,S1-526264609,S2-604346620,0
0.4285714285714285,0.4285714285714285,0.0441176470588235,0.0441176470588235,0.2105263157894736,0.0,0,0,0,0.0,0.1111111111111111,0.0360509781591663,0.0,0.0,0,0,S1-526264609,S2-448643843,0
0.2807017543859649,0.2807017543859649,0.0222222222222222,0.0222222222222222,0.3673469387755102,0.0,0,0,0,0.0,0.1428571428571428,0.0451414468658716,0.0,0.0,0,0,S1-526264609,S2-866719557,0
0.4,0.4,0.0666666666666666,0.0666666666666666,0.2388059701492537,0.0,0,0,0,0.0,0.125,0.0381921938900303,0.0,0.0,0,0,S1-526264609,S2-199325679,0
0.1034482758620689,0.1034482758620689,0.0217391304347826,0.0217391304347826,0.2285714285714285,0.0,0,0,0,0.0,0.1428571428571428,0.0451461194771953,0.0,0.0,0,0,S1-526264609,S2-547315915,0
0.5573770491803278,0.5573770491803278,0.1555555555555555,0.1555555555555555,0.2545454545454545,0.0,0,0,0,0.0,0.1666666666666666,0.1597275520820615,0.0,0.0,0,0,S1-897417493,S2-447401992,0
0.4,0.4,0.1590909090909091,0.1590909090909091,0.2545454545454545,0.0,0,0,0,0.0,0.1666666666666666,0.1865603964985983,0.0,0.0,0,0,S1-897417493,S2-276949083,0
0.5777777777777777,0.5777777777777777,0.2258064516129032,0.2258064516129032,0.2333333333333333,0.0,0,0,0,0.0,0.25,0.2874648924398987,0.0,0.0,0,0,S1-897417493,S2-914592010,0
0.3170731707317073,0.3170731707317073,0.109375,0.109375,0.2,0.0,0,0,0,0.0,0.125,0.1520324998884463,0.0,0.0,0,0,S1-897417493,S2-473172781,0
0.6,0.6,0.1860465116279069,0.1860465116279069,0.0,0.0,0,0,0,0.0,0.1666666666666666,0.1910682865425828,0.0,0.0,1,1,S1-897417493,S2-309068318,0
0.3461538461538461,0.3461538461538461,0.024390243902439,0.024390243902439,0.3793103448275862,0.0,0,0,0,0.0,0.1428571428571428,0.0403032947402891,0.0,0.0,0,0,S1-970958032,S2-902539214,0
0.4,0.4,0.0188679245283018,0.0188679245283018,0.2711864406779661,0.0,0,0,0,0.0,0.125,0.0436335629050393,0.0,0.0,0,0,S1-970958032,S2-850145716,0
0.3636363636363636,0.3636363636363636,0.0227272727272727,0.0227272727272727,0.4444444444444444,0.0,0,0,0,0.0,0.1428571428571428,0.0395842749941404,0.0,0.0,0,0,S1-970958032,S2-439008837,0
0.40625,0.40625,0.0192307692307692,0.0192307692307692,0.4444444444444444,0.0,0,0,0,0.0,0.125,0.0329752495116159,0.1,0.1,0,0,S1-970958032,S2-294777405,0
0.4166666666666667,0.4166666666666667,0.027027027027027,0.027027027027027,0.1379310344827586,0.0,0,0,0,0.0,0.1428571428571428,0.0425654324138401,0.0,0.0,0,0,S1-970958032,S2-46926215,0
0.391304347826087,0.391304347826087,0.2,0.2,0.2622950819672131,0.0,0,0,0,0.0,0.1666666666666666,0.0712094450389122,0.0,0.0,0,0,S1-235223136,S2-187296895,0
0.4516129032258064,0.4516129032258064,0.1363636363636363,0.1363636363636363,0.1724137931034483,0.0,0,0,0,0.0,0.125,0.04979658763077,0.0,0.0,0,0,S1-235223136,S2-525109734,0
0.3793103448275862,0.3793103448275862,0.1463414634146341,0.1463414634146341,0.2903225806451613,0.0,0,0,0,0.0,0.1428571428571428,0.066655363875728,0.0,0.0,0,0,S1-235223136,S2-11080725,0
0.4375,0.4375,0.1555555555555555,0.1555555555555555,0.2857142857142857,0.0,0,0,0,0.0,0.125,0.0599998988286708,0.0,0.0,0,0,S1-235223136,S2-886034009,0
0.4590163934426229,0.4590163934426229,0.1395348837209302,0.1395348837209302,0.3132530120481928,0.0,0,0,0,0.0,0.125,0.0546286366088707,0.0,0.0,0,0,S1-235223136,S2-950559790,0
0.3478260869565217,0.3478260869565217,0.0625,0.0625,0.2681564245810056,0.0,0,0,0,0.0,0.2,0.134327966785159,0.0,0.0,0,0,S1-122910153,S2-751229023,0
0.4166666666666667,0.4166666666666667,0.054054054054054,0.054054054054054,0.2439024390243902,0.0,0,0,0,0.0,0.1666666666666666,0.1043937036564786,0.0,0.0,0,0,S1-122910153,S2-178123536,0
0.3934426229508196,0.3934426229508196,0.1333333333333333,0.1333333333333333,0.1584158415841584,0.0,0,0,0,0.0,0.1666666666666666,0.1545687658002353,0.0,0.0,0,0,S1-122910153,S2-673049982,0
0.3043478260869565,0.3043478260869565,0.0277777777777777,0.0277777777777777,0.3931623931623931,0.0,0,0,0,0.0,0.1666666666666666,0.1123041072764345,0.0588235294117647,0.0588235294117647,0,0,S1-122910153,S2-163362245,0
0.4285714285714285,0.4285714285714285,0.1219512195121951,0.1219512195121951,0.3511450381679389,0.0,0,0,0,0.0,0.1666666666666666,0.1875650850576988,0.0,0.0,0,0,S1-122910153,S2-609750726,0
0.3636363636363636,0.3636363636363636,0.0454545454545454,0.0454545454545454,0.208955223880597,0.0,0,0,0,0.0,0.1428571428571428,0.0403726658096439,0.0,0.0,0,0,S1-649069577,S2-412351035,0
0.3902439024390244,0.3902439024390244,0.0333333333333333,0.0333333333333333,0.1764705882352941,0.0,0,0,0,0.0,0.1428571428571428,0.0444053145551663,0.0,0.0,0,0,S1-649069577,S2-351227211,0
0.3809523809523809,0.3809523809523809,0.0333333333333333,0.0333333333333333,0.28125,0.0,0,0,0,0.0,0.125,0.0368154217672709,0.0,0.0,0,0,S1-649069577,S2-383172038,0
0.15,0.15,0.037037037037037,0.037037037037037,0.3846153846153846,0.0,0,0,0,0.0,0.1111111111111111,0.0304207787760269,0.0909090909090909,0.0909090909090909,0,0,S1-649069577,S2-592505900,0
0.4375,0.4375,0.0476190476190476,0.0476190476190476,0.25,0.0,0,0,0,0.0,0.1428571428571428,0.0446881829501372,0.0,0.0,0,0,S1-649069577,S2-454109925,0
0.4,0.4,0.1071428571428571,0.1071428571428571,0.1904761904761904,0.0,0,0,0,0.0,0.1666666666666666,0.0989222542831712,0.0,0.0,0,0,S1-346273098,S2-205194412,0
0.7,0.7,0.3478260869565217,0.3478260869565217,0.1282051282051282,0.0,0,0,0,0.0,0.4,0.4203490607443416,0.0,0.0,1,0,S1-346273098,S2-395378739,0
0.5,0.5,0.0833333333333333,0.0833333333333333,0.1707317073170731,0.0,0,0,0,0.0,0.1666666666666666,0.1183148899202816,0.0,0.0,0,0,S1-346273098,S2-572731388,0
0.2121212121212121,0.2121212121212121,0.06,0.06,0.1839080459770115,0.0,0,0,0,0.0,0.1,0.0679418383345152,0.0,0.0,0,0,S1-346273098,S2-87776656,0
0.4090909090909091,0.4090909090909091,0.1290322580645161,0.1290322580645161,0.3013698630136986,0.0,0,0,0,0.0,0.1666666666666666,0.1173568160284201,0.0,0.0,0,0,S1-346273098,S2-786721715,0
0.4878048780487805,0.4878048780487805,0.2692307692307692,0.2692307692307692,0.2452830188679245,0.0,0,0,0,0.0,0.2,0.2762279203362067,0.0,0.0,0,0,S1-732240845,S2-705346457,0
0.5,0.5,0.0588235294117647,0.0588235294117647,0.2222222222222222,0.0,0,0,0,0.0,0.3333333333333333,0.3623868512972962,0.0,0.0,1,0,S1-732240845,S2-280928557,0
0.4516129032258064,0.4516129032258064,0.0434782608695652,0.0434782608695652,0.0851063829787234,0.0,0,0,0,0.0,0.25,0.2726229472834799,0.0,0.0,0,0,S1-732240845,S2-869862915,0
0.3333333333333333,0.3333333333333333,0.037037037037037,0.037037037037037,0.12,0.0,0,0,0,0.0,0.2,0.2629342240714447,0.0,0.0,0,0,S1-732240845,S2-248463695,0
0.3703703703703703,0.3703703703703703,0.0526315789473684,0.0526315789473684,0.1914893617021276,0.0,0,0,0,0.0,0.25,0.3090856438691106,0.0,0.0,0,0,S1-732240845,S2-750979979,0
0.5416666666666666,0.5416666666666666,0.054054054054054,0.054054054054054,0.217391304347826,0.0,0,0,0,0.0,0.1666666666666666,0.0641180640068855,0.0,0.0,0,0,S1-424118841,S2-627178839,0
0.4,0.4,0.0465116279069767,0.0465116279069767,0.2666666666666666,0.0,0,0,0,0.0,0.1428571428571428,0.0579671439768181,0.0,0.0,0,0,S1-424118841,S2-271691168,0
0.4444444444444444,0.4444444444444444,0.0285714285714285,0.0285714285714285,0.3157894736842105,0.0,0,0,0,0.0,0.1666666666666666,0.0588898606875943,0.0,0.0,0,0,S1-424118841,S2-472270276,0
0.4615384615384615,0.4615384615384615,0.075,0.075,0.2641509433962264,0.0,0,0,0,0.0,0.1666666666666666,0.0720690075589123,0.0,0.0,0,0,S1-424118841,S2-306632562,0
0.5517241379310345,0.5517241379310345,0.225,0.225,0.1066666666666666,0.0,0,0,0,0.0,0.1666666666666666,0.2089413740948147,0.0,0.0,0,0,S1-424118841,S2-392444079,0
0.5614035087719298,0.5614035087719298,0.2,0.2,0.0,0.0,0,0,0,0.0,0.1666666666666666,0.1695776641905026,0.0,0.0,0,1,S1-37473034,S2-84900800,0
0.4561403508771929,0.4561403508771929,0.0454545454545454,0.0454545454545454,0.2352941176470588,0.0,0,0,0,0.0,0.1428571428571428,0.0448674190109969,0.0,0.0,0,0,S1-37473034,S2-462145116,0
0.32,0.32,0.0526315789473684,0.0526315789473684,0.2535211267605634,0.0,0,0,0,0.0,0.1428571428571428,0.0418070634664681,0.0,0.0,0,0,S1-37473034,S2-568758208,0
0.3684210526315789,0.3684210526315789,0.0344827586206896,0.0344827586206896,0.4210526315789473,0.0,0,0,0,0.0,0.2,0.0521541362848763,0.125,0.1249999999999999,0,0,S1-37473034,S2-315712340,0
0.425531914893617,0.425531914893617,0.0555555555555555,0.0555555555555555,0.3125,0.0,0,0,0,0.0,0.1666666666666666,0.0514924604671285,0.0,0.0,0,0,S1-37473034,S2-617757493,0
0.3333333333333333,0.3333333333333333,0.0277777777777777,0.0277777777777777,0.2857142857142857,0.0,0,0,0,0.0,0.125,0.0718803233480916,0.0,0.0,0,0,S1-514811869,S2-463632349,0
0.2909090909090909,0.2909090909090909,0.048780487804878,0.048780487804878,0.2411347517730496,0.0,0,0,0,0.0,0.125,0.063262766697511,0.0,0.0,0,0,S1-514811869,S2-613418598,0
0.3333333333333333,0.3333333333333333,0.027027027027027,0.027027027027027,0.2150537634408602,0.0,0,0,0,0.0,0.1428571428571428,0.0568392910907485,0.0,0.0,0,0,S1-514811869,S2-799670375,0
0.4186046511627907,0.4186046511627907,0.03125,0.03125,0.0869565217391304,0.0,0,0,0,0.0,0.1428571428571428,0.0669249026482199,0.0,0.0,0,0,S1-514811869,S2-742382028,0
0.4390243902439024,0.4390243902439024,0.032258064516129,0.032258064516129,0.1801801801801801,0.0,0,0,0,0.0,0.1666666666666666,0.0696686540821189,0.0,0.0,0,0,S1-514811869,S2-899466977,0
0.3396226415094339,0.3396226415094339,0.0232558139534883,0.0232558139534883,0.16,0.0,0,0,0,0.0,0.1666666666666666,0.0668827067994758,0.0,0.0,0,0,S1-812009290,S2-769592531,0
0.2222222222222222,0.2222222222222222,0.0392156862745098,0.0392156862745098,0.1071428571428571,0.0,0,0,0,0.0,0.1428571428571428,0.0540265269449302,0.0,0.0,0,0,S1-812009290,S2-396463097,0
0.2,0.2,0.025,0.025,0.3283582089552239,0.0,0,0,0,0.0,0.1666666666666666,0.0546187422662183,0.0,0.0,0,0,S1-812009290,S2-154929641,0
0.4406779661016949,0.4406779661016949,0.0212765957446808,0.0212765957446808,0.3636363636363636,0.0,0,0,0,0.0,0.125,0.0440732118831107,0.0,0.0,1,0,S1-812009290,S2-492235295,0
0.2978723404255319,0.2978723404255319,0.0555555555555555,0.0555555555555555,0.1694915254237288,0.0,0,0,0,0.0,0.1666666666666666,0.0575196895220615,0.0,0.0,0,0,S1-812009290,S2-853284207,0
0.0,0.6111111111111112,0.0,0.074074074074074,0.8108108108108109,1.0,1,1,3,0.0,0.0,0.0,0.9,0.9,1,0,S1-93791103,S2-414010221,1
0.4347826086956521,0.4347826086956521,0.2325581395348837,0.2325581395348837,0.2278481012658227,0.0,0,0,0,0.0,0.1666666666666666,0.2002368444786329,0.0,0.0,0,0,S1-93791103,S2-741227358,0
0.3783783783783784,0.3783783783783784,0.1153846153846153,0.1153846153846153,0.2352941176470588,0.0,0,0,0,0.0,0.25,0.2845844717833571,0.0,0.0,0,0,S1-93791103,S2-780050080,0
0.5714285714285714,0.5714285714285714,0.2777777777777778,0.2777777777777778,0.2517482517482518,0.0,0,0,0,0.0,0.2,0.2679676513043298,0.0,0.0,0,0,S1-93791103,S2-291044452,0
0.7692307692307693,0.7692307692307693,0.5,0.5,0.1702127659574468,0.0,0,0,0,0.0,0.25,0.2025843477102729,0.0,0.0,1,0,S1-93791103,S2-802887334,0
0.4507042253521127,0.4507042253521127,0.2,0.2,0.2857142857142857,0.0,0,0,0,0.0,0.1666666666666666,0.179149930146058,0.0,0.0,0,0,S1-93791103,S2-127081735,0
0.5217391304347826,0.5217391304347826,0.1666666666666666,0.1666666666666666,0.1632653061224489,0.0,0,0,0,0.0,0.125,0.174801570179904,0.0,0.0,0,0,S1-987512243,S2-841028739,0
0.4242424242424242,0.4242424242424242,0.0909090909090909,0.0909090909090909,0.3555555555555555,0.0,0,0,0,0.0,0.1666666666666666,0.1390947296613287,0.125,0.125,0,0,S1-987512243,S2-198744575,0
0.4571428571428571,0.4571428571428571,0.0833333333333333,0.0833333333333333,0.2622950819672131,0.0,0,0,0,0.0,0.1666666666666666,0.132575664164966,0.0,0.0,0,0,S1-987512243,S2-630789699,0
0.4137931034482758,0.4137931034482758,0.1,0.1,0.1935483870967742,0.0,0,0,0,0.0,0.25,0.1852749121265014,0.0,0.0,0,0,S1-987512243,S2-488732237,0
0.4242424242424242,0.4242424242424242,0.0869565217391304,0.0869565217391304,0.2641509433962264,0.0,0,0,0,0.0,0.2,0.1602551833365808,0.0,0.0,0,0,S1-987512243,S2-427089749,0
0.4230769230769231,0.4230769230769231,0.075,0.075,0.1612903225806451,0.0,0,0,0,0.0,0.1666666666666666,0.0442533151323952,0.0,0.0,0,0,S1-870110914,S2-841818577,0
0.12,0.12,0.0256410256410256,0.0256410256410256,0.4406779661016949,0.0,0,0,0,0.0,0.1428571428571428,0.0400701544630129,0.0,0.0,0,0,S1-870110914,S2-13880511,0
0.4897959183673469,0.4897959183673469,0.0526315789473684,0.0526315789473684,0.2857142857142857,0.0,0,0,0,0.0,0.1666666666666666,0.043759854714107,0.0,0.0,0,0,S1-870110914,S2-527073160,0
0.36,0.36,0.0256410256410256,0.0256410256410256,0.4074074074074074,0.0,0,0,0,0.0,0.1428571428571428,0.0418336194844251,0.1111111111111111,0.1111111111111111,0,0,S1-870110914,S2-18864651,0
0.4230769230769231,0.4230769230769231,0.025,0.025,0.3859649122807017,0.0,0,0,0,0.0,0.1428571428571428,0.0463251636599815,0.0,0.0,0,0,S1-870110914,S2-118227363,0
0.56,0.56,0.0789473684210526,0.0789473684210526,0.0689655172413793,0.0,0,0,0,0.0,0.1666666666666666,0.1725897248892157,0.0,0.0,0,0,S1-121078785,S2-182242929,0
0.4411764705882353,0.4411764705882353,0.1914893617021276,0.1914893617021276,0.4406779661016949,0.0,0,0,0,0.0,0.1428571428571428,0.1624937789224582,0.0,0.0,1,0,S1-121078785,S2-541863188,0
0.2641509433962264,0.2641509433962264,0.073170731707317,0.073170731707317,0.3333333333333333,0.0,0,0,0,0.0,0.1666666666666666,0.1806774655320224,0.0,0.0,0,0,S1-121078785,S2-109005032,0
0.3333333333333333,0.3333333333333333,0.0606060606060606,0.0606060606060606,0.2857142857142857,0.0,0,0,0,0.0,0.25,0.2529080961785839,0.0,0.0,0,0,S1-121078785,S2-730949694,0
0.2926829268292683,0.2926829268292683,0.064516129032258,0.064516129032258,0.1587301587301587,0.0,0,0,0,0.0,0.2,0.2102931914151942,0.0,0.0,0,0,S1-121078785,S2-634277186,0
0.35,0.35,0.0333333333333333,0.0333333333333333,0.1,0.0,0,0,0,0.0,0.1666666666666666,0.1343433875064123,0.0,0.0,0,0,S1-663863887,S2-316175233,0
0.3684210526315789,0.3684210526315789,0.0344827586206896,0.0344827586206896,0.3188405797101449,0.0,0,0,0,0.0,0.2,0.1420075120338152,0.0,0.0,0,0,S1-663863887,S2-65551255,0
0.4375,0.4375,0.0454545454545454,0.0454545454545454,0.3170731707317073,0.0,0,0,0,0.0,0.1666666666666666,0.1308986150320343,0.0,0.0,0,0,S1-663863887,S2-73134381,0
0.3809523809523809,0.3809523809523809,0.03125,0.03125,0.3636363636363636,0.0,0,0,0,0.0,0.1666666666666666,0.1284526640511796,0.0,0.0,0,0,S1-663863887,S2-936521677,0
0.375,0.375,0.0434782608695652,0.0434782608695652,0.3466666666666667,0.0,0,0,0,0.0,0.2,0.136557428393313,0.0,0.0,0,0,S1-663863887,S2-433618139,0
0.4,0.4,0.1034482758620689,0.1034482758620689,0.2962962962962963,0.0,0,0,0,0.0,0.2,0.1791812708068127,0.0,0.0,0,0,S1-899992624,S2-611930184,0
0.3902439024390244,0.3902439024390244,0.1034482758620689,0.1034482758620689,0.2545454545454545,0.0,0,0,0,0.0,0.1666666666666666,0.1673473532543485,0.0,0.0,0,0,S1-899992624,S2-893000310,0
0.4347826086956521,0.4347826086956521,0.088235294117647,0.088235294117647,0.2181818181818181,0.0,0,0,0,0.0,0.1666666666666666,0.1439374568784489,0.0,0.0,0,0,S1-899992624,S2-402851930,0
0.4090909090909091,0.4090909090909091,0.09375,0.09375,0.358974358974359,0.0,0,0,0,0.0,0.1666666666666666,0.145197911233271,0.0,0.0,0,0,S1-899992624,S2-499917944,0
0.4150943396226415,0.4150943396226415,0.075,0.075,0.4210526315789473,0.0,0,0,0,0.0,0.1428571428571428,0.1359721574441795,0.0,0.0,0,0,S1-899992624,S2-631644236,0
0.3283582089552239,0.3283582089552239,0.0416666666666666,0.0416666666666666,0.2181818181818181,0.0,0,0,0,0.0,0.1428571428571428,0.0489688534789295,0.0,0.0,0,0,S1-463878814,S2-112147556,0
0.3448275862068966,0.3448275862068966,0.0444444444444444,0.0444444444444444,0.2692307692307692,0.0,0,0,0,0.0,0.1428571428571428,0.0502049281273857,0.0,0.0,1,0,S1-463878814,S2-575778395,0
0.3137254901960784,0.3137254901960784,0.025,0.025,0.3571428571428571,0.0,0,0,0,0.0,0.1666666666666666,0.0520120922530006,0.0,0.0,0,0,S1-463878814,S2-318582425,0
0.3428571428571428,0.3428571428571428,0.0545454545454545,0.0545454545454545,0.2264150943396226,0.0,0,0,0,0.0,0.125,0.0467254975462016,0.0,0.0,0,0,S1-463878814,S2-16676722,0
0.3132530120481928,0.3132530120481928,0.0147058823529411,0.0147058823529411,0.3214285714285714,0.0,0,0,0,0.0,0.1,0.0339557533670346,0.0,0.0,0,0,S1-463878814,S2-543659503,0
0.6551724137931034,0.6551724137931034,0.3428571428571428,0.3428571428571428,0.2619047619047619,0.0,0,0,0,0.0,0.2857142857142857,0.1111275950281067,0.0,0.0,0,0,S1-188604146,S2-615710560,0
0.6428571428571429,0.6428571428571429,0.3529411764705882,0.3529411764705882,0.2018348623853211,0.0,0,0,0,0.0,0.3333333333333333,0.1210262608618986,0.0,0.0,0,0,S1-188604146,S2-988240234,0
0.7368421052631579,0.7368421052631579,0.3823529411764705,0.3823529411764705,0.3544303797468354,0.0,0,0,0,0.0,0.3333333333333333,0.1129545763934451,0.0,0.0,0,0,S1-188604146,S2-193599702,0
0.7,0.7,0.3611111111111111,0.3611111111111111,0.2181818181818181,0.0,0,0,0,0.0,0.2857142857142857,0.085383929018369,0.0,0.0,1,0,S1-188604146,S2-948834693,0
0.7017543859649122,0.7017543859649122,0.3823529411764705,0.3823529411764705,0.2298850574712643,0.0,0,0,0,0.0,0.3333333333333333,0.1121632196212542,0.0,0.0,0,0,S1-188604146,S2-624614037,0
0.5454545454545454,0.5454545454545454,0.2549019607843137,0.2549019607843137,0.1296296296296296,0.0,0,0,0,0.0,0.2222222222222222,0.0801503141281452,0.0,0.0,0,0,S1-612327867,S2-87776656,0
0.711864406779661,0.711864406779661,0.3243243243243243,0.3243243243243243,0.4026845637583892,0.0,0,0,0,0.0,0.3333333333333333,0.1076850094602033,0.1,0.0999999999999999,1,0,S1-612327867,S2-199733306,0
0.4166666666666667,0.4166666666666667,0.109090909090909,0.109090909090909,0.1896551724137931,0.0,0,0,0,0.0,0.125,0.0478583626452846,0.0,0.0,0,0,S1-612327867,S2-64614940,0
0.3428571428571428,0.3428571428571428,0.0925925925925925,0.0925925925925925,0.3111111111111111,0.3333333333333333,1,1,1,0.0,0.125,0.0496702278772902,0.0,0.0,0,0,S1-612327867,S2-270675463,0
0.5862068965517241,0.5862068965517241,0.1707317073170731,0.1707317073170731,0.5189873417721519,0.0,0,0,0,0.0,0.1428571428571428,0.0600984024094448,0.1363636363636363,0.1363636363636363,0,0,S1-612327867,S2-678068412,0
0.5142857142857142,0.5142857142857142,0.2727272727272727,0.2727272727272727,0.2682926829268293,0.0,0,0,0,0.0,0.25,0.0697179903574598,0.0,0.0,0,0,S1-31850101,S2-695902523,0
0.6666666666666666,0.6666666666666666,0.3428571428571428,0.3428571428571428,0.1032258064516129,0.0,0,0,0,0.0,0.3333333333333333,0.1082640154020931,0.0,0.0,0,0,S1-31850101,S2-407777795,0
0.4727272727272727,0.4727272727272727,0.1538461538461538,0.1538461538461538,0.2649006622516556,0.0,0,0,0,0.0,0.1428571428571428,0.0468097259942617,0.0434782608695652,0.0434782608695652,0,0,S1-31850101,S2-437919455,0
0.4117647058823529,0.4117647058823529,0.0961538461538461,0.0961538461538461,0.2890173410404624,0.0,0,0,0,0.0,0.1428571428571428,0.0442879149759869,0.0833333333333333,0.0833333333333333,0,0,S1-31850101,S2-532405319,0
0.4166666666666667,0.4166666666666667,0.2,0.2,0.1911764705882352,0.0,0,0,0,0.0,0.2857142857142857,0.0994486880550739,0.0,0.0,0,0,S1-31850101,S2-782562162,0
0.4545454545454545,0.4545454545454545,0.1612903225806451,0.1612903225806451,0.2571428571428571,0.0,0,0,0,0.0,0.2,0.1774805296386774,0.0,0.0,0,0,S1-97617678,S2-979509599,0
0.4545454545454545,0.4545454545454545,0.15625,0.15625,0.1764705882352941,0.0,0,0,0,0.0,0.25,0.1920386053675037,0.0,0.0,0,0,S1-97617678,S2-624981834,0
0.4912280701754385,0.4912280701754385,0.1428571428571428,0.1428571428571428,0.3191489361702128,0.0,0,0,0,0.0,0.1666666666666666,0.1460929740359502,0.0,0.0,0,0,S1-97617678,S2-85734048,0
0.4285714285714285,0.4285714285714285,0.1463414634146341,0.1463414634146341,0.3235294117647059,0.0,0,0,0,0.0,0.1666666666666666,0.1095253418979827,0.0,0.0,0,0,S1-97617678,S2-661253467,0
0.4912280701754385,0.4912280701754385,0.1463414634146341,0.1463414634146341,0.2,0.0,0,0,0,0.0,0.1666666666666666,0.1686946376086288,0.0,0.0,0,0,S1-97617678,S2-877439980,0
0.4545454545454545,0.4545454545454545,0.14,0.14,0.1473684210526315,0.0,0,0,0,0.0,0.1666666666666666,0.114223959390884,0.0,0.0,0,0,S1-505915468,S2-146559308,0
0.4102564102564102,0.4102564102564102,0.1071428571428571,0.1071428571428571,0.3037974683544304,0.25,1,1,2,0.0,0.2,0.1287063611318476,0.0,0.0,0,0,S1-505915468,S2-421094804,0
0.4166666666666667,0.4166666666666667,0.081081081081081,0.081081081081081,0.108695652173913,0.0,0,0,0,0.0,0.2,0.1135414189145333,0.0,0.0,0,0,S1-505915468,S2-233893324,0
0.3809523809523809,0.3809523809523809,0.09375,0.09375,0.2692307692307692,0.0,0,0,0,0.0,0.25,0.1427432274457668,0.0,0.0,0,0,S1-505915468,S2-670815978,0
0.3076923076923077,0.3076923076923077,0.131578947368421,0.131578947368421,0.2631578947368421,0.0,0,0,0,0.0,0.1666666666666666,0.1131876842717361,0.0,0.0,0,0,S1-505915468,S2-858569964,0
0.3636363636363636,0.3636363636363636,0.0232558139534883,0.0232558139534883,0.3037974683544304,0.0,0,0,0,0.0,0.125,0.0446268664777057,0.0,0.0,1,0,S1-905974472,S2-706205396,0
0.3684210526315789,0.3684210526315789,0.0769230769230769,0.0769230769230769,0.2444444444444444,0.0,0,0,0,0.0,0.3333333333333333,0.1258739458866965,0.0769230769230769,0.0769230769230769,0,0,S1-905974472,S2-282033465,0
0.3829787234042553,0.3829787234042553,0.0277777777777777,0.0277777777777777,0.3209876543209876,0.0,0,0,0,0.0,0.1428571428571428,0.0504718343147237,0.0,0.0,0,0,S1-905974472,S2-414388057,0
0.5454545454545454,0.5454545454545454,0.1,0.1,0.2166666666666666,0.0,0,0,0,0.0,0.2857142857142857,0.1286374897207479,0.0,0.0,0,0,S1-905974472,S2-810892049,0
0.5116279069767442,0.5116279069767442,0.1379310344827586,0.1379310344827586,0.238095238095238,0.0,0,0,0,0.0,0.3333333333333333,0.1228701507944128,0.0,0.0,0,0,S1-905974472,S2-446436360,0
0.4615384615384615,0.4615384615384615,0.1578947368421052,0.1578947368421052,0.2962962962962963,0.0,0,0,0,0.0,0.2,0.1807319681044002,0.0,0.0,0,0,S1-395002727,S2-809083939,0
0.4583333333333333,0.4583333333333333,0.1818181818181818,0.1818181818181818,0.1647058823529411,0.0,0,0,0,0.0,0.1666666666666666,0.1279185783259598,0.0,0.0,0,0,S1-395002727,S2-37583339,0
0.5882352941176471,0.5882352941176471,0.2857142857142857,0.2857142857142857,0.1052631578947368,0.0,0,0,0,0.0,0.25,0.1554215461655026,0.0,0.0,0,0,S1-395002727,S2-351858631,0
0.4230769230769231,0.4230769230769231,0.1578947368421052,0.1578947368421052,0.2558139534883721,0.0,0,0,0,0.0,0.2,0.1638701153394072,0.0,0.0,1,0,S1-395002727,S2-389481125,0
0.3548387096774194,0.3548387096774194,0.1276595744680851,0.1276595744680851,0.2575757575757575,0.0,0,0,0,0.0,0.1666666666666666,0.1559381721576053,0.0,0.0,0,0,S1-395002727,S2-628337784,0
0.4242424242424242,0.4242424242424242,0.1904761904761904,0.1904761904761904,0.1489361702127659,0.0,0,0,0,0.0,0.2,0.189851625750266,0.0,0.0,0,0,S1-491543010,S2-604196599,0
0.3333333333333333,0.3333333333333333,0.037037037037037,0.037037037037037,0.2911392405063291,0.0,0,0,0,0.0,0.2,0.1092258765249587,0.05,0.0499999999999999,0,0,S1-491543010,S2-876338421,0
0.3888888888888889,0.3888888888888889,0.037037037037037,0.037037037037037,0.2482758620689655,0.0,0,0,0,0.0,0.2,0.1073704956515697,0.0,0.0,0,0,S1-491543010,S2-232314056,0
0.5641025641025641,0.5641025641025641,0.1111111111111111,0.1111111111111111,0.3177570093457944,0.0,0,0,0,0.0,0.1666666666666666,0.097743403895739,0.0,0.0,0,0,S1-491543010,S2-804286724,0
0.4651162790697674,0.4651162790697674,0.0303030303030303,0.0303030303030303,0.2420382165605095,0.0,0,0,0,0.0,0.1666666666666666,0.0928390329670384,0.0,0.0,0,0,S1-491543010,S2-619867283,0
0.9411764705882352,0.9411764705882352,0.696969696969697,0.696969696969697,0.7142857142857143,1.0,1,1,5,1.0,0.6666666666666666,0.4726463788785963,0.7142857142857143,0.7142857142857143,0,0,S1-603318865,S2-790845556,1
0.7272727272727273,0.7272727272727273,0.5666666666666667,0.5666666666666667,0.9411764705882352,1.0,1,1,5,1.0,0.0,0.0,0.5,0.5000000000000001,0,0,S1-603318865,S2-866753929,1
0.4489795918367347,0.4489795918367347,0.0263157894736842,0.0263157894736842,0.1269841269841269,0.0,0,0,0,0.0,0.1428571428571428,0.0408337290136185,0.0,0.0,0,0,S1-603318865,S2-488433738,0
0.5084745762711864,0.5084745762711864,0.1162790697674418,0.1162790697674418,0.2385321100917431,0.0,0,0,0,0.0,0.125,0.0345131419824679,0.0,0.0,0,0,S1-603318865,S2-159012466,0
0.375,0.375,0.0212765957446808,0.0212765957446808,0.1515151515151515,0.0,0,0,0,0.0,0.125,0.0391010831208858,0.0,0.0,0,0,S1-603318865,S2-257493393,0
0.475,0.475,0.081967213114754,0.081967213114754,0.1857142857142857,0.0,0,0,0,0.0,0.1,0.0318816056634678,0.0,0.0,0,0,S1-603318865,S2-373652190,0
0.3076923076923077,0.3076923076923077,0.024390243902439,0.024390243902439,0.064516129032258,0.0,0,0,0,0.0,0.1428571428571428,0.0438999889351617,0.0,0.0,0,0,S1-603318865,S2-370401592,0
0.4444444444444444,0.4444444444444444,0.0526315789473684,0.0526315789473684,0.16,0.0,0,0,0,0.0,0.25,0.080918159457905,0.0,0.0,0,0,S1-957203061,S2-496460047,0
0.3225806451612903,0.3225806451612903,0.0434782608695652,0.0434782608695652,0.1298701298701298,0.0,0,0,0,0.0,0.25,0.0750797624632677,0.0,0.0,0,0,S1-957203061,S2-249446494,0
0.4210526315789473,0.4210526315789473,0.0344827586206896,0.0344827586206896,0.3380281690140845,0.0,0,0,0,0.0,0.2,0.0646954815349196,0.0,0.0,0,0,S1-957203061,S2-386154575,0
0.375,0.375,0.0434782608695652,0.0434782608695652,0.3058823529411765,0.0,0,0,0,0.0,0.2,0.0608680373541345,0.0,0.0,0,0,S1-957203061,S2-537134577,0
0.4117647058823529,0.4117647058823529,0.04,0.04,0.3287671232876712,0.0,0,0,0,0.0,0.2,0.0601925446822054,0.0833333333333333,0.0833333333333333,1,0,S1-957203061,S2-206991486,0
0.391304347826087,0.391304347826087,0.0285714285714285,0.0285714285714285,0.0909090909090909,0.0,0,0,0,0.0,0.1428571428571428,0.0689655396099065,0.0,0.0,0,0,S1-692891261,S2-285333516,0
0.5,0.5,0.0833333333333333,0.0833333333333333,0.3376623376623376,0.0,0,0,0,0.0,0.3333333333333333,0.1583682189315519,0.0476190476190476,0.0476190476190476,0,0,S1-692891261,S2-787411419,0
0.4,0.4,0.0333333333333333,0.0333333333333333,0.2588235294117647,0.0,0,0,0,0.0,0.1666666666666666,0.1042166032616331,0.0,0.0,0,0,S1-692891261,S2-72803738,0
0.4313725490196078,0.4313725490196078,0.081081081081081,0.081081081081081,0.2142857142857142,0.0,0,0,0,0.0,0.2857142857142857,0.151912845860677,0.037037037037037,0.037037037037037,0,0,S1-692891261,S2-969448381,0
0.3076923076923077,0.3076923076923077,0.024390243902439,0.024390243902439,0.1285714285714285,0.0,0,0,0,0.0,0.1428571428571428,0.0551442628141101,0.0,0.0,0,0,S1-692891261,S2-851715134,0
0.5245901639344263,0.5245901639344263,0.1363636363636363,0.1363636363636363,0.4032258064516129,0.0,0,0,0,0.0,0.1428571428571428,0.0596090826030134,0.1666666666666666,0.1666666666666666,0,0,S1-896143038,S2-993453808,0
0.3773584905660377,0.3773584905660377,0.34375,0.34375,0.2142857142857142,0.0,0,0,0,0.0,0.4,0.2458435377261078,0.0588235294117647,0.0588235294117647,0,0,S1-896143038,S2-840536791,0
0.6557377049180327,0.6557377049180327,0.3243243243243243,0.3243243243243243,0.2424242424242424,0.0,0,0,0,0.0,0.3333333333333333,0.1841012414822842,0.0,0.0,0,0,S1-896143038,S2-473914708,0
0.4516129032258064,0.4516129032258064,0.108695652173913,0.108695652173913,0.1538461538461538,0.0,0,0,0,0.0,0.1428571428571428,0.0585362453578727,0.0,0.0,0,0,S1-896143038,S2-220583900,0
0.4814814814814814,0.4814814814814814,0.1578947368421052,0.1578947368421052,0.2222222222222222,0.0,0,0,0,0.0,0.1666666666666666,0.0505124568371602,0.0833333333333333,0.0833333333333333,0,0,S1-896143038,S2-562040135,0
0.4827586206896552,0.4827586206896552,0.0930232558139534,0.0930232558139534,0.2153846153846154,0.0,0,0,0,0.0,0.125,0.1057867877474477,0.0,0.0,0,0,S1-571530326,S2-157133311,0
0.6909090909090909,0.6909090909090909,0.3055555555555556,0.3055555555555556,0.2571428571428571,0.0,0,0,0,0.0,0.2,0.1762453827481758,0.0,0.0,0,0,S1-571530326,S2-908194349,0
0.6896551724137931,0.6896551724137931,0.3611111111111111,0.3611111111111111,0.1967213114754098,0.0,0,0,0,0.0,0.2,0.1896463476657873,0.0,0.0,0,0,S1-571530326,S2-332456526,0
0.3720930232558139,0.3720930232558139,0.09375,0.09375,0.1443298969072164,0.0,0,0,0,0.0,0.2,0.1707010073519266,0.0,0.0,0,0,S1-571530326,S2-67231536,0
0.4727272727272727,0.4727272727272727,0.1219512195121951,0.1219512195121951,0.1971830985915492,0.0,0,0,0,0.0,0.1666666666666666,0.1223257543889979,0.0,0.0,0,0,S1-571530326,S2-983126431,0
0.5151515151515151,0.5151515151515151,0.1224489795918367,0.1224489795918367,0.2764227642276423,0.0,0,0,0,0.0,0.125,0.0494157603914528,0.0,0.0,0,0,S1-88136188,S2-123295971,0
0.576271186440678,0.576271186440678,0.1395348837209302,0.1395348837209302,0.1791044776119403,0.0,0,0,0,0.0,0.1428571428571428,0.072929527558609,0.0,0.0,0,0,S1-88136188,S2-528821655,0
0.4150943396226415,0.4150943396226415,0.1282051282051282,0.1282051282051282,0.0,0.0,0,0,0,0.0,0.1666666666666666,0.081221029913584,0.0,0.0,0,1,S1-88136188,S2-70906796,0
0.4,0.4,0.1714285714285714,0.1714285714285714,0.3333333333333333,0.3333333333333333,1,1,1,0.0,0.1666666666666666,0.0779560509285264,0.0,0.0,0,0,S1-88136188,S2-26912292,0
0.6666666666666666,0.6666666666666666,0.1818181818181818,0.1818181818181818,0.2601626016260163,0.0,0,0,0,0.0,0.125,0.0569853138939026,0.0,0.0,0,0,S1-88136188,S2-343104114,0
0.4210526315789473,0.4210526315789473,0.1707317073170731,0.1707317073170731,0.3050847457627119,0.0,0,0,0,0.0,0.1666666666666666,0.1440652802156106,0.0,0.0,0,0,S1-344437402,S2-798359597,0
0.4347826086956521,0.4347826086956521,0.0555555555555555,0.0555555555555555,0.25,0.0,0,0,0,0.0,0.2,0.1184595033209736,0.0,0.0,0,0,S1-344437402,S2-303243415,0
0.3050847457627119,0.3050847457627119,0.0425531914893617,0.0425531914893617,0.25,0.0,0,0,0,0.0,0.1428571428571428,0.0919752823376138,0.0,0.0,0,0,S1-344437402,S2-619764961,0
0.3050847457627119,0.3050847457627119,0.0434782608695652,0.0434782608695652,0.3428571428571428,0.0,0,0,0,0.0,0.125,0.0838695910347419,0.0,0.0,0,0,S1-344437402,S2-159240555,0
0.417910447761194,0.417910447761194,0.1224489795918367,0.1224489795918367,0.2413793103448276,0.0,0,0,0,0.0,0.125,0.0980655658294935,0.0,0.0,0,0,S1-344437402,S2-58438228,0
0.6470588235294118,0.6470588235294118,0.2954545454545454,0.2954545454545454,0.3225806451612903,0.0,0,0,0,0.0,0.2857142857142857,0.3212478907336365,0.1,0.1,0,0,S1-836358069,S2-119198667,0
0.4489795918367347,0.4489795918367347,0.1714285714285714,0.1714285714285714,0.1846153846153846,0.0,0,0,0,0.0,0.2,0.1988826260811991,0.0,0.0,0,0,S1-836358069,S2-253396805,0
0.4,0.4,0.1372549019607843,0.1372549019607843,0.3333333333333333,0.0,0,0,0,0.0,0.125,0.1274935499992064,0.0,0.0,0,0,S1-836358069,S2-225655939,0
0.64,0.64,0.28125,0.28125,0.25,0.0,0,0,0,0.0,0.1666666666666666,0.1742821614112675,0.0,0.0,0,0,S1-836358069,S2-621020249,0
0.7741935483870968,0.7741935483870968,0.4571428571428571,0.4571428571428571,0.3098591549295774,0.0,0,0,0,0.0,0.2857142857142857,0.342946812251948,0.0,0.0,0,0,S1-836358069,S2-949953633,0
0.9310344827586208,0.9310344827586208,0.7142857142857143,0.7142857142857143,0.5714285714285714,1.0,2,1,4,1.0,0.6,0.448978233417779,0.6666666666666666,0.6666666666666667,0,0,S1-755546342,S2-229541468,1
0.5384615384615384,0.5384615384615384,0.075,0.075,0.2444444444444444,0.0,0,0,0,0.0,0.1666666666666666,0.1065747210371493,0.0,0.0,0,0,S1-755546342,S2-39311466,0
0.4210526315789473,0.4210526315789473,0.0666666666666666,0.0666666666666666,0.4590163934426229,0.0,0,0,0,0.0,0.1666666666666666,0.1162004416695616,0.1111111111111111,0.1111111111111111,0,0,S1-755546342,S2-256403669,0
0.3333333333333333,0.3333333333333333,0.0576923076923076,0.0576923076923076,0.1904761904761904,0.0,0,0,0,0.0,0.125,0.0821899525178624,0.0,0.0,0,0,S1-755546342,S2-552192119,0
0.4313725490196078,0.4313725490196078,0.1351351351351351,0.1351351351351351,0.217391304347826,0.0,0,0,0,0.0,0.1666666666666666,0.127325105125976,0.0,0.0,1,0,S1-755546342,S2-336126508,0
0.4193548387096774,0.4193548387096774,0.0612244897959183,0.0612244897959183,0.4193548387096774,0.0,0,0,0,0.0,0.1428571428571428,0.1011270765183376,0.1,0.1,0,0,S1-755546342,S2-743995191,0
0.5128205128205128,0.5128205128205128,0.0333333333333333,0.0333333333333333,0.3728813559322034,0.0,0,0,0,0.0,0.2,0.0535186796959168,0.0,0.0,0,0,S1-857861080,S2-56414828,0
0.3428571428571428,0.3428571428571428,0.0384615384615384,0.0384615384615384,0.2592592592592592,0.0,0,0,0,0.0,0.2,0.0614774006931825,0.0,0.0,0,0,S1-857861080,S2-700907427,0
0.425531914893617,0.425531914893617,0.0555555555555555,0.0555555555555555,0.2622950819672131,0.0,0,0,0,0.0,0.1666666666666666,0.0492513951292483,0.0,0.0,0,0,S1-857861080,S2-595994582,0
0.3,0.3,0.0333333333333333,0.0333333333333333,0.2352941176470588,0.0,0,0,0,0.0,0.1666666666666666,0.0544098301748321,0.0,0.0,0,0,S1-857861080,S2-883780933,0
0.4848484848484848,0.4848484848484848,0.0416666666666666,0.0416666666666666,0.2941176470588235,0.0,0,0,0,0.0,0.2,0.0474104255239194,0.0,0.0,0,0,S1-857861080,S2-972771931,0
0.4615384615384615,0.4615384615384615,0.1538461538461538,0.1538461538461538,0.1707317073170731,0.0,0,0,0,0.0,0.1666666666666666,0.1568963499396724,0.0,0.0,0,0,S1-696438779,S2-53584032,0
0.45,0.45,0.1481481481481481,0.1481481481481481,0.217391304347826,0.0,0,0,0,0.0,0.1666666666666666,0.1348193188917104,0.0,0.0,0,0,S1-696438779,S2-625380545,0
0.4,0.4,0.064516129032258,0.064516129032258,0.1470588235294117,0.0,0,0,0,0.0,0.125,0.1493374805081233,0.0,0.0,0,0,S1-696438779,S2-927397321,0
0.5106382978723404,0.5106382978723404,0.1212121212121212,0.1212121212121212,0.2954545454545454,0.0,0,0,0,0.0,0.1428571428571428,0.1272260139628941,0.0,0.0,0,0,S1-696438779,S2-3261389,0
0.5454545454545454,0.5454545454545454,0.2,0.2,0.2121212121212121,0.0,0,0,0,0.0,0.1666666666666666,0.1247055062208588,0.0,0.0,0,0,S1-696438779,S2-248977143,0
0.4117647058823529,0.4117647058823529,0.0384615384615384,0.0384615384615384,0.5151515151515151,0.0,0,0,0,0.0,0.25,0.1041583479009993,0.1,0.1,0,0,S1-669182921,S2-401337280,0
0.3728813559322034,0.3728813559322034,0.048780487804878,0.048780487804878,0.273972602739726,0.0,0,0,0,0.0,0.1666666666666666,0.0656727788586893,0.0,0.0,0,0,S1-669182921,S2-779617421,0
0.3414634146341463,0.3414634146341463,0.03125,0.03125,0.3582089552238806,0.0,0,0,0,0.0,0.2,0.0749749162836663,0.0,0.0,0,0,S1-669182921,S2-602158019,0
0.2857142857142857,0.2857142857142857,0.0444444444444444,0.0444444444444444,0.3513513513513513,0.0,0,0,0,0.0,0.1666666666666666,0.0645175119107281,0.0,0.0,0,0,S1-669182921,S2-736087699,0
0.4363636363636363,0.4363636363636363,0.0465116279069767,0.0465116279069767,0.3636363636363636,0.0,0,0,0,0.0,0.1428571428571428,0.0491836564043565,0.0,0.0,1,0,S1-669182921,S2-230347605,0
0.5384615384615384,0.5384615384615384,0.1081081081081081,0.1081081081081081,0.2857142857142857,0.0,0,0,0,0.0,0.1428571428571428,0.1078027032733615,0.0,0.0,0,0,S1-853378682,S2-915498736,0
0.3428571428571428,0.3428571428571428,0.1666666666666666,0.1666666666666666,0.3043478260869565,0.0,0,0,0,0.0,0.25,0.1942352009198345,0.0,0.0,0,0,S1-853378682,S2-475143453,0
0.4186046511627907,0.4186046511627907,0.1333333333333333,0.1333333333333333,0.2745098039215686,0.0,0,0,0,0.0,0.1666666666666666,0.1369466560253068,0.0,0.0,0,0,S1-853378682,S2-89402936,0
0.5714285714285714,0.5714285714285714,0.2727272727272727,0.2727272727272727,0.1886792452830188,0.0,0,0,0,0.0,0.25,0.2046307668250515,0.0,0.0,0,0,S1-853378682,S2-135798572,0
0.391304347826087,0.391304347826087,0.1212121212121212,0.1212121212121212,0.0,0.0,0,0,0,0.0,0.1666666666666666,0.130200415979742,0.0,0.0,0,1,S1-853378682,S2-10462607,0
0.4528301886792453,0.4528301886792453,0.05,0.05,0.5,0.0,0,0,0,0.0,0.125,0.0408103678503979,0.0909090909090909,0.0909090909090909,0,0,S1-7366790,S2-349290386,0
0.3098591549295774,0.3098591549295774,0.0175438596491228,0.0175438596491228,0.410958904109589,0.0,0,0,0,0.0,0.1,0.0380823013380344,0.0909090909090909,0.0909090909090909,0,0,S1-7366790,S2-336162855,0
0.2941176470588235,0.2941176470588235,0.0185185185185185,0.0185185185185185,0.1818181818181818,0.0,0,0,0,0.0,0.1,0.0585304237920751,0.0,0.0,0,0,S1-7366790,S2-478530767,0
0.4262295081967213,0.4262295081967213,0.0208333333333333,0.0208333333333333,0.2585034013605442,0.0,0,0,0,0.0,0.1111111111111111,0.0507797981223194,0.0,0.0,0,0,S1-7366790,S2-45082788,0
0.3076923076923077,0.3076923076923077,0.0161290322580645,0.0161290322580645,0.2972972972972973,0.0,0,0,0,0.0,0.0909090909090909,0.0328930123301144,0.0,0.0,0,0,S1-7366790,S2-808435190,0
0.3720930232558139,0.3720930232558139,0.1724137931034483,0.1724137931034483,0.3270440251572327,0.0,0,0,0,0.0,0.2,0.166031116118363,0.0,0.0,0,0,S1-223085874,S2-69337991,0
0.4102564102564102,0.4102564102564102,0.1923076923076923,0.1923076923076923,0.3225806451612903,0.0,0,0,0,0.0,0.2,0.1585726103895138,0.0,0.0,0,0,S1-223085874,S2-609866553,0
0.72,0.72,0.3846153846153846,0.3846153846153846,0.3675675675675676,0.0,0,0,0,0.0,0.25,0.1584204829299924,0.0333333333333333,0.0333333333333333,0,0,S1-223085874,S2-933364198,0
0.4444444444444444,0.4444444444444444,0.217391304347826,0.217391304347826,0.0838323353293413,0.0,0,0,0,0.0,0.2,0.1879556796265814,0.0,0.0,1,0,S1-223085874,S2-718940689,0
0.5806451612903226,0.5806451612903226,0.2631578947368421,0.2631578947368421,0.2451612903225806,0.25,1,1,1,0.0,0.25,0.1728176392452153,0.0416666666666666,0.0416666666666666,0,0,S1-223085874,S2-566521685,0
0.9047619047619048,0.9047619047619048,0.8333333333333334,0.8333333333333334,1.0,1.0,1,1,3,0.0,0.75,0.8595537195964702,1.0,1.0,0,0,S1-851548503,S2-404745962,1
0.4166666666666667,0.4166666666666667,0.027027027027027,0.027027027027027,0.3,0.0,0,0,0,0.0,0.1428571428571428,0.0649112516260507,0.0,0.0,0,0,S1-851548503,S2-26904563,0
0.4444444444444444,0.4444444444444444,0.1025641025641025,0.1025641025641025,0.4158415841584158,0.0,0,0,0,0.0,0.2857142857142857,0.1358154054994164,0.0588235294117647,0.0588235294117647,0,0,S1-851548503,S2-697912376,0
0.3103448275862069,0.3103448275862069,0.0217391304347826,0.0217391304347826,0.4842105263157895,0.0,0,0,0,0.0,0.125,0.0527994063802094,0.1538461538461538,0.1538461538461538,0,0,S1-851548503,S2-986181621,0
0.4838709677419355,0.4838709677419355,0.0851063829787234,0.0851063829787234,0.1632653061224489,0.0,0,0,0,0.0,0.2857142857142857,0.1360527248799991,0.0,0.0,0,0,S1-851548503,S2-9245377,0
0.4897959183673469,0.4897959183673469,0.027027027027027,0.027027027027027,0.2616822429906542,0.0,0,0,0,0.0,0.1428571428571428,0.0698409273530406,0.0,0.0,0,0,S1-851548503,S2-101919056,0
0.1785714285714285,0.1785714285714285,0.0227272727272727,0.0227272727272727,0.2461538461538461,0.0,0,0,0,0.0,0.125,0.0458851053539632,0.0,0.0,0,0,S1-927177398,S2-995896579,0
0.4210526315789473,0.4210526315789473,0.0344827586206896,0.0344827586206896,0.2424242424242424,0.0,0,0,0,0.0,0.2,0.0759020639066526,0.0,0.0,0,0,S1-927177398,S2-460415948,0
0.3018867924528302,0.3018867924528302,0.0232558139534883,0.0232558139534883,0.2622950819672131,0.0,0,0,0,0.0,0.2,0.0662084463257265,0.1,0.1,0,0,S1-927177398,S2-284308780,0
0.4,0.4,0.0256410256410256,0.0256410256410256,0.3548387096774194,0.0,0,0,0,0.0,0.1428571428571428,0.0453312718878347,0.0,0.0,0,0,S1-927177398,S2-841971708,0
0.2352941176470588,0.2352941176470588,0.0181818181818181,0.0181818181818181,0.410958904109589,0.0,0,0,0,0.0,0.1111111111111111,0.0380536914491054,0.0,0.0,0,0,S1-927177398,S2-851771072,0
0.5714285714285714,0.5714285714285714,0.2307692307692307,0.2307692307692307,0.1392405063291139,0.0,0,0,0,0.0,0.3333333333333333,0.1300589622967577,0.0,0.0,0,0,S1-9401824,S2-331142396,0
0.4545454545454545,0.4545454545454545,0.0303030303030303,0.0303030303030303,0.3076923076923077,0.0,0,0,0,0.0,0.1428571428571428,0.0626962140829217,0.05,0.0499999999999999,0,0,S1-9401824,S2-424081386,0
0.4193548387096774,0.4193548387096774,0.0204081632653061,0.0204081632653061,0.217391304347826,0.0,0,0,0,0.0,0.1111111111111111,0.0490874021848222,0.0,0.0,0,0,S1-9401824,S2-366070890,0
0.5660377358490566,0.5660377358490566,0.075,0.075,0.1625,0.0,0,0,0,0.0,0.1428571428571428,0.0643863101343709,0.0,0.0,0,0,S1-9401824,S2-532995057,0
0.2745098039215686,0.2745098039215686,0.081081081081081,0.081081081081081,0.2063492063492063,0.0,0,0,0,0.0,0.3333333333333333,0.1715011252463106,0.0,0.0,0,0,S1-9401824,S2-966057618,0
0.5945945945945946,0.5945945945945946,0.2083333333333333,0.2083333333333333,0.1159420289855072,0.0,0,0,0,0.0,0.2,0.1860826930003307,0.0,0.0,1,0,S1-528758882,S2-421108685,0
0.4761904761904761,0.4761904761904761,0.1724137931034483,0.1724137931034483,0.3950617283950617,0.0,0,0,0,0.0,0.2,0.2045313202343218,0.0,0.0,0,0,S1-528758882,S2-800937355,0
0.5,0.5,0.1666666666666666,0.1666666666666666,0.2028985507246377,0.0,0,0,0,0.0,0.1666666666666666,0.1690958331428971,0.0,0.0,0,0,S1-528758882,S2-102651087,0
0.5,0.5,0.1666666666666666,0.1666666666666666,0.3703703703703703,0.0,0,0,0,0.0,0.1666666666666666,0.1254963577162497,0.0,0.0,0,0,S1-528758882,S2-606685437,0
0.4782608695652174,0.4782608695652174,0.2,0.2,0.3582089552238806,0.0,0,0,0,0.0,0.1428571428571428,0.1330237197397237,0.0909090909090909,0.0909090909090909,0,0,S1-528758882,S2-210017553,0
0.425531914893617,0.425531914893617,0.0571428571428571,0.0571428571428571,0.4230769230769231,0.0,0,0,0,0.0,0.1428571428571428,0.109855862591293,0.0,0.0,0,0,S1-982883437,S2-925522013,0
0.3414634146341463,0.3414634146341463,0.064516129032258,0.064516129032258,0.2117647058823529,0.0,0,0,0,0.0,0.2,0.1843272501596337,0.0,0.0,0,0,S1-982883437,S2-179422051,0
0.4666666666666667,0.4666666666666667,0.0952380952380952,0.0952380952380952,0.2105263157894736,0.0,0,0,0,0.0,0.25,0.1701162315756891,0.0,0.0,0,0,S1-982883437,S2-35738144,0
0.3928571428571428,0.3928571428571428,0.0465116279069767,0.0465116279069767,0.0,0.0,0,0,0,0.0,0.1428571428571428,0.1143979463512787,0.0,0.0,0,1,S1-982883437,S2-863631849,0
0.4193548387096774,0.4193548387096774,0.0869565217391304,0.0869565217391304,0.2978723404255319,0.0,0,0,0,0.0,0.1111111111111111,0.0892816616283316,0.0,0.0,0,0,S1-982883437,S2-938959176,0
0.4,0.4,0.06,0.06,0.2903225806451613,0.0,0,0,0,0.0,0.1818181818181818,0.1304950593017442,0.0,0.0,0,0,S1-550085738,S2-873247467,0
0.4210526315789473,0.4210526315789473,0.0238095238095238,0.0238095238095238,0.3,0.0,0,0,0,0.0,0.2,0.12664723701767,0.0,0.0,1,0,S1-550085738,S2-662503590,0
0.3773584905660377,0.3773584905660377,0.025,0.025,0.2539682539682539,0.0,0,0,0,0.0,0.1111111111111111,0.1012384836993374,0.0,0.0,0,0,S1-550085738,S2-721938840,0
0.4444444444444444,0.4444444444444444,0.081081081081081,0.081081081081081,0.34375,0.0,0,0,0,0.0,0.25,0.148571593682748,0.0,0.0,0,0,S1-550085738,S2-3491561,0
0.3703703703703703,0.3703703703703703,0.025,0.025,0.2857142857142857,0.0,0,0,0,0.0,0.1,0.0803243222474972,0.0,0.0,0,0,S1-550085738,S2-921586557,0
0.4057971014492754,0.4057971014492754,0.0769230769230769,0.0769230769230769,0.303030303030303,0.0,0,0,0,0.0,0.1111111111111111,0.1123225969318019,0.0,0.0,0,0,S1-896684396,S2-576745669,0
0.5365853658536586,0.5365853658536586,0.1379310344827586,0.1379310344827586,0.3235294117647059,0.0,0,0,0,0.0,0.2,0.1630785648710743,0.0,0.0,0,0,S1-896684396,S2-778025282,0
0.4230769230769231,0.4230769230769231,0.1052631578947368,0.1052631578947368,0.4507042253521127,0.0,0,0,0,0.0,0.1428571428571428,0.1304823218841784,0.1,0.1,0,0,S1-896684396,S2-735948107,0
0.3692307692307692,0.3692307692307692,0.08,0.08,0.2028985507246377,0.0,0,0,0,0.0,0.125,0.1213424893341595,0.0,0.0,0,0,S1-896684396,S2-105631146,0
0.4210526315789473,0.4210526315789473,0.1463414634146341,0.1463414634146341,0.28125,0.0,0,0,0,0.0,0.1428571428571428,0.122699403754593,0.0,0.0,0,0,S1-896684396,S2-774935490,0
0.6666666666666666,0.6666666666666666,0.375,0.375,0.1151079136690647,0.0,0,0,0,0.0,0.3333333333333333,0.1505240274345723,0.0,0.0,1,0,S1-421549554,S2-641709923,0
0.4545454545454545,0.4545454545454545,0.1666666666666666,0.1666666666666666,0.2063492063492063,0.0,0,0,0,0.0,0.1666666666666666,0.0593897598762649,0.0,0.0,1,0,S1-421549554,S2-26721336,0
0.6060606060606061,0.6060606060606061,0.2790697674418604,0.2790697674418604,0.2432432432432432,0.0,0,0,0,0.0,0.2857142857142857,0.1240939071949022,0.0,0.0,0,0,S1-421549554,S2-761250713,0
0.6071428571428571,0.6071428571428571,0.3636363636363636,0.3636363636363636,0.2413793103448276,0.0,0,0,0,0.0,0.2857142857142857,0.1112852588830443,0.0,0.0,0,0,S1-421549554,S2-793740535,0
0.5079365079365079,0.5079365079365079,0.1555555555555555,0.1555555555555555,0.2054794520547945,0.0,0,0,0,0.0,0.125,0.0407729376181808,0.0,0.0,0,0,S1-421549554,S2-684181471,0
0.4444444444444444,0.4444444444444444,0.0571428571428571,0.0571428571428571,0.3103448275862069,0.0,0,0,0,0.0,0.2,0.0699296528671445,0.0,0.0,0,0,S1-921685678,S2-592836534,0
0.6666666666666666,0.6666666666666666,0.391304347826087,0.391304347826087,0.2985074626865671,0.0,0,0,0,0.0,0.25,0.2827861319839053,0.0,0.0,0,0,S1-921685678,S2-767930152,0
0.4615384615384615,0.4615384615384615,0.048780487804878,0.048780487804878,0.2181818181818181,0.0,0,0,0,0.0,0.1666666666666666,0.0762403723600558,0.0,0.0,0,0,S1-921685678,S2-283918647,0
0.15,0.15,0.0333333333333333,0.0333333333333333,0.3492063492063492,0.0,0,0,0,0.0,0.1666666666666666,0.0588661860986119,0.0,0.0,0,0,S1-921685678,S2-109937264,0
0.3703703703703703,0.3703703703703703,0.0227272727272727,0.0227272727272727,0.2941176470588235,0.0,0,0,0,0.0,0.1666666666666666,0.0722504755803589,0.0,0.0,0,0,S1-921685678,S2-934692090,0
0.2916666666666667,0.2916666666666667,0.027027027027027,0.027027027027027,0.218978102189781,0.0,0,0,0,0.0,0.1666666666666666,0.0925723260954284,0.0,0.0,0,0,S1-510937618,S2-513462596,0
0.4,0.4,0.0588235294117647,0.0588235294117647,0.3230769230769231,0.0,0,0,0,0.0,0.2,0.1130967114099694,0.0666666666666666,0.0666666666666666,0,0,S1-510937618,S2-770682258,0
0.3829787234042553,0.3829787234042553,0.0555555555555555,0.0555555555555555,0.1818181818181818,0.0,0,0,0,0.0,0.2,0.1267003853341791,0.0,0.0,0,0,S1-510937618,S2-849395767,0
0.358974358974359,0.358974358974359,0.0344827586206896,0.0344827586206896,0.1604938271604938,0.0,0,0,0,0.0,0.2,0.1273790895097751,0.0,0.0,0,0,S1-510937618,S2-876338421,0
0.2105263157894736,0.2105263157894736,0.0357142857142857,0.0357142857142857,0.3,0.0,0,0,0,0.0,0.2,0.1385059441819608,0.0,0.0,0,0,S1-510937618,S2-31548816,0
0.56,0.56,0.2553191489361702,0.2553191489361702,0.2682926829268293,0.0,0,0,0,0.0,0.2222222222222222,0.0909889592614494,0.0,0.0,0,0,S1-505721511,S2-941648768,0
0.5833333333333334,0.5833333333333334,0.25,0.25,0.1964285714285714,0.0,0,0,0,0.0,0.2857142857142857,0.0974555725540578,0.0,0.0,0,0,S1-505721511,S2-283800781,0
0.8648648648648649,0.8648648648648649,0.6486486486486487,0.6486486486486487,0.2123893805309734,0.0,0,0,0,0.0,0.5,0.3485038289852673,0.0,0.0,0,0,S1-505721511,S2-281309190,0
0.6031746031746031,0.6031746031746031,0.3,0.3,0.288135593220339,0.0,0,0,0,0.0,0.3333333333333333,0.1101309222783071,0.0,0.0,0,0,S1-505721511,S2-316473034,0
0.2903225806451613,0.2903225806451613,0.1063829787234042,0.1063829787234042,0.1967213114754098,0.0,0,0,0,0.0,0.1666666666666666,0.0513564993807786,0.0,0.0,0,0,S1-505721511,S2-760572786,0
0.44,0.44,0.0263157894736842,0.0263157894736842,0.28125,0.0,0,0,0,0.0,0.1428571428571428,0.0525392291518296,0.0,0.0,0,0,S1-56326829,S2-248500703,0
0.4528301886792453,0.4528301886792453,0.0512820512820512,0.0512820512820512,0.2068965517241379,0.0,0,0,0,0.0,0.2857142857142857,0.1242725424636055,0.1111111111111111,0.1111111111111111,0,0,S1-56326829,S2-875735379,0
0.4081632653061224,0.4081632653061224,0.027027027027027,0.027027027027027,0.208955223880597,0.0,0,0,0,0.0,0.1428571428571428,0.0511098596524233,0.0,0.0,0,0,S1-56326829,S2-128281659,0
0.5,0.5,0.0277777777777777,0.0277777777777777,0.28,0.0,0,0,0,0.0,0.1428571428571428,0.0527208372008823,0.0,0.0,0,0,S1-56326829,S2-291631652,0
0.2456140350877192,0.2456140350877192,0.0227272727272727,0.0227272727272727,0.3272727272727272,0.0,0,0,0,0.0,0.125,0.0499991628539771,0.25,0.25,0,0,S1-56326829,S2-262411229,0
0.4857142857142857,0.4857142857142857,0.2127659574468085,0.2127659574468085,0.1666666666666666,0.0,0,0,0,0.0,0.1111111111111111,0.088587572443287,0.0,0.0,0,0,S1-908338633,S2-146009461,0
0.4444444444444444,0.4444444444444444,0.1525423728813559,0.1525423728813559,0.1904761904761904,0.0,0,0,0,0.0,0.125,0.0940281364061615,0.0,0.0,0,0,S1-908338633,S2-526472732,0
0.4528301886792453,0.4528301886792453,0.2571428571428571,0.2571428571428571,0.360655737704918,0.0,0,0,0,0.0,0.2,0.1644361655941306,0.0,0.0,0,0,S1-908338633,S2-412075301,0
0.6,0.6,0.3157894736842105,0.3157894736842105,0.5,0.0,0,0,0,0.0,0.1666666666666666,0.1728286122274533,0.1,0.1,0,0,S1-908338633,S2-28865106,0
0.3835616438356164,0.3835616438356164,0.1509433962264151,0.1509433962264151,0.297029702970297,0.0,0,0,0,0.0,0.125,0.086738007318947,0.0,0.0,0,0,S1-908338633,S2-664079108,0
0.5769230769230769,0.5769230769230769,0.375,0.375,0.3548387096774194,0.0,0,0,0,0.0,0.2,0.2467559183367169,0.0909090909090909,0.0909090909090909,0,0,S1-492181471,S2-236867566,0
0.8333333333333334,0.8333333333333334,0.6666666666666666,0.6666666666666666,0.2413793103448276,0.0,0,0,0,0.0,0.3333333333333333,0.2881452208715402,0.0,0.0,1,0,S1-492181471,S2-66634783,0
0.625,0.625,0.4137931034482758,0.4137931034482758,0.4266666666666667,0.0,0,0,0,0.0,0.25,0.303037272697028,0.0,0.0,0,0,S1-492181471,S2-906594882,0
0.7317073170731707,0.7317073170731707,0.5454545454545454,0.5454545454545454,0.2,0.0,0,0,0,0.0,0.25,0.3272427371704193,0.0,0.0,0,0,S1-492181471,S2-100155371,0
0.6818181818181818,0.6818181818181818,0.48,0.48,0.2647058823529412,0.0,0,0,0,0.0,0.25,0.307843456562076,0.0,0.0,0,0,S1-492181471,S2-841338302,0
0.5660377358490566,0.5660377358490566,0.2285714285714285,0.2285714285714285,0.3142857142857143,0.0,0,0,0,0.0,0.1428571428571428,0.1656479890493258,0.0,0.0,0,0,S1-462240649,S2-444735125,0
0.490566037735849,0.490566037735849,0.1025641025641025,0.1025641025641025,0.2608695652173913,0.0,0,0,0,0.0,0.1428571428571428,0.1071757433405142,0.0,0.0,0,0,S1-462240649,S2-907691163,0
0.5416666666666666,0.5416666666666666,0.1142857142857142,0.1142857142857142,0.1690140845070422,0.0,0,0,0,0.0,0.1666666666666666,0.1400304914057161,0.0,0.0,0,0,S1-462240649,S2-486259654,0
0.5714285714285714,0.5714285714285714,0.1739130434782608,0.1739130434782608,0.2258064516129032,0.0,0,0,0,0.0,0.2,0.1534447466548102,0.0,0.0,0,0,S1-462240649,S2-263940621,0
0.44,0.44,0.1081081081081081,0.1081081081081081,0.3582089552238806,0.0,0,0,0,0.0,0.1666666666666666,0.1485460486084636,0.0833333333333333,0.0833333333333333,0,0,S1-462240649,S2-810613913,0
0.4583333333333333,0.4583333333333333,0.1875,0.1875,0.2571428571428571,0.0,0,0,0,0.0,0.1428571428571428,0.104515155502846,0.0,0.0,0,0,S1-541962667,S2-336531851,0
0.4150943396226415,0.4150943396226415,0.1621621621621621,0.1621621621621621,0.1846153846153846,0.0,0,0,0,0.0,0.1428571428571428,0.1325643237118955,0.0,0.0,0,0,S1-541962667,S2-598575620,0
0.5116279069767442,0.5116279069767442,0.1785714285714285,0.1785714285714285,0.4210526315789473,0.0,0,0,0,0.0,0.1428571428571428,0.1277748908601824,0.1111111111111111,0.1111111111111111,0,0,S1-541962667,S2-445828641,0
0.3461538461538461,0.3461538461538461,0.0789473684210526,0.0789473684210526,0.2,0.0,0,0,0,0.0,0.125,0.1089276327589269,0.0,0.0,0,0,S1-541962667,S2-899836521,0
0.5,0.5,0.2,0.2,0.3380281690140845,0.0,0,0,0,0.0,0.1666666666666666,0.1324377361061351,0.0,0.0,0,0,S1-541962667,S2-557538681,0
0.4864864864864865,0.4864864864864865,0.2,0.2,0.3492063492063492,0.0,0,0,0,0.0,0.25,0.366470803661971,0.0,0.0,0,0,S1-125310170,S2-586824619,0
0.6511627906976745,0.6511627906976745,0.25,0.25,0.3384615384615385,0.0,0,0,0,0.0,0.2,0.2007351513542663,0.0,0.0,0,0,S1-125310170,S2-628148267,0
0.4528301886792453,0.4528301886792453,0.1891891891891892,0.1891891891891892,0.3793103448275862,0.0,0,0,0,0.0,0.1666666666666666,0.204768137258665,0.0,0.0,0,0,S1-125310170,S2-739836990,0
0.5416666666666666,0.5416666666666666,0.2121212121212121,0.2121212121212121,0.2950819672131147,0.0,0,0,0,0.0,0.2,0.2367133842491611,0.0,0.0,0,0,S1-125310170,S2-558554728,0
0.5581395348837209,0.5581395348837209,0.2592592592592592,0.2592592592592592,0.2666666666666666,0.0,0,0,0,0.0,0.25,0.2742634547879554,0.0,0.0,0,0,S1-125310170,S2-156707554,0
0.3174603174603174,0.3174603174603174,0.04,0.04,0.3157894736842105,0.0,0,0,0,0.0,0.125,0.0404260077744417,0.0,0.0,0,0,S1-210935903,S2-570152222,0
0.4117647058823529,0.4117647058823529,0.0588235294117647,0.0588235294117647,0.1917808219178082,0.0,0,0,0,0.0,0.1111111111111111,0.0350660002443417,0.0,0.0,0,0,S1-210935903,S2-119151990,0
0.5,0.5,0.0416666666666666,0.0416666666666666,0.2941176470588235,0.0,0,0,0,0.0,0.1428571428571428,0.0515806506797537,0.0,0.0,0,0,S1-210935903,S2-770427078,0
0.4225352112676056,0.4225352112676056,0.0172413793103448,0.0172413793103448,0.25,0.0,0,0,0,0.0,0.1111111111111111,0.0333856348169284,0.0,0.0,0,0,S1-210935903,S2-594232547,0
0.2909090909090909,0.2909090909090909,0.0465116279069767,0.0465116279069767,0.1333333333333333,0.0,0,0,0,0.0,0.1428571428571428,0.0453990958116805,0.0,0.0,0,0,S1-210935903,S2-659956306,0
0.4705882352941176,0.4705882352941176,0.024390243902439,0.024390243902439,0.1891891891891892,0.0,0,0,0,0.0,0.1666666666666666,0.0687576699214219,0.0,0.0,0,0,S1-807525840,S2-939908187,0
0.4166666666666667,0.4166666666666667,0.054054054054054,0.054054054054054,0.282051282051282,0.0,0,0,0,0.0,0.1666666666666666,0.0600322867676138,0.0,0.0,0,0,S1-807525840,S2-684799308,0
0.2903225806451613,0.2903225806451613,0.02,0.02,0.3095238095238095,0.0,0,0,0,0.0,0.125,0.0452470164971933,0.0,0.0,0,0,S1-807525840,S2-708502020,0
0.2903225806451613,0.2903225806451613,0.02,0.02,0.4736842105263157,0.0,0,0,0,0.0,0.125,0.0581419477643184,0.0833333333333333,0.0833333333333333,0,0,S1-807525840,S2-651425803,0
0.2352941176470588,0.2352941176470588,0.027027027027027,0.027027027027027,0.4102564102564102,0.0,0,0,0,0.0,0.1428571428571428,0.0543014051030996,0.0833333333333333,0.0833333333333333,0,0,S1-807525840,S2-622998439,0
0.3461538461538461,0.3461538461538461,0.024390243902439,0.024390243902439,0.1526717557251908,0.0,0,0,0,0.0,0.1428571428571428,0.0557306736786719,0.0,0.0,0,0,S1-617228441,S2-824619495,0
0.4074074074074074,0.4074074074074074,0.0232558139534883,0.0232558139534883,0.1875,0.0,0,0,0,0.0,0.1428571428571428,0.0583935879518219,0.0,0.0,0,0,S1-617228441,S2-466390507,0
0.5405405405405406,0.5405405405405406,0.0769230769230769,0.0769230769230769,0.234375,0.0,0,0,0,0.0,0.1666666666666666,0.0574431667050636,0.0,0.0,0,0,S1-617228441,S2-654008290,0
0.6666666666666666,0.6666666666666666,0.1818181818181818,0.1818181818181818,0.1769911504424778,0.0,0,0,0,0.0,0.3333333333333333,0.1200503408583657,0.0,0.0,0,0,S1-617228441,S2-649446723,0
0.4814814814814814,0.4814814814814814,0.0238095238095238,0.0238095238095238,0.183206106870229,0.0,0,0,0,0.0,0.125,0.057048722621963,0.0,0.0,0,0,S1-617228441,S2-693072766,0
0.4561403508771929,0.4561403508771929,0.119047619047619,0.119047619047619,0.272189349112426,0.0,0,0,0,0.0,0.1428571428571428,0.067121260229772,0.04,0.0399999999999999,0,0,S1-85659903,S2-377069307,0
0.4615384615384615,0.4615384615384615,0.1041666666666666,0.1041666666666666,0.2699386503067484,0.0,0,0,0,0.0,0.1111111111111111,0.0421192764771488,0.0416666666666666,0.0416666666666666,0,0,S1-85659903,S2-246053353,0
0.5454545454545454,0.5454545454545454,0.125,0.125,0.2416107382550335,0.0,0,0,0,0.0,0.1428571428571428,0.0589148142766848,0.0,0.0,0,0,S1-85659903,S2-551126435,0
0.6666666666666666,0.6666666666666666,0.375,0.375,0.0,0.0,0,0,0,0.0,0.3333333333333333,0.115128455810469,0.0,0.0,0,1,S1-85659903,S2-101281643,0
0.6470588235294118,0.6470588235294118,0.2727272727272727,0.2727272727272727,0.2758620689655172,0.0,0,0,0,0.0,0.2857142857142857,0.1114718628035482,0.0952380952380952,0.0952380952380952,0,0,S1-85659903,S2-569517507,0
0.4,0.4,0.0588235294117647,0.0588235294117647,0.24,0.0,0,0,0,0.0,0.25,0.0726034669922374,0.0,0.0,0,0,S1-513658304,S2-590622585,0
0.5106382978723404,0.5106382978723404,0.0277777777777777,0.0277777777777777,0.4137931034482758,0.0,0,0,0,0.0,0.1428571428571428,0.0459062109340545,0.0,0.0,0,0,S1-513658304,S2-161880433,0
0.3181818181818182,0.3181818181818182,0.0625,0.0625,0.4,0.0,0,0,0,0.0,0.1428571428571428,0.0368700041628296,0.0,0.0,0,0,S1-513658304,S2-64011633,0
0.4166666666666667,0.4166666666666667,0.1142857142857142,0.1142857142857142,0.196078431372549,0.0,0,0,0,0.0,0.1666666666666666,0.0622837558909369,0.0,0.0,0,0,S1-513658304,S2-895791781,0
0.2758620689655172,0.2758620689655172,0.05,0.05,0.2539682539682539,0.0,0,0,0,0.0,0.2,0.0545583738656406,0.0,0.0,0,0,S1-513658304,S2-822974581,0
0.6923076923076923,0.6923076923076923,0.3571428571428571,0.3571428571428571,0.2782608695652174,0.0,0,0,0,0.0,0.6666666666666666,0.6904552566364379,0.0,0.0,1,0,S1-137547543,S2-294658417,0
0.4864864864864865,0.4864864864864865,0.2083333333333333,0.2083333333333333,0.2592592592592592,0.0,0,0,0,0.0,0.2,0.2940373312117887,0.0,0.0,0,0,S1-137547543,S2-129710287,0
0.5294117647058824,0.5294117647058824,0.25,0.25,0.1923076923076923,0.0,0,0,0,0.0,0.1666666666666666,0.236768513410087,0.0,0.0,0,0,S1-137547543,S2-528382317,0
0.6666666666666666,0.6666666666666666,0.3125,0.3125,0.1833333333333333,0.0,0,0,0,0.0,0.3333333333333333,0.4156776434276969,0.0555555555555555,0.0555555555555555,0,0,S1-137547543,S2-466313790,0
0.6666666666666666,0.6666666666666666,0.5,0.5,0.3076923076923077,0.0,0,0,0,0.0,0.3333333333333333,0.5990706005677116,0.0625,0.0624999999999999,0,0,S1-137547543,S2-286777919,0
0.3157894736842105,0.3157894736842105,0.1153846153846153,0.1153846153846153,0.273972602739726,0.0,0,0,0,0.0,0.1666666666666666,0.0573865271301204,0.0,0.0,0,0,S1-57861376,S2-677108767,0
0.5238095238095238,0.5238095238095238,0.032258064516129,0.032258064516129,0.3582089552238806,0.0,0,0,0,0.0,0.1428571428571428,0.0448614694607681,0.0,0.0,0,0,S1-57861376,S2-29415033,0
0.2702702702702703,0.2702702702702703,0.037037037037037,0.037037037037037,0.1492537313432835,0.0,0,0,0,0.0,0.1666666666666666,0.0494690245199834,0.0,0.0,0,0,S1-57861376,S2-727114108,0
0.4848484848484848,0.4848484848484848,0.0416666666666666,0.0416666666666666,0.3018867924528302,0.0,0,0,0,0.0,0.2,0.0741105175429995,0.0,0.0,0,0,S1-57861376,S2-540686118,0
0.3333333333333333,0.3333333333333333,0.0238095238095238,0.0238095238095238,0.2068965517241379,0.0,0,0,0,0.0,0.125,0.0360734863422984,0.0,0.0,0,0,S1-57861376,S2-759871100,0
0.2857142857142857,0.2857142857142857,0.0465116279069767,0.0465116279069767,0.3384615384615385,0.0,0,0,0,0.0,0.125,0.0414294635808767,0.0,0.0,0,0,S1-902664624,S2-8341631,0
0.3636363636363636,0.3636363636363636,0.0384615384615384,0.0384615384615384,0.2641509433962264,0.0,0,0,0,0.0,0.125,0.0517021008671568,0.0,0.0,1,0,S1-902664624,S2-243052266,0
0.3666666666666666,0.3666666666666666,0.0212765957446808,0.0212765957446808,0.1935483870967742,0.0,0,0,0,0.0,0.1111111111111111,0.0442976481693297,0.0,0.0,0,0,S1-902664624,S2-748649852,0
0.2807017543859649,0.2807017543859649,0.0222222222222222,0.0222222222222222,0.2857142857142857,0.0,0,0,0,0.0,0.125,0.0478397904033428,0.0,0.0,0,0,S1-902664624,S2-911634286,0
0.3809523809523809,0.3809523809523809,0.0408163265306122,0.0408163265306122,0.2857142857142857,0.0,0,0,0,0.0,0.1111111111111111,0.0397612359307759,0.0,0.0,0,0,S1-902664624,S2-692074084,0
0.4137931034482758,0.4137931034482758,0.1162790697674418,0.1162790697674418,0.2608695652173913,0.0,0,0,0,0.0,0.1428571428571428,0.0474431179832416,0.0,0.0,0,0,S1-137242371,S2-332609743,0
0.5675675675675675,0.5675675675675675,0.24,0.24,0.2857142857142857,0.0,0,0,0,0.0,0.25,0.0877561677055042,0.0,0.0,1,0,S1-137242371,S2-771383678,0
0.3428571428571428,0.3428571428571428,0.1,0.1,0.3185840707964602,0.0,0,0,0,0.0,0.1428571428571428,0.0515613256567989,0.0588235294117647,0.0588235294117647,0,0,S1-137242371,S2-275089563,0
0.6,0.6,0.1666666666666666,0.1666666666666666,0.2809917355371901,0.0,0,0,0,0.0,0.125,0.0498194272633907,0.0769230769230769,0.0769230769230769,0,0,S1-137242371,S2-888203615,0
0.4411764705882353,0.4411764705882353,0.2127659574468085,0.2127659574468085,0.2903225806451613,0.0,0,0,0,0.0,0.2857142857142857,0.1074112088343631,0.0,0.0,0,0,S1-137242371,S2-983305387,0
0.75,0.75,0.625,0.625,0.53125,0.0,0,0,0,0.0,0.0,0.0,0.8333333333333334,0.8333333333333334,0,0,S1-362628357,S2-446411546,1
0.5,0.5,0.1219512195121951,0.1219512195121951,0.2950819672131147,0.0,0,0,0,0.0,0.1428571428571428,0.1573390452417347,0.2222222222222222,0.2222222222222222,0,0,S1-362628357,S2-744467012,0
0.4150943396226415,0.4150943396226415,0.131578947368421,0.131578947368421,0.2222222222222222,0.0,0,0,0,0.0,0.1666666666666666,0.1829475381303222,0.0,0.0,0,0,S1-362628357,S2-534350999,0
0.5833333333333334,0.5833333333333334,0.1142857142857142,0.1142857142857142,0.1875,0.0,0,0,0,0.0,0.1666666666666666,0.1584376757603349,0.0,0.0,0,0,S1-362628357,S2-120668937,0
0.6956521739130435,0.6956521739130435,0.3214285714285714,0.3214285714285714,0.15625,0.0,0,0,0,0.0,0.1666666666666666,0.1689902544239351,0.0,0.0,0,0,S1-362628357,S2-926927744,0
0.35,0.35,0.1481481481481481,0.1481481481481481,0.2857142857142857,0.0,0,0,0,0.0,0.1666666666666666,0.1558331309510476,0.0,0.0,0,0,S1-362628357,S2-743433493,0
0.6071428571428571,0.6071428571428571,0.2105263157894736,0.2105263157894736,0.1875,0.0,0,0,0,0.0,0.1428571428571428,0.050718929409531,0.0,0.0,0,0,S1-693812776,S2-328754894,0
0.5185185185185185,0.5185185185185185,0.1538461538461538,0.1538461538461538,0.3066666666666666,0.2,1,1,1,0.0,0.1666666666666666,0.0642942512851573,0.0,0.0,0,0,S1-693812776,S2-456218458,0
0.4477611940298507,0.4477611940298507,0.12,0.12,0.4378698224852071,0.0,0,0,0,0.0,0.125,0.0517973549507611,0.16,0.1599999999999999,0,0,S1-693812776,S2-979174975,0
0.5614035087719298,0.5614035087719298,0.1463414634146341,0.1463414634146341,0.2448979591836734,0.0,0,0,0,0.0,0.1428571428571428,0.0568943035559729,0.0454545454545454,0.0454545454545454,0,0,S1-693812776,S2-688978296,0
0.5614035087719298,0.5614035087719298,0.1707317073170731,0.1707317073170731,0.3176470588235294,0.0,0,0,0,0.0,0.1666666666666666,0.0567458294215708,0.0,0.0,0,0,S1-693812776,S2-364146447,0
0.5555555555555556,0.5555555555555556,0.2083333333333333,0.2083333333333333,0.2816901408450704,0.0,0,0,0,0.0,0.25,0.2559886899128341,0.0,0.0,0,0,S1-481599887,S2-350908110,0
0.5531914893617021,0.5531914893617021,0.054054054054054,0.054054054054054,0.3098591549295774,0.0,0,0,0,0.0,0.2,0.1372288436416121,0.0,0.0,0,0,S1-481599887,S2-244693640,0
0.3333333333333333,0.3333333333333333,0.0625,0.0625,0.2368421052631578,0.0,0,0,0,0.0,0.2,0.1937432989064126,0.0,0.0,0,0,S1-481599887,S2-367268,0
0.3720930232558139,0.3720930232558139,0.0625,0.0625,0.2857142857142857,0.0,0,0,0,0.0,0.2,0.2013069723614598,0.0,0.0,0,0,S1-481599887,S2-964200221,0
0.4782608695652174,0.4782608695652174,0.1515151515151515,0.1515151515151515,0.225,0.0,0,0,0,0.0,0.2,0.178027595486609,0.0,0.0,0,0,S1-481599887,S2-791413065,0
0.65625,0.65625,0.2857142857142857,0.2857142857142857,0.2446043165467626,0.0,0,0,0,0.0,0.3333333333333333,0.1234525494721733,0.0555555555555555,0.0555555555555555,0,0,S1-800717997,S2-385132565,0
0.4727272727272727,0.4727272727272727,0.15,0.15,0.2285714285714285,0.0,0,0,0,0.0,0.1666666666666666,0.0675309187462036,0.0,0.0,0,0,S1-800717997,S2-757440267,0
0.5588235294117647,0.5588235294117647,0.0961538461538461,0.0961538461538461,0.2695035460992908,0.0,0,0,0,0.0,0.125,0.0359902929310201,0.0,0.0,0,0,S1-800717997,S2-387605467,0
0.25,0.25,0.119047619047619,0.119047619047619,0.2528735632183908,0.0,0,0,0,0.0,0.1666666666666666,0.0532358316148575,0.0416666666666666,0.0416666666666666,0,0,S1-800717997,S2-499529553,0
0.4727272727272727,0.4727272727272727,0.1219512195121951,0.1219512195121951,0.2674418604651162,0.0,0,0,0,0.0,0.1666666666666666,0.0605137624195694,0.08,0.0799999999999999,0,0,S1-800717997,S2-704696088,0
0.3783783783783784,0.3783783783783784,0.037037037037037,0.037037037037037,0.3291139240506329,0.0,0,0,0,0.0,0.1666666666666666,0.049131184375566,0.0,0.0,1,0,S1-415274790,S2-216083448,0
0.5263157894736842,0.5263157894736842,0.1153846153846153,0.1153846153846153,0.2133333333333333,0.0,0,0,0,0.0,0.1666666666666666,0.0502980925031347,0.0,0.0,0,0,S1-415274790,S2-646963191,0
0.3555555555555555,0.3555555555555555,0.0606060606060606,0.0606060606060606,0.3733333333333333,0.0,0,0,0,0.0,0.1428571428571428,0.0515988711465879,0.0,0.0,0,0,S1-415274790,S2-983476655,0
0.425531914893617,0.425531914893617,0.0285714285714285,0.0285714285714285,0.4210526315789473,0.0,0,0,0,0.0,0.1428571428571428,0.0424825726007375,0.0,0.0,0,0,S1-415274790,S2-769887516,0
0.5,0.5,0.0625,0.0625,0.2191780821917808,0.0,0,0,0,0.0,0.25,0.0755341893577078,0.0,0.0,0,0,S1-415274790,S2-726237798,0
0.6551724137931034,0.6551724137931034,0.3333333333333333,0.3333333333333333,0.3092783505154639,0.0,0,0,0,0.0,0.3333333333333333,0.108973608810032,0.0833333333333333,0.0833333333333333,0,0,S1-535175176,S2-176620145,0
0.4761904761904761,0.4761904761904761,0.1041666666666666,0.1041666666666666,0.2479338842975206,0.0,0,0,0,0.0,0.1428571428571428,0.055920973796254,0.0,0.0,0,0,S1-535175176,S2-250733230,0
0.6333333333333333,0.6333333333333333,0.3157894736842105,0.3157894736842105,0.237037037037037,0.0,0,0,0,0.0,0.3333333333333333,0.1086941047320279,0.0,0.0,0,0,S1-535175176,S2-879318531,0
0.4210526315789473,0.4210526315789473,0.119047619047619,0.119047619047619,0.2156862745098039,0.0,0,0,0,0.0,0.1428571428571428,0.0587066056497865,0.0,0.0,0,0,S1-535175176,S2-59390828,0
0.53125,0.53125,0.1276595744680851,0.1276595744680851,0.3333333333333333,0.0,0,0,0,0.0,0.125,0.0534758946666017,0.0,0.0,0,0,S1-535175176,S2-218268592,0
0.358974358974359,0.358974358974359,0.0333333333333333,0.0333333333333333,0.2727272727272727,0.0,0,0,0,0.0,0.2,0.0680203112638806,0.0,0.0,0,0,S1-912827024,S2-494913288,0
0.3333333333333333,0.3333333333333333,0.03125,0.03125,0.2758620689655172,0.0,0,0,0,0.0,0.1666666666666666,0.0579793633389628,0.0,0.0,0,0,S1-912827024,S2-592403414,0
0.2307692307692307,0.2307692307692307,0.024390243902439,0.024390243902439,0.375,0.0,0,0,0,0.0,0.1428571428571428,0.0514843799780008,0.0,0.0,0,0,S1-912827024,S2-774806802,0
0.4,0.4,0.0256410256410256,0.0256410256410256,0.2388059701492537,0.0,0,0,0,0.0,0.1428571428571428,0.0428171860464717,0.0,0.0,0,0,S1-912827024,S2-809398661,0
0.3076923076923077,0.3076923076923077,0.037037037037037,0.037037037037037,0.2903225806451613,0.0,0,0,0,0.0,0.1428571428571428,0.0464191352927335,0.0,0.0,0,0,S1-912827024,S2-373576397,0
0.4230769230769231,0.4230769230769231,0.131578947368421,0.131578947368421,0.2181818181818181,0.0,0,0,0,0.0,0.1666666666666666,0.1076752429426131,0.0,0.0,0,0,S1-362737291,S2-509138112,0
0.3283582089552239,0.3283582089552239,0.1,0.1,0.3571428571428571,0.0,0,0,0,0.0,0.1111111111111111,0.0839677902757205,0.0,0.0,0,0,S1-362737291,S2-690211210,0
0.4705882352941176,0.4705882352941176,0.1351351351351351,0.1351351351351351,0.2222222222222222,0.0,0,0,0,0.0,0.1666666666666666,0.1005521939535819,0.0,0.0,0,0,S1-362737291,S2-5561607,0
0.4444444444444444,0.4444444444444444,0.1282051282051282,0.1282051282051282,0.3157894736842105,0.0,0,0,0,0.0,0.1428571428571428,0.0974609738824864,0.0,0.0,0,0,S1-362737291,S2-330275324,0
0.48,0.48,0.1388888888888889,0.1388888888888889,0.2790697674418604,0.0,0,0,0,0.0,0.1666666666666666,0.1014653627639177,0.0,0.0,0,0,S1-362737291,S2-95911389,0
0.5454545454545454,0.5454545454545454,0.2631578947368421,0.2631578947368421,0.2769230769230769,0.0,0,0,0,0.0,0.4,0.3869136977338882,0.0,0.0,1,0,S1-709699522,S2-163278261,0
0.4888888888888889,0.4888888888888889,0.1666666666666666,0.1666666666666666,0.4516129032258064,0.0,0,0,0,0.0,0.3333333333333333,0.2810485426164713,0.1111111111111111,0.1111111111111111,1,0,S1-709699522,S2-782611104,0
0.4864864864864865,0.4864864864864865,0.12,0.12,0.3272727272727272,0.0,0,0,0,0.0,0.1666666666666666,0.2373497198388668,0.0,0.0,0,0,S1-709699522,S2-806249077,0
0.6666666666666666,0.6666666666666666,0.2631578947368421,0.2631578947368421,0.2295081967213114,0.0,0,0,0,0.0,0.5,0.4329256467767095,0.0,0.0,1,0,S1-709699522,S2-532120159,0
0.5641025641025641,0.5641025641025641,0.2,0.2,0.4230769230769231,0.0,0,0,0,0.0,0.4,0.3235406505157386,0.0,0.0,0,0,S1-709699522,S2-505041498,0
0.375,0.375,0.1470588235294117,0.1470588235294117,0.2413793103448276,0.0,0,0,0,0.0,0.1666666666666666,0.056965184052826,0.0,0.0,0,0,S1-830156171,S2-781548660,0
0.6333333333333333,0.6333333333333333,0.3157894736842105,0.3157894736842105,0.2803738317757009,0.0,0,0,0,0.0,0.3333333333333333,0.1121811098860674,0.0,0.0,0,0,S1-830156171,S2-915769300,0
0.2641509433962264,0.2641509433962264,0.1282051282051282,0.1282051282051282,0.3578947368421052,0.0,0,0,0,0.0,0.1666666666666666,0.0502314844535308,0.0,0.0,0,0,S1-830156171,S2-531646707,0
0.5882352941176471,0.5882352941176471,0.1836734693877551,0.1836734693877551,0.1923076923076923,0.0,0,0,0,0.0,0.1428571428571428,0.0367558263216407,0.0,0.0,0,0,S1-830156171,S2-523510797,0
0.5925925925925926,0.5925925925925926,0.1282051282051282,0.1282051282051282,0.3838383838383838,0.0,0,0,0,0.0,0.1428571428571428,0.0533263984544014,0.0,0.0,0,0,S1-830156171,S2-693121938,0
0.7567567567567568,0.7567567567567568,0.6111111111111112,0.6111111111111112,0.825,0.0,0,0,0,0.0,0.2,0.0743212115342381,0.75,0.75,0,0,S1-317085559,S2-810964968,1
0.3880597014925373,0.3880597014925373,0.1136363636363636,0.1136363636363636,0.2526315789473684,0.0,0,0,0,0.0,0.125,0.0461119940914054,0.0,0.0,0,0,S1-317085559,S2-436362149,0
0.5454545454545454,0.5454545454545454,0.2553191489361702,0.2553191489361702,0.1904761904761904,0.0,0,0,0,0.0,0.25,0.1031045196486938,0.0,0.0,0,0,S1-317085559,S2-823507255,0
0.3902439024390244,0.3902439024390244,0.1851851851851851,0.1851851851851851,0.2795698924731182,0.0,0,0,0,0.0,0.1666666666666666,0.0640264330369533,0.0,0.0,0,0,S1-317085559,S2-412737242,0
0.52,0.52,0.1428571428571428,0.1428571428571428,0.2352941176470588,0.0,0,0,0,0.0,0.1428571428571428,0.0563342021971175,0.0,0.0,0,0,S1-317085559,S2-657523134,0
0.6530612244897959,0.6530612244897959,0.4285714285714285,0.4285714285714285,0.3428571428571428,0.0,0,0,0,0.0,0.1666666666666666,0.0513560722256275,0.0,0.0,0,0,S1-317085559,S2-257119785,0
0.6666666666666666,0.6666666666666666,0.4285714285714285,0.4285714285714285,0.2941176470588235,0.0,0,0,0,0.0,0.5,0.665002341317858,0.0,0.0,0,0,S1-413204423,S2-383645287,0
0.5263157894736842,0.5263157894736842,0.3,0.3,0.3666666666666666,0.0,0,0,0,0.0,0.3333333333333333,0.5425775048730497,0.1,0.1,0,0,S1-413204423,S2-790623025,0
0.4761904761904761,0.4761904761904761,0.25,0.25,0.1818181818181818,0.0,0,0,0,0.0,0.3333333333333333,0.6078007670344473,0.0,0.0,0,0,S1-413204423,S2-857682094,0
0.4705882352941176,0.4705882352941176,0.04,0.04,0.2622950819672131,0.0,0,0,0,0.0,0.2,0.0596614889791505,0.0,0.0,0,0,S1-688328227,S2-610911235,0
0.4727272727272727,0.4727272727272727,0.0952380952380952,0.0952380952380952,0.3859649122807017,0.0,0,0,0,0.0,0.1666666666666666,0.0569024577856034,0.0,0.0,0,0,S1-688328227,S2-577148024,0
0.4390243902439024,0.4390243902439024,0.032258064516129,0.032258064516129,0.3846153846153846,0.0,0,0,0,0.0,0.1666666666666666,0.0560837278242036,0.0,0.0,1,0,S1-688328227,S2-6920606,0
0.40625,0.40625,0.0625,0.0625,0.2745098039215686,0.0,0,0,0,0.0,0.125,0.0430105021331571,0.0,0.0,0,0,S1-688328227,S2-540501005,0
0.5106382978723404,0.5106382978723404,0.027027027027027,0.027027027027027,0.392156862745098,0.0,0,0,0,0.0,0.1666666666666666,0.058168957774644,0.0,0.0,0,0,S1-688328227,S2-690135892,0
0.5714285714285714,0.5714285714285714,0.1212121212121212,0.1212121212121212,0.1964285714285714,0.0,0,0,0,0.0,0.125,0.0850468819985681,0.0,0.0,1,0,S1-475679708,S2-26740863,0
0.4210526315789473,0.4210526315789473,0.0697674418604651,0.0697674418604651,0.3206106870229007,0.0,0,0,0,0.0,0.125,0.0779272316961558,0.0,0.0,0,0,S1-475679708,S2-592991071,0
0.4444444444444444,0.4444444444444444,0.0285714285714285,0.0285714285714285,0.2923076923076923,0.0,0,0,0,0.0,0.1666666666666666,0.1031870442246422,0.0555555555555555,0.0555555555555555,0,0,S1-475679708,S2-128340398,0
0.3793103448275862,0.3793103448275862,0.0454545454545454,0.0454545454545454,0.247787610619469,0.0,0,0,0,0.0,0.1111111111111111,0.0709035368422536,0.0,0.0,0,0,S1-475679708,S2-955351989,0
0.3137254901960784,0.3137254901960784,0.0789473684210526,0.0789473684210526,0.304,0.0,0,0,0,0.0,0.1428571428571428,0.0791869024597827,0.0,0.0,0,0,S1-475679708,S2-777367118,0
0.4137931034482758,0.4137931034482758,0.0212765957446808,0.0212765957446808,0.2903225806451613,0.0,0,0,0,0.0,0.1428571428571428,0.0413491597555231,0.0,0.0,0,0,S1-239245922,S2-272690307,0
0.2758620689655172,0.2758620689655172,0.0212765957446808,0.0212765957446808,0.1818181818181818,0.0,0,0,0,0.0,0.1428571428571428,0.0392451766857396,0.0,0.0,0,0,S1-239245922,S2-885906075,0
0.2264150943396226,0.2264150943396226,0.0238095238095238,0.0238095238095238,0.2622950819672131,0.0,0,0,0,0.0,0.1428571428571428,0.0445467366013452,0.0,0.0,0,0,S1-239245922,S2-115812716,0
0.3396226415094339,0.3396226415094339,0.0238095238095238,0.0238095238095238,0.303030303030303,0.0,0,0,0,0.0,0.1428571428571428,0.0443073131399951,0.0,0.0,0,0,S1-239245922,S2-461878491,0
0.2,0.2,0.0416666666666666,0.0416666666666666,0.4838709677419355,0.0,0,0,0,0.0,0.1428571428571428,0.0450316908514452,0.1,0.1,0,0,S1-239245922,S2-615211117,0
0.4444444444444444,0.4444444444444444,0.0526315789473684,0.0526315789473684,0.1428571428571428,0.0,0,0,0,0.0,0.25,0.0874101460551589,0.0,0.0,0,0,S1-965205948,S2-63106291,0
0.2857142857142857,0.2857142857142857,0.0384615384615384,0.0384615384615384,0.2950819672131147,0.0,0,0,0,0.0,0.2,0.0597111924885687,0.0,0.0,0,0,S1-965205948,S2-264519859,0
0.4242424242424242,0.4242424242424242,0.0416666666666666,0.0416666666666666,0.1666666666666666,0.0,0,0,0,0.0,0.2,0.0572492005544818,0.0,0.0,0,0,S1-965205948,S2-384811646,0
0.5142857142857142,0.5142857142857142,0.08,0.08,0.2666666666666666,0.0,0,0,0,0.0,0.2,0.068847241936857,0.1,0.1,0,0,S1-965205948,S2-638054355,0
0.3076923076923077,0.3076923076923077,0.025,0.025,0.21875,0.0,0,0,0,0.0,0.125,0.0367829620741315,0.0,0.0,0,0,S1-965205948,S2-987519931,0
0.4814814814814814,0.4814814814814814,0.1538461538461538,0.1538461538461538,0.3232323232323232,0.0,0,0,0,0.0,0.1666666666666666,0.0692481800771602,0.0833333333333333,0.0833333333333333,0,0,S1-441425953,S2-148849701,0
0.6274509803921569,0.6274509803921569,0.1666666666666666,0.1666666666666666,0.3013698630136986,0.0,0,0,0,0.0,0.1666666666666666,0.0539528567461056,0.0,0.0,0,0,S1-441425953,S2-932579977,0
0.5581395348837209,0.5581395348837209,0.1724137931034483,0.1724137931034483,0.2575757575757575,0.0,0,0,0,0.0,0.1666666666666666,0.0672275606862962,0.0,0.0,0,0,S1-441425953,S2-85159878,0
0.1842105263157894,0.1842105263157894,0.087719298245614,0.087719298245614,0.1384615384615384,0.0,0,0,0,0.0,0.1,0.0269225567553143,0.0,0.0,0,0,S1-441425953,S2-30704226,0
0.4242424242424242,0.4242424242424242,0.0980392156862745,0.0980392156862745,0.2013422818791946,0.0,0,0,0,0.0,0.1428571428571428,0.0542755114407368,0.0,0.0,0,0,S1-441425953,S2-640390247,0
0.3103448275862069,0.3103448275862069,0.0222222222222222,0.0222222222222222,0.2531645569620253,0.0,0,0,0,0.0,0.1111111111111111,0.030222640743862,0.0,0.0,0,0,S1-525416530,S2-334558703,0
0.3703703703703703,0.3703703703703703,0.0238095238095238,0.0238095238095238,0.2857142857142857,0.0,0,0,0,0.0,0.125,0.0363533682163038,0.0,0.0,0,0,S1-525416530,S2-970989191,0
0.3448275862068966,0.3448275862068966,0.0681818181818181,0.0681818181818181,0.238095238095238,0.0,0,0,0,0.0,0.125,0.0332335468606618,0.0,0.0,0,0,S1-525416530,S2-341814395,0
0.3773584905660377,0.3773584905660377,0.024390243902439,0.024390243902439,0.2898550724637681,0.0,0,0,0,0.0,0.125,0.0361969369630708,0.0,0.0,0,0,S1-525416530,S2-887947931,0
0.3404255319148936,0.3404255319148936,0.0571428571428571,0.0571428571428571,0.2686567164179104,0.0,0,0,0,0.0,0.1428571428571428,0.0384051090424757,0.0,0.0,0,0,S1-525416530,S2-163126966,0
0.3492063492063492,0.3492063492063492,0.0408163265306122,0.0408163265306122,0.2051282051282051,0.0,0,0,0,0.0,0.1111111111111111,0.0510062267245745,0.0,0.0,0,0,S1-895029531,S2-251315837,0
0.5357142857142857,0.5357142857142857,0.2432432432432432,0.2432432432432432,0.2292993630573248,0.25,1,1,1,0.0,0.3333333333333333,0.2162349752802966,0.0,0.0,0,0,S1-895029531,S2-536586488,0
0.5384615384615384,0.5384615384615384,0.1428571428571428,0.1428571428571428,0.2368421052631578,0.3333333333333333,1,1,1,0.0,0.25,0.119359027569313,0.0,0.0,0,0,S1-895029531,S2-372921766,0
0.4,0.4,0.0263157894736842,0.0263157894736842,0.2195121951219512,0.0,0,0,0,0.0,0.125,0.0749868007552187,0.0,0.0,0,0,S1-895029531,S2-337682585,0
0.4736842105263157,0.4736842105263157,0.1153846153846153,0.1153846153846153,0.188034188034188,0.0,0,0,0,0.0,0.1666666666666666,0.1117827047906536,0.0,0.0,0,0,S1-895029531,S2-799959186,0
0.9142857142857144,0.9142857142857144,0.7352941176470589,0.7352941176470589,0.8333333333333334,0.0,0,0,0,0.0,0.5,0.4599723923364751,0.8,0.8,0,0,S1-925919273,S2-329649493,1
0.4,0.4,0.0384615384615384,0.0384615384615384,0.3448275862068966,0.0,0,0,0,0.0,0.125,0.0385676822272253,0.0,0.0,0,0,S1-925919273,S2-774819009,0
0.3636363636363636,0.3636363636363636,0.0227272727272727,0.0227272727272727,0.3508771929824561,0.0,0,0,0,0.0,0.1428571428571428,0.0524322402516312,0.0,0.0,0,0,S1-925919273,S2-566729366,0
0.3666666666666666,0.3666666666666666,0.0425531914893617,0.0425531914893617,0.3666666666666666,0.0,0,0,0,0.0,0.125,0.0444042244231061,0.0,0.0,0,0,S1-925919273,S2-585116844,0
0.2592592592592592,0.2592592592592592,0.0232558139534883,0.0232558139534883,0.2622950819672131,0.0,0,0,0,0.0,0.1428571428571428,0.0530118224772215,0.0,0.0,0,0,S1-925919273,S2-446004862,0
0.1052631578947368,0.1052631578947368,0.0217391304347826,0.0217391304347826,0.375,0.0,0,0,0,0.0,0.1428571428571428,0.0496327044970475,0.1,0.1,0,0,S1-925919273,S2-395556260,0
0.3846153846153846,0.3846153846153846,0.1025641025641025,0.1025641025641025,0.2222222222222222,0.0,0,0,0,0.0,0.1666666666666666,0.1024494398990753,0.0,0.0,0,0,S1-181135299,S2-92616386,0
0.53125,0.53125,0.0816326530612244,0.0816326530612244,0.0967741935483871,0.0,0,0,0,0.0,0.125,0.1175743728257206,0.0,0.0,0,0,S1-181135299,S2-336162855,0
0.4528301886792453,0.4528301886792453,0.1875,0.1875,0.1,0.0,0,0,0,0.0,0.2,0.1749236232649389,0.0,0.0,0,0,S1-181135299,S2-474259368,0
0.4186046511627907,0.4186046511627907,0.1666666666666666,0.1666666666666666,0.2413793103448276,0.0,0,0,0,0.0,0.2,0.162640839463266,0.0,0.0,0,0,S1-181135299,S2-909586040,0
0.48,0.48,0.1081081081081081,0.1081081081081081,0.2888888888888888,0.0,0,0,0,0.0,0.1666666666666666,0.0932696997379985,0.0,0.0,0,0,S1-181135299,S2-747971133,0
0.5,0.5,0.0851063829787234,0.0851063829787234,0.1686746987951807,0.0,0,0,0,0.0,0.125,0.0399530679382357,0.0,0.0,0,0,S1-240331350,S2-945049160,0
0.4347826086956521,0.4347826086956521,0.0285714285714285,0.0285714285714285,0.2891566265060241,0.0,0,0,0,0.0,0.1428571428571428,0.0416921704983212,0.0,0.0,0,0,S1-240331350,S2-53058156,0
0.3666666666666666,0.3666666666666666,0.0217391304347826,0.0217391304347826,0.2388059701492537,0.0,0,0,0,0.0,0.1,0.0326457776099994,0.0,0.0,0,0,S1-240331350,S2-884001566,0
0.3103448275862069,0.3103448275862069,0.0454545454545454,0.0454545454545454,0.2784810126582278,0.0,0,0,0,0.0,0.125,0.0408769464390095,0.0,0.0,1,0,S1-240331350,S2-389011386,0
0.4444444444444444,0.4444444444444444,0.024390243902439,0.024390243902439,0.3191489361702128,0.0,0,0,0,0.0,0.1111111111111111,0.029298374462022,0.0,0.0,0,0,S1-240331350,S2-161055596,0
0.3571428571428571,0.3571428571428571,0.1219512195121951,0.1219512195121951,0.3943661971830985,0.0,0,0,0,0.0,0.1428571428571428,0.0596571333991495,0.0526315789473684,0.0526315789473684,0,0,S1-627414762,S2-777583574,0
0.7346938775510204,0.7346938775510204,0.4444444444444444,0.4444444444444444,0.1170212765957446,0.0,0,0,0,0.0,0.3333333333333333,0.1083829499015822,0.0434782608695652,0.0434782608695652,0,0,S1-627414762,S2-534585614,0
0.5964912280701754,0.5964912280701754,0.1794871794871795,0.1794871794871795,0.2686567164179104,0.0,0,0,0,0.0,0.125,0.0391066465353476,0.0555555555555555,0.0555555555555555,0,0,S1-627414762,S2-881374193,0
0.4545454545454545,0.4545454545454545,0.1666666666666666,0.1666666666666666,0.2386363636363636,0.0,0,0,0,0.0,0.1666666666666666,0.0543612534929006,0.0,0.0,0,0,S1-627414762,S2-538089407,0
0.6415094339622641,0.6415094339622641,0.3870967741935484,0.3870967741935484,0.1808510638297872,0.0,0,0,0,0.0,0.3333333333333333,0.1191746619738659,0.0,0.0,0,0,S1-627414762,S2-677087418,0
0.5853658536585366,0.5853658536585366,0.064516129032258,0.064516129032258,0.1791044776119403,0.0,0,0,0,0.0,0.2,0.0645762789216553,0.0,0.0,0,0,S1-216986373,S2-166435596,0
0.5238095238095238,0.5238095238095238,0.0625,0.0625,0.1785714285714285,0.0,0,0,0,0.0,0.2,0.0543987834928708,0.0,0.0,0,0,S1-216986373,S2-563409059,0
0.3181818181818182,0.3181818181818182,0.0285714285714285,0.0285714285714285,0.2608695652173913,0.0,0,0,0,0.0,0.2,0.0542066391284837,0.0,0.0,0,0,S1-216986373,S2-64098875,0
0.5,0.5,0.0294117647058823,0.0294117647058823,0.273972602739726,0.0,0,0,0,0.0,0.1666666666666666,0.0444235685316495,0.0,0.0,0,0,S1-216986373,S2-8341631,0
0.3478260869565217,0.3478260869565217,0.0277777777777777,0.0277777777777777,0.2372881355932203,0.0,0,0,0,0.0,0.1666666666666666,0.0580903021061711,0.0,0.0,0,0,S1-216986373,S2-117156502,0
0.3243243243243243,0.3243243243243243,0.0357142857142857,0.0357142857142857,0.2352941176470588,0.0,0,0,0,0.0,0.2,0.0717297260953313,0.0,0.0,0,0,S1-253317437,S2-113288525,0
0.1621621621621621,0.1621621621621621,0.0357142857142857,0.0357142857142857,0.3209876543209876,0.0,0,0,0,0.0,0.2,0.0831959386218056,0.0769230769230769,0.0769230769230769,0,0,S1-253317437,S2-826175919,0
0.3333333333333333,0.3333333333333333,0.037037037037037,0.037037037037037,0.2142857142857142,0.0,0,0,0,0.0,0.2,0.0673518850671711,0.0,0.0,0,0,S1-253317437,S2-482863537,0
0.4375,0.4375,0.0434782608695652,0.0434782608695652,0.2307692307692307,0.0,0,0,0,0.0,0.2,0.0608546891998631,0.0,0.0,0,0,S1-253317437,S2-511431813,0
0.3428571428571428,0.3428571428571428,0.037037037037037,0.037037037037037,0.2465753424657534,0.0,0,0,0,0.0,0.25,0.0774989906629261,0.1,0.1,0,0,S1-253317437,S2-811884476,0
0.4931506849315068,0.4931506849315068,0.0526315789473684,0.0526315789473684,0.2711864406779661,0.0,0,0,0,0.0,0.1,0.0594760207791877,0.0,0.0,0,0,S1-224729402,S2-131322204,0
0.4722222222222222,0.4722222222222222,0.0172413793103448,0.0172413793103448,0.2352941176470588,0.0,0,0,0,0.0,0.1,0.0500508881049302,0.0625,0.0624999999999999,0,0,S1-224729402,S2-411562397,0
0.4782608695652174,0.4782608695652174,0.0285714285714285,0.0285714285714285,0.2545454545454545,0.0,0,0,0,0.0,0.1428571428571428,0.0670219517697083,0.0,0.0,0,0,S1-224729402,S2-181834912,0
0.4363636363636363,0.4363636363636363,0.0232558139534883,0.0232558139534883,0.2526315789473684,0.0,0,0,0,0.0,0.125,0.0526437011803725,0.0,0.0,0,0,S1-224729402,S2-375012428,0
0.5416666666666666,0.5416666666666666,0.125,0.125,0.247191011235955,0.0,0,0,0,0.0,0.25,0.1133656466161454,0.0,0.0,0,0,S1-224729402,S2-998878379,0
0.5957446808510638,0.5957446808510638,0.2258064516129032,0.2258064516129032,0.2686567164179104,0.0,0,0,0,0.0,0.1666666666666666,0.1800604825599615,0.0,0.0,0,0,S1-656951309,S2-367268447,0
0.4705882352941176,0.4705882352941176,0.1388888888888889,0.1388888888888889,0.2769230769230769,0.0,0,0,0,0.0,0.1428571428571428,0.197196938629011,0.0,0.0,0,0,S1-656951309,S2-331161014,0
0.5185185185185185,0.5185185185185185,0.1891891891891892,0.1891891891891892,0.3396226415094339,0.0,0,0,0,0.0,0.1666666666666666,0.2013831046715657,0.0,0.0,0,0,S1-656951309,S2-419144838,0
0.5641025641025641,0.5641025641025641,0.238095238095238,0.238095238095238,0.3333333333333333,0.0,0,0,0,0.0,0.25,0.2932750073350156,0.0,0.0,0,0,S1-656951309,S2-911805500,0
0.4864864864864865,0.4864864864864865,0.2083333333333333,0.2083333333333333,0.2580645161290322,0.0,0,0,0,0.0,0.2,0.2169379024885332,0.0,0.0,0,0,S1-656951309,S2-48748003,0
0.631578947368421,0.631578947368421,0.1071428571428571,0.1071428571428571,0.2641509433962264,0.0,0,0,0,0.0,0.25,0.2253031955473328,0.0,0.0,0,0,S1-879496149,S2-127852135,0
0.8235294117647058,0.8235294117647058,0.5555555555555556,0.5555555555555556,0.2745098039215686,0.0,0,0,0,0.0,0.3333333333333333,0.2996909510432943,0.0588235294117647,0.0588235294117647,0,0,S1-879496149,S2-66795391,0
0.5416666666666666,0.5416666666666666,0.3333333333333333,0.3333333333333333,0.36,0.0,0,0,0,0.0,0.2,0.1875454987757301,0.0,0.0,1,0,S1-879496149,S2-343765805,0
0.5,0.5,0.1034482758620689,0.1034482758620689,0.4363636363636363,0.0,0,0,0,0.0,0.2,0.2180362397518015,0.1111111111111111,0.1111111111111111,0,0,S1-879496149,S2-699535842,0
0.5454545454545454,0.5454545454545454,0.125,0.125,0.3571428571428571,0.0,0,0,0,0.0,0.3333333333333333,0.3209555707909883,0.0,0.0,0,0,S1-879496149,S2-736363535,0
0.3508771929824561,0.3508771929824561,0.0681818181818181,0.0681818181818181,0.2105263157894736,0.0,0,0,0,0.0,0.1428571428571428,0.1219605292127734,0.0,0.0,0,0,S1-162671576,S2-557009181,0
0.52,0.52,0.21875,0.21875,0.2545454545454545,0.0,0,0,0,0.0,0.2,0.1881428855813527,0.0,0.0,0,0,S1-162671576,S2-461614178,0
0.2597402597402597,0.2597402597402597,0.0666666666666666,0.0666666666666666,0.3835616438356164,0.0,0,0,0,0.0,0.1,0.0712409667262576,0.0,0.0,0,0,S1-162671576,S2-48072872,0
0.4705882352941176,0.4705882352941176,0.1666666666666666,0.1666666666666666,0.2253521126760563,0.0,0,0,0,0.0,0.1666666666666666,0.147302889764764,0.0,0.0,0,0,S1-162671576,S2-598245149,0
0.5,0.5,0.1428571428571428,0.1428571428571428,0.1016949152542373,0.0,0,0,0,0.0,0.2,0.2647051120445822,0.0,0.0,0,0,S1-162671576,S2-5341748,0
0.4137931034482758,0.4137931034482758,0.0444444444444444,0.0444444444444444,0.2258064516129032,0.0,0,0,0,0.0,0.125,0.046550404343116,0.0,0.0,0,0,S1-865468432,S2-793486471,0
0.32,0.32,0.025,0.025,0.3235294117647059,0.0,0,0,0,0.0,0.1666666666666666,0.0582299241830744,0.0,0.0,0,0,S1-865468432,S2-160018247,0
0.56,0.56,0.2058823529411764,0.2058823529411764,0.1860465116279069,0.0,0,0,0,0.0,0.1666666666666666,0.1229223939479078,0.0,0.0,0,0,S1-865468432,S2-392994485,0
0.3461538461538461,0.3461538461538461,0.024390243902439,0.024390243902439,0.2857142857142857,0.0,0,0,0,0.0,0.1428571428571428,0.0488884644450831,0.0,0.0,0,0,S1-865468432,S2-819544015,0
0.2758620689655172,0.2758620689655172,0.0212765957446808,0.0212765957446808,0.1818181818181818,0.0,0,0,0,0.0,0.1428571428571428,0.0413262836450164,0.0,0.0,0,0,S1-865468432,S2-986618744,0
0.3529411764705882,0.3529411764705882,0.1944444444444444,0.1944444444444444,0.3559322033898305,0.0,0,0,0,0.0,0.2,0.2523884454501968,0.0526315789473684,0.0526315789473684,0,0,S1-366284662,S2-464471112,0
0.4761904761904761,0.4761904761904761,0.2592592592592592,0.2592592592592592,0.3166666666666666,0.0,0,0,0,0.0,0.2,0.253939770108588,0.0,0.0,0,0,S1-366284662,S2-725351688,0
0.7096774193548387,0.7096774193548387,0.4117647058823529,0.4117647058823529,0.2978723404255319,0.0,0,0,0,0.0,0.25,0.2531773315669113,0.0,0.0,0,0,S1-366284662,S2-954418257,0
0.4782608695652174,0.4782608695652174,0.2258064516129032,0.2258064516129032,0.1855670103092783,0.0,0,0,0,0.0,0.2,0.2608849726334401,0.0,0.0,0,0,S1-366284662,S2-474645859,0
0.4166666666666667,0.4166666666666667,0.2258064516129032,0.2258064516129032,0.2135922330097087,0.0,0,0,0,0.0,0.1428571428571428,0.1875431821594222,0.0,0.0,0,0,S1-366284662,S2-687204851,0
0.4081632653061224,0.4081632653061224,0.1714285714285714,0.1714285714285714,0.2388059701492537,0.0,0,0,0,0.0,0.2,0.2057704547233788,0.0,0.0,0,0,S1-708342367,S2-447401992,0
0.5294117647058824,0.5294117647058824,0.2857142857142857,0.2857142857142857,0.2253521126760563,0.0,0,0,0,0.0,0.25,0.252938933290854,0.0,0.0,0,0,S1-708342367,S2-763142529,0
0.4186046511627907,0.4186046511627907,0.1333333333333333,0.1333333333333333,0.360655737704918,0.0,0,0,0,0.0,0.1666666666666666,0.1471562802011349,0.0,0.0,0,0,S1-708342367,S2-111073791,0
0.7027027027027027,0.7027027027027027,0.3636363636363636,0.3636363636363636,0.3823529411764705,0.0,0,0,0,0.0,0.25,0.2406080977949208,0.0,0.0,1,0,S1-708342367,S2-39471338,0
0.6875,0.6875,0.3,0.3,0.4266666666666667,0.0,0,0,0,0.0,0.3333333333333333,0.3884935524208244,0.0833333333333333,0.0833333333333333,0,0,S1-708342367,S2-241240675,0
0.4848484848484848,0.4848484848484848,0.0869565217391304,0.0869565217391304,0.2745098039215686,0.0,0,0,0,0.0,0.2,0.1352849131767141,0.0,0.0,0,0,S1-78755494,S2-446249773,0
0.5142857142857142,0.5142857142857142,0.0833333333333333,0.0833333333333333,0.4,0.0,0,0,0,0.0,0.1666666666666666,0.1251680407674953,0.0833333333333333,0.0833333333333333,0,0,S1-78755494,S2-273848726,0
0.3888888888888889,0.3888888888888889,0.08,0.08,0.4090909090909091,0.0,0,0,0,0.0,0.1666666666666666,0.1305051155955799,0.0,0.0,0,0,S1-78755494,S2-944101064,0
0.3478260869565217,0.3478260869565217,0.0606060606060606,0.0606060606060606,0.2545454545454545,0.0,0,0,0,0.0,0.125,0.1092987445397846,0.0,0.0,1,0,S1-78755494,S2-655354073,0
0.2641509433962264,0.2641509433962264,0.05,0.05,0.3461538461538461,0.0,0,0,0,0.0,0.125,0.1065091604192069,0.0,0.0,0,0,S1-78755494,S2-79785678,0
0.4081632653061224,0.4081632653061224,0.0256410256410256,0.0256410256410256,0.4242424242424242,0.0,0,0,0,0.0,0.1666666666666666,0.046959894534027,0.0,0.0,0,0,S1-209583901,S2-21108745,0
0.4,0.4,0.0517241379310344,0.0517241379310344,0.2068965517241379,0.0,0,0,0,0.0,0.1111111111111111,0.0422602055289949,0.0,0.0,1,0,S1-209583901,S2-483326033,0
0.2857142857142857,0.2857142857142857,0.0196078431372549,0.0196078431372549,0.2686567164179104,0.0,0,0,0,0.0,0.125,0.0431306954975075,0.0,0.0,0,0,S1-209583901,S2-305376830,0
0.3157894736842105,0.3157894736842105,0.0444444444444444,0.0444444444444444,0.5333333333333333,0.0,0,0,0,0.0,0.1428571428571428,0.0467245252144553,0.0,0.0,0,0,S1-209583901,S2-26165751,0
0.2962962962962963,0.2962962962962963,0.0232558139534883,0.0232558139534883,0.1333333333333333,0.0,0,0,0,0.0,0.1666666666666666,0.0508864637798572,0.0,0.0,0,0,S1-209583901,S2-786646747,0
0.6,0.6,0.2692307692307692,0.2692307692307692,0.208955223880597,0.0,0,0,0,0.0,0.25,0.2910693259830595,0.0,0.0,0,0,S1-187690902,S2-309462635,0
0.5263157894736842,0.5263157894736842,0.1842105263157894,0.1842105263157894,0.21875,0.0,0,0,0,0.0,0.1666666666666666,0.1636492946294331,0.0,0.0,0,0,S1-187690902,S2-789407599,0
0.6341463414634146,0.6341463414634146,0.2142857142857142,0.2142857142857142,0.0571428571428571,0.0,0,0,0,0.0,0.25,0.2676608948931633,0.0,0.0,0,0,S1-187690902,S2-811849963,0
0.5098039215686274,0.5098039215686274,0.1351351351351351,0.1351351351351351,0.1068702290076335,0.0,0,0,0,0.0,0.1666666666666666,0.1827584863737822,0.0526315789473684,0.0526315789473684,0,0,S1-187690902,S2-482118403,0
0.5555555555555556,0.5555555555555556,0.3043478260869565,0.3043478260869565,0.2222222222222222,0.0,0,0,0,0.0,0.3333333333333333,0.2822863617135033,0.0,0.0,0,0,S1-187690902,S2-459447894,0
0.5641025641025641,0.5641025641025641,0.1666666666666666,0.1666666666666666,0.237037037037037,0.0,0,0,0,0.0,0.2857142857142857,0.136102404120556,0.0,0.0,0,0,S1-627054721,S2-170928887,0
0.5833333333333334,0.5833333333333334,0.1212121212121212,0.1212121212121212,0.1913043478260869,0.0,0,0,0,0.0,0.125,0.0932927435032938,0.0,0.0,1,0,S1-627054721,S2-102319759,0
0.509090909090909,0.509090909090909,0.1025641025641025,0.1025641025641025,0.16,0.0,0,0,0,0.0,0.25,0.1465974528520007,0.0,0.0,0,0,S1-627054721,S2-139852797,0
0.4571428571428571,0.4571428571428571,0.04,0.04,0.1855670103092783,0.0,0,0,0,0.0,0.1666666666666666,0.0759522970876287,0.0,0.0,0,0,S1-627054721,S2-867279583,0
0.5,0.5,0.1333333333333333,0.1333333333333333,0.208695652173913,0.0,0,0,0,0.0,0.3333333333333333,0.1664720867604756,0.0,0.0,0,0,S1-627054721,S2-355963934,0
0.36,0.36,0.0256410256410256,0.0256410256410256,0.3125,0.0,0,0,0,0.0,0.1428571428571428,0.0494926664646914,0.0,0.0,0,0,S1-380522570,S2-577186665,0
0.2941176470588235,0.2941176470588235,0.0416666666666666,0.0416666666666666,0.2571428571428571,0.0,0,0,0,0.0,0.1666666666666666,0.064222082009034,0.0,0.0,0,0,S1-380522570,S2-678675247,0
0.3720930232558139,0.3720930232558139,0.032258064516129,0.032258064516129,0.2413793103448276,0.0,0,0,0,0.0,0.125,0.0449937382758659,0.0,0.0,0,0,S1-380522570,S2-942524924,0
0.3571428571428571,0.3571428571428571,0.0526315789473684,0.0526315789473684,0.2758620689655172,0.0,0,0,0,0.0,0.2,0.0684155421657098,0.0,0.0,0,0,S1-380522570,S2-148634621,0
0.3076923076923077,0.3076923076923077,0.0357142857142857,0.0357142857142857,0.4545454545454545,0.0,0,0,0,0.0,0.1428571428571428,0.0512565852917673,0.0,0.0,0,0,S1-380522570,S2-369451415,0
0.5365853658536586,0.5365853658536586,0.0666666666666666,0.0666666666666666,0.3548387096774194,0.0,0,0,0,0.0,0.1666666666666666,0.0436813930082683,0.0,0.0,0,0,S1-621086607,S2-88742973,0
0.4375,0.4375,0.0434782608695652,0.0434782608695652,0.3492063492063492,0.0,0,0,0,0.0,0.2,0.0514001456896407,0.0,0.0,0,0,S1-621086607,S2-451768146,0
0.358974358974359,0.358974358974359,0.0333333333333333,0.0333333333333333,0.3529411764705882,0.0,0,0,0,0.0,0.2,0.0480580523705277,0.0909090909090909,0.0909090909090909,0,0,S1-621086607,S2-342661582,0
0.1132075471698113,0.1132075471698113,0.025,0.025,0.4761904761904761,0.0,0,0,0,0.0,0.125,0.0294010181842218,0.0,0.0,0,0,S1-621086607,S2-748672766,0
0.375,0.375,0.027027027027027,0.027027027027027,0.2631578947368421,0.0,0,0,0,0.0,0.1428571428571428,0.040084413083986,0.0,0.0,0,0,S1-621086607,S2-943071398,0
0.3255813953488372,0.3255813953488372,0.0294117647058823,0.0294117647058823,0.2181818181818181,0.0,0,0,0,0.0,0.2,0.068653435406135,0.0,0.0,0,0,S1-511909143,S2-865717591,0
0.2564102564102564,0.2564102564102564,0.0344827586206896,0.0344827586206896,0.2264150943396226,0.0,0,0,0,0.0,0.1666666666666666,0.051959420228632,0.0,0.0,0,0,S1-511909143,S2-109896735,0
0.375,0.375,0.0909090909090909,0.0909090909090909,0.3692307692307692,0.0,0,0,0,0.0,0.2,0.065554389485528,0.0,0.0,0,0,S1-511909143,S2-607906541,0
0.5294117647058824,0.5294117647058824,0.04,0.04,0.2539682539682539,0.0,0,0,0,0.0,0.2,0.0577401288713335,0.0,0.0,0,0,S1-511909143,S2-490810824,0
0.35,0.35,0.0333333333333333,0.0333333333333333,0.3728813559322034,0.0,0,0,0,0.0,0.1666666666666666,0.0528613022706279,0.0,0.0,0,0,S1-511909143,S2-721805066,0
0.4285714285714285,0.4285714285714285,0.15,0.15,0.2912621359223301,0.0,0,0,0,0.0,0.1428571428571428,0.0387319807653418,0.0,0.0,0,0,S1-221908990,S2-426598167,0
0.5581395348837209,0.5581395348837209,0.2142857142857142,0.2142857142857142,0.4067796610169492,0.0,0,0,0,0.0,0.1666666666666666,0.0475096388225107,0.0,0.0,0,0,S1-221908990,S2-141640381,0
0.5777777777777777,0.5777777777777777,0.2,0.2,0.4,0.0,0,0,0,0.0,0.1666666666666666,0.0500106208292819,0.0,0.0,0,0,S1-221908990,S2-558017754,0
0.4615384615384615,0.4615384615384615,0.131578947368421,0.131578947368421,0.3243243243243243,0.0,0,0,0,0.0,0.1666666666666666,0.046442144895533,0.0,0.0,0,0,S1-221908990,S2-318287614,0
0.5116279069767442,0.5116279069767442,0.1666666666666666,0.1666666666666666,0.4285714285714285,0.0,0,0,0,0.0,0.2,0.0548412390094875,0.1052631578947368,0.1052631578947368,0,0,S1-221908990,S2-844376898,0
0.8275862068965517,0.8275862068965517,0.76,0.76,0.5384615384615384,0.0,0,0,0,0.0,1.0,1.0,0.6666666666666666,0.6666666666666667,0,0,S1-848628314,S2-92655767,1
0.4782608695652174,0.4782608695652174,0.25,0.25,0.2588235294117647,0.0,0,0,0,0.0,0.4,0.2913749262259614,0.0,0.0,0,0,S1-848628314,S2-585094590,0
0.4615384615384615,0.4615384615384615,0.1111111111111111,0.1111111111111111,0.3376623376623376,0.0,0,0,0,0.0,0.1428571428571428,0.0916091859503702,0.0,0.0,0,0,S1-848628314,S2-706885212,0
0.4528301886792453,0.4528301886792453,0.1081081081081081,0.1081081081081081,0.3466666666666667,0.0,0,0,0,0.0,0.1428571428571428,0.099346761717146,0.0,0.0,0,0,S1-848628314,S2-299817326,0
0.3492063492063492,0.3492063492063492,0.0930232558139534,0.0930232558139534,0.25,0.0,0,0,0,0.0,0.1428571428571428,0.1047660209004101,0.0,0.0,0,0,S1-848628314,S2-981571611,0
0.3703703703703703,0.3703703703703703,0.048780487804878,0.048780487804878,0.3421052631578947,0.0,0,0,0,0.0,0.1666666666666666,0.1124723935262929,0.0,0.0,0,0,S1-848628314,S2-760449655,0
0.5263157894736842,0.5263157894736842,0.119047619047619,0.119047619047619,0.3571428571428571,0.0,0,0,0,0.0,0.1428571428571428,0.043754603862205,0.0,0.0,0,0,S1-428597377,S2-561868528,0
0.4705882352941176,0.4705882352941176,0.1351351351351351,0.1351351351351351,0.2706766917293233,0.0,0,0,0,0.0,0.1666666666666666,0.0543353733649466,0.0,0.0,0,0,S1-428597377,S2-551644836,0
0.5531914893617021,0.5531914893617021,0.1875,0.1875,0.2242990654205607,0.0,0,0,0,0.0,0.1666666666666666,0.0442993990371838,0.0,0.0,0,0,S1-428597377,S2-957336208,0
0.5098039215686274,0.5098039215686274,0.1714285714285714,0.1714285714285714,0.1463414634146341,0.0,0,0,0,0.0,0.1428571428571428,0.0433197484611138,0.0,0.0,0,0,S1-428597377,S2-325770694,0
0.4761904761904761,0.4761904761904761,0.1304347826086956,0.1304347826086956,0.4313725490196078,0.0,0,0,0,0.0,0.1428571428571428,0.047373511444367,0.0833333333333333,0.0833333333333333,0,0,S1-428597377,S2-382615809,0
0.4782608695652174,0.4782608695652174,0.0285714285714285,0.0285714285714285,0.2711864406779661,0.0,0,0,0,0.0,0.1428571428571428,0.0325973967400588,0.0,0.0,0,0,S1-454579660,S2-156798315,0
0.4347826086956521,0.4347826086956521,0.0285714285714285,0.0285714285714285,0.2153846153846154,0.0,0,0,0,0.0,0.1428571428571428,0.0343517118541477,0.0,0.0,0,0,S1-454579660,S2-419558110,0
0.391304347826087,0.391304347826087,0.0294117647058823,0.0294117647058823,0.2424242424242424,0.0,0,0,0,0.0,0.125,0.0357721196170851,0.0,0.0,0,0,S1-454579660,S2-685989566,0
0.4150943396226415,0.4150943396226415,0.05,0.05,0.1818181818181818,0.0,0,0,0,0.0,0.125,0.0355400901362477,0.0,0.0,0,0,S1-454579660,S2-270196158,0
0.3555555555555555,0.3555555555555555,0.0294117647058823,0.0294117647058823,0.0,0.0,0,0,0,0.0,0.1428571428571428,0.0383387078009866,0.0,0.0,0,1,S1-454579660,S2-766629456,0
0.5306122448979592,0.5306122448979592,0.1081081081081081,0.1081081081081081,0.1842105263157894,0.0,0,0,0,0.0,0.2,0.0853435351530974,0.0,0.0,0,0,S1-151707128,S2-447828663,0
0.4857142857142857,0.4857142857142857,0.18,0.18,0.2830188679245283,0.0,0,0,0,0.0,0.1428571428571428,0.1360275113344075,0.0,0.0,0,0,S1-151707128,S2-274346059,0
0.2105263157894736,0.2105263157894736,0.0217391304347826,0.0217391304347826,0.2258064516129032,0.0,0,0,0,0.0,0.1428571428571428,0.0494867709924536,0.0,0.0,0,0,S1-151707128,S2-666778101,0
0.5,0.5,0.1025641025641025,0.1025641025641025,0.3125,0.0,0,0,0,0.0,0.1666666666666666,0.0660907118347688,0.0,0.0,0,0,S1-151707128,S2-462475089,0
0.36,0.36,0.025,0.025,0.3013698630136986,0.0,0,0,0,0.0,0.1666666666666666,0.0564485798339576,0.0,0.0,0,0,S1-151707128,S2-663507643,0
0.4166666666666667,0.4166666666666667,0.0892857142857142,0.0892857142857142,0.1555555555555555,0.0,0,0,0,0.0,0.1428571428571428,0.1101160136499761,0.0,0.0,0,0,S1-746995563,S2-463200133,0
0.4477611940298507,0.4477611940298507,0.0980392156862745,0.0980392156862745,0.2764227642276423,0.0,0,0,0,0.0,0.1428571428571428,0.097748687546643,0.0,0.0,0,0,S1-746995563,S2-772182834,0
0.4137931034482758,0.4137931034482758,0.119047619047619,0.119047619047619,0.34375,0.0,0,0,0,0.0,0.1428571428571428,0.104414982072324,0.05,0.0499999999999999,0,0,S1-746995563,S2-40508713,0
0.4516129032258064,0.4516129032258064,0.108695652173913,0.108695652173913,0.0,0.0,0,0,0,0.0,0.1428571428571428,0.1129347796890057,0.0,0.0,0,1,S1-746995563,S2-400517434,0
0.3389830508474576,0.3389830508474576,0.1162790697674418,0.1162790697674418,0.2727272727272727,0.0,0,0,0,0.0,0.1666666666666666,0.1020991516167855,0.0,0.0,0,0,S1-746995563,S2-253709551,0
0.303030303030303,0.303030303030303,0.04,0.04,0.2758620689655172,0.0,0,0,0,0.0,0.25,0.0745556330254315,0.0,0.0,0,0,S1-342774689,S2-199261486,0
0.4375,0.4375,0.0434782608695652,0.0434782608695652,0.4528301886792453,0.0,0,0,0,0.0,0.2,0.0613637634929891,0.1111111111111111,0.1111111111111111,0,0,S1-342774689,S2-655702823,0
0.1428571428571428,0.1428571428571428,0.032258064516129,0.032258064516129,0.1126760563380281,0.0,0,0,0,0.0,0.1428571428571428,0.0434811946955164,0.0,0.0,0,0,S1-342774689,S2-398200309,0
0.4571428571428571,0.4571428571428571,0.0384615384615384,0.0384615384615384,0.4,0.0,0,0,0,0.0,0.2,0.0538104367903994,0.0,0.0,0,0,S1-342774689,S2-401571443,0
0.4705882352941176,0.4705882352941176,0.0833333333333333,0.0833333333333333,0.3265306122448979,0.0,0,0,0,0.0,0.2,0.0546539865292724,0.0,0.0,0,0,S1-342774689,S2-85273275,0
0.4571428571428571,0.4571428571428571,0.12,0.12,0.2733812949640288,0.0,0,0,0,0.0,0.25,0.2034787817226999,0.0,0.0,0,0,S1-573874770,S2-571641856,0
0.3243243243243243,0.3243243243243243,0.1153846153846153,0.1153846153846153,0.3783783783783784,0.0,0,0,0,0.0,0.2,0.2112055974470519,0.0454545454545454,0.0454545454545454,0,0,S1-573874770,S2-381588836,0
0.4666666666666667,0.4666666666666667,0.15,0.15,0.1333333333333333,0.0,0,0,0,0.0,0.25,0.2155939348586723,0.0,0.0,0,0,S1-573874770,S2-540724632,0
0.4375,0.4375,0.1428571428571428,0.1428571428571428,0.1428571428571428,0.0,0,0,0,0.0,0.2,0.160035913224112,0.0,0.0,0,0,S1-573874770,S2-448426707,0
0.3396226415094339,0.3396226415094339,0.1,0.1,0.2992125984251969,0.0,0,0,0,0.0,0.1666666666666666,0.1490586072003366,0.0,0.0,0,0,S1-573874770,S2-526205484,0
0.5531914893617021,0.5531914893617021,0.2666666666666666,0.2666666666666666,0.2571428571428571,0.0,0,0,0,0.0,0.4,0.4172192526076011,0.0,0.0,0,0,S1-779180246,S2-429555722,0
0.5423728813559322,0.5423728813559322,0.2051282051282051,0.2051282051282051,0.3275862068965517,0.0,0,0,0,0.0,0.1428571428571428,0.1370362507003106,0.0,0.0,0,0,S1-779180246,S2-706603868,0
0.5614035087719298,0.5614035087719298,0.2105263157894736,0.2105263157894736,0.3728813559322034,0.0,0,0,0,0.0,0.1428571428571428,0.1458846296308139,0.125,0.1249999999999999,0,0,S1-779180246,S2-856771460,0
0.4482758620689655,0.4482758620689655,0.175,0.175,0.237037037037037,0.0,0,0,0,0.0,0.125,0.106606870410269,0.0,0.0,0,0,S1-779180246,S2-510896227,0
0.4642857142857143,0.4642857142857143,0.2222222222222222,0.2222222222222222,0.1833333333333333,0.0,0,0,0,0.0,0.1666666666666666,0.1508842048428433,0.0,0.0,0,0,S1-779180246,S2-463906238,0
0.4848484848484848,0.4848484848484848,0.1904761904761904,0.1904761904761904,0.32,0.0,0,0,0,0.0,0.2,0.1738280977744239,0.0,0.0,0,0,S1-586421885,S2-641120439,0
0.36,0.36,0.1142857142857142,0.1142857142857142,0.3013698630136986,0.0,0,0,0,0.0,0.125,0.0935073855075076,0.0,0.0,0,0,S1-586421885,S2-406065095,0
0.4390243902439024,0.4390243902439024,0.0666666666666666,0.0666666666666666,0.2933333333333333,0.0,0,0,0,0.0,0.1666666666666666,0.2638733993480141,0.0,0.0,0,0,S1-586421885,S2-673104140,0
0.5,0.5,0.16,0.16,0.2461538461538461,0.0,0,0,0,0.0,0.25,0.1772054988507446,0.0,0.0,0,0,S1-586421885,S2-146240716,0
0.44,0.44,0.1081081081081081,0.1081081081081081,0.2619047619047619,0.0,0,0,0,0.0,0.1666666666666666,0.1283750012598976,0.0,0.0,0,0,S1-586421885,S2-976576895,0
0.4848484848484848,0.4848484848484848,0.0416666666666666,0.0416666666666666,0.1971830985915492,0.0,0,0,0,0.0,0.2,0.0688051796738834,0.0,0.0,1,0,S1-363858344,S2-69980126,0
0.3809523809523809,0.3809523809523809,0.1,0.1,0.3214285714285714,0.0,0,0,0,0.0,0.1666666666666666,0.0589208890652728,0.0,0.0,0,0,S1-363858344,S2-518713308,0
0.3829787234042553,0.3829787234042553,0.027027027027027,0.027027027027027,0.3513513513513513,0.0,0,0,0,0.0,0.1666666666666666,0.0646969120704025,0.0,0.0,0,0,S1-363858344,S2-923395661,0
0.4782608695652174,0.4782608695652174,0.0571428571428571,0.0571428571428571,0.1791044776119403,0.0,0,0,0,0.0,0.1666666666666666,0.0589515936538522,0.0,0.0,0,0,S1-363858344,S2-43073112,0
0.2962962962962963,0.2962962962962963,0.0256410256410256,0.0256410256410256,0.2985074626865671,0.0,0,0,0,0.0,0.1666666666666666,0.0463238064027259,0.0,0.0,0,0,S1-363858344,S2-805174946,0
0.5,0.5,0.2352941176470588,0.2352941176470588,0.2166666666666666,0.0,0,0,0,0.0,0.1428571428571428,0.1271770672327074,0.0,0.0,0,0,S1-443400373,S2-385908574,0
0.3043478260869565,0.3043478260869565,0.0285714285714285,0.0285714285714285,0.2465753424657534,0.0,0,0,0,0.0,0.1428571428571428,0.0574321476504412,0.0,0.0,0,0,S1-443400373,S2-77059049,0
0.2222222222222222,0.2222222222222222,0.0175438596491228,0.0175438596491228,0.3428571428571428,0.0,0,0,0,0.0,0.0909090909090909,0.0354030306256059,0.0,0.0,0,0,S1-443400373,S2-778516759,0
0.4307692307692308,0.4307692307692308,0.0196078431372549,0.0196078431372549,0.1818181818181818,0.0,0,0,0,0.0,0.25,0.1423288108179647,0.0,0.0,0,0,S1-443400373,S2-853698886,0
0.5333333333333333,0.5333333333333333,0.1454545454545454,0.1454545454545454,0.2828282828282828,0.0,0,0,0,0.0,0.1111111111111111,0.1197971029223572,0.0,0.0,0,0,S1-443400373,S2-108355820,0
0.2941176470588235,0.2941176470588235,0.0416666666666666,0.0416666666666666,0.3235294117647059,0.0,0,0,0,0.0,0.1666666666666666,0.0560333873276524,0.0,0.0,0,0,S1-22744074,S2-760034304,0
0.3333333333333333,0.3333333333333333,0.032258064516129,0.032258064516129,0.1538461538461538,0.0,0,0,0,0.0,0.1428571428571428,0.0522276088460812,0.0,0.0,0,0,S1-22744074,S2-479709747,0
0.45,0.45,0.0333333333333333,0.0333333333333333,0.2941176470588235,0.0,0,0,0,0.0,0.1666666666666666,0.049885354679418,0.0,0.0,0,0,S1-22744074,S2-540454967,0
0.45,0.45,0.0344827586206896,0.0344827586206896,0.1694915254237288,0.0,0,0,0,0.0,0.1428571428571428,0.042326134186354,0.0,0.0,0,0,S1-22744074,S2-214727627,0
0.3414634146341463,0.3414634146341463,0.0333333333333333,0.0333333333333333,0.2333333333333333,0.0,0,0,0,0.0,0.1428571428571428,0.0451692028036961,0.0,0.0,0,0,S1-22744074,S2-625252110,0
0.9473684210526316,0.9473684210526316,1.0,1.0,0.9491525423728814,1.0,2,1,5,1.0,0.0,0.0,0.6666666666666666,0.6666666666666667,0,0,S1-868741910,S2-538928654,1
0.4848484848484848,0.4848484848484848,0.238095238095238,0.238095238095238,0.3103448275862069,0.0,0,0,0,0.0,0.25,0.2368425437303526,0.0,0.0,0,0,S1-868741910,S2-130895748,0
0.5,0.5,0.2083333333333333,0.2083333333333333,0.375,0.0,0,0,0,0.0,0.25,0.2860516456761853,0.0,0.0,0,0,S1-868741910,S2-794813956,0
0.4210526315789473,0.4210526315789473,0.2,0.2,0.1846153846153846,0.0,0,0,0,0.0,0.2,0.2359594027802976,0.0,0.0,0,0,S1-868741910,S2-489542170,0
0.5714285714285714,0.5714285714285714,0.3125,0.3125,0.3448275862068966,0.0,0,0,0,0.0,0.25,0.2811563071372959,0.0,0.0,0,0,S1-868741910,S2-979930583,0
0.4210526315789473,0.4210526315789473,0.2,0.2,0.2769230769230769,0.0,0,0,0,0.0,0.2,0.2274475793250167,0.0,0.0,0,0,S1-868741910,S2-425125718,0
0.4528301886792453,0.4528301886792453,0.1578947368421052,0.1578947368421052,0.1496598639455782,0.0,0,0,0,0.0,0.1666666666666666,0.0884959559366667,0.0,0.0,0,0,S1-546541236,S2-294753168,0
0.5306122448979592,0.5306122448979592,0.1714285714285714,0.1714285714285714,0.128440366972477,0.0,0,0,0,0.0,0.2,0.1410481908789109,0.0,0.0,0,0,S1-546541236,S2-355461872,0
0.5531914893617021,0.5531914893617021,0.1818181818181818,0.1818181818181818,0.1698113207547169,0.0,0,0,0,0.0,0.2,0.1318489412315271,0.0,0.0,0,0,S1-546541236,S2-30350682,0
0.4590163934426229,0.4590163934426229,0.1818181818181818,0.1818181818181818,0.2702702702702703,0.0,0,0,0,0.0,0.1666666666666666,0.1208976270279154,0.0,0.0,0,0,S1-546541236,S2-261924147,0
0.5306122448979592,0.5306122448979592,0.1714285714285714,0.1714285714285714,0.1523809523809524,0.0,0,0,0,0.0,0.2,0.1079165245941006,0.0,0.0,0,0,S1-546541236,S2-672849552,0
0.3829787234042553,0.3829787234042553,0.027027027027027,0.027027027027027,0.4,0.0,0,0,0,0.0,0.1666666666666666,0.076184124896287,0.0,0.0,0,0,S1-764796931,S2-625899005,0
0.4210526315789473,0.4210526315789473,0.0357142857142857,0.0357142857142857,0.2461538461538461,0.0,0,0,0,0.0,0.1666666666666666,0.0729089520505561,0.0,0.0,0,0,S1-764796931,S2-969067222,0
0.5652173913043478,0.5652173913043478,0.15625,0.15625,0.2608695652173913,0.0,0,0,0,0.0,0.1666666666666666,0.169529769132,0.0,0.0,0,0,S1-764796931,S2-978187214,0
0.3870967741935484,0.3870967741935484,0.0454545454545454,0.0454545454545454,0.3773584905660377,0.0,0,0,0,0.0,0.2,0.0802729951767474,0.0,0.0,0,0,S1-764796931,S2-981718930,0
0.3529411764705882,0.3529411764705882,0.0512820512820512,0.0512820512820512,0.3571428571428571,0.0,0,0,0,0.0,0.1428571428571428,0.0547606163108298,0.1111111111111111,0.1111111111111111,0,0,S1-764796931,S2-738843284,0
0.4782608695652174,0.4782608695652174,0.1515151515151515,0.1515151515151515,0.2962962962962963,0.0,0,0,0,0.0,0.2,0.1774472528189383,0.0,0.0,0,0,S1-648470320,S2-146089827,0
0.5357142857142857,0.5357142857142857,0.2162162162162162,0.2162162162162162,0.2068965517241379,0.0,0,0,0,0.0,0.125,0.0987535525503536,0.0,0.0,0,0,S1-648470320,S2-41663066,0
0.5,0.5,0.2051282051282051,0.2051282051282051,0.3,0.0,0,0,0,0.0,0.1428571428571428,0.165246190121915,0.0,0.0,1,0,S1-648470320,S2-810749440,0
0.5964912280701754,0.5964912280701754,0.2972972972972973,0.2972972972972973,0.3142857142857143,0.0,0,0,0,0.0,0.4,0.3756772176791994,0.0,0.0,0,0,S1-648470320,S2-819883857,0
0.3333333333333333,0.3333333333333333,0.1,0.1,0.2622950819672131,0.0,0,0,0,0.0,0.1428571428571428,0.1516238748533943,0.0,0.0,0,0,S1-648470320,S2-954624688,0
0.4210526315789473,0.4210526315789473,0.0344827586206896,0.0344827586206896,0.2666666666666666,0.0,0,0,0,0.0,0.2,0.0707527377299135,0.0,0.0,0,0,S1-308760358,S2-544460883,0
0.4705882352941176,0.4705882352941176,0.04,0.04,0.1403508771929824,0.0,0,0,0,0.0,0.2,0.0707140256491989,0.0,0.0,1,0,S1-308760358,S2-619803917,0
0.4705882352941176,0.4705882352941176,0.04,0.04,0.3157894736842105,0.0,0,0,0,0.0,0.2,0.0601841602111584,0.0,0.0,0,0,S1-308760358,S2-782459298,0
0.2758620689655172,0.2758620689655172,0.0212765957446808,0.0212765957446808,0.2553191489361702,0.0,0,0,0,0.0,0.1428571428571428,0.0511187611166611,0.0,0.0,0,0,S1-308760358,S2-823109613,0
0.425531914893617,0.425531914893617,0.027027027027027,0.027027027027027,0.2333333333333333,0.0,0,0,0,0.0,0.1666666666666666,0.0597942064411447,0.0,0.0,0,0,S1-308760358,S2-301403948,0
0.6046511627906976,0.6046511627906976,0.2857142857142857,0.2857142857142857,0.2,0.0,0,0,0,0.0,0.25,0.2300868411779923,0.0,0.0,0,0,S1-636874647,S2-505645891,0
0.5909090909090909,0.5909090909090909,0.2857142857142857,0.2857142857142857,0.3809523809523809,0.0,0,0,0,0.0,0.2,0.1839066337000338,0.0,0.0,0,0,S1-636874647,S2-82914747,0
0.5555555555555556,0.5555555555555556,0.2105263157894736,0.2105263157894736,0.25,0.0,0,0,0,0.0,0.2,0.172648988770393,0.0,0.0,0,0,S1-636874647,S2-347133115,0
0.5283018867924528,0.5283018867924528,0.2162162162162162,0.2162162162162162,0.2413793103448276,0.0,0,0,0,0.0,0.2,0.1662024559352883,0.0,0.0,0,0,S1-636874647,S2-440878082,0
0.7142857142857143,0.7142857142857143,0.3846153846153846,0.3846153846153846,0.1666666666666666,0.0,0,0,0,0.0,0.3333333333333333,0.310750010613486,0.0,0.0,0,0,S1-636874647,S2-491180821,0
0.8292682926829268,0.8292682926829268,0.7,0.7,0.4561403508771929,0.5,1,1,5,1.0,0.0,0.0,0.4285714285714285,0.4285714285714286,0,0,S1-922203858,S2-290968918,1
0.4897959183673469,0.4897959183673469,0.0526315789473684,0.0526315789473684,0.3548387096774194,0.0,0,0,0,0.0,0.1666666666666666,0.0527627124067491,0.0,0.0,0,0,S1-922203858,S2-244028343,0
0.1176470588235294,0.1176470588235294,0.025,0.025,0.1194029850746268,0.0,0,0,0,0.0,0.1428571428571428,0.0479278519178171,0.0,0.0,0,0,S1-922203858,S2-709288220,0
0.4680851063829787,0.4680851063829787,0.0571428571428571,0.0571428571428571,0.2758620689655172,0.0,0,0,0,0.0,0.1428571428571428,0.0397965487423081,0.0,0.0,0,0,S1-922203858,S2-758621653,0
0.3793103448275862,0.3793103448275862,0.0465116279069767,0.0465116279069767,0.0,0.0,0,0,0,0.0,0.1,0.0292656545259606,0.0,0.0,0,1,S1-922203858,S2-29667611,0
0.4347826086956521,0.4347826086956521,0.0285714285714285,0.0285714285714285,0.3384615384615385,0.0,0,0,0,0.0,0.1428571428571428,0.0447451620816862,0.0,0.0,0,0,S1-922203858,S2-307948768,0
0.3846153846153846,0.3846153846153846,0.0555555555555555,0.0555555555555555,0.1481481481481481,0.0,0,0,0,0.0,0.25,0.254616588627044,0.0,0.0,0,0,S1-274625062,S2-738746116,0
0.4166666666666667,0.4166666666666667,0.0625,0.0625,0.088235294117647,0.0,0,0,0,0.0,0.25,0.2674796591471391,0.0,0.0,0,0,S1-274625062,S2-700570155,0
0.5,0.5,0.1111111111111111,0.1111111111111111,0.2950819672131147,0.0,0,0,0,0.0,0.3333333333333333,0.3105986577667927,0.0,0.0,0,0,S1-274625062,S2-792526166,0
0.4285714285714285,0.4285714285714285,0.1052631578947368,0.1052631578947368,0.4193548387096774,0.0,0,0,0,0.0,0.25,0.3607852164157367,0.0909090909090909,0.0909090909090909,0,0,S1-274625062,S2-753406445,0
0.238095238095238,0.238095238095238,0.03125,0.03125,0.3333333333333333,0.0,0,0,0,0.0,0.1666666666666666,0.1949771324835581,0.0,0.0,0,0,S1-274625062,S2-68272273,0
0.4347826086956521,0.4347826086956521,0.027027027027027,0.027027027027027,0.1176470588235294,0.0,0,0,0,0.0,0.2,0.0531800978934561,0.0,0.0,0,0,S1-264688076,S2-985541327,0
0.391304347826087,0.391304347826087,0.0277777777777777,0.0277777777777777,0.2857142857142857,0.0,0,0,0,0.0,0.2,0.0526713783335465,0.0,0.0,0,0,S1-264688076,S2-425397364,0
0.4,0.4,0.0689655172413793,0.0689655172413793,0.1785714285714285,0.0,0,0,0,0.0,0.1666666666666666,0.0480739166046712,0.0,0.0,0,0,S1-264688076,S2-752663505,0
0.4210526315789473,0.4210526315789473,0.0344827586206896,0.0344827586206896,0.3728813559322034,0.0,0,0,0,0.0,0.2,0.0515487612926144,0.0,0.0,0,0,S1-264688076,S2-606540369,0
0.3703703703703703,0.3703703703703703,0.0476190476190476,0.0476190476190476,0.4838709677419355,0.0,0,0,0,0.0,0.1666666666666666,0.0480376737524279,0.1111111111111111,0.1111111111111111,1,0,S1-264688076,S2-317563051,0
0.4727272727272727,0.4727272727272727,0.1538461538461538,0.1538461538461538,0.4715447154471545,0.0,0,0,0,0.0,0.1428571428571428,0.0715939024976352,0.1333333333333333,0.1333333333333333,0,0,S1-626004791,S2-175056444,0
0.4390243902439024,0.4390243902439024,0.1111111111111111,0.1111111111111111,0.2051282051282051,0.0,0,0,0,0.0,0.1111111111111111,0.0452521152324309,0.0416666666666666,0.0416666666666666,0,0,S1-626004791,S2-585774381,0
0.4,0.4,0.1,0.1,0.2912621359223301,0.0,0,0,0,0.0,0.1428571428571428,0.0547611057317412,0.0,0.0,0,0,S1-626004791,S2-106947569,0
0.4444444444444444,0.4444444444444444,0.1538461538461538,0.1538461538461538,0.2574257425742574,0.0,0,0,0,0.0,0.1666666666666666,0.0715612335376124,0.0,0.0,0,0,S1-626004791,S2-593731945,0
0.6111111111111112,0.6111111111111112,0.1698113207547169,0.1698113207547169,0.417391304347826,0.0,0,0,0,0.0,0.1428571428571428,0.0413325433435815,0.0666666666666666,0.0666666666666666,0,0,S1-626004791,S2-226019590,0
0.3943661971830985,0.3943661971830985,0.2244897959183673,0.2244897959183673,0.2388059701492537,0.0,0,0,0,0.0,0.2857142857142857,0.102921724023217,0.0,0.0,0,0,S1-957666913,S2-850701242,0
0.5925925925925926,0.5925925925925926,0.1578947368421052,0.1578947368421052,0.3355704697986577,0.0,0,0,0,0.0,0.1428571428571428,0.0560774560073471,0.1,0.0999999999999999,0,0,S1-957666913,S2-175921136,0
0.3773584905660377,0.3773584905660377,0.1282051282051282,0.1282051282051282,0.3211678832116788,0.0,0,0,0,0.0,0.1666666666666666,0.0680759363946864,0.0,0.0,0,0,S1-957666913,S2-38640401,0
0.417910447761194,0.417910447761194,0.1176470588235294,0.1176470588235294,0.1359223300970873,0.0,0,0,0,0.0,0.1428571428571428,0.0593548985095019,0.0,0.0,0,0,S1-957666913,S2-118848390,0
0.5352112676056338,0.5352112676056338,0.25,0.25,0.186335403726708,0.0,0,0,0,0.0,0.2857142857142857,0.0961940511988797,0.0,0.0,0,0,S1-957666913,S2-187933331,0
0.5,0.5,0.25,0.25,0.2826086956521739,0.0,0,0,0,0.0,0.2857142857142857,0.0925174260732296,0.0,0.0,0,0,S1-781865819,S2-10854133,0
0.6551724137931034,0.6551724137931034,0.3333333333333333,0.3333333333333333,0.1176470588235294,0.0,0,0,0,0.0,0.3333333333333333,0.1379607805364982,0.0,0.0,0,0,S1-781865819,S2-741755653,0
0.4363636363636363,0.4363636363636363,0.1219512195121951,0.1219512195121951,0.328125,0.25,1,1,2,0.0,0.1666666666666666,0.0645727446372899,0.0,0.0,0,0,S1-781865819,S2-476145907,0
0.3278688524590163,0.3278688524590163,0.1111111111111111,0.1111111111111111,0.2407407407407407,0.0,0,0,0,0.0,0.125,0.0455897243859654,0.125,0.1249999999999999,0,0,S1-781865819,S2-695241446,0
0.6153846153846154,0.6153846153846154,0.2926829268292683,0.2926829268292683,0.4354838709677419,0.0,0,0,0,0.0,0.2857142857142857,0.124047984517079,0.1111111111111111,0.111111111111111,0,0,S1-781865819,S2-223188653,0
0.4545454545454545,0.4545454545454545,0.0980392156862745,0.0980392156862745,0.2555555555555555,0.0,0,0,0,0.0,0.1428571428571428,0.0444771092489431,0.04,0.0399999999999999,0,0,S1-695609253,S2-601724955,0
0.5614035087719298,0.5614035087719298,0.119047619047619,0.119047619047619,0.2474226804123711,0.0,0,0,0,0.0,0.1666666666666666,0.0548700941090869,0.0357142857142857,0.0357142857142857,0,0,S1-695609253,S2-241924179,0
0.3243243243243243,0.3243243243243243,0.1052631578947368,0.1052631578947368,0.1256544502617801,0.0,0,0,0,0.0,0.125,0.0379616443375883,0.0,0.0,0,0,S1-695609253,S2-818687100,0
0.4528301886792453,0.3870967741935484,0.1282051282051282,0.1063829787234042,0.1585365853658536,0.0,0,0,0,0.0,0.1666666666666666,0.0599726562335392,0.0,0.0,1,0,S1-695609253,S2-303677389,0
0.4347826086956521,0.4347826086956521,0.0943396226415094,0.0943396226415094,0.4047619047619047,0.0,0,0,0,0.0,0.125,0.0375122315581092,0.0,0.0,0,0,S1-695609253,S2-903687718,0
0.4210526315789473,0.4210526315789473,0.1818181818181818,0.1818181818181818,0.2058823529411764,0.0,0,0,0,0.0,0.3333333333333333,0.481611136621001,0.0,0.0,0,0,S1-553712807,S2-854709063,0
0.2857142857142857,0.2857142857142857,0.1,0.1,0.4477611940298507,0.0,0,0,0,0.0,0.3333333333333333,0.4154030647548042,0.1,0.1,1,0,S1-553712807,S2-403022228,0
0.2941176470588235,0.2941176470588235,0.0833333333333333,0.0833333333333333,0.2641509433962264,0.0,0,0,0,0.0,0.2,0.1460986344501406,0.0,0.0,1,0,S1-412363212,S2-843069859,0
0.2631578947368421,0.2631578947368421,0.074074074074074,0.074074074074074,0.2409638554216867,0.0,0,0,0,0.0,0.1666666666666666,0.1339409878177981,0.0,0.0,0,0,S1-412363212,S2-276584831,0
0.3404255319148936,0.3404255319148936,0.0555555555555555,0.0555555555555555,0.2222222222222222,0.0,0,0,0,0.0,0.1666666666666666,0.1131819026472656,0.0,0.0,0,0,S1-412363212,S2-580784119,0
0.3783783783783784,0.3783783783783784,0.0769230769230769,0.0769230769230769,0.3793103448275862,0.0,0,0,0,0.0,0.1666666666666666,0.1207970533015786,0.0,0.0,0,0,S1-412363212,S2-952685148,0
0.3,0.3,0.0689655172413793,0.0689655172413793,0.3050847457627119,0.0,0,0,0,0.0,0.1666666666666666,0.1171522985461776,0.0,0.0,0,0,S1-412363212,S2-222379344,0
0.4651162790697674,0.4651162790697674,0.1379310344827586,0.1379310344827586,0.2891566265060241,0.0,0,0,0,0.0,0.1428571428571428,0.0478059471369489,0.0,0.0,0,0,S1-217269610,S2-39986989,0
0.1333333333333333,0.1333333333333333,0.0285714285714285,0.0285714285714285,0.3661971830985915,0.0,0,0,0,0.0,0.1666666666666666,0.0559941148911663,0.0769230769230769,0.0769230769230769,0,0,S1-217269610,S2-689181184,0
0.2857142857142857,0.2857142857142857,0.03125,0.03125,0.3513513513513513,0.0,0,0,0,0.0,0.1666666666666666,0.0545005169163959,0.0,0.0,0,0,S1-217269610,S2-795775532,0
0.3636363636363636,0.3636363636363636,0.0294117647058823,0.0294117647058823,0.3661971830985915,0.0,0,0,0,0.0,0.1666666666666666,0.0496253645971657,0.0769230769230769,0.0769230769230769,0,0,S1-217269610,S2-405065551,0
0.4126984126984127,0.4126984126984127,0.02,0.02,0.3943661971830985,0.0,0,0,0,0.0,0.125,0.0478165712595982,0.0769230769230769,0.0769230769230769,0,0,S1-217269610,S2-86129868,0
0.5909090909090909,0.5909090909090909,0.1290322580645161,0.1290322580645161,0.2580645161290322,0.0,0,0,0,0.0,0.1666666666666666,0.1083667892454823,0.0,0.0,0,0,S1-319975368,S2-111463255,0
0.4897959183673469,0.4897959183673469,0.1142857142857142,0.1142857142857142,0.2903225806451613,0.0,0,0,0,0.0,0.1666666666666666,0.1124468651248288,0.0,0.0,0,0,S1-319975368,S2-387549097,0
0.392156862745098,0.392156862745098,0.1176470588235294,0.1176470588235294,0.1739130434782608,0.0,0,0,0,0.0,0.2,0.1137706728623696,0.0714285714285714,0.0714285714285714,0,0,S1-319975368,S2-538471984,0
0.4864864864864865,0.4864864864864865,0.2083333333333333,0.2083333333333333,0.1846153846153846,0.0,0,0,0,0.0,0.2,0.1485409044293284,0.0,0.0,0,0,S1-319975368,S2-919896803,0
0.5294117647058824,0.5294117647058824,0.1739130434782608,0.1739130434782608,0.2857142857142857,0.0,0,0,0,0.0,0.25,0.1589668567488895,0.0,0.0,0,0,S1-319975368,S2-903878991,0
0.4814814814814814,0.4814814814814814,0.1578947368421052,0.1578947368421052,0.293103448275862,0.0,0,0,0,0.0,0.1428571428571428,0.0658069805722855,0.0,0.0,0,0,S1-537200801,S2-46966643,0
0.6774193548387096,0.6774193548387096,0.2142857142857142,0.2142857142857142,0.2363636363636363,0.0,0,0,0,0.0,0.125,0.0407025426174454,0.0,0.0,0,0,S1-537200801,S2-227475523,0
0.4561403508771929,0.4561403508771929,0.1219512195121951,0.1219512195121951,0.217391304347826,0.0,0,0,0,0.0,0.125,0.0548530954317161,0.0,0.0,0,0,S1-537200801,S2-666767748,0
0.4347826086956521,0.4347826086956521,0.2127659574468085,0.2127659574468085,0.1818181818181818,0.0,0,0,0,0.0,0.25,0.0816375148185514,0.0,0.0,0,0,S1-537200801,S2-954353829,0
0.4054054054054054,0.4054054054054054,0.1923076923076923,0.1923076923076923,0.1584158415841584,0.0,0,0,0,0.0,0.2857142857142857,0.1130787154009049,0.0,0.0,0,0,S1-537200801,S2-247244617,0
0.2028985507246377,0.2028985507246377,0.1132075471698113,0.1132075471698113,0.3471074380165289,0.0,0,0,0,0.0,0.1428571428571428,0.0474620359477348,0.0,0.0,0,0,S1-837663330,S2-343240591,0
0.6666666666666666,0.6666666666666666,0.3125,0.3125,0.2321428571428571,0.0,0,0,0,0.0,0.2857142857142857,0.1106436171043659,0.0,0.0,0,0,S1-837663330,S2-157331952,0
0.6666666666666666,0.6666666666666666,0.2790697674418604,0.2790697674418604,0.2063492063492063,0.0,0,0,0,0.0,0.2857142857142857,0.1163183164148893,0.0,0.0,0,0,S1-837663330,S2-658905940,0
0.3235294117647059,0.3235294117647059,0.0943396226415094,0.0943396226415094,0.2300884955752212,0.0,0,0,0,0.0,0.1428571428571428,0.0593976819985036,0.0,0.0,0,0,S1-837663330,S2-517181202,0
0.5573770491803278,0.5573770491803278,0.2439024390243902,0.2439024390243902,0.3275862068965517,0.0,0,0,0,0.0,0.3333333333333333,0.1237091034788347,0.0,0.0,0,0,S1-837663330,S2-958696515,0
0.4745762711864407,0.4745762711864407,0.0208333333333333,0.0208333333333333,0.2264150943396226,0.0,0,0,0,0.0,0.1428571428571428,0.0582665458822051,0.0,0.0,1,0,S1-646560721,S2-609158388,0
0.3137254901960784,0.3137254901960784,0.024390243902439,0.024390243902439,0.4,0.0,0,0,0,0.0,0.1666666666666666,0.0523280525118139,0.1,0.1,0,0,S1-646560721,S2-71788805,0
0.25,0.25,0.027027027027027,0.027027027027027,0.2686567164179104,0.0,0,0,0,0.0,0.1428571428571428,0.0429436046776507,0.0,0.0,0,0,S1-646560721,S2-170015494,0
0.2745098039215686,0.2745098039215686,0.0526315789473684,0.0526315789473684,0.3333333333333333,0.0,0,0,0,0.0,0.125,0.0460230847752779,0.0,0.0,0,0,S1-646560721,S2-400517405,0
0.3333333333333333,0.3333333333333333,0.027027027027027,0.027027027027027,0.136986301369863,0.0,0,0,0,0.0,0.1428571428571428,0.0472106900234194,0.0,0.0,0,0,S1-646560721,S2-48056964,0
0.4571428571428571,0.4571428571428571,0.12,0.12,0.2181818181818181,0.0,0,0,0,0.0,0.25,0.1877262193437507,0.0,0.0,0,0,S1-156027314,S2-942656573,0
0.4528301886792453,0.4528301886792453,0.075,0.075,0.0,0.0,0,0,0,0.0,0.1428571428571428,0.0999991176703185,0.0,0.0,0,1,S1-156027314,S2-70596325,0
0.392156862745098,0.392156862745098,0.0769230769230769,0.0769230769230769,0.4,0.0,0,0,0,0.0,0.1666666666666666,0.1444537297511884,0.0,0.0,0,0,S1-156027314,S2-79660516,0
0.3478260869565217,0.3478260869565217,0.088235294117647,0.088235294117647,0.1818181818181818,0.0,0,0,0,0.0,0.1666666666666666,0.1326243156272513,0.0,0.0,0,0,S1-156027314,S2-182997549,0
0.4285714285714285,0.4285714285714285,0.1,0.1,0.3272727272727272,0.0,0,0,0,0.0,0.1666666666666666,0.1211143454104269,0.0,0.0,1,0,S1-156027314,S2-579211181,0
0.3137254901960784,0.3137254901960784,0.025,0.025,0.4186046511627907,0.0,0,0,0,0.0,0.1666666666666666,0.0427731286718224,0.125,0.125,0,0,S1-511215631,S2-907593678,0
0.1860465116279069,0.1860465116279069,0.03125,0.03125,0.2692307692307692,0.0,0,0,0,0.0,0.1666666666666666,0.0422776357562877,0.0,0.0,0,0,S1-511215631,S2-957460340,0
0.2666666666666666,0.2666666666666666,0.0208333333333333,0.0208333333333333,0.3137254901960784,0.0,0,0,0,0.0,0.1428571428571428,0.037980378719632,0.0,0.0,0,0,S1-511215631,S2-317986315,0
0.3783783783783784,0.3783783783783784,0.0169491525423728,0.0169491525423728,0.2978723404255319,0.0,0,0,0,0.0,0.1,0.0286725717116691,0.0,0.0,0,0,S1-511215631,S2-904390909,0
0.3809523809523809,0.3809523809523809,0.0625,0.0625,0.1333333333333333,0.0,0,0,0,0.0,0.125,0.0309847419279166,0.0,0.0,0,0,S1-511215631,S2-632125023,0
0.4489795918367347,0.4489795918367347,0.1818181818181818,0.1818181818181818,0.3880597014925373,0.0,0,0,0,0.0,0.1666666666666666,0.0532645759975449,0.1,0.1,0,0,S1-632701413,S2-95209143,0
0.4897959183673469,0.4897959183673469,0.1428571428571428,0.1428571428571428,0.3106796116504854,0.0,0,0,0,0.0,0.1666666666666666,0.0451025550798463,0.0,0.0,0,0,S1-632701413,S2-510058401,0
0.5,0.5,0.1818181818181818,0.1818181818181818,0.192,0.0,0,0,0,0.0,0.1666666666666666,0.0548910393258302,0.0,0.0,0,0,S1-632701413,S2-317463167,0
0.3859649122807017,0.3859649122807017,0.119047619047619,0.119047619047619,0.1551724137931034,0.0,0,0,0,0.0,0.1666666666666666,0.0581508511585475,0.0,0.0,0,0,S1-632701413,S2-783469064,0
0.5882352941176471,0.5882352941176471,0.1351351351351351,0.1351351351351351,0.1505376344086021,0.0,0,0,0,0.0,0.1666666666666666,0.0556193563221587,0.0,0.0,0,0,S1-632701413,S2-240380733,0
0.4102564102564102,0.4102564102564102,0.0689655172413793,0.0689655172413793,0.3333333333333333,0.0,0,0,0,0.0,0.2,0.0634033305044935,0.0476190476190476,0.0476190476190476,0,0,S1-620826223,S2-154263143,0
0.4333333333333333,0.4333333333333333,0.0425531914893617,0.0425531914893617,0.3461538461538461,0.0,0,0,0,0.0,0.125,0.0456498769324436,0.0952380952380952,0.0952380952380952,0,0,S1-620826223,S2-780954551,0
0.4782608695652174,0.4782608695652174,0.0285714285714285,0.0285714285714285,0.3949044585987261,0.0,0,0,0,0.0,0.1428571428571428,0.0668753838399042,0.0,0.0,0,0,S1-620826223,S2-140823667,0
0.4761904761904761,0.4761904761904761,0.03125,0.03125,0.2941176470588235,0.0,0,0,0,0.0,0.1666666666666666,0.068104103823581,0.0,0.0,0,0,S1-620826223,S2-144554513,0
0.5333333333333333,0.5333333333333333,0.1395348837209302,0.1395348837209302,0.1333333333333333,0.0,0,0,0,0.0,0.1428571428571428,0.111283901096352,0.0,0.0,0,0,S1-620826223,S2-929172133,0
0.5238095238095238,0.5238095238095238,0.1,0.1,0.2040816326530612,0.0,0,0,0,0.0,0.1666666666666666,0.0649398403323205,0.0,0.0,0,0,S1-911327244,S2-428838762,0
0.3902439024390244,0.3902439024390244,0.064516129032258,0.064516129032258,0.123076923076923,0.0,0,0,0,0.0,0.2,0.0723072538198365,0.0,0.0,0,0,S1-911327244,S2-16598221,0
0.2264150943396226,0.2264150943396226,0.0238095238095238,0.0238095238095238,0.1212121212121212,0.0,0,0,0,0.0,0.1428571428571428,0.0511065763801177,0.0,0.0,0,0,S1-911327244,S2-66703653,0
0.1333333333333333,0.1333333333333333,0.0303030303030303,0.0303030303030303,0.2424242424242424,0.0,0,0,0,0.0,0.125,0.040096064408832,0.0,0.0,0,0,S1-911327244,S2-751058725,0
0.3888888888888889,0.3888888888888889,0.0769230769230769,0.0769230769230769,0.2461538461538461,0.0,0,0,0,0.0,0.2,0.0675009912789287,0.0,0.0,0,0,S1-911327244,S2-434465793,0
1.0,1.0,1.0,1.0,0.2580645161290322,0.0,0,0,0,0.0,1.0,1.0,0.0,0.0,0,0,S1-925840718,S2-943581671,0
0.4878048780487805,0.4878048780487805,0.03125,0.03125,0.3846153846153846,0.0,0,0,0,0.0,0.2,0.087518320004099,0.1,0.1,0,0,S1-337216154,S2-526910208,0
0.3333333333333333,0.3333333333333333,0.037037037037037,0.037037037037037,0.3214285714285714,0.0,0,0,0,0.0,0.2,0.0706688238384306,0.0,0.0,0,0,S1-337216154,S2-410574540,0
0.5490196078431373,0.5490196078431373,0.2580645161290322,0.2580645161290322,0.2641509433962264,0.0,0,0,0,0.0,0.3333333333333333,0.2432698659389713,0.0,0.0,1,0,S1-337216154,S2-113726283,0
0.4545454545454545,0.4545454545454545,0.1290322580645161,0.1290322580645161,0.3571428571428571,0.0,0,0,0,0.0,0.1666666666666666,0.1622356891510782,0.0,0.0,0,0,S1-337216154,S2-37960046,0
0.4489795918367347,0.4489795918367347,0.0833333333333333,0.0833333333333333,0.4516129032258064,0.0,0,0,0,0.0,0.1428571428571428,0.0477965522339379,0.0,0.0,1,0,S1-337216154,S2-190362556,0
0.6031746031746031,0.6031746031746031,0.2926829268292683,0.2926829268292683,0.1643835616438356,0.0,0,0,0,0.0,0.3333333333333333,0.1131669931371148,0.0,0.0,0,0,S1-733134110,S2-459611127,0
0.5671641791044776,0.5671641791044776,0.2666666666666666,0.2666666666666666,0.3529411764705882,0.0,0,0,0,0.0,0.3333333333333333,0.086038792020062,0.0,0.0,0,0,S1-733134110,S2-127318019,0
0.6176470588235294,0.6176470588235294,0.2888888888888888,0.2888888888888888,0.2480620155038759,0.0,0,0,0,0.0,0.3333333333333333,0.0982082481017578,0.0,0.0,1,0,S1-733134110,S2-184786860,0
0.6363636363636364,0.6363636363636364,0.3095238095238095,0.3095238095238095,0.2461538461538461,0.0,0,0,0,0.0,0.3333333333333333,0.0997313029949146,0.0588235294117647,0.0588235294117647,0,0,S1-733134110,S2-720541723,0
0.4193548387096774,0.4193548387096774,0.1063829787234042,0.1063829787234042,0.2909090909090909,0.0,0,0,0,0.0,0.1428571428571428,0.0456460289331511,0.0,0.0,0,0,S1-733134110,S2-760544039,0
0.5098039215686274,0.5098039215686274,0.1052631578947368,0.1052631578947368,0.1639344262295081,0.0,0,0,0,0.0,0.1666666666666666,0.1533615405445324,0.0,0.0,0,0,S1-213509979,S2-454353933,0
0.3225806451612903,0.3225806451612903,0.0833333333333333,0.0833333333333333,0.14,0.0,0,0,0,0.0,0.1428571428571428,0.1385674677549801,0.0,0.0,1,0,S1-213509979,S2-313833051,0
0.3829787234042553,0.3829787234042553,0.1176470588235294,0.1176470588235294,0.2424242424242424,0.0,0,0,0,0.0,0.1666666666666666,0.1772148622680068,0.0,0.0,0,0,S1-213509979,S2-767340382,0
0.4307692307692308,0.4307692307692308,0.1,0.1,0.1428571428571428,0.0,0,0,0,0.0,0.1428571428571428,0.1393760285485881,0.0,0.0,0,0,S1-213509979,S2-294569711,0
0.2903225806451613,0.2903225806451613,0.0869565217391304,0.0869565217391304,0.2352941176470588,0.0,0,0,0,0.0,0.125,0.1108891036073629,0.0,0.0,0,0,S1-213509979,S2-594771962,0
0.3478260869565217,0.3478260869565217,0.1935483870967742,0.1935483870967742,0.2758620689655172,0.0,0,0,0,0.0,0.1666666666666666,0.0956322689127078,0.0,0.0,1,0,S1-830853452,S2-797548741,0
0.4489795918367347,0.4489795918367347,0.1764705882352941,0.1764705882352941,0.0,0.0,0,0,0,0.0,0.1666666666666666,0.1193945520988499,0.0,0.0,0,1,S1-830853452,S2-963341915,0
0.3823529411764705,0.3823529411764705,0.1333333333333333,0.1333333333333333,0.1463414634146341,0.0,0,0,0,0.0,0.1428571428571428,0.0812849674011784,0.0,0.0,0,0,S1-830853452,S2-375350245,0
0.5882352941176471,0.5882352941176471,0.2,0.2,0.2857142857142857,0.0,0,0,0,0.0,0.1666666666666666,0.1142356064779385,0.0,0.0,0,0,S1-830853452,S2-479857814,0
0.5846153846153846,0.5846153846153846,0.125,0.125,0.3461538461538461,0.0,0,0,0,0.0,0.125,0.0619900002900235,0.0,0.0,0,0,S1-830853452,S2-94789761,0
0.5813953488372093,0.5813953488372093,0.2982456140350877,0.2982456140350877,0.2580645161290322,0.0,0,0,0,0.0,0.3333333333333333,0.3611135315216419,0.0,0.0,0,0,S1-316857324,S2-178091874,0
0.5074626865671642,0.5074626865671642,0.1875,0.1875,0.2333333333333333,0.0,0,0,0,0.0,0.1666666666666666,0.1730739174191655,0.0,0.0,0,0,S1-316857324,S2-440892088,0
0.490566037735849,0.490566037735849,0.2571428571428571,0.2571428571428571,0.417910447761194,0.0,0,0,0,0.0,0.2,0.1882808935141806,0.0909090909090909,0.0909090909090909,0,0,S1-316857324,S2-876721098,0
0.4927536231884058,0.4927536231884058,0.1836734693877551,0.1836734693877551,0.2388059701492537,0.0,0,0,0,0.0,0.1666666666666666,0.1631305528330088,0.0,0.0,0,0,S1-316857324,S2-61055747,0
0.5245901639344263,0.5245901639344263,0.2142857142857142,0.2142857142857142,0.2580645161290322,0.0,0,0,0,0.0,0.1666666666666666,0.1733245554253006,0.0,0.0,0,0,S1-316857324,S2-33560328,0
0.7,0.7,0.3243243243243243,0.3243243243243243,0.192,0.0,0,0,0,0.0,0.3333333333333333,0.1073337254752486,0.0,0.0,0,0,S1-99873046,S2-828209490,0
0.56,0.56,0.25,0.25,0.2601626016260163,0.0,0,0,0,0.0,0.1666666666666666,0.0629458937734462,0.0,0.0,0,0,S1-99873046,S2-909353162,0
0.6101694915254238,0.6101694915254238,0.3333333333333333,0.3333333333333333,0.2222222222222222,0.0,0,0,0,0.0,0.3333333333333333,0.1367292369885518,0.0,0.0,1,0,S1-99873046,S2-676141449,0
0.7368421052631579,0.7368421052631579,0.3529411764705882,0.3529411764705882,0.2588235294117647,0.0,0,0,0,0.0,0.3333333333333333,0.139384703544501,0.0,0.0,0,0,S1-99873046,S2-588346400,0
0.6153846153846154,0.6153846153846154,0.2926829268292683,0.2926829268292683,0.4077669902912621,0.0,0,0,0,0.0,0.2857142857142857,0.1271671606659332,0.0,0.0,0,0,S1-99873046,S2-549306926,0
0.4878048780487805,0.4878048780487805,0.1379310344827586,0.1379310344827586,0.4,0.0,0,0,0,0.0,0.2,0.1448755112232174,0.0,0.0,0,0,S1-140101121,S2-277166979,0
0.4,0.4,0.1025641025641025,0.1025641025641025,0.2857142857142857,0.0,0,0,0,0.0,0.1428571428571428,0.1059873292588058,0.0,0.0,0,0,S1-140101121,S2-555603523,0
0.4705882352941176,0.4705882352941176,0.1818181818181818,0.1818181818181818,0.3278688524590163,0.0,0,0,0,0.0,0.2,0.1416393336474444,0.0,0.0,1,0,S1-140101121,S2-690672109,0
0.5714285714285714,0.5714285714285714,0.1724137931034483,0.1724137931034483,0.3529411764705882,0.0,0,0,0,0.0,0.2,0.1385197871442529,0.0,0.0,0,0,S1-140101121,S2-576310584,0
0.5128205128205128,0.5128205128205128,0.1481481481481481,0.1481481481481481,0.2857142857142857,0.0,0,0,0,0.0,0.2,0.1770787565920694,0.0,0.0,0,0,S1-140101121,S2-48437260,0
0.6785714285714286,0.6785714285714286,0.3529411764705882,0.3529411764705882,0.2528735632183908,0.0,0,0,0,0.0,0.3333333333333333,0.1250367492992002,0.0,0.0,0,0,S1-203460032,S2-567813671,0
0.6229508196721312,0.6229508196721312,0.3076923076923077,0.3076923076923077,0.0,0.0,0,0,0,0.0,0.3333333333333333,0.1500195469781936,0.0,0.0,0,1,S1-203460032,S2-639447201,0
0.4081632653061224,0.4081632653061224,0.1428571428571428,0.1428571428571428,0.2549019607843137,0.0,0,0,0,0.0,0.1666666666666666,0.0603225222636118,0.0,0.0,0,0,S1-203460032,S2-734671274,0
0.56,0.56,0.2352941176470588,0.2352941176470588,0.2608695652173913,0.0,0,0,0,0.0,0.2,0.0760071043601001,0.0,0.0,0,0,S1-203460032,S2-887914315,0
0.4,0.4,0.1388888888888889,0.1388888888888889,0.1855670103092783,0.0,0,0,0,0.0,0.1666666666666666,0.0727293002968194,0.0,0.0,0,0,S1-203460032,S2-877235386,0
0.2553191489361702,0.2553191489361702,0.0277777777777777,0.0277777777777777,0.3137254901960784,0.0,0,0,0,0.0,0.1428571428571428,0.0525138264107333,0.0,0.0,0,0,S1-379059429,S2-492489812,0
0.6363636363636364,0.6363636363636364,0.2068965517241379,0.2068965517241379,0.2105263157894736,0.0,0,0,0,0.0,0.4,0.2494410830647963,0.0,0.0,0,0,S1-379059429,S2-850872556,0
0.32,0.32,0.0256410256410256,0.0256410256410256,0.417910447761194,0.0,0,0,0,0.0,0.1428571428571428,0.0471291823007263,0.0909090909090909,0.0909090909090909,0,0,S1-379059429,S2-627532538,0
0.4705882352941176,0.4705882352941176,0.0256410256410256,0.0256410256410256,0.2105263157894736,0.0,0,0,0,0.0,0.125,0.0471431737222723,0.0,0.0,0,0,S1-379059429,S2-27650345,0
0.4,0.4,0.0333333333333333,0.0333333333333333,0.1935483870967742,0.0,0,0,0,0.0,0.1666666666666666,0.0495842424817535,0.0,0.0,0,0,S1-379059429,S2-879690553,0
0.2692307692307692,0.2692307692307692,0.1052631578947368,0.1052631578947368,0.2448979591836734,0.0,0,0,0,0.0,0.1428571428571428,0.158719715338712,0.1111111111111111,0.1111111111111111,0,0,S1-22969150,S2-316342125,0
0.5142857142857142,0.5142857142857142,0.2857142857142857,0.2857142857142857,0.3846153846153846,0.0,0,0,0,0.0,0.5,0.4200578736592174,0.0,0.0,0,0,S1-22969150,S2-178805416,0
0.2608695652173913,0.2608695652173913,0.1212121212121212,0.1212121212121212,0.3389830508474576,0.0,0,0,0,0.0,0.1666666666666666,0.1628151820193985,0.0,0.0,0,0,S1-22969150,S2-765339178,0
0.3076923076923077,0.3076923076923077,0.1052631578947368,0.1052631578947368,0.0,0.0,0,0,0,0.0,0.1428571428571428,0.1681120144804486,0.0,0.0,0,1,S1-22969150,S2-126536634,0
0.3265306122448979,0.3265306122448979,0.1176470588235294,0.1176470588235294,0.3846153846153846,0.0,0,0,0,0.0,0.125,0.1263501840644774,0.0,0.0,0,0,S1-22969150,S2-402220875,0
0.5,0.5,0.09375,0.09375,0.2068965517241379,0.0,0,0,0,0.0,0.1666666666666666,0.0908851076579279,0.0,0.0,0,0,S1-783250547,S2-338289434,0
0.5806451612903226,0.5806451612903226,0.0454545454545454,0.0454545454545454,0.2727272727272727,0.0,0,0,0,0.0,0.2,0.1696084832049485,0.0,0.0,0,0,S1-783250547,S2-717889177,0
0.5294117647058824,0.5294117647058824,0.1304347826086956,0.1304347826086956,0.2162162162162162,0.0,0,0,0,0.0,0.2,0.1173606864691102,0.0769230769230769,0.0769230769230769,0,0,S1-783250547,S2-85608686,0
0.5454545454545454,0.5454545454545454,0.1363636363636363,0.1363636363636363,0.3389830508474576,0.0,0,0,0,0.0,0.2,0.1198669535517703,0.0,0.0,0,0,S1-783250547,S2-970470671,0
0.391304347826087,0.391304347826087,0.0909090909090909,0.0909090909090909,0.2222222222222222,0.0,0,0,0,0.0,0.1428571428571428,0.0869080568164181,0.0,0.0,0,0,S1-783250547,S2-49696102,0
0.5614035087719298,0.5614035087719298,0.2972972972972973,0.2972972972972973,0.25,0.0,0,0,0,0.0,0.1666666666666666,0.1878596027395521,0.0,0.0,0,0,S1-425699411,S2-718652615,0
0.5882352941176471,0.5882352941176471,0.34375,0.34375,0.1690140845070422,0.0,0,0,0,0.0,0.2,0.2024910404554117,0.0,0.0,0,0,S1-425699411,S2-235969358,0
0.4210526315789473,0.4210526315789473,0.1071428571428571,0.1071428571428571,0.3636363636363636,0.0,0,0,0,0.0,0.25,0.2712613683870248,0.0,0.0,0,0,S1-425699411,S2-851687536,0
0.65,0.65,0.4782608695652174,0.4782608695652174,0.4307692307692308,0.0,0,0,0,0.0,0.3333333333333333,0.3376764735921013,0.0,0.0,0,0,S1-425699411,S2-12836294,0
0.75,0.75,0.4782608695652174,0.4782608695652174,0.2295081967213114,0.0,0,0,0,0.0,0.3333333333333333,0.3269183936623993,0.0,0.0,1,0,S1-425699411,S2-753381184,0
0.6,0.6,0.3157894736842105,0.3157894736842105,0.2513661202185792,0.0,0,0,0,0.0,0.3333333333333333,0.0968998138055115,0.0,0.0,0,0,S1-676591052,S2-491672669,0
0.68,0.68,0.4285714285714285,0.4285714285714285,0.327485380116959,0.0,0,0,0,0.0,0.3333333333333333,0.1214129272019628,0.05,0.0499999999999999,0,0,S1-676591052,S2-836314629,0
0.5614035087719298,0.5614035087719298,0.2777777777777778,0.2777777777777778,0.304147465437788,0.0,0,0,0,0.0,0.3333333333333333,0.193601530136997,0.0344827586206896,0.0344827586206896,0,0,S1-676591052,S2-117521956,0
0.6896551724137931,0.6896551724137931,0.3055555555555556,0.3055555555555556,0.3406593406593406,0.3333333333333333,1,1,1,0.0,0.125,0.0347020977752329,0.0869565217391304,0.0869565217391304,0,0,S1-676591052,S2-723594654,0
0.6,0.6,0.2121212121212121,0.2121212121212121,0.367816091954023,0.3333333333333333,1,1,1,0.0,0.1428571428571428,0.0523766776835488,0.0476190476190476,0.0476190476190476,0,0,S1-676591052,S2-410225032,0
0.3548387096774194,0.3548387096774194,0.0408163265306122,0.0408163265306122,0.2222222222222222,0.0,0,0,0,0.0,0.125,0.0413924520020212,0.0,0.0,0,0,S1-433489019,S2-599508045,0
0.3783783783783784,0.3783783783783784,0.0338983050847457,0.0338983050847457,0.1967213114754098,0.0,0,0,0,0.0,0.1,0.0353443144405886,0.0,0.0,0,0,S1-433489019,S2-654500871,0
0.5,0.5,0.0307692307692307,0.0307692307692307,0.2857142857142857,0.0,0,0,0,0.0,0.1,0.0329537068546174,0.0,0.0,0,0,S1-433489019,S2-596137076,0
0.2941176470588235,0.2941176470588235,0.037037037037037,0.037037037037037,0.3859649122807017,0.0,0,0,0,0.0,0.1111111111111111,0.0355945966116533,0.0,0.0,0,0,S1-433489019,S2-768855976,0
0.4137931034482758,0.4137931034482758,0.0212765957446808,0.0212765957446808,0.2222222222222222,0.0,0,0,0,0.0,0.1428571428571428,0.0458510456951671,0.0,0.0,0,0,S1-433489019,S2-296127746,0
0.7096774193548387,0.7096774193548387,0.3157894736842105,0.3157894736842105,0.3333333333333333,0.0,0,0,0,0.0,0.2857142857142857,0.0933753676176116,0.0,0.0,0,0,S1-11472845,S2-925386559,0
0.417910447761194,0.417910447761194,0.2444444444444444,0.2444444444444444,0.2692307692307692,0.0,0,0,0,0.0,0.3333333333333333,0.0990899500384867,0.0,0.0,0,0,S1-11472845,S2-868790822,0
0.6774193548387096,0.6774193548387096,0.3157894736842105,0.3157894736842105,0.2727272727272727,0.0,0,0,0,0.0,0.3333333333333333,0.1147508099778479,0.0,0.0,0,0,S1-11472845,S2-947752614,0
0.375,0.375,0.108695652173913,0.108695652173913,0.1621621621621621,0.0,0,0,0,0.0,0.1111111111111111,0.0279925112061713,0.0,0.0,0,0,S1-11472845,S2-899346668,0
0.360655737704918,0.360655737704918,0.1111111111111111,0.1111111111111111,0.1267605633802817,0.0,0,0,0,0.0,0.1428571428571428,0.0421738648998868,0.0,0.0,1,0,S1-11472845,S2-466513159,0
0.5925925925925926,0.5925925925925926,0.25,0.25,0.2295081967213114,0.0,0,0,0,0.0,0.25,0.2080349822310468,0.0,0.0,0,0,S1-356686370,S2-637452492,0
0.5517241379310345,0.5517241379310345,0.2857142857142857,0.2857142857142857,0.2962962962962963,0.0,0,0,0,0.0,0.3333333333333333,0.2745546964546199,0.0,0.0,0,0,S1-356686370,S2-306208206,0
0.3414634146341463,0.3414634146341463,0.1379310344827586,0.1379310344827586,0.3076923076923077,0.0,0,0,0,0.0,0.2,0.1314235021264398,0.0,0.0,1,0,S1-356686370,S2-265403699,0
0.5517241379310345,0.5517241379310345,0.2352941176470588,0.2352941176470588,0.25,0.0,0,0,0,0.0,0.2,0.1659278499309101,0.0,0.0,0,0,S1-356686370,S2-755781182,0
0.5161290322580645,0.5161290322580645,0.2,0.2,0.2807017543859649,0.0,0,0,0,0.0,0.25,0.1691010598326927,0.0,0.0,0,0,S1-356686370,S2-240726657,0
0.360655737704918,0.360655737704918,0.0204081632653061,0.0204081632653061,0.2857142857142857,0.0,0,0,0,0.0,0.125,0.0422483571762728,0.0,0.0,0,0,S1-706520514,S2-446299402,0
0.5,0.5,0.0263157894736842,0.0263157894736842,0.2372881355932203,0.0,0,0,0,0.0,0.1666666666666666,0.0486578717011981,0.0,0.0,0,0,S1-706520514,S2-766583793,0
0.3076923076923077,0.3076923076923077,0.024390243902439,0.024390243902439,0.3333333333333333,0.0,0,0,0,0.0,0.1428571428571428,0.0597032979507544,0.0,0.0,0,0,S1-706520514,S2-498385742,0
0.238095238095238,0.238095238095238,0.0303030303030303,0.0303030303030303,0.125,0.0,0,0,0,0.0,0.2,0.0688438879896756,0.0,0.0,0,0,S1-706520514,S2-217188577,0
0.392156862745098,0.392156862745098,0.024390243902439,0.024390243902439,0.2337662337662337,0.0,0,0,0,0.0,0.1666666666666666,0.063987179670386,0.0,0.0,0,0,S1-706520514,S2-919862649,0
0.4545454545454545,0.4545454545454545,0.0285714285714285,0.0285714285714285,0.3125,0.0,0,0,0,0.0,0.2,0.1326086154651617,0.0,0.0,0,0,S1-520361644,S2-924874929,0
0.3137254901960784,0.3137254901960784,0.0256410256410256,0.0256410256410256,0.2950819672131147,0.0,0,0,0,0.0,0.125,0.1059683936291167,0.0,0.0,0,0,S1-520361644,S2-550118271,0
0.425531914893617,0.425531914893617,0.0285714285714285,0.0285714285714285,0.2222222222222222,0.0,0,0,0,0.0,0.125,0.1063576598507899,0.0,0.0,0,0,S1-520361644,S2-878672161,0
0.5405405405405406,0.5405405405405406,0.16,0.16,0.3492063492063492,0.0,0,0,0,0.0,0.2,0.1330821774677265,0.0,0.0,0,0,S1-520361644,S2-414019348,0
0.3333333333333333,0.3333333333333333,0.03125,0.03125,0.1764705882352941,0.0,0,0,0,0.0,0.1666666666666666,0.1253986707148844,0.0,0.0,0,0,S1-520361644,S2-166312233,0
0.4666666666666667,0.4666666666666667,0.0952380952380952,0.0952380952380952,0.0,0.0,0,0,0,0.0,0.25,0.069371662467157,0.0,0.0,0,1,S1-165930026,S2-20257527,0
0.28,0.28,0.064516129032258,0.064516129032258,0.2666666666666666,0.0,0,0,0,0.0,0.1428571428571428,0.0446763741036543,0.1111111111111111,0.1111111111111111,0,0,S1-165930026,S2-258588226,0
0.1875,0.1875,0.0416666666666666,0.0416666666666666,0.2222222222222222,0.0,0,0,0,0.0,0.25,0.0735961765615906,0.0,0.0,0,0,S1-165930026,S2-106823,0
0.2222222222222222,0.2222222222222222,0.0526315789473684,0.0526315789473684,0.2461538461538461,0.0,0,0,0,0.0,0.25,0.0782151089433137,0.0,0.0,0,0,S1-165930026,S2-477982967,0
0.358974358974359,0.358974358974359,0.0714285714285714,0.0714285714285714,0.5294117647058824,0.0,0,0,0,0.0,0.1666666666666666,0.0453805003130067,0.1,0.1,0,0,S1-165930026,S2-372646223,0
0.4583333333333333,0.4583333333333333,0.0555555555555555,0.0555555555555555,0.186335403726708,0.0,0,0,0,0.0,0.1428571428571428,0.0589484101940277,0.0,0.0,0,0,S1-45293136,S2-672646805,0
0.3404255319148936,0.3404255319148936,0.032258064516129,0.032258064516129,0.1764705882352941,0.0,0,0,0,0.0,0.1666666666666666,0.0824204486272867,0.0,0.0,0,0,S1-45293136,S2-970885323,0
0.3333333333333333,0.3333333333333333,0.03125,0.03125,0.3076923076923077,0.0,0,0,0,0.0,0.1666666666666666,0.0782938054492408,0.0,0.0,0,0,S1-45293136,S2-631688655,0
0.3243243243243243,0.3243243243243243,0.037037037037037,0.037037037037037,0.1866666666666666,0.0,0,0,0,0.0,0.1666666666666666,0.0901954226652782,0.0,0.0,0,0,S1-45293136,S2-262102453,0
0.5106382978723404,0.5106382978723404,0.0277777777777777,0.0277777777777777,0.4132231404958678,0.0,0,0,0,0.0,0.1428571428571428,0.0760829996496098,0.0588235294117647,0.0588235294117647,0,0,S1-45293136,S2-403600839,0
0.4333333333333333,0.4333333333333333,0.108695652173913,0.108695652173913,0.2542372881355932,0.0,0,0,0,0.0,0.1666666666666666,0.0757972848702995,0.0,0.0,0,0,S1-189176615,S2-445959733,0
0.2153846153846154,0.2153846153846154,0.1224489795918367,0.1224489795918367,0.1764705882352941,0.0,0,0,0,0.0,0.1428571428571428,0.0511681143693385,0.0,0.0,0,0,S1-189176615,S2-306614527,0
0.5588235294117647,0.5588235294117647,0.2888888888888888,0.2888888888888888,0.1095890410958904,0.0,0,0,0,0.0,0.3333333333333333,0.1287000046223532,0.0,0.0,1,0,S1-189176615,S2-7768388,0
0.5806451612903226,0.5806451612903226,0.3,0.3,0.1981981981981982,0.0,0,0,0,0.0,0.3333333333333333,0.1191297611213301,0.0,0.0,0,0,S1-189176615,S2-531810155,0
0.3611111111111111,0.3611111111111111,0.0892857142857142,0.0892857142857142,0.2923076923076923,0.0,0,0,0,0.0,0.125,0.0462350013347698,0.0,0.0,0,0,S1-189176615,S2-524187731,0
0.4444444444444444,0.4444444444444444,0.2619047619047619,0.2619047619047619,0.2439024390243902,0.0,0,0,0,0.0,0.3333333333333333,0.1013496155155035,0.0,0.0,0,0,S1-60462392,S2-517280660,0
0.5846153846153846,0.5846153846153846,0.2857142857142857,0.2857142857142857,0.16,0.0,0,0,0,0.0,0.3333333333333333,0.1061570100134002,0.0,0.0,0,0,S1-60462392,S2-605155181,0
0.5970149253731343,0.5970149253731343,0.2666666666666666,0.2666666666666666,0.2834645669291338,0.0,0,0,0,0.0,0.3333333333333333,0.1028654464927254,0.0,0.0,0,0,S1-60462392,S2-457068672,0
0.3478260869565217,0.3478260869565217,0.0943396226415094,0.0943396226415094,0.1963190184049079,0.0,0,0,0,0.0,0.125,0.0368443161638818,0.0,0.0,0,0,S1-60462392,S2-61550657,0
0.5625,0.5625,0.2857142857142857,0.2857142857142857,0.3230769230769231,0.0,0,0,0,0.0,0.3333333333333333,0.1079733925383414,0.0,0.0,0,0,S1-60462392,S2-652336922,0
0.5405405405405406,0.5405405405405406,0.0833333333333333,0.0833333333333333,0.2,0.0,0,0,0,0.0,0.1666666666666666,0.0494989732826591,0.0,0.0,0,0,S1-627567870,S2-442114133,0
0.4680851063829787,0.4680851063829787,0.0588235294117647,0.0588235294117647,0.2857142857142857,0.0,0,0,0,0.0,0.1666666666666666,0.0529884097820539,0.0,0.0,1,0,S1-627567870,S2-284461674,0
0.1395348837209302,0.1395348837209302,0.032258064516129,0.032258064516129,0.3272727272727272,0.0,0,0,0,0.0,0.1666666666666666,0.0493852057944108,0.0,0.0,0,0,S1-627567870,S2-717467859,0
0.3137254901960784,0.3137254901960784,0.054054054054054,0.054054054054054,0.2295081967213114,0.0,0,0,0,0.0,0.1428571428571428,0.0449003445211104,0.0,0.0,0,0,S1-627567870,S2-237909268,0
0.3902439024390244,0.3902439024390244,0.0344827586206896,0.0344827586206896,0.2352941176470588,0.0,0,0,0,0.0,0.1666666666666666,0.0513350216959104,0.0,0.0,1,0,S1-627567870,S2-605266158,0
0.2816901408450704,0.2816901408450704,0.125,0.125,0.3851851851851852,0.0,0,0,0,0.0,0.1428571428571428,0.0627165344858776,0.0909090909090909,0.0909090909090908,0,0,S1-464464507,S2-711055878,0
0.5263157894736842,0.5263157894736842,0.1162790697674418,0.1162790697674418,0.2344827586206896,0.0,0,0,0,0.0,0.1666666666666666,0.0417633427229696,0.0,0.0,0,0,S1-464464507,S2-717871003,0
0.3235294117647059,0.3235294117647059,0.1176470588235294,0.1176470588235294,0.1374045801526717,0.0,0,0,0,0.0,0.125,0.0359525880208999,0.0,0.0,0,0,S1-464464507,S2-801129954,0
0.4814814814814814,0.4814814814814814,0.125,0.125,0.2553191489361702,0.0,0,0,0,0.0,0.1666666666666666,0.0638224922900425,0.0454545454545454,0.0454545454545454,0,0,S1-464464507,S2-813884895,0
0.3846153846153846,0.3846153846153846,0.1621621621621621,0.1621621621621621,0.1492537313432835,0.0,0,0,0,0.0,0.1666666666666666,0.0638757928710956,0.0,0.0,1,0,S1-464464507,S2-670985841,0
0.4444444444444444,0.4444444444444444,0.1290322580645161,0.1290322580645161,0.4347826086956521,0.0,0,0,0,0.0,0.1428571428571428,0.1575069234938051,0.0909090909090909,0.0909090909090909,0,0,S1-11171404,S2-384595816,0
0.3333333333333333,0.3333333333333333,0.1428571428571428,0.1428571428571428,0.3333333333333333,0.0,0,0,0,0.0,0.1666666666666666,0.1773515788024957,0.0,0.0,0,0,S1-11171404,S2-693686395,0
0.4545454545454545,0.4545454545454545,0.1,0.1,0.1866666666666666,0.0,0,0,0,0.0,0.125,0.1583297065627456,0.0,0.0,0,0,S1-11171404,S2-194234985,0
0.4736842105263157,0.4736842105263157,0.1153846153846153,0.1153846153846153,0.2461538461538461,0.0,0,0,0,0.0,0.1666666666666666,0.1644511113477998,0.0,0.0,0,0,S1-11171404,S2-304467910,0
0.4324324324324324,0.4324324324324324,0.12,0.12,0.3611111111111111,0.0,0,0,0,0.0,0.1666666666666666,0.2109407797354936,0.0833333333333333,0.0833333333333333,0,0,S1-11171404,S2-331184081,0
0.5185185185185185,0.5185185185185185,0.1764705882352941,0.1764705882352941,0.125,0.0,0,0,0,0.0,0.25,0.1853653488967777,0.0,0.0,0,0,S1-256825450,S2-502361556,0
0.56,0.56,0.1875,0.1875,0.2948717948717949,0.0,0,0,0,0.0,0.3333333333333333,0.1999367941364495,0.0,0.0,0,0,S1-256825450,S2-704563422,0
0.5833333333333334,0.5833333333333334,0.2,0.2,0.2276422764227642,0.0,0,0,0,0.0,0.3333333333333333,0.2300708902723319,0.0,0.0,1,0,S1-256825450,S2-868188063,0
0.5161290322580645,0.5161290322580645,0.15,0.15,0.3172413793103448,0.0,0,0,0,0.0,0.2,0.1548914097068879,0.0,0.0,0,0,S1-256825450,S2-474305415,0
0.5365853658536586,0.5365853658536586,0.1785714285714285,0.1785714285714285,0.2926829268292683,0.0,0,0,0,0.0,0.2,0.1472667483719123,0.0,0.0,0,0,S1-256825450,S2-94162024,0
0.6666666666666666,0.6666666666666666,0.3684210526315789,0.3684210526315789,0.3225806451612903,0.0,0,0,0,0.0,0.25,0.3187673826681521,0.0,0.0,0,0,S1-735713081,S2-566729366,0
0.7096774193548387,0.7096774193548387,0.3888888888888889,0.3888888888888889,0.3157894736842105,0.0,0,0,0,0.0,0.3333333333333333,0.3491889133692855,0.0,0.0,0,0,S1-735713081,S2-749661300,0
0.8823529411764706,0.8823529411764706,0.8,0.8,0.2857142857142857,0.0,0,0,0,0.0,0.6666666666666666,0.8840314133170009,0.1,0.1,0,0,S1-735713081,S2-610439166,0
0.4,0.4,0.12,0.12,0.3448275862068966,0.0,0,0,0,0.0,0.25,0.3134175680524812,0.0,0.0,0,0,S1-735713081,S2-971444945,0
0.5714285714285714,0.5714285714285714,0.217391304347826,0.217391304347826,0.3157894736842105,0.0,0,0,0,0.0,0.25,0.2411617135375244,0.0,0.0,0,0,S1-735713081,S2-878450581,0
0.3773584905660377,0.3773584905660377,0.024390243902439,0.024390243902439,0.3582089552238806,0.0,0,0,0,0.0,0.125,0.0404354675619012,0.0,0.0,0,0,S1-589716025,S2-838095712,0
0.4313725490196078,0.4313725490196078,0.025,0.025,0.3235294117647059,0.0,0,0,0,0.0,0.1428571428571428,0.05600837380656,0.0,0.0,0,0,S1-589716025,S2-252796448,0
0.3076923076923077,0.3076923076923077,0.0344827586206896,0.0344827586206896,0.196078431372549,0.0,0,0,0,0.0,0.1666666666666666,0.0572578491924663,0.0,0.0,0,0,S1-589716025,S2-574500589,0
0.4090909090909091,0.4090909090909091,0.0303030303030303,0.0303030303030303,0.2857142857142857,0.5,1,1,2,0.0,0.1428571428571428,0.0530378070144649,0.0833333333333333,0.0833333333333333,0,0,S1-589716025,S2-828228713,0
0.3555555555555555,0.3555555555555555,0.0285714285714285,0.0285714285714285,0.3809523809523809,0.0,0,0,0,0.0,0.1666666666666666,0.082574884639255,0.0,0.0,0,0,S1-589716025,S2-327486945,0
1.0,1.0,1.0,1.0,1.0,1.0,2,1,4,1.0,1.0,1.0,1.0,1.0,0,0,S1-728680,S2-408590371,1
0.3809523809523809,0.3809523809523809,0.1,0.1,0.32,0.0,0,0,0,0.0,0.1666666666666666,0.1312012704763576,0.0,0.0,0,0,S1-728680,S2-11153999,0
0.2777777777777778,0.2777777777777778,0.1304347826086956,0.1304347826086956,0.36,0.0,0,0,0,0.0,0.25,0.1631422511118746,0.0,0.0,0,0,S1-728680,S2-305410099,0
0.2,0.2,0.081081081081081,0.081081081081081,0.2641509433962264,0.0,0,0,0,0.0,0.1666666666666666,0.1309214183753036,0.0,0.0,0,0,S1-728680,S2-109942386,0
0.4,0.4,0.1081081081081081,0.1081081081081081,0.4745762711864407,0.0,0,0,0,0.0,0.1666666666666666,0.1342314695050245,0.1,0.1,0,0,S1-728680,S2-152724355,0
0.2857142857142857,0.2857142857142857,0.12,0.12,0.2033898305084746,0.0,0,0,0,0.0,0.25,0.1638511753795117,0.0,0.0,0,0,S1-728680,S2-401859731,0
0.8205128205128205,0.8205128205128205,0.6666666666666666,0.6666666666666666,0.576271186440678,0.0,0,0,0,0.0,0.75,0.8140136260629428,0.5555555555555556,0.5555555555555556,0,0,S1-588360895,S2-157435214,1
0.358974358974359,0.358974358974359,0.0333333333333333,0.0333333333333333,0.217391304347826,0.0,0,0,0,0.0,0.2,0.0793847000395386,0.0,0.0,0,0,S1-588360895,S2-724544657,0
0.2916666666666667,0.2916666666666667,0.0285714285714285,0.0285714285714285,0.3278688524590163,0.0,0,0,0,0.0,0.1428571428571428,0.0452067437547356,0.0,0.0,0,0,S1-588360895,S2-139139760,0
0.3181818181818182,0.3181818181818182,0.0606060606060606,0.0606060606060606,0.2962962962962963,0.0,0,0,0,0.0,0.1666666666666666,0.0567007278331951,0.0,0.0,0,0,S1-588360895,S2-475654167,0
0.3428571428571428,0.3428571428571428,0.0384615384615384,0.0384615384615384,0.303030303030303,0.0,0,0,0,0.0,0.2,0.0539194100982443,0.0,0.0,0,0,S1-588360895,S2-288330811,0
0.4137931034482758,0.4137931034482758,0.0526315789473684,0.0526315789473684,0.4067796610169492,0.0,0,0,0,0.0,0.2,0.0614433496634149,0.0909090909090909,0.0909090909090909,0,0,S1-588360895,S2-573296825,0
0.3529411764705882,0.3529411764705882,0.027027027027027,0.027027027027027,0.0,0.0,0,0,0,0.0,0.1111111111111111,0.0941939812126722,0.0,0.0,0,1,S1-372605955,S2-724434128,0
0.2807017543859649,0.2807017543859649,0.0238095238095238,0.0238095238095238,0.2539682539682539,0.0,0,0,0,0.0,0.2222222222222222,0.1385909651563092,0.0,0.0,0,0,S1-372605955,S2-28212029,0
0.3548387096774194,0.3548387096774194,0.0222222222222222,0.0222222222222222,0.2950819672131147,0.0,0,0,0,0.0,0.1818181818181818,0.1307748567374296,0.0,0.0,0,0,S1-372605955,S2-752366727,0
0.4150943396226415,0.4150943396226415,0.081081081081081,0.081081081081081,0.2807017543859649,0.0,0,0,0,0.0,0.2857142857142857,0.1844899517658037,0.0,0.0,0,0,S1-372605955,S2-607722259,0
0.4067796610169492,0.4067796610169492,0.0714285714285714,0.0714285714285714,0.2777777777777778,0.0,0,0,0,0.0,0.2222222222222222,0.1419204787014756,0.0,0.0,0,0,S1-372605955,S2-248097735,0
0.4,0.4,0.0714285714285714,0.0714285714285714,0.2631578947368421,0.0,0,0,0,0.0,0.3333333333333333,0.169035789007683,0.0,0.0,0,0,S1-194296830,S2-473496838,0
0.5333333333333333,0.5333333333333333,0.09375,0.09375,0.1666666666666666,0.0,0,0,0,0.0,0.1428571428571428,0.0595388232281915,0.0,0.0,0,0,S1-194296830,S2-819728534,0
0.4545454545454545,0.4545454545454545,0.0303030303030303,0.0303030303030303,0.2268041237113402,0.0,0,0,0,0.0,0.1428571428571428,0.0628577757184413,0.0,0.0,0,0,S1-194296830,S2-736790388,0
0.5555555555555556,0.5555555555555556,0.217391304347826,0.217391304347826,0.4074074074074074,0.0,0,0,0,0.0,0.2,0.1586915472901204,0.0,0.0,0,0,S1-194296830,S2-153922830,0
0.3636363636363636,0.3636363636363636,0.0303030303030303,0.0303030303030303,0.1304347826086956,0.0,0,0,0,0.0,0.1428571428571428,0.0587161758745871,0.0,0.0,0,0,S1-194296830,S2-306021730,0
0.4912280701754385,0.4912280701754385,0.2368421052631578,0.2368421052631578,0.3448275862068966,0.0,0,0,0,0.0,0.1666666666666666,0.1113113245339672,0.0,0.0,0,0,S1-645303868,S2-939017341,0
0.4383561643835616,0.4383561643835616,0.18,0.18,0.2539682539682539,0.0,0,0,0,0.0,0.125,0.0735780099121293,0.0,0.0,0,0,S1-645303868,S2-698680841,0
0.4675324675324675,0.4675324675324675,0.1818181818181818,0.1818181818181818,0.28125,0.0,0,0,0,0.0,0.125,0.1028179587137358,0.0,0.0,0,0,S1-645303868,S2-237767186,0
0.5396825396825397,0.5396825396825397,0.2325581395348837,0.2325581395348837,0.3548387096774194,0.0,0,0,0,0.0,0.1666666666666666,0.1285731796384502,0.1,0.1,0,0,S1-645303868,S2-731887501,0
0.8,0.8,0.4516129032258064,0.4516129032258064,0.2666666666666666,0.0,0,0,0,0.0,0.4,0.3209598541697863,0.0,0.0,0,0,S1-645303868,S2-750273199,0
0.4117647058823529,0.4117647058823529,0.04,0.04,0.1891891891891892,0.0,0,0,0,0.0,0.2,0.0548536671541715,0.0,0.0,0,0,S1-294553583,S2-612518601,0
0.4666666666666667,0.4666666666666667,0.0476190476190476,0.0476190476190476,0.1818181818181818,0.0,0,0,0,0.0,0.2,0.060583771810065,0.0,0.0,0,0,S1-294553583,S2-740093549,0
0.2926829268292683,0.2926829268292683,0.032258064516129,0.032258064516129,0.2898550724637681,0.0,0,0,0,0.0,0.1666666666666666,0.0507900418234805,0.0,0.0,0,0,S1-294553583,S2-972492057,0
0.5263157894736842,0.5263157894736842,0.0357142857142857,0.0357142857142857,0.2571428571428571,0.0,0,0,0,0.0,0.1666666666666666,0.0526746523294682,0.0,0.0,0,0,S1-294553583,S2-288665152,0
0.1153846153846153,0.1153846153846153,0.024390243902439,0.024390243902439,0.3174603174603174,0.0,0,0,0,0.0,0.1428571428571428,0.0548037137304871,0.0,0.0,0,0,S1-294553583,S2-479149881,0
0.3614457831325301,0.3614457831325301,0.1694915254237288,0.1694915254237288,0.075187969924812,0.0,0,0,0,0.0,0.2222222222222222,0.0800501620807986,0.0,0.0,0,0,S1-418389447,S2-259532390,0
0.4545454545454545,0.4545454545454545,0.2222222222222222,0.2222222222222222,0.2068965517241379,0.0,0,0,0,0.0,0.2857142857142857,0.0872039617388944,0.0,0.0,0,0,S1-418389447,S2-71580724,0
0.6440677966101694,0.6440677966101694,0.3333333333333333,0.3333333333333333,0.2033898305084746,0.0,0,0,0,0.0,0.2857142857142857,0.0970954207550938,0.0769230769230769,0.0769230769230769,0,0,S1-418389447,S2-437423662,0
0.6086956521739131,0.6086956521739131,0.3,0.3,0.3177570093457944,0.0,0,0,0,0.0,0.2857142857142857,0.1021194117093074,0.0833333333333333,0.0833333333333333,1,0,S1-418389447,S2-82807916,0
0.3928571428571428,0.3928571428571428,0.125,0.125,0.2782608695652174,0.0,0,0,0,0.0,0.1428571428571428,0.0456345314829447,0.0,0.0,0,0,S1-418389447,S2-557344852,0
0.2222222222222222,0.2222222222222222,0.0303030303030303,0.0303030303030303,0.1682242990654205,0.0,0,0,0,0.0,0.125,0.0418209686981759,0.0,0.0,0,0,S1-947308637,S2-10022360,0
0.2962962962962963,0.2962962962962963,0.025,0.025,0.3333333333333333,0.0,0,0,0,0.0,0.125,0.0632422581495713,0.1,0.0999999999999999,0,0,S1-947308637,S2-32360456,0
0.3265306122448979,0.3265306122448979,0.027027027027027,0.027027027027027,0.1111111111111111,0.0,0,0,0,0.0,0.125,0.0492330860070434,0.0,0.0,0,0,S1-947308637,S2-242468905,0
0.1538461538461538,0.1538461538461538,0.0357142857142857,0.0357142857142857,0.2,0.0,0,0,0,0.0,0.1428571428571428,0.0562874873404598,0.0,0.0,0,0,S1-947308637,S2-926599064,0
0.5,0.5,0.1785714285714285,0.1785714285714285,0.4295302013422818,0.0,0,0,0,0.0,0.2857142857142857,0.1273355006063629,0.0952380952380952,0.0952380952380952,0,0,S1-947308637,S2-526089240,0
0.4193548387096774,0.4193548387096774,0.108695652173913,0.108695652173913,0.4054054054054054,0.0,0,0,0,0.0,0.125,0.0323536379388866,0.2,0.2,0,0,S1-640972172,S2-156733411,0
0.5531914893617021,0.5531914893617021,0.15625,0.15625,0.1686746987951807,0.0,0,0,0,0.0,0.1428571428571428,0.0424738737987407,0.0,0.0,0,0,S1-640972172,S2-856012172,0
0.5333333333333333,0.5333333333333333,0.1612903225806451,0.1612903225806451,0.2165605095541401,0.0,0,0,0,0.0,0.1666666666666666,0.0494421068755576,0.0,0.0,0,0,S1-640972172,S2-195224749,0
0.4150943396226415,0.4150943396226415,0.131578947368421,0.131578947368421,0.2352941176470588,0.0,0,0,0,0.0,0.1428571428571428,0.0387692878947588,0.0,0.0,0,0,S1-640972172,S2-453763837,0
0.392156862745098,0.392156862745098,0.1351351351351351,0.1351351351351351,0.288,0.0,0,0,0,0.0,0.1666666666666666,0.053556713169669,0.0,0.0,0,0,S1-640972172,S2-76889834,0
0.3333333333333333,0.3333333333333333,0.0384615384615384,0.0384615384615384,0.4057971014492754,0.0,0,0,0,0.0,0.1666666666666666,0.0483105341272948,0.1,0.1,0,0,S1-603423853,S2-570260257,0
0.3333333333333333,0.3333333333333333,0.037037037037037,0.037037037037037,0.4057971014492754,0.0,0,0,0,0.0,0.2,0.062530329233295,0.0,0.0,0,0,S1-603423853,S2-719994251,0
0.2439024390243902,0.2439024390243902,0.032258064516129,0.032258064516129,0.0,0.0,0,0,0,0.0,0.1666666666666666,0.0454477652715208,0.0,0.0,0,1,S1-603423853,S2-566489555,0
0.4,0.4,0.0384615384615384,0.0384615384615384,0.3283582089552239,0.0,0,0,0,0.0,0.2,0.045529108440401,0.0,0.0,0,0,S1-603423853,S2-472034305,0
0.4117647058823529,0.4117647058823529,0.04,0.04,0.3703703703703703,0.0,0,0,0,0.0,0.2,0.0514120937916818,0.0,0.0,0,0,S1-603423853,S2-136232019,0
0.6031746031746031,0.6031746031746031,0.3,0.3,0.2238805970149253,0.0,0,0,0,0.0,0.2857142857142857,0.0986231664364159,0.0,0.0,0,0,S1-749348831,S2-719227879,0
0.5538461538461539,0.5538461538461539,0.2926829268292683,0.2926829268292683,0.0,0.0,0,0,0,0.0,0.25,0.1073957620210225,0.0,0.0,1,1,S1-749348831,S2-131899197,0
0.4528301886792453,0.4528301886792453,0.1351351351351351,0.1351351351351351,0.5538461538461539,0.0,0,0,0,0.0,0.125,0.0445206743622135,0.1111111111111111,0.111111111111111,0,0,S1-749348831,S2-598268427,0
0.5818181818181818,0.5818181818181818,0.1714285714285714,0.1714285714285714,0.1234567901234567,0.0,0,0,0,0.0,0.1428571428571428,0.061063479924948,0.0,0.0,0,0,S1-749348831,S2-867498942,0
0.6984126984126984,0.6984126984126984,0.325,0.325,0.3287671232876712,0.0,0,0,0,0.0,0.3333333333333333,0.1291405447546247,0.0869565217391304,0.0869565217391304,0,0,S1-749348831,S2-450914915,0
0.4102564102564102,0.4102564102564102,0.1153846153846153,0.1153846153846153,0.25,0.0,0,0,0,0.0,0.1428571428571428,0.1310666894596742,0.0,0.0,0,0,S1-747621013,S2-74420544,0
0.6521739130434783,0.6521739130434783,0.3461538461538461,0.3461538461538461,0.3157894736842105,0.0,0,0,0,0.0,0.2857142857142857,0.2684939329863577,0.0,0.0,0,0,S1-747621013,S2-536655086,0
0.7317073170731707,0.7317073170731707,0.3478260869565217,0.3478260869565217,0.2857142857142857,0.0,0,0,0,0.0,0.3333333333333333,0.2857795798514059,0.0,0.0,0,0,S1-747621013,S2-251248160,0
0.3529411764705882,0.3529411764705882,0.0869565217391304,0.0869565217391304,0.2592592592592592,0.0,0,0,0,0.0,0.1666666666666666,0.1464137162967824,0.0,0.0,0,0,S1-747621013,S2-243510489,0
0.5531914893617021,0.5531914893617021,0.2857142857142857,0.2857142857142857,0.2372881355932203,0.0,0,0,0,0.0,0.2857142857142857,0.2693567927204698,0.0,0.0,0,0,S1-747621013,S2-260762399,0
0.2222222222222222,0.2222222222222222,0.0555555555555555,0.0555555555555555,0.3846153846153846,0.0,0,0,0,0.0,0.2,0.0662851981580232,0.0,0.0,1,0,S1-305437015,S2-57173648,0
0.392156862745098,0.392156862745098,0.025,0.025,0.2571428571428571,0.0,0,0,0,0.0,0.1428571428571428,0.058418112720853,0.0,0.0,0,0,S1-305437015,S2-307820118,0
0.5806451612903226,0.5806451612903226,0.0454545454545454,0.0454545454545454,0.417910447761194,0.0,0,0,0,0.0,0.2,0.0679133291537165,0.0,0.0,0,0,S1-305437015,S2-381015934,0
0.2040816326530612,0.2040816326530612,0.03125,0.03125,0.3793103448275862,0.0,0,0,0,0.0,0.1666666666666666,0.0578783291572523,0.0,0.0,0,0,S1-305437015,S2-383110163,0
0.303030303030303,0.303030303030303,0.1363636363636363,0.1363636363636363,0.2352941176470588,0.0,0,0,0,0.0,0.2,0.1832726639053279,0.0,0.0,0,0,S1-305437015,S2-600606714,0
0.4444444444444444,0.4444444444444444,0.0588235294117647,0.0588235294117647,0.3157894736842105,0.0,0,0,0,0.0,0.1666666666666666,0.0672526010362676,0.0,0.0,0,0,S1-684012770,S2-610497379,0
0.4081632653061224,0.4081632653061224,0.1176470588235294,0.1176470588235294,0.0,0.0,0,0,0,0.0,0.125,0.1299897880648662,0.0,0.0,0,1,S1-684012770,S2-461096800,0
0.4406779661016949,0.4406779661016949,0.0222222222222222,0.0222222222222222,0.2758620689655172,0.0,0,0,0,0.0,0.125,0.0480244707105673,0.0,0.0,0,0,S1-684012770,S2-725280318,0
0.3111111111111111,0.3111111111111111,0.0285714285714285,0.0285714285714285,0.2413793103448276,0.0,0,0,0,0.0,0.1666666666666666,0.0583093599676066,0.0,0.0,0,0,S1-684012770,S2-834153607,0
0.2758620689655172,0.2758620689655172,0.0217391304347826,0.0217391304347826,0.1785714285714285,0.0,0,0,0,0.0,0.1428571428571428,0.0538016150689571,0.0,0.0,0,0,S1-684012770,S2-743541529,0
0.44,0.44,0.0526315789473684,0.0526315789473684,0.1454545454545454,0.0,0,0,0,0.0,0.1428571428571428,0.0903800248384049,0.0,0.0,0,0,S1-653819606,S2-222745864,0
0.3529411764705882,0.3529411764705882,0.0833333333333333,0.0833333333333333,0.2105263157894736,0.0,0,0,0,0.0,0.2,0.1341856455961831,0.0,0.0,0,0,S1-653819606,S2-75301570,0
0.5263157894736842,0.5263157894736842,0.25,0.25,0.2318840579710145,0.0,0,0,0,0.0,0.2,0.1646697054074296,0.0,0.0,0,0,S1-653819606,S2-797942757,0
0.6808510638297872,0.6808510638297872,0.3103448275862069,0.3103448275862069,0.1846153846153846,0.0,0,0,0,0.0,0.4,0.2825685317136802,0.0,0.0,0,0,S1-653819606,S2-488565793,0
0.3880597014925373,0.3880597014925373,0.1176470588235294,0.1176470588235294,0.1612903225806451,0.0,0,0,0,0.0,0.1428571428571428,0.1338286486879732,0.0,0.0,0,0,S1-653819606,S2-269654902,0
0.6451612903225806,0.6451612903225806,0.375,0.375,0.2857142857142857,0.0,0,0,0,0.0,0.4,0.4755347671628773,0.0,0.0,0,0,S1-677039577,S2-353206893,0
0.5945945945945946,0.5945945945945946,0.2083333333333333,0.2083333333333333,0.1481481481481481,0.0,0,0,0,0.0,0.2,0.2138205743625375,0.0,0.0,0,0,S1-677039577,S2-167063197,0
0.6666666666666666,0.6666666666666666,0.375,0.375,0.2222222222222222,0.0,0,0,0,0.0,0.5,0.526189097332991,0.0,0.0,0,0,S1-677039577,S2-368997016,0
0.6875,0.6875,0.2631578947368421,0.2631578947368421,0.3225806451612903,0.0,0,0,0,0.0,0.2,0.2140176578260718,0.0,0.0,0,0,S1-677039577,S2-949607322,0
0.5,0.5,0.1111111111111111,0.1111111111111111,0.2686567164179104,0.0,0,0,0,0.0,0.2,0.2332326019447618,0.0,0.0,0,0,S1-677039577,S2-581742355,0
0.9230769230769232,0.9230769230769232,0.8695652173913043,0.8695652173913043,0.8787878787878788,0.0,0,0,0,0.0,0.75,0.8903891379206016,0.5,0.5000000000000001,0,0,S1-852279820,S2-839474987,1
0.3333333333333333,0.3333333333333333,0.0263157894736842,0.0263157894736842,0.3571428571428571,0.0,0,0,0,0.0,0.1666666666666666,0.0524812605025257,0.0,0.0,0,0,S1-852279820,S2-998294247,0
0.3728813559322034,0.3728813559322034,0.0227272727272727,0.0227272727272727,0.2903225806451613,0.0,0,0,0,0.0,0.1428571428571428,0.0569589229786343,0.0,0.0,0,0,S1-852279820,S2-424891164,0
0.5306122448979592,0.5306122448979592,0.0833333333333333,0.0833333333333333,0.1846153846153846,0.0,0,0,0,0.0,0.1428571428571428,0.0443873706321343,0.0,0.0,1,0,S1-852279820,S2-596391707,0
0.4193548387096774,0.4193548387096774,0.0204081632653061,0.0204081632653061,0.2222222222222222,0.0,0,0,0,0.0,0.1111111111111111,0.0309040400747711,0.0,0.0,0,0,S1-852279820,S2-725051289,0
0.3255813953488372,0.3255813953488372,0.0303030303030303,0.0303030303030303,0.3666666666666666,0.0,0,0,0,0.0,0.1666666666666666,0.0562546038716912,0.0,0.0,0,0,S1-852279820,S2-300115662,0
0.4489795918367347,0.4489795918367347,0.1111111111111111,0.1111111111111111,0.0,0.0,0,0,0,0.0,0.1666666666666666,0.2007344289710081,0.0,0.0,0,1,S1-244847130,S2-85230387,0
0.6538461538461539,0.6538461538461539,0.1944444444444444,0.1944444444444444,0.16,0.0,0,0,0,0.0,0.1666666666666666,0.1326181842022827,0.0,0.0,0,0,S1-244847130,S2-126584527,0
0.7169811320754716,0.7169811320754716,0.4666666666666667,0.4666666666666667,0.1785714285714285,0.0,0,0,0,0.0,0.4,0.4368897117696985,0.0,0.0,0,0,S1-244847130,S2-200012417,0
0.4406779661016949,0.4406779661016949,0.2564102564102564,0.2564102564102564,0.3809523809523809,0.0,0,0,0,0.0,0.3333333333333333,0.283301387558683,0.0,0.0,0,0,S1-244847130,S2-956972148,0
0.3142857142857143,0.3142857142857143,0.0727272727272727,0.0727272727272727,0.2222222222222222,0.0,0,0,0,0.0,0.125,0.1099102766532072,0.0,0.0,0,0,S1-244847130,S2-739768893,0
0.59375,0.59375,0.2857142857142857,0.2857142857142857,0.2658227848101265,0.0,0,0,0,0.0,0.3333333333333333,0.1293925349433073,0.0,0.0,0,0,S1-153845812,S2-907307129,0
0.5,0.5,0.2195121951219512,0.2195121951219512,0.1714285714285714,0.0,0,0,0,0.0,0.1428571428571428,0.1364915109401574,0.0,0.0,0,0,S1-153845812,S2-244380470,0
0.7096774193548387,0.7096774193548387,0.3333333333333333,0.3333333333333333,0.1343283582089552,0.0,0,0,0,0.0,0.3333333333333333,0.1457474023370823,0.0,0.0,0,0,S1-153845812,S2-895459422,0
0.5333333333333333,0.5333333333333333,0.1363636363636363,0.1363636363636363,0.2210526315789473,0.0,0,0,0,0.0,0.1428571428571428,0.0586841766433016,0.0357142857142857,0.0357142857142857,0,0,S1-153845812,S2-68892550,0
0.6461538461538462,0.6461538461538462,0.3170731707317073,0.3170731707317073,0.225563909774436,0.0,0,0,0,0.0,0.2857142857142857,0.1044205800189431,0.0,0.0,0,0,S1-153845812,S2-313026470,0
0.392156862745098,0.392156862745098,0.024390243902439,0.024390243902439,0.0,0.0,0,0,0,0.0,0.1666666666666666,0.0458298066155052,0.0,0.0,0,1,S1-382234885,S2-901480298,0
0.2745098039215686,0.2745098039215686,0.0285714285714285,0.0285714285714285,0.3214285714285714,0.0,0,0,0,0.0,0.1666666666666666,0.0529562671376039,0.0,0.0,0,0,S1-382234885,S2-338740167,0
0.4285714285714285,0.4285714285714285,0.03125,0.03125,0.3934426229508196,0.0,0,0,0,0.0,0.1666666666666666,0.0415658157556769,0.0,0.0,0,0,S1-382234885,S2-94543649,0
0.391304347826087,0.391304347826087,0.0277777777777777,0.0277777777777777,0.2545454545454545,0.0,0,0,0,0.0,0.1666666666666666,0.0477273299306886,0.0,0.0,0,0,S1-382234885,S2-752484276,0
0.3829787234042553,0.3829787234042553,0.0555555555555555,0.0555555555555555,0.2448979591836734,0.0,0,0,0,0.0,0.1666666666666666,0.0458193182339297,0.0,0.0,0,0,S1-382234885,S2-114543440,0
0.4166666666666667,0.4166666666666667,0.0909090909090909,0.0909090909090909,0.2748091603053435,0.0,0,0,0,0.0,0.125,0.0456420058324502,0.0,0.0,0,0,S1-252495749,S2-589233086,0
0.4857142857142857,0.4857142857142857,0.217391304347826,0.217391304347826,0.1147540983606557,0.0,0,0,0,0.0,0.2857142857142857,0.1077268375614752,0.0,0.0,0,0,S1-252495749,S2-232062824,0
0.5714285714285714,0.5714285714285714,0.2105263157894736,0.2105263157894736,0.1818181818181818,0.0,0,0,0,0.0,0.25,0.0864619773792489,0.0,0.0,0,0,S1-252495749,S2-670014497,0
0.4444444444444444,0.4444444444444444,0.1132075471698113,0.1132075471698113,0.3503649635036496,0.0,0,0,0,0.0,0.125,0.0403814029061848,0.0476190476190476,0.0476190476190476,0,0,S1-252495749,S2-132098743,0
0.5217391304347826,0.5217391304347826,0.2666666666666666,0.2666666666666666,0.358974358974359,0.0,0,0,0,0.0,0.2857142857142857,0.1037520651417935,0.0,0.0,0,0,S1-252495749,S2-936306988,0
0.3714285714285714,0.3714285714285714,0.1111111111111111,0.1111111111111111,0.3013698630136986,0.0,0,0,0,0.0,0.1428571428571428,0.0436934673791378,0.0,0.0,0,0,S1-226194545,S2-329399212,0
0.360655737704918,0.360655737704918,0.108695652173913,0.108695652173913,0.2807017543859649,0.0,0,0,0,0.0,0.1428571428571428,0.0495696983027786,0.0,0.0,0,0,S1-226194545,S2-384684038,0
0.5974025974025974,0.5974025974025974,0.25,0.25,0.2335766423357664,0.0,0,0,0,0.0,0.2857142857142857,0.0822163351709897,0.0,0.0,0,0,S1-226194545,S2-257464793,0
0.4375,0.4375,0.1020408163265306,0.1020408163265306,0.2127659574468085,0.0,0,0,0,0.0,0.1428571428571428,0.0516371395664792,0.0454545454545454,0.0454545454545454,0,0,S1-226194545,S2-635182525,0
0.676923076923077,0.676923076923077,0.3095238095238095,0.3095238095238095,0.328125,0.0,0,0,0,0.0,0.3333333333333333,0.1084014949301203,0.0909090909090909,0.0909090909090908,1,0,S1-226194545,S2-907018183,0
0.5581395348837209,0.5581395348837209,0.1666666666666666,0.1666666666666666,0.3384615384615385,0.0,0,0,0,0.0,0.2,0.1690323443652589,0.0,0.0,0,0,S1-165221591,S2-52875047,0
0.5,0.5,0.2,0.2,0.4074074074074074,0.0,0,0,0,0.0,0.2,0.1982095834398885,0.0,0.0,0,0,S1-165221591,S2-568563441,0
0.4390243902439024,0.4390243902439024,0.1785714285714285,0.1785714285714285,0.4137931034482758,0.0,0,0,0,0.0,0.2,0.2050716152286701,0.0,0.0,0,0,S1-165221591,S2-881111001,0
0.4516129032258064,0.4516129032258064,0.1041666666666666,0.1041666666666666,0.3492063492063492,0.0,0,0,0,0.0,0.1666666666666666,0.1465395785989262,0.0,0.0,0,0,S1-165221591,S2-965442823,0
0.4545454545454545,0.4545454545454545,0.1612903225806451,0.1612903225806451,0.0,0.0,0,0,0,0.0,0.2,0.1686524266366218,0.0,0.0,0,1,S1-165221591,S2-686089496,0
0.4210526315789473,0.4210526315789473,0.1428571428571428,0.1428571428571428,0.1951219512195122,0.0,0,0,0,0.0,0.1666666666666666,0.0602454040058554,0.0,0.0,1,0,S1-705778030,S2-975535138,0
0.4918032786885246,0.4918032786885246,0.2439024390243902,0.2439024390243902,0.1971830985915492,0.0,0,0,0,0.0,0.3333333333333333,0.1209954945344324,0.0,0.0,0,0,S1-705778030,S2-954920501,0
0.5714285714285714,0.5714285714285714,0.1777777777777777,0.1777777777777777,0.1318681318681318,0.0,0,0,0,0.0,0.1428571428571428,0.1415336647575849,0.0,0.0,0,0,S1-705778030,S2-107817207,0
0.7213114754098361,0.7213114754098361,0.3513513513513513,0.3513513513513513,0.4,0.0,0,0,0,0.0,0.2857142857142857,0.1013673861799021,0.1,0.0999999999999999,0,0,S1-705778030,S2-171011603,0
0.5641025641025641,0.5641025641025641,0.2653061224489796,0.2653061224489796,0.2038216560509554,0.0,0,0,0,0.0,0.25,0.1038490865912549,0.0384615384615384,0.0384615384615384,0,0,S1-705778030,S2-990277306,0
0.5384615384615384,0.5384615384615384,0.0555555555555555,0.0555555555555555,0.3703703703703703,0.0,0,0,0,0.0,0.25,0.0728426387508399,0.0,0.0,0,0,S1-863952929,S2-477139090,0
0.3157894736842105,0.3157894736842105,0.0357142857142857,0.0357142857142857,0.2413793103448276,0.0,0,0,0,0.0,0.1666666666666666,0.0429791073036267,0.0,0.0,0,0,S1-863952929,S2-592998557,0
0.2909090909090909,0.2909090909090909,0.0232558139534883,0.0232558139534883,0.1492537313432835,0.0,0,0,0,0.0,0.1428571428571428,0.0386485185980991,0.0,0.0,0,0,S1-863952929,S2-661668696,0
0.45,0.45,0.0333333333333333,0.0333333333333333,0.2647058823529412,0.0,0,0,0,0.0,0.1666666666666666,0.0504265457373206,0.0,0.0,0,0,S1-863952929,S2-928601460,0
0.4,0.4,0.0333333333333333,0.0333333333333333,0.2686567164179104,0.0,0,0,0,0.0,0.1666666666666666,0.0461467764258394,0.0,0.0,0,0,S1-863952929,S2-52527172,0
0.6896551724137931,0.6896551724137931,0.3529411764705882,0.3529411764705882,0.4545454545454545,0.0,0,0,0,0.0,0.2857142857142857,0.1082886568083159,0.1538461538461538,0.1538461538461538,0,0,S1-470331416,S2-43777904,0
0.3943661971830985,0.3943661971830985,0.1632653061224489,0.1632653061224489,0.2727272727272727,0.0,0,0,0,0.0,0.1,0.0324044372858956,0.0,0.0,0,0,S1-470331416,S2-555235671,0
0.3728813559322034,0.3728813559322034,0.119047619047619,0.119047619047619,0.2886597938144329,0.5,1,1,2,0.0,0.1428571428571428,0.0545176984351141,0.0,0.0,0,0,S1-470331416,S2-352019784,0
0.5098039215686274,0.5098039215686274,0.1388888888888889,0.1388888888888889,0.1851851851851851,0.0,0,0,0,0.0,0.1666666666666666,0.0772389389569636,0.0,0.0,0,0,S1-470331416,S2-848878443,0
0.5714285714285714,0.5714285714285714,0.1538461538461538,0.1538461538461538,0.2741935483870967,0.0,0,0,0,0.0,0.1428571428571428,0.0683243833757547,0.0,0.0,0,0,S1-470331416,S2-944030245,0
0.4186046511627907,0.4186046511627907,0.0967741935483871,0.0967741935483871,0.2040816326530612,0.0,0,0,0,0.0,0.1666666666666666,0.0521084274510501,0.0,0.0,1,0,S1-337316869,S2-951324031,0
0.44,0.44,0.0526315789473684,0.0526315789473684,0.2040816326530612,0.0,0,0,0,0.0,0.1428571428571428,0.0468134704504484,0.0,0.0,1,0,S1-337316869,S2-916253672,0
0.1463414634146341,0.1463414634146341,0.03125,0.03125,0.25,0.0,0,0,0,0.0,0.2,0.0730550359402568,0.0,0.0,0,0,S1-337316869,S2-850339671,0
0.3389830508474576,0.3389830508474576,0.0208333333333333,0.0208333333333333,0.2413793103448276,0.0,0,0,0,0.0,0.1428571428571428,0.04580264098546,0.0,0.0,0,0,S1-337316869,S2-809440227,0
0.3636363636363636,0.3636363636363636,0.0294117647058823,0.0294117647058823,0.2222222222222222,0.0,0,0,0,0.0,0.1666666666666666,0.0522063889833938,0.0,0.0,0,0,S1-337316869,S2-841088606,0
0.6521739130434783,0.6521739130434783,0.3103448275862069,0.3103448275862069,0.4333333333333333,0.0,0,0,0,0.0,0.25,0.2131841552994518,0.0,0.0,0,0,S1-796244215,S2-644176941,0
0.6341463414634146,0.6341463414634146,0.36,0.36,0.273972602739726,0.0,0,0,0,0.0,0.3333333333333333,0.2967375594875047,0.0,0.0,0,0,S1-796244215,S2-946302042,0
0.4727272727272727,0.4727272727272727,0.25,0.25,0.2388059701492537,0.0,0,0,0,0.0,0.2,0.1825614945537406,0.0,0.0,0,0,S1-796244215,S2-899483981,0
0.7083333333333334,0.7083333333333334,0.4074074074074074,0.4074074074074074,0.3076923076923077,0.0,0,0,0,0.0,0.2,0.2107722864738317,0.0,0.0,0,0,S1-796244215,S2-702275637,0
0.8095238095238095,0.8095238095238095,0.4583333333333333,0.4583333333333333,0.25,0.0,0,0,0,0.0,0.3333333333333333,0.2700200407381845,0.0,0.0,0,0,S1-796244215,S2-209468875,0
0.625,0.625,0.25,0.25,0.175438596491228,0.0,0,0,0,0.0,0.25,0.2886977937452858,0.0,0.0,0,0,S1-883050466,S2-952137689,0
0.5333333333333333,0.5333333333333333,0.15625,0.15625,0.2592592592592592,0.0,0,0,0,0.0,0.2,0.2263103227083613,0.0,0.0,0,0,S1-883050466,S2-72989446,0
0.5714285714285714,0.5714285714285714,0.1724137931034483,0.1724137931034483,0.3636363636363636,0.0,0,0,0,0.0,0.2,0.2130508677278748,0.0,0.0,0,0,S1-883050466,S2-112271534,0
0.5581395348837209,0.5581395348837209,0.1666666666666666,0.1666666666666666,0.2456140350877192,0.0,0,0,0,0.0,0.2,0.251976272754169,0.0,0.0,1,0,S1-883050466,S2-290209208,0
0.6,0.6,0.2631578947368421,0.2631578947368421,0.2222222222222222,0.0,0,0,0,0.0,0.3333333333333333,0.3300464534110648,0.0,0.0,0,0,S1-883050466,S2-126636801,0
0.25,0.25,0.0227272727272727,0.0227272727272727,0.3970588235294117,0.0,0,0,0,0.0,0.125,0.0671225022895996,0.0476190476190476,0.0476190476190476,0,0,S1-128328437,S2-137278449,0
0.375,0.375,0.1212121212121212,0.1212121212121212,0.2586206896551724,0.0,0,0,0,0.0,0.2857142857142857,0.1695641219166817,0.0,0.0,0,0,S1-128328437,S2-332786546,0
0.5151515151515151,0.5151515151515151,0.08,0.08,0.2222222222222222,0.0,0,0,0,0.0,0.1111111111111111,0.0738212924740878,0.0,0.0,0,0,S1-128328437,S2-606631156,0
0.4313725490196078,0.4313725490196078,0.081081081081081,0.081081081081081,0.3582089552238806,0.0,0,0,0,0.0,0.125,0.0969431235024826,0.0,0.0,0,0,S1-128328437,S2-787959048,0
0.3508771929824561,0.3508771929824561,0.0952380952380952,0.0952380952380952,0.3181818181818182,0.0,0,0,0,0.0,0.2857142857142857,0.1612261278769493,0.0,0.0,0,0,S1-128328437,S2-760818279,0
0.3448275862068966,0.3448275862068966,0.0909090909090909,0.0909090909090909,0.2769230769230769,0.0,0,0,0,0.0,0.1428571428571428,0.0637505654431175,0.0909090909090909,0.0909090909090909,0,0,S1-59995424,S2-726466389,0
0.3636363636363636,0.3636363636363636,0.1282051282051282,0.1282051282051282,0.144578313253012,0.0,0,0,0,0.0,0.125,0.0565598734931445,0.0,0.0,0,0,S1-59995424,S2-178778109,0
0.4363636363636363,0.4363636363636363,0.1,0.1,0.2608695652173913,0.0,0,0,0,0.0,0.125,0.0594349558695166,0.0,0.0,0,0,S1-59995424,S2-72498401,0
0.392156862745098,0.392156862745098,0.1052631578947368,0.1052631578947368,0.2580645161290322,0.0,0,0,0,0.0,0.1666666666666666,0.0946992964173944,0.0,0.0,0,0,S1-59995424,S2-921344517,0
0.3829787234042553,0.3829787234042553,0.1176470588235294,0.1176470588235294,0.2153846153846154,0.0,0,0,0,0.0,0.1666666666666666,0.0860585740296156,0.0,0.0,0,0,S1-59995424,S2-92758088,0
0.55,0.55,0.2222222222222222,0.2222222222222222,0.2985074626865671,0.0,0,0,0,0.0,0.25,0.2186497155379911,0.0,0.0,0,0,S1-214294213,S2-597868843,0
0.4705882352941176,0.4705882352941176,0.1944444444444444,0.1944444444444444,0.3278688524590163,0.0,0,0,0,0.0,0.2,0.1569012837943929,0.0,0.0,0,0,S1-214294213,S2-283944762,0
0.4444444444444444,0.4444444444444444,0.1578947368421052,0.1578947368421052,0.3,0.0,0,0,0,0.0,0.1428571428571428,0.1499077978622092,0.0,0.0,0,0,S1-214294213,S2-7503863,0
0.5,0.5,0.1621621621621621,0.1621621621621621,0.3098591549295774,0.0,0,0,0,0.0,0.1666666666666666,0.1391062065021514,0.0,0.0,0,0,S1-214294213,S2-422108677,0
0.5,0.5,0.1621621621621621,0.1621621621621621,0.3137254901960784,0.0,0,0,0,0.0,0.1666666666666666,0.1664514858158829,0.0,0.0,0,0,S1-214294213,S2-263611086,0
0.5641025641025641,0.5641025641025641,0.24,0.24,0.1724137931034483,0.0,0,0,0,0.0,0.2,0.19366308103431,0.0,0.0,0,0,S1-863976957,S2-445150953,0
0.5333333333333333,0.5333333333333333,0.2,0.2,0.3243243243243243,0.0,0,0,0,0.0,0.1666666666666666,0.169130717302912,0.0,0.0,0,0,S1-863976957,S2-904554697,0
0.3809523809523809,0.3809523809523809,0.064516129032258,0.064516129032258,0.3529411764705882,0.0,0,0,0,0.0,0.1666666666666666,0.2176855495049717,0.0,0.0,0,0,S1-863976957,S2-703561100,0
0.3636363636363636,0.3636363636363636,0.0980392156862745,0.0980392156862745,0.3278688524590163,0.0,0,0,0,0.0,0.1428571428571428,0.122217401228573,0.0,0.0,0,0,S1-863976957,S2-527354189,0
0.4242424242424242,0.4242424242424242,0.238095238095238,0.238095238095238,0.3448275862068966,0.0,0,0,0,0.0,0.25,0.2173558325122141,0.0,0.0,0,0,S1-863976957,S2-220409094,0
0.4761904761904761,0.4761904761904761,0.03125,0.03125,0.3057324840764331,0.0,0,0,0,0.0,0.1666666666666666,0.0639611318178108,0.04,0.0399999999999999,0,0,S1-439517559,S2-330682641,0
0.3181818181818182,0.3181818181818182,0.0625,0.0625,0.3375,0.0,0,0,0,0.0,0.3333333333333333,0.1590997003623141,0.0,0.0,0,0,S1-439517559,S2-654810658,0
0.3783783783783784,0.3783783783783784,0.037037037037037,0.037037037037037,0.2321428571428571,0.0,0,0,0,0.0,0.1666666666666666,0.0844119002758784,0.0,0.0,0,0,S1-439517559,S2-912655751,0
0.36,0.36,0.0256410256410256,0.0256410256410256,0.2285714285714285,0.0,0,0,0,0.0,0.1428571428571428,0.0835944933226561,0.0,0.0,0,0,S1-439517559,S2-284282380,0
0.3773584905660377,0.3773584905660377,0.024390243902439,0.024390243902439,0.1948051948051948,0.0,0,0,0,0.0,0.125,0.0520135393938162,0.0,0.0,0,0,S1-439517559,S2-899919360,0
0.3278688524590163,0.3278688524590163,0.0425531914893617,0.0425531914893617,0.3461538461538461,0.0,0,0,0,0.0,0.1111111111111111,0.067789255171625,0.0,0.0,1,0,S1-744150463,S2-317212334,0
0.4814814814814814,0.4814814814814814,0.1025641025641025,0.1025641025641025,0.1473684210526315,0.0,0,0,0,0.0,0.125,0.1038617314674476,0.0,0.0,0,0,S1-744150463,S2-93264161,0
0.6415094339622641,0.6415094339622641,0.2727272727272727,0.2727272727272727,0.0,0.0,0,0,0,0.0,0.2857142857142857,0.3016676188539393,0.0,0.0,0,1,S1-744150463,S2-688694038,0
0.6333333333333333,0.6333333333333333,0.2894736842105263,0.2894736842105263,0.3103448275862069,0.0,0,0,0,0.0,0.2857142857142857,0.2738609511021191,0.0,0.0,0,0,S1-744150463,S2-129811379,0
0.3684210526315789,0.3684210526315789,0.1111111111111111,0.1111111111111111,0.0,0.0,0,0,0,0.0,0.2,0.1503427715743038,0.0,0.0,0,1,S1-744150463,S2-38624546,0
0.3050847457627119,0.3050847457627119,0.0212765957446808,0.0212765957446808,0.3636363636363636,0.0,0,0,0,0.0,0.125,0.0361944439834235,0.1111111111111111,0.1111111111111111,0,0,S1-821180222,S2-593864214,0
0.3846153846153846,0.3846153846153846,0.024390243902439,0.024390243902439,0.3448275862068966,0.0,0,0,0,0.0,0.1428571428571428,0.0429880660443831,0.0,0.0,0,0,S1-821180222,S2-414206734,0
0.4,0.4,0.0294117647058823,0.0294117647058823,0.2372881355932203,0.0,0,0,0,0.0,0.1428571428571428,0.0417523385885242,0.0,0.0,0,0,S1-821180222,S2-952108569,0
0.1333333333333333,0.1333333333333333,0.0285714285714285,0.0285714285714285,0.3283582089552239,0.0,0,0,0,0.0,0.1666666666666666,0.0451798703594155,0.0,0.0,0,0,S1-821180222,S2-208451790,0
0.3809523809523809,0.3809523809523809,0.0196078431372549,0.0196078431372549,0.4193548387096774,0.0,0,0,0,0.0,0.125,0.0342227699052101,0.0,0.0,0,0,S1-821180222,S2-28170129,0
0.4210526315789473,0.4210526315789473,0.1162790697674418,0.1162790697674418,0.2711864406779661,0.0,0,0,0,0.0,0.1666666666666666,0.2197395383402316,0.0,0.0,0,0,S1-631240370,S2-358313984,0
0.5373134328358209,0.5373134328358209,0.1176470588235294,0.1176470588235294,0.0787401574803149,0.0,0,0,0,0.0,0.1428571428571428,0.1677965953297089,0.0,0.0,0,0,S1-631240370,S2-424677111,0
0.56,0.56,0.26,0.26,0.1666666666666666,0.5,1,1,1,0.0,0.25,0.0942272048231856,0.0,0.0,0,0,S1-631240370,S2-37251549,0
0.4666666666666667,0.4666666666666667,0.1363636363636363,0.1363636363636363,0.3492063492063492,0.0,0,0,0,0.0,0.1428571428571428,0.0540855447275966,0.0,0.0,0,0,S1-631240370,S2-669741682,0
0.5316455696202531,0.5316455696202531,0.2222222222222222,0.2222222222222222,0.3404255319148936,0.0,0,0,0,0.0,0.25,0.0856190276470712,0.0,0.0,0,0,S1-631240370,S2-327302978,0
0.5714285714285714,0.5714285714285714,0.2564102564102564,0.2564102564102564,0.1864406779661017,0.0,0,0,0,0.0,0.1666666666666666,0.068329273755963,0.0,0.0,0,0,S1-119783341,S2-830055348,0
0.5423728813559322,0.5423728813559322,0.1627906976744186,0.1627906976744186,0.4275862068965517,0.0,0,0,0,0.0,0.1666666666666666,0.0577291389531935,0.15,0.1499999999999999,0,0,S1-119783341,S2-900636476,0
0.4347826086956521,0.4347826086956521,0.15625,0.15625,0.2898550724637681,0.0,0,0,0,0.0,0.1666666666666666,0.0537277053229448,0.0,0.0,0,0,S1-119783341,S2-485131524,0
0.4680851063829787,0.4680851063829787,0.1515151515151515,0.1515151515151515,0.23841059602649,0.0,0,0,0,0.0,0.1666666666666666,0.0620010513108053,0.0416666666666666,0.0416666666666666,0,0,S1-119783341,S2-31483296,0
0.4590163934426229,0.4590163934426229,0.108695652173913,0.108695652173913,0.247191011235955,0.0,0,0,0,0.0,0.1428571428571428,0.0607135381882151,0.0,0.0,1,0,S1-119783341,S2-473142058,0
0.4166666666666667,0.4166666666666667,0.1875,0.1875,0.3728813559322034,0.0,0,0,0,0.0,0.1666666666666666,0.2208913478403446,0.0,0.0,0,0,S1-927122321,S2-12979363,0
0.3793103448275862,0.3793103448275862,0.0222222222222222,0.0222222222222222,0.2758620689655172,0.0,0,0,0,0.0,0.125,0.0480952392456699,0.0,0.0,0,0,S1-927122321,S2-990919784,0
0.4313725490196078,0.4313725490196078,0.0256410256410256,0.0256410256410256,0.196078431372549,0.0,0,0,0,0.0,0.1428571428571428,0.0503100723275616,0.0,0.0,0,0,S1-927122321,S2-2948149,0
0.48,0.48,0.0833333333333333,0.0833333333333333,0.3859649122807017,0.0,0,0,0,0.0,0.1428571428571428,0.0525907626130127,0.1111111111111111,0.1111111111111111,0,0,S1-927122321,S2-817896368,0
0.3225806451612903,0.3225806451612903,0.0869565217391304,0.0869565217391304,0.2826086956521739,0.0,0,0,0,0.0,0.125,0.1076505094078364,0.0,0.0,0,0,S1-927122321,S2-276993381,0
0.4313725490196078,0.4313725490196078,0.0789473684210526,0.0789473684210526,0.3296703296703296,0.0,0,0,0,0.0,0.1428571428571428,0.1193462147628116,0.0666666666666666,0.0666666666666666,0,0,S1-368518605,S2-644454423,0
0.5789473684210527,0.5789473684210527,0.2916666666666667,0.2916666666666667,0.2337662337662337,0.0,0,0,0,0.0,0.25,0.2517656560908163,0.0434782608695652,0.0434782608695652,0,0,S1-368518605,S2-230726834,0
0.4680851063829787,0.4680851063829787,0.2258064516129032,0.2258064516129032,0.2439024390243902,0.0,0,0,0,0.0,0.1666666666666666,0.1959577958593568,0.0,0.0,0,0,S1-368518605,S2-762482264,0
0.5909090909090909,0.5909090909090909,0.2142857142857142,0.2142857142857142,0.5734265734265734,0.0,0,0,0,0.0,0.4,0.3961498367500127,0.1739130434782608,0.1739130434782608,0,0,S1-368518605,S2-594630623,0
0.5416666666666666,0.5416666666666666,0.2258064516129032,0.2258064516129032,0.2588235294117647,0.0,0,0,0,0.0,0.1428571428571428,0.160535373086476,0.0,0.0,0,0,S1-368518605,S2-598035685,0
0.2647058823529412,0.2647058823529412,0.0188679245283018,0.0188679245283018,0.1481481481481481,0.0,0,0,0,0.0,0.1,0.0329339539209736,0.0,0.0,0,0,S1-354493389,S2-513728796,0
0.358974358974359,0.358974358974359,0.0344827586206896,0.0344827586206896,0.217391304347826,0.0,0,0,0,0.0,0.1666666666666666,0.0466175163499901,0.0,0.0,0,0,S1-354493389,S2-745161764,0
0.4528301886792453,0.4528301886792453,0.0238095238095238,0.0238095238095238,0.3018867924528302,0.0,0,0,0,0.0,0.1428571428571428,0.0452181759521805,0.0,0.0,0,0,S1-354493389,S2-186754161,0
0.3478260869565217,0.3478260869565217,0.0285714285714285,0.0285714285714285,0.196078431372549,0.0,0,0,0,0.0,0.1428571428571428,0.045047752540212,0.0,0.0,0,0,S1-354493389,S2-56644207,0
0.4615384615384615,0.4615384615384615,0.0512820512820512,0.0512820512820512,0.2,0.0,0,0,0,0.0,0.125,0.0373936517629145,0.0,0.0,0,0,S1-354493389,S2-852925163,0
0.5263157894736842,0.5263157894736842,0.2368421052631578,0.2368421052631578,0.0975609756097561,0.0,0,0,0,0.0,0.1428571428571428,0.0545182389435049,0.0,0.0,0,0,S1-179671263,S2-458840169,0
0.3809523809523809,0.3809523809523809,0.1724137931034483,0.1724137931034483,0.1676646706586826,0.0,0,0,0,0.0,0.2,0.1716685325591882,0.0,0.0,0,0,S1-179671263,S2-336225475,0
0.4642857142857143,0.4642857142857143,0.1463414634146341,0.1463414634146341,0.147239263803681,0.0,0,0,0,0.0,0.1666666666666666,0.0659479950131581,0.0,0.0,0,0,S1-179671263,S2-810869356,0
0.6060606060606061,0.6060606060606061,0.2727272727272727,0.2727272727272727,0.2564102564102564,0.25,1,1,1,0.0,0.3333333333333333,0.1128300675394133,0.0434782608695652,0.0434782608695652,0,0,S1-179671263,S2-484452861,0
0.6060606060606061,0.6060606060606061,0.2727272727272727,0.2727272727272727,0.2083333333333333,0.0,0,0,0,0.0,0.3333333333333333,0.1108122031082104,0.0,0.0,0,0,S1-179671263,S2-582843375,0
0.6779661016949152,0.6779661016949152,0.3243243243243243,0.3243243243243243,0.2702702702702703,0.0,0,0,0,0.0,0.3333333333333333,0.1098390202968377,0.0,0.0,0,0,S1-318669740,S2-285007589,0
0.5964912280701754,0.5964912280701754,0.3428571428571428,0.3428571428571428,0.2840236686390532,0.1111111111111111,1,1,1,0.0,0.3333333333333333,0.1062438817659899,0.0357142857142857,0.0357142857142857,0,0,S1-318669740,S2-391971256,0
0.6285714285714286,0.6285714285714286,0.325,0.325,0.3093922651933701,0.0,0,0,0,0.0,0.2857142857142857,0.098730581952185,0.0,0.0,0,0,S1-318669740,S2-727665,0
0.5970149253731343,0.5970149253731343,0.2790697674418604,0.2790697674418604,0.3247863247863248,0.1666666666666666,1,1,1,0.0,0.2857142857142857,0.1138440978957057,0.0,0.0,0,0,S1-318669740,S2-8045335,0
0.4827586206896552,0.4827586206896552,0.1162790697674418,0.1162790697674418,0.2038216560509554,0.4,2,1,1,0.0,0.1428571428571428,0.0544135824365835,0.04,0.0399999999999999,0,0,S1-318669740,S2-524822207,0
0.4705882352941176,0.4705882352941176,0.0869565217391304,0.0869565217391304,0.3333333333333333,0.0,0,0,0,0.0,0.1666666666666666,0.0508248811789254,0.0,0.0,0,0,S1-185666867,S2-564588543,0
0.3043478260869565,0.3043478260869565,0.0285714285714285,0.0285714285714285,0.2539682539682539,0.0,0,0,0,0.0,0.1428571428571428,0.0521856661972436,0.0,0.0,0,0,S1-185666867,S2-260941896,0
0.45,0.45,0.1538461538461538,0.1538461538461538,0.2456140350877192,0.0,0,0,0,0.0,0.3333333333333333,0.1893578922489961,0.0,0.0,0,0,S1-185666867,S2-239699335,0
0.5,0.5,0.1176470588235294,0.1176470588235294,0.2903225806451613,0.0,0,0,0,0.0,0.1428571428571428,0.0507270302772931,0.0,0.0,1,0,S1-185666867,S2-199640929,0
0.1395348837209302,0.1395348837209302,0.03125,0.03125,0.2058823529411764,0.0,0,0,0,0.0,0.1428571428571428,0.048741934482805,0.0909090909090909,0.0909090909090909,1,0,S1-185666867,S2-306822311,0
0.4615384615384615,0.4615384615384615,0.1851851851851851,0.1851851851851851,0.2635658914728682,0.0,0,0,0,0.0,0.25,0.2497959658830676,0.0,0.0,0,0,S1-536626080,S2-420965122,0
0.6896551724137931,0.6896551724137931,0.2777777777777778,0.2777777777777778,0.3119266055045872,0.0,0,0,0,0.0,0.3333333333333333,0.2147132424138269,0.0,0.0,1,0,S1-536626080,S2-280873399,0
0.2857142857142857,0.2857142857142857,0.1428571428571428,0.1428571428571428,0.1709401709401709,0.0,0,0,0,0.0,0.1666666666666666,0.1537023475009545,0.0,0.0,0,0,S1-536626080,S2-795514719,0
0.2641509433962264,0.2641509433962264,0.1282051282051282,0.1282051282051282,0.3193277310924369,0.0,0,0,0,0.0,0.1666666666666666,0.1587702363707905,0.0,0.0,0,0,S1-536626080,S2-992697930,0
0.6666666666666666,0.4888888888888889,0.2777777777777778,0.1935483870967742,0.2962962962962963,0.0,0,0,0,0.0,0.25,0.3888206271690348,0.0,0.0,1,0,S1-536626080,S2-674056605,0
0.5,0.5,0.2272727272727272,0.2272727272727272,0.1830065359477124,0.0,0,0,0,0.0,0.2,0.0753564810940016,0.0,0.0,0,0,S1-997002640,S2-397756870,0
0.5306122448979592,0.5306122448979592,0.1428571428571428,0.1428571428571428,0.2684563758389262,0.0,0,0,0,0.0,0.1666666666666666,0.0544470775926228,0.0,0.0,0,0,S1-997002640,S2-769755547,0
0.4230769230769231,0.4230769230769231,0.1351351351351351,0.1351351351351351,0.3584905660377358,0.0,0,0,0,0.0,0.1428571428571428,0.0545856840757144,0.1538461538461538,0.1538461538461538,1,0,S1-997002640,S2-838002861,0
0.5660377358490566,0.5660377358490566,0.131578947368421,0.131578947368421,0.0,0.0,0,0,0,0.0,0.1428571428571428,0.06655748355904,0.0,0.0,0,1,S1-997002640,S2-143861551,0
0.490566037735849,0.490566037735849,0.1621621621621621,0.1621621621621621,0.1639344262295081,0.0,0,0,0,0.0,0.1428571428571428,0.0513188232539421,0.0,0.0,0,0,S1-997002640,S2-212679934,0
0.4,0.4,0.1538461538461538,0.1538461538461538,0.1724137931034483,0.0,0,0,0,0.0,0.1428571428571428,0.1568933929826063,0.0,0.0,0,0,S1-518046279,S2-232019758,0
0.5357142857142857,0.5357142857142857,0.2105263157894736,0.2105263157894736,0.2553191489361702,0.0,0,0,0,0.0,0.1666666666666666,0.1399806663086523,0.0,0.0,0,0,S1-518046279,S2-314703805,0
0.5454545454545454,0.5454545454545454,0.2,0.2,0.1578947368421052,0.0,0,0,0,0.0,0.2,0.1654799193794472,0.0,0.0,1,0,S1-518046279,S2-141481557,0
0.3934426229508196,0.3934426229508196,0.0851063829787234,0.0851063829787234,0.238095238095238,0.0,0,0,0,0.0,0.1428571428571428,0.1140479006226108,0.0,0.0,0,0,S1-518046279,S2-944555126,0
0.7058823529411765,0.7058823529411765,0.4,0.4,0.0,0.0,0,0,0,0.0,0.4,0.4153328299226924,0.0,0.0,0,1,S1-518046279,S2-593912063,0
0.5161290322580645,0.5161290322580645,0.2,0.2,0.1846153846153846,0.0,0,0,0,0.0,0.25,0.2524683981117158,0.0,0.0,0,0,S1-600967953,S2-484803668,0
0.7407407407407407,0.7407407407407407,0.4,0.4,0.2285714285714285,0.0,0,0,0,0.0,0.3333333333333333,0.2894662471434093,0.0,0.0,0,0,S1-600967953,S2-401458818,0
0.6153846153846154,0.6153846153846154,0.25,0.25,0.3050847457627119,0.0,0,0,0,0.0,0.3333333333333333,0.2891648868098382,0.1111111111111111,0.1111111111111111,0,0,S1-600967953,S2-295522688,0
0.5,0.5,0.1904761904761904,0.1904761904761904,0.2333333333333333,0.0,0,0,0,0.0,0.25,0.2361398738474871,0.0,0.0,1,0,S1-600967953,S2-436197870,0
0.4444444444444444,0.4444444444444444,0.1142857142857142,0.1142857142857142,0.3013698630136986,0.0,0,0,0,0.0,0.1666666666666666,0.1562086405509546,0.0,0.0,0,0,S1-600967953,S2-61057862,0
0.4482758620689655,0.4482758620689655,0.1136363636363636,0.1136363636363636,0.297029702970297,0.0,0,0,0,0.0,0.1666666666666666,0.1232433407628864,0.0,0.0,0,0,S1-304454391,S2-961330527,0
0.5098039215686274,0.5098039215686274,0.1351351351351351,0.1351351351351351,0.2727272727272727,0.0,0,0,0,0.0,0.1666666666666666,0.1237181919186141,0.0625,0.0624999999999999,1,0,S1-304454391,S2-634451062,0
0.8571428571428571,0.8571428571428571,0.64,0.64,0.2900763358778626,0.0,0,0,0,0.0,0.5,0.3528125949396706,0.0434782608695652,0.0434782608695652,1,0,S1-304454391,S2-764820452,0
0.5333333333333333,0.5333333333333333,0.15625,0.15625,0.3529411764705882,0.0,0,0,0,0.0,0.2,0.1673021696568383,0.0,0.0,0,0,S1-304454391,S2-69418242,0
0.6885245901639344,0.6885245901639344,0.4571428571428571,0.4571428571428571,0.1517241379310344,0.0,0,0,0,0.0,0.3333333333333333,0.2997395100975154,0.0,0.0,0,0,S1-304454391,S2-241020895,0
0.4848484848484848,0.4848484848484848,0.238095238095238,0.238095238095238,0.2745098039215686,0.0,0,0,0,0.0,0.25,0.296315658046174,0.0,0.0,0,0,S1-472193814,S2-336916557,0
0.6153846153846154,0.6153846153846154,0.25,0.25,0.3396226415094339,0.0,0,0,0,0.0,0.3333333333333333,0.2770430413443387,0.0,0.0,1,0,S1-472193814,S2-292962180,0
0.6428571428571429,0.6428571428571429,0.2352941176470588,0.2352941176470588,0.4230769230769231,0.0,0,0,0,0.0,0.25,0.3105648781480572,0.0,0.0,0,0,S1-472193814,S2-953538913,0
0.5185185185185185,0.5185185185185185,0.2352941176470588,0.2352941176470588,0.36,0.0,0,0,0,0.0,0.3333333333333333,0.2770430413443387,0.0,0.0,1,0,S1-472193814,S2-693259192,0
0.6153846153846154,0.6153846153846154,0.1875,0.1875,0.2272727272727272,0.0,0,0,0,0.0,0.25,0.26934564805817,0.0,0.0,0,0,S1-472193814,S2-672526329,0
0.4444444444444444,0.4444444444444444,0.1521739130434782,0.1521739130434782,0.1587301587301587,0.0,0,0,0,0.0,0.1666666666666666,0.132174325697043,0.0,0.0,0,0,S1-391082598,S2-758439618,0
0.5411764705882353,0.5411764705882353,0.123076923076923,0.123076923076923,0.2413793103448276,0.0,0,0,0,0.0,0.125,0.1210517072046175,0.0,0.0,0,0,S1-391082598,S2-793269471,0
0.5,0.5,0.1764705882352941,0.1764705882352941,0.3728813559322034,0.0,0,0,0,0.0,0.125,0.1190777902706453,0.0,0.0,0,0,S1-391082598,S2-619789382,0
0.4210526315789473,0.4210526315789473,0.2,0.2,0.1690140845070422,0.0,0,0,0,0.0,0.2,0.1489324299913179,0.0,0.0,0,0,S1-391082598,S2-735364622,0
0.3896103896103896,0.3896103896103896,0.2037037037037037,0.2037037037037037,0.25,0.0,0,0,0,0.0,0.125,0.122114293971945,0.0,0.0,0,0,S1-391082598,S2-19117006,0
0.4888888888888889,0.4888888888888889,0.0294117647058823,0.0294117647058823,0.3058823529411765,0.0,0,0,0,0.0,0.1428571428571428,0.0627799252269411,0.0,0.0,0,0,S1-402255242,S2-250324108,0
0.5555555555555556,0.5555555555555556,0.0232558139534883,0.0232558139534883,0.2451612903225806,0.0,0,0,0,0.0,0.1428571428571428,0.0655006683424136,0.0,0.0,0,0,S1-402255242,S2-725034324,0
0.4615384615384615,0.4615384615384615,0.025,0.025,0.2452830188679245,0.0,0,0,0,0.0,0.125,0.0683312119754033,0.0,0.0,0,0,S1-402255242,S2-532040823,0
0.3333333333333333,0.3333333333333333,0.032258064516129,0.032258064516129,0.173076923076923,0.0,0,0,0,0.0,0.1428571428571428,0.0673413162856612,0.0,0.0,0,0,S1-402255242,S2-656536767,0
0.3404255319148936,0.3404255319148936,0.0277777777777777,0.0277777777777777,0.1978021978021978,0.0,0,0,0,0.0,0.1428571428571428,0.057855134347717,0.0,0.0,0,0,S1-402255242,S2-863893538,0
0.4313725490196078,0.4313725490196078,0.025,0.025,0.2909090909090909,0.0,0,0,0,0.0,0.1428571428571428,0.0570308418328777,0.0,0.0,0,0,S1-911576027,S2-676773050,0
0.3492063492063492,0.3492063492063492,0.0851063829787234,0.0851063829787234,0.2539682539682539,0.0,0,0,0,0.0,0.1428571428571428,0.0739077472817509,0.0,0.0,0,0,S1-911576027,S2-313609462,0
0.4528301886792453,0.4528301886792453,0.024390243902439,0.024390243902439,0.0,0.0,0,0,0,0.0,0.125,0.0518826578523356,0.0,0.0,0,1,S1-911576027,S2-372192671,0
0.5306122448979592,0.5306122448979592,0.1764705882352941,0.1764705882352941,0.2622950819672131,0.0,0,0,0,0.0,0.1666666666666666,0.2590465900403502,0.0,0.0,0,0,S1-911576027,S2-338198029,0
0.3461538461538461,0.3461538461538461,0.05,0.05,0.4057971014492754,0.0,0,0,0,0.0,0.1428571428571428,0.0522686701264631,0.0769230769230769,0.0769230769230769,0,0,S1-911576027,S2-208911438,0
0.4285714285714285,0.4285714285714285,0.1111111111111111,0.1111111111111111,0.2641509433962264,0.0,0,0,0,0.0,0.2,0.2341434793494299,0.0,0.0,1,0,S1-189749525,S2-420572254,0
0.4545454545454545,0.4545454545454545,0.1538461538461538,0.1538461538461538,0.3214285714285714,0.0,0,0,0,0.0,0.25,0.3319566782000979,0.0,0.0,0,0,S1-189749525,S2-108762336,0
0.3636363636363636,0.3636363636363636,0.0869565217391304,0.0869565217391304,0.2222222222222222,0.0,0,0,0,0.0,0.2,0.2532617273271283,0.0,0.0,0,0,S1-189749525,S2-367564522,0
0.5,0.5,0.1818181818181818,0.1818181818181818,0.2580645161290322,0.0,0,0,0,0.0,0.25,0.2874329304719115,0.0,0.0,0,0,S1-189749525,S2-413704262,0
0.4242424242424242,0.4242424242424242,0.0869565217391304,0.0869565217391304,0.0677966101694915,0.0,0,0,0,0.0,0.2,0.2868012295122348,0.0909090909090909,0.0909090909090909,0,0,S1-189749525,S2-754979062,0
0.6206896551724138,0.6206896551724138,0.3333333333333333,0.3333333333333333,0.1793103448275862,0.0,0,0,0,0.0,0.3333333333333333,0.1442615793129726,0.0,0.0,0,0,S1-46745889,S2-786117872,0
0.4406779661016949,0.4406779661016949,0.1136363636363636,0.1136363636363636,0.203125,0.0,0,0,0,0.0,0.1428571428571428,0.0539286331151233,0.0,0.0,0,0,S1-46745889,S2-949676903,0
0.46875,0.46875,0.1333333333333333,0.1333333333333333,0.2325581395348837,0.0,0,0,0,0.0,0.125,0.0484298449421004,0.0,0.0,0,0,S1-46745889,S2-935425652,0
0.6206896551724138,0.6206896551724138,0.1463414634146341,0.1463414634146341,0.1839080459770115,0.0,0,0,0,0.0,0.1428571428571428,0.0474171525370961,0.0,0.0,0,0,S1-46745889,S2-184662920,0
0.2909090909090909,0.2909090909090909,0.1,0.1,0.2,0.0,0,0,0,0.0,0.1428571428571428,0.1649954640811904,0.0,0.0,0,0,S1-46745889,S2-549002317,0
0.3396226415094339,0.3396226415094339,0.024390243902439,0.024390243902439,0.1935483870967742,0.0,0,0,0,0.0,0.125,0.0351452477935768,0.0,0.0,0,0,S1-153776673,S2-538399744,0
0.3773584905660377,0.3773584905660377,0.048780487804878,0.048780487804878,0.2142857142857142,0.0,0,0,0,0.0,0.1428571428571428,0.0488418550577993,0.0,0.0,0,0,S1-153776673,S2-543691884,0
0.391304347826087,0.391304347826087,0.0285714285714285,0.0285714285714285,0.15625,0.0,0,0,0,0.0,0.1428571428571428,0.0456536787099706,0.0,0.0,0,0,S1-153776673,S2-19807548,0
0.3448275862068966,0.3448275862068966,0.0212765957446808,0.0212765957446808,0.1904761904761904,0.0,0,0,0,0.0,0.1428571428571428,0.0433367886264865,0.0,0.0,0,0,S1-153776673,S2-796745924,0
0.45,0.45,0.0333333333333333,0.0333333333333333,0.3333333333333333,0.0,0,0,0,0.0,0.1666666666666666,0.0455961306158565,0.0,0.0,0,0,S1-153776673,S2-47852107,0
0.3103448275862069,0.3103448275862069,0.0681818181818181,0.0681818181818181,0.360655737704918,0.0,0,0,0,0.0,0.125,0.0608254611022163,0.0,0.0,0,0,S1-615253915,S2-177728047,0
0.2857142857142857,0.2857142857142857,0.108695652173913,0.108695652173913,0.21875,0.0,0,0,0,0.0,0.1111111111111111,0.0595985963063631,0.0,0.0,0,0,S1-615253915,S2-212187595,0
0.303030303030303,0.303030303030303,0.0392156862745098,0.0392156862745098,0.3,0.0,0,0,0,0.0,0.1,0.0597863229347519,0.0,0.0,0,0,S1-615253915,S2-269449784,0
0.2745098039215686,0.2745098039215686,0.0526315789473684,0.0526315789473684,0.3174603174603174,0.0,0,0,0,0.0,0.125,0.0470300287544975,0.0,0.0,0,0,S1-615253915,S2-662277306,0
0.5230769230769231,0.5230769230769231,0.1860465116279069,0.1860465116279069,0.0,0.0,0,0,0,0.0,0.2,0.1686482631439683,0.0,0.0,0,1,S1-615253915,S2-968187940,0
0.6176470588235294,0.6176470588235294,0.2666666666666666,0.2666666666666666,0.2767295597484276,0.0,0,0,0,0.0,0.2857142857142857,0.098069777906876,0.0,0.0,0,0,S1-765476717,S2-97927080,0
0.4230769230769231,0.4230769230769231,0.131578947368421,0.131578947368421,0.2320441988950276,0.0,0,0,0,0.0,0.1666666666666666,0.0617614339735974,0.0,0.0,0,0,S1-765476717,S2-320241085,0
0.6031746031746031,0.6031746031746031,0.1777777777777777,0.1777777777777777,0.389937106918239,0.5,1,1,1,0.0,0.1428571428571428,0.0396001300410911,0.0869565217391304,0.0869565217391304,0,0,S1-765476717,S2-377732067,0
0.5806451612903226,0.5806451612903226,0.3076923076923077,0.3076923076923077,0.4632768361581921,0.0,0,0,0,0.0,0.2857142857142857,0.103594910178165,0.074074074074074,0.074074074074074,0,0,S1-765476717,S2-417014299,0
0.4210526315789473,0.4210526315789473,0.1162790697674418,0.1162790697674418,0.2162162162162162,0.0,0,0,0,0.0,0.1666666666666666,0.0578920246207882,0.0,0.0,0,0,S1-765476717,S2-859385537,0
0.6785714285714286,0.6785714285714286,0.3055555555555556,0.3055555555555556,0.1875,0.0,0,0,0,0.0,0.2,0.2410641499248083,0.0,0.0,0,0,S1-403160679,S2-559062119,0
0.1276595744680851,0.1276595744680851,0.027027027027027,0.027027027027027,0.1666666666666666,0.0,0,0,0,0.0,0.1666666666666666,0.0472185884535758,0.0,0.0,0,0,S1-403160679,S2-777468836,0
0.1714285714285714,0.1714285714285714,0.037037037037037,0.037037037037037,0.2884615384615384,0.0,0,0,0,0.0,0.25,0.0949617681644653,0.0,0.0,0,0,S1-403160679,S2-629234592,0
0.32,0.32,0.0256410256410256,0.0256410256410256,0.2891566265060241,0.0,0,0,0,0.0,0.1428571428571428,0.0470587781265786,0.0,0.0,1,0,S1-403160679,S2-274960898,0
0.4,0.4,0.0714285714285714,0.0714285714285714,0.5393258426966292,0.0,0,0,0,0.0,0.1428571428571428,0.043154498248944,0.3076923076923077,0.3076923076923077,0,0,S1-403160679,S2-66640013,0
0.4615384615384615,0.4615384615384615,0.0789473684210526,0.0789473684210526,0.2608695652173913,0.0,0,0,0,0.0,0.1428571428571428,0.0681585253991591,0.0,0.0,0,0,S1-806599763,S2-214450731,0
0.3783783783783784,0.3783783783783784,0.0769230769230769,0.0769230769230769,0.2253521126760563,0.0,0,0,0,0.0,0.1666666666666666,0.0848093701712858,0.0,0.0,0,0,S1-806599763,S2-693838110,0
0.2413793103448276,0.2413793103448276,0.0222222222222222,0.0222222222222222,0.3364485981308411,0.0,0,0,0,0.0,0.1111111111111111,0.0440907994113525,0.0,0.0,0,0,S1-806599763,S2-934988109,0
0.3529411764705882,0.3529411764705882,0.025,0.025,0.3146067415730337,0.0,0,0,0,0.0,0.1428571428571428,0.0663908502317085,0.0,0.0,0,0,S1-806599763,S2-484696498,0
0.4210526315789473,0.4210526315789473,0.1666666666666666,0.1666666666666666,0.2823529411764706,0.0,0,0,0,0.0,0.3333333333333333,0.1638897114360345,0.0,0.0,0,0,S1-806599763,S2-13684854,0
0.5769230769230769,0.5769230769230769,0.1578947368421052,0.1578947368421052,0.0892857142857142,0.0,0,0,0,0.0,0.2,0.1083570317184396,0.0,0.0,0,0,S1-543016920,S2-540931339,0
0.3692307692307692,0.3692307692307692,0.125,0.125,0.0869565217391304,0.0,0,0,0,0.0,0.1428571428571428,0.0701750520762652,0.0,0.0,0,0,S1-543016920,S2-899386768,0
0.4761904761904761,0.4761904761904761,0.2142857142857142,0.2142857142857142,0.1111111111111111,0.0,0,0,0,0.0,0.2,0.0822720763173909,0.0416666666666666,0.0416666666666666,0,0,S1-543016920,S2-970404152,0
0.5151515151515151,0.5151515151515151,0.12,0.12,0.1834862385321101,0.0,0,0,0,0.0,0.1428571428571428,0.0793302740012602,0.0,0.0,1,0,S1-543016920,S2-117396409,0
0.5882352941176471,0.5882352941176471,0.1944444444444444,0.1944444444444444,0.1680672268907563,0.0,0,0,0,0.0,0.2,0.0950360595792079,0.0,0.0,0,0,S1-543016920,S2-163939369,0
0.40625,0.40625,0.0408163265306122,0.0408163265306122,0.2831858407079646,0.0,0,0,0,0.0,0.1,0.0734179900061224,0.0,0.0,0,0,S1-288199371,S2-129778618,0
0.36,0.36,0.054054054054054,0.054054054054054,0.2900763358778626,0.0,0,0,0,0.0,0.125,0.0822755609650117,0.0454545454545454,0.0454545454545454,0,0,S1-288199371,S2-756528239,0
0.2950819672131147,0.2950819672131147,0.0425531914893617,0.0425531914893617,0.2666666666666666,0.0,0,0,0,0.0,0.1111111111111111,0.0781887763077014,0.0,0.0,0,0,S1-288199371,S2-784114990,0
0.36,0.36,0.0857142857142857,0.0857142857142857,0.2833333333333333,0.0,0,0,0,0.0,0.125,0.08512838676073,0.0,0.0,0,0,S1-288199371,S2-54970807,0
0.3278688524590163,0.3278688524590163,0.0434782608695652,0.0434782608695652,0.2424242424242424,0.0,0,0,0,0.0,0.1,0.0766933149847758,0.0,0.0,0,0,S1-288199371,S2-922858978,0
0.8620689655172413,0.8620689655172413,0.6551724137931034,0.6551724137931034,0.1869158878504672,0.0,0,0,0,0.0,0.6,0.4677029386000882,0.0,0.0,1,0,S1-238826231,S2-713715659,0
0.4722222222222222,0.4722222222222222,0.1509433962264151,0.1509433962264151,0.3963963963963964,0.0,0,0,0,0.0,0.125,0.117822180282592,0.0454545454545454,0.0454545454545454,0,0,S1-238826231,S2-168412878,0
0.7164179104477612,0.7164179104477612,0.5277777777777778,0.5277777777777778,0.2335766423357664,0.0,0,0,0,0.0,0.4285714285714285,0.3503721145070989,0.0,0.0,0,0,S1-238826231,S2-490248887,0
0.5230769230769231,0.5230769230769231,0.1489361702127659,0.1489361702127659,0.109090909090909,0.0,0,0,0,0.0,0.125,0.1248981709090905,0.0,0.0,0,0,S1-238826231,S2-87427393,0
0.2409638554216867,0.2409638554216867,0.1269841269841269,0.1269841269841269,0.2524271844660194,0.0,0,0,0,0.0,0.1111111111111111,0.0999648396233036,0.0,0.0,0,0,S1-238826231,S2-172184748,0
0.3571428571428571,0.3571428571428571,0.0454545454545454,0.0454545454545454,0.2816901408450704,0.0,0,0,0,0.0,0.1428571428571428,0.042688159038341,0.0,0.0,0,0,S1-565897811,S2-163465021,0
0.4285714285714285,0.4285714285714285,0.064516129032258,0.064516129032258,0.208955223880597,0.0,0,0,0,0.0,0.1666666666666666,0.0435844269687237,0.0,0.0,0,0,S1-565897811,S2-176474379,0
0.2745098039215686,0.2745098039215686,0.0512820512820512,0.0512820512820512,0.4324324324324324,0.0,0,0,0,0.0,0.1428571428571428,0.0400421643794032,0.0909090909090909,0.0909090909090909,0,0,S1-565897811,S2-713133323,0
0.5625,0.5625,0.0476190476190476,0.0476190476190476,0.2950819672131147,0.0,0,0,0,0.0,0.2,0.0581929819107179,0.0,0.0,0,0,S1-565897811,S2-338612848,0
0.3555555555555555,0.3555555555555555,0.0294117647058823,0.0294117647058823,0.3235294117647059,0.0,0,0,0,0.0,0.1428571428571428,0.0441456571400085,0.0,0.0,0,0,S1-565897811,S2-870480252,0
0.3043478260869565,0.3043478260869565,0.0285714285714285,0.0285714285714285,0.2619047619047619,0.0,0,0,0,0.0,0.1428571428571428,0.0639071994389145,0.0,0.0,0,0,S1-963135499,S2-771902332,0
0.5357142857142857,0.5357142857142857,0.0975609756097561,0.0975609756097561,0.128,0.0,0,0,0,0.0,0.2857142857142857,0.1428134680466954,0.0,0.0,0,0,S1-963135499,S2-778624053,0
0.3692307692307692,0.3692307692307692,0.0833333333333333,0.0833333333333333,0.208,0.0,0,0,0,0.0,0.2222222222222222,0.1307814703039773,0.0,0.0,0,0,S1-963135499,S2-29918577,0
0.6774193548387096,0.6865671641791045,0.3,0.2727272727272727,0.2727272727272727,0.0,0,0,0,0.0,0.1428571428571428,0.1849027017907332,0.0,0.0,1,0,S1-963135499,S2-854793198,0
0.3125,0.3125,0.0196078431372549,0.0196078431372549,0.2295081967213114,0.0,0,0,0,0.0,0.1111111111111111,0.0597721826433414,0.0,0.0,0,0,S1-963135499,S2-535670964,0
0.5714285714285714,0.5714285714285714,0.1041666666666666,0.1041666666666666,0.29,0.0,0,0,0,0.0,0.1428571428571428,0.0644572736755433,0.0714285714285714,0.0714285714285714,0,0,S1-824743221,S2-201666450,0
0.5625,0.5625,0.2857142857142857,0.2857142857142857,0.3043478260869565,0.0,0,0,0,0.0,0.3333333333333333,0.1369783814668395,0.0357142857142857,0.0357142857142857,0,0,S1-824743221,S2-265557209,0
0.4333333333333333,0.4333333333333333,0.108695652173913,0.108695652173913,0.2777777777777778,0.0,0,0,0,0.0,0.1666666666666666,0.0602601945767141,0.0,0.0,0,0,S1-824743221,S2-721330697,0
0.5205479452054794,0.5205479452054794,0.2653061224489796,0.2653061224489796,0.2234042553191489,0.0,0,0,0,0.0,0.2857142857142857,0.1135344021770618,0.0,0.0,0,0,S1-824743221,S2-935924615,0
0.375,0.375,0.1020408163265306,0.1020408163265306,0.1720430107526881,0.0,0,0,0,0.0,0.1428571428571428,0.0488228447456381,0.0,0.0,0,0,S1-824743221,S2-668469546,0
0.6666666666666666,0.6666666666666666,0.3333333333333333,0.3333333333333333,0.2337662337662337,0.0,0,0,0,0.0,0.3333333333333333,0.3529700562314377,0.0,0.0,0,0,S1-928763911,S2-694230780,0
0.6666666666666666,0.6666666666666666,0.3333333333333333,0.3333333333333333,0.0,0.0,0,0,0,0.0,0.3333333333333333,0.4079772399015914,0.0,0.0,0,1,S1-928763911,S2-896810430,0
0.6666666666666666,0.6666666666666666,0.375,0.375,0.4722222222222222,0.0,0,0,0,0.0,0.25,0.295922390353897,0.0833333333333333,0.0833333333333333,0,0,S1-928763911,S2-408160661,0
0.4516129032258064,0.4516129032258064,0.15,0.15,0.1159420289855072,0.0,0,0,0,0.0,0.2,0.2951977675880616,0.0,0.0,0,0,S1-928763911,S2-843767755,0
0.5833333333333334,0.5833333333333334,0.3076923076923077,0.3076923076923077,0.2424242424242424,0.0,0,0,0,0.0,0.25,0.3293010134933456,0.0,0.0,0,0,S1-928763911,S2-341786209,0
0.7272727272727273,0.7272727272727273,0.5,0.5,0.1257861635220125,0.0,0,0,0,0.0,0.3333333333333333,0.2158437219522235,0.0,0.0,1,0,S1-848559614,S2-885139037,0
0.5652173913043478,0.5652173913043478,0.3214285714285714,0.3214285714285714,0.2404371584699453,0.0,0,0,0,0.0,0.1666666666666666,0.1198683751025756,0.0344827586206896,0.0344827586206896,0,0,S1-848559614,S2-408560711,0
0.5416666666666666,0.5416666666666666,0.2903225806451613,0.2903225806451613,0.3151515151515151,0.0,0,0,0,0.0,0.2,0.1152557966310982,0.04,0.0399999999999999,0,0,S1-848559614,S2-979688244,0
0.6086956521739131,0.6086956521739131,0.3214285714285714,0.3214285714285714,0.2706766917293233,0.0,0,0,0,0.0,0.2,0.1798050133522212,0.1052631578947368,0.1052631578947368,1,0,S1-848559614,S2-427767176,0
0.5217391304347826,0.5217391304347826,0.3103448275862069,0.3103448275862069,0.1351351351351351,0.0,0,0,0,0.0,0.2,0.1209427584243477,0.0,0.0,0,0,S1-848559614,S2-719544944,0
0.3,0.3,0.0344827586206896,0.0344827586206896,0.1839080459770115,0.0,0,0,0,0.0,0.1428571428571428,0.0742722578765548,0.0,0.0,0,0,S1-528290170,S2-888203615,0
0.5,0.5,0.1290322580645161,0.1290322580645161,0.1917808219178082,0.0,0,0,0,0.0,0.1666666666666666,0.0758472656068973,0.0,0.0,0,0,S1-528290170,S2-727779415,0
0.2702702702702703,0.2702702702702703,0.037037037037037,0.037037037037037,0.2937062937062937,0.0,0,0,0,0.0,0.1666666666666666,0.0919702643409946,0.0,0.0,0,0,S1-528290170,S2-700745735,0
0.4761904761904761,0.4761904761904761,0.1428571428571428,0.1428571428571428,0.2481751824817518,0.0,0,0,0,0.0,0.3333333333333333,0.1507360733352238,0.0454545454545454,0.0454545454545454,0,0,S1-528290170,S2-148715684,0
0.2926829268292683,0.2926829268292683,0.0333333333333333,0.0333333333333333,0.2112676056338028,0.0,0,0,0,0.0,0.1428571428571428,0.0641978750762579,0.0,0.0,0,0,S1-528290170,S2-792801275,0
0.4651162790697674,0.4651162790697674,0.2142857142857142,0.2142857142857142,0.2264150943396226,0.0,0,0,0,0.0,0.1666666666666666,0.1575205530459566,0.0,0.0,0,0,S1-773891227,S2-566002214,0
0.45,0.45,0.24,0.24,0.3636363636363636,0.0,0,0,0,0.0,0.1666666666666666,0.1597390078384477,0.0,0.0,0,0,S1-773891227,S2-927550167,0
0.4285714285714285,0.4285714285714285,0.2142857142857142,0.2142857142857142,0.3902439024390244,0.0,0,0,0,0.0,0.2,0.2177635362717426,0.0,0.0,0,0,S1-773891227,S2-950430083,0
0.6060606060606061,0.6060606060606061,0.3,0.3,0.2247191011235955,0.0,0,0,0,0.0,0.25,0.1798929367600673,0.0,0.0,0,0,S1-773891227,S2-1803179,0
0.5714285714285714,0.5714285714285714,0.2857142857142857,0.2857142857142857,0.2809917355371901,0.0,0,0,0,0.0,0.2,0.2068423359670909,0.0,0.0,1,0,S1-773891227,S2-190052859,0
0.52,0.52,0.3333333333333333,0.3333333333333333,0.272,0.0,0,0,0,0.0,0.3333333333333333,0.1120346985294435,0.0,0.0,0,0,S1-691834951,S2-539737486,0
0.6382978723404256,0.6382978723404256,0.1515151515151515,0.1515151515151515,0.2515723270440251,0.0,0,0,0,0.0,0.1666666666666666,0.0682286636324794,0.0,0.0,0,0,S1-691834951,S2-408007392,0
0.4761904761904761,0.4761904761904761,0.1304347826086956,0.1304347826086956,0.3741007194244604,0.0,0,0,0,0.0,0.125,0.0447068632067903,0.0,0.0,0,0,S1-691834951,S2-341336638,0
0.6538461538461539,0.6538461538461539,0.4,0.4,0.0,0.0,0,0,0,0.0,0.3333333333333333,0.1120346985294435,0.0,0.0,0,1,S1-691834951,S2-381031266,0
0.3846153846153846,0.3846153846153846,0.131578947368421,0.131578947368421,0.0,0.0,0,0,0,0.0,0.1666666666666666,0.0716310945411849,0.0,0.0,0,1,S1-691834951,S2-784084666,0
0.4444444444444444,0.4444444444444444,0.0238095238095238,0.0238095238095238,0.3157894736842105,0.0,0,0,0,0.0,0.125,0.0448151857685498,0.0,0.0,0,0,S1-522755614,S2-561047397,0
0.3783783783783784,0.3783783783783784,0.3191489361702128,0.3191489361702128,0.3414634146341463,0.0,0,0,0,0.0,0.125,0.1028585023308635,0.0,0.0,0,0,S1-522755614,S2-372876591,0
0.3939393939393939,0.3939393939393939,0.0576923076923076,0.0576923076923076,0.4230769230769231,0.0,0,0,0,0.0,0.1428571428571428,0.0639097747880413,0.0,0.0,0,0,S1-522755614,S2-621958491,0
0.4680851063829787,0.4680851063829787,0.0277777777777777,0.0277777777777777,0.2456140350877192,0.0,0,0,0,0.0,0.1666666666666666,0.0570622097123061,0.0,0.0,0,0,S1-522755614,S2-773004618,0
0.360655737704918,0.360655737704918,0.0408163265306122,0.0408163265306122,0.2622950819672131,0.0,0,0,0,0.0,0.1428571428571428,0.0557418179213593,0.0,0.0,1,0,S1-522755614,S2-946087290,0
0.4561403508771929,0.4561403508771929,0.1162790697674418,0.1162790697674418,0.3389830508474576,0.0,0,0,0,0.0,0.2,0.1388594721816364,0.0,0.0,0,0,S1-724933243,S2-634654373,0
0.5217391304347826,0.5217391304347826,0.1212121212121212,0.1212121212121212,0.4262295081967213,0.0,0,0,0,0.0,0.1666666666666666,0.1187377340510057,0.1,0.1,0,0,S1-724933243,S2-547444939,0
0.4166666666666667,0.4166666666666667,0.1142857142857142,0.1142857142857142,0.2352941176470588,0.0,0,0,0,0.0,0.1666666666666666,0.1006191519769924,0.0,0.0,0,0,S1-724933243,S2-360579060,0
0.4444444444444444,0.4444444444444444,0.1,0.1,0.3508771929824561,0.0,0,0,0,0.0,0.1428571428571428,0.1111541895599059,0.0,0.0,0,0,S1-724933243,S2-475762872,0
0.4081632653061224,0.4081632653061224,0.1081081081081081,0.1081081081081081,0.3,0.0,0,0,0,0.0,0.2,0.1733240558215045,0.0,0.0,0,0,S1-724933243,S2-438739072,0
0.3018867924528302,0.3018867924528302,0.1081081081081081,0.1081081081081081,0.3673469387755102,0.0,0,0,0,0.0,0.125,0.0802232745739908,0.125,0.125,0,0,S1-442512011,S2-351702304,0
0.2941176470588235,0.2941176470588235,0.0576923076923076,0.0576923076923076,0.3272727272727272,0.0,0,0,0,0.0,0.125,0.0828879583100066,0.0,0.0,0,0,S1-442512011,S2-385644974,0
0.3111111111111111,0.3111111111111111,0.1666666666666666,0.1666666666666666,0.24,0.0,0,0,0,0.0,0.1666666666666666,0.1979048761746622,0.0,0.0,0,0,S1-442512011,S2-26273909,0
0.417910447761194,0.417910447761194,0.0851063829787234,0.0851063829787234,0.0705882352941176,0.0,0,0,0,0.0,0.1111111111111111,0.0811478388361748,0.0,0.0,0,0,S1-442512011,S2-414225810,0
0.5714285714285714,0.5714285714285714,0.1304347826086956,0.1304347826086956,0.1728395061728395,0.0,0,0,0,0.0,0.2,0.1069557332751186,0.0,0.0,0,0,S1-442512011,S2-254411741,0
0.5306122448979592,0.5306122448979592,0.1470588235294117,0.1470588235294117,0.265625,0.0,0,0,0,0.0,0.4,0.1896630586338987,0.0,0.0,0,0,S1-203461679,S2-319793940,0
0.4313725490196078,0.4313725490196078,0.1111111111111111,0.1111111111111111,0.2803738317757009,0.0,0,0,0,0.0,0.3333333333333333,0.1478321653289009,0.0,0.0,0,0,S1-203461679,S2-507180008,0
0.4814814814814814,0.4814814814814814,0.1351351351351351,0.1351351351351351,0.2,0.0,0,0,0,0.0,0.2857142857142857,0.1318222825553369,0.0,0.0,0,0,S1-203461679,S2-683214195,0
0.360655737704918,0.360655737704918,0.0208333333333333,0.0208333333333333,0.1935483870967742,0.0,0,0,0,0.0,0.125,0.0609977422848207,0.0,0.0,0,0,S1-203461679,S2-528408968,0
0.5925925925925926,0.5925925925925926,0.1666666666666666,0.1666666666666666,0.1359223300970873,0.0,0,0,0,0.0,0.2857142857142857,0.1472262073755034,0.0,0.0,0,0,S1-203461679,S2-151752893,0
0.4489795918367347,0.4489795918367347,0.1111111111111111,0.1111111111111111,0.1724137931034483,0.0,0,0,0,0.0,0.1666666666666666,0.0944826545640839,0.0,0.0,0,0,S1-63626249,S2-601845626,0
0.490566037735849,0.490566037735849,0.1025641025641025,0.1025641025641025,0.1391304347826087,0.0,0,0,0,0.0,0.1428571428571428,0.0801773778018884,0.0,0.0,0,0,S1-63626249,S2-724681924,0
0.3278688524590163,0.3278688524590163,0.0851063829787234,0.0851063829787234,0.1935483870967742,0.0,0,0,0,0.0,0.1428571428571428,0.0777611596247341,0.0,0.0,0,0,S1-63626249,S2-368815588,0
0.6,0.6,0.1481481481481481,0.1481481481481481,0.3548387096774194,0.0,0,0,0,0.0,0.2,0.1112657166143443,0.0,0.0,0,0,S1-63626249,S2-886482680,0
0.3673469387755102,0.3673469387755102,0.1111111111111111,0.1111111111111111,0.2258064516129032,0.0,0,0,0,0.0,0.1666666666666666,0.0960868695604444,0.0,0.0,0,0,S1-63626249,S2-854701431,0
0.3793103448275862,0.3793103448275862,0.0425531914893617,0.0425531914893617,0.2,0.0,0,0,0,0.0,0.1666666666666666,0.0500880508959359,0.0,0.0,1,0,S1-850516595,S2-165977841,0
0.3870967741935484,0.3870967741935484,0.0714285714285714,0.0714285714285714,0.2222222222222222,0.0,0,0,0,0.0,0.1666666666666666,0.0433637076112925,0.0,0.0,0,0,S1-850516595,S2-313501849,0
0.392156862745098,0.392156862745098,0.024390243902439,0.024390243902439,0.2372881355932203,0.0,0,0,0,0.0,0.1666666666666666,0.053937807469806,0.0,0.0,0,0,S1-850516595,S2-113932717,0
0.2666666666666666,0.2666666666666666,0.0285714285714285,0.0285714285714285,0.3492063492063492,0.0,0,0,0,0.0,0.1666666666666666,0.0511487781901652,0.0,0.0,1,0,S1-850516595,S2-892040407,0
0.3636363636363636,0.3636363636363636,0.04,0.04,0.4923076923076923,0.0,0,0,0,0.0,0.25,0.0688567693404749,0.25,0.25,0,0,S1-850516595,S2-124045065,0
0.391304347826087,0.391304347826087,0.15625,0.15625,0.2291666666666666,0.0,0,0,0,0.0,0.1666666666666666,0.0584040007054422,0.0,0.0,0,0,S1-260551786,S2-51037319,0
0.4827586206896552,0.4827586206896552,0.1162790697674418,0.1162790697674418,0.1632653061224489,0.0,0,0,0,0.0,0.1428571428571428,0.0631146512853273,0.0,0.0,0,0,S1-260551786,S2-859321758,0
0.5806451612903226,0.5806451612903226,0.3,0.3,0.2736842105263158,0.0,0,0,0,0.0,0.3333333333333333,0.1277747992468149,0.0,0.0,0,0,S1-260551786,S2-364095445,0
0.5818181818181818,0.5818181818181818,0.1578947368421052,0.1578947368421052,0.2452830188679245,0.0,0,0,0,0.0,0.125,0.0455067573362064,0.0,0.0,0,0,S1-260551786,S2-671066731,0
0.6415094339622641,0.6415094339622641,0.3870967741935484,0.3870967741935484,0.2641509433962264,0.0,0,0,0,0.0,0.3333333333333333,0.1083153234499278,0.0,0.0,0,0,S1-260551786,S2-266325052,0
0.5714285714285714,0.5714285714285714,0.125,0.125,0.2580645161290322,0.0,0,0,0,0.0,0.2,0.3074607713978195,0.0,0.0,0,0,S1-242826945,S2-315714596,0
0.5142857142857142,0.5142857142857142,0.1739130434782608,0.1739130434782608,0.1071428571428571,0.0,0,0,0,0.0,0.2,0.2267887138996168,0.0,0.0,0,0,S1-242826945,S2-557073045,0
0.4186046511627907,0.4186046511627907,0.1333333333333333,0.1333333333333333,0.2295081967213114,0.0,0,0,0,0.0,0.1666666666666666,0.1818643218716041,0.0,0.0,0,0,S1-242826945,S2-243701952,0
0.5161290322580645,0.5161290322580645,0.2,0.2,0.2769230769230769,0.0,0,0,0,0.0,0.25,0.2672674705391137,0.0,0.0,0,0,S1-242826945,S2-630993387,0
0.6923076923076923,0.6923076923076923,0.2666666666666666,0.2666666666666666,0.2758620689655172,0.0,0,0,0,0.0,0.25,0.2834220274121543,0.0,0.0,0,0,S1-242826945,S2-63683178,0
0.3396226415094339,0.3396226415094339,0.0238095238095238,0.0238095238095238,0.2962962962962963,0.0,0,0,0,0.0,0.1428571428571428,0.0473440582779924,0.0,0.0,0,0,S1-836224846,S2-41578847,0
0.25,0.25,0.0454545454545454,0.0454545454545454,0.1481481481481481,0.0,0,0,0,0.0,0.1428571428571428,0.0485991859710255,0.0,0.0,0,0,S1-836224846,S2-419641752,0
0.2745098039215686,0.2745098039215686,0.025,0.025,0.2,0.0,0,0,0,0.0,0.1666666666666666,0.0508102133373018,0.0,0.0,0,0,S1-836224846,S2-446340674,0
0.3636363636363636,0.3636363636363636,0.0784313725490196,0.0784313725490196,0.392156862745098,0.0,0,0,0,0.0,0.125,0.0417668937792688,0.0,0.0,0,0,S1-836224846,S2-241954400,0
0.3768115942028985,0.3768115942028985,0.0175438596491228,0.0175438596491228,0.3728813559322034,0.0,0,0,0,0.0,0.125,0.0397181942611026,0.0,0.0,0,0,S1-836224846,S2-270322597,0
0.2608695652173913,0.2608695652173913,0.074074074074074,0.074074074074074,0.2197802197802197,0.0,0,0,0,0.0,0.2,0.1764651405295096,0.0,0.0,0,0,S1-427418540,S2-631088337,0
0.358974358974359,0.358974358974359,0.1153846153846153,0.1153846153846153,0.1012658227848101,0.0,0,0,0,0.0,0.1428571428571428,0.092434678347044,0.0,0.0,0,0,S1-427418540,S2-299869061,0
0.2857142857142857,0.2857142857142857,0.064516129032258,0.064516129032258,0.0941176470588235,0.0,0,0,0,0.0,0.1666666666666666,0.1424168404672576,0.0,0.0,0,0,S1-427418540,S2-888686313,0
0.3243243243243243,0.3243243243243243,0.074074074074074,0.074074074074074,0.1204819277108433,0.0,0,0,0,0.0,0.2,0.1473081883173766,0.0,0.0,0,0,S1-427418540,S2-150965879,0
0.4117647058823529,0.4117647058823529,0.0833333333333333,0.0833333333333333,0.1927710843373494,0.0,0,0,0,0.0,0.2,0.1601742696984155,0.0,0.0,0,0,S1-427418540,S2-630651352,0
0.6511627906976745,0.6511627906976745,0.3076923076923077,0.3076923076923077,0.3548387096774194,0.0,0,0,0,0.0,0.4,0.3441662057540269,0.0,0.0,0,0,S1-962329112,S2-447987372,0
0.5769230769230769,0.5769230769230769,0.2727272727272727,0.2727272727272727,0.21875,0.0,0,0,0,0.0,0.4,0.3618060739292199,0.0,0.0,0,0,S1-962329112,S2-550185186,0
0.7857142857142857,0.7857142857142857,0.6153846153846154,0.6153846153846154,0.3692307692307692,0.0,0,0,0,0.0,0.6666666666666666,0.5843246758825361,0.0,0.0,0,0,S1-962329112,S2-35445404,0
0.65,0.65,0.3478260869565217,0.3478260869565217,0.3396226415094339,0.0,0,0,0,0.0,0.4,0.4276321559977068,0.0,0.0,0,0,S1-962329112,S2-895344296,0
0.5490196078431373,0.5490196078431373,0.2424242424242424,0.2424242424242424,0.2222222222222222,0.0,0,0,0,0.0,0.3333333333333333,0.3013332767807029,0.0,0.0,0,0,S1-962329112,S2-986957778,0
0.4166666666666667,0.4166666666666667,0.0263157894736842,0.0263157894736842,0.2127659574468085,0.0,0,0,0,0.0,0.1666666666666666,0.0786290914289856,0.0,0.0,0,0,S1-118439497,S2-255387214,0
0.2978723404255319,0.2978723404255319,0.027027027027027,0.027027027027027,0.2238805970149253,0.0,0,0,0,0.0,0.1666666666666666,0.0587813285223966,0.0,0.0,0,0,S1-118439497,S2-992869586,0
0.3265306122448979,0.3265306122448979,0.0263157894736842,0.0263157894736842,0.1929824561403508,0.0,0,0,0,0.0,0.1428571428571428,0.0519685156201597,0.0,0.0,0,0,S1-118439497,S2-121873343,0
0.4081632653061224,0.4081632653061224,0.0263157894736842,0.0263157894736842,0.25,0.0,0,0,0,0.0,0.1428571428571428,0.0559048660246669,0.0,0.0,0,0,S1-118439497,S2-612031052,0
0.5106382978723404,0.5106382978723404,0.0571428571428571,0.0571428571428571,0.2857142857142857,0.0,0,0,0,0.0,0.3333333333333333,0.1323669892017233,0.0,0.0,0,0,S1-118439497,S2-665144936,0
0.1395348837209302,0.1395348837209302,0.0303030303030303,0.0303030303030303,0.2419354838709677,0.0,0,0,0,0.0,0.1666666666666666,0.145483324989426,0.0,0.0,0,0,S1-53473556,S2-735201125,0
0.4827586206896552,0.4827586206896552,0.1463414634146341,0.1463414634146341,0.1967213114754098,0.0,0,0,0,0.0,0.125,0.1349640757907214,0.1,0.1,0,0,S1-53473556,S2-938399615,0
0.2916666666666667,0.2916666666666667,0.0277777777777777,0.0277777777777777,0.2058823529411764,0.0,0,0,0,0.0,0.125,0.1011720175605618,0.0909090909090909,0.0909090909090909,0,0,S1-53473556,S2-951172370,0
0.3174603174603174,0.3174603174603174,0.1304347826086956,0.1304347826086956,0.208955223880597,0.0,0,0,0,0.0,0.125,0.1349696555977271,0.0,0.0,0,0,S1-53473556,S2-65221182,0
0.3703703703703703,0.3703703703703703,0.0238095238095238,0.0238095238095238,0.1791044776119403,0.0,0,0,0,0.0,0.125,0.1080354400872983,0.0,0.0,0,0,S1-53473556,S2-248748392,0
0.2553191489361702,0.2553191489361702,0.0277777777777777,0.0277777777777777,0.2666666666666666,0.0,0,0,0,0.0,0.1666666666666666,0.0458509105248711,0.0,0.0,0,0,S1-539533728,S2-873237992,0
0.4761904761904761,0.4761904761904761,0.1538461538461538,0.1538461538461538,0.3636363636363636,0.0,0,0,0,0.0,0.3333333333333333,0.0977884236945186,0.0,0.0,0,0,S1-539533728,S2-435844413,0
0.3448275862068966,0.3448275862068966,0.0526315789473684,0.0526315789473684,0.4,0.0,0,0,0,0.0,0.1666666666666666,0.050414873606546,0.0909090909090909,0.0909090909090909,0,0,S1-539533728,S2-654180504,0
0.2702702702702703,0.2702702702702703,0.037037037037037,0.037037037037037,0.4225352112676056,0.0,0,0,0,0.0,0.2,0.0600275195883951,0.0,0.0,0,0,S1-539533728,S2-569850262,0
0.5384615384615384,0.5384615384615384,0.0555555555555555,0.0555555555555555,0.1666666666666666,0.0,0,0,0,0.0,0.25,0.0709142211791386,0.0,0.0,0,0,S1-539533728,S2-399290359,0
0.4615384615384615,0.4615384615384615,0.0769230769230769,0.0769230769230769,0.3174603174603174,0.0,0,0,0,0.0,0.1428571428571428,0.0444033558531693,0.0,0.0,1,0,S1-361311127,S2-390967256,0
0.4186046511627907,0.4186046511627907,0.0303030303030303,0.0303030303030303,0.4444444444444444,0.0,0,0,0,0.0,0.1666666666666666,0.0574188490616951,0.0,0.0,0,0,S1-361311127,S2-676103325,0
0.2941176470588235,0.2941176470588235,0.037037037037037,0.037037037037037,0.2985074626865671,0.0,0,0,0,0.0,0.1111111111111111,0.0429035684843933,0.0,0.0,1,0,S1-361311127,S2-639417535,0
0.3666666666666666,0.3666666666666666,0.0208333333333333,0.0208333333333333,0.2941176470588235,0.0,0,0,0,0.0,0.125,0.039739161713647,0.0,0.0,0,0,S1-361311127,S2-680320707,0
0.3265306122448979,0.3265306122448979,0.0256410256410256,0.0256410256410256,0.3384615384615385,0.0,0,0,0,0.0,0.1666666666666666,0.056984411360196,0.0,0.0,0,0,S1-361311127,S2-252548278,0
0.4722222222222222,0.4722222222222222,0.2448979591836734,0.2448979591836734,0.3733333333333333,0.0,0,0,0,0.0,0.3333333333333333,0.1146689741646068,0.0,0.0,0,0,S1-220595358,S2-762899428,0
0.5846153846153846,0.5846153846153846,0.2790697674418604,0.2790697674418604,0.0,0.0,0,0,0,0.0,0.1428571428571428,0.0426391755947416,0.0,0.0,0,1,S1-220595358,S2-926036035,0
0.3272727272727272,0.3272727272727272,0.125,0.125,0.3949044585987261,0.0,0,0,0,0.0,0.1428571428571428,0.0436748043406053,0.0454545454545454,0.0454545454545454,1,0,S1-220595358,S2-995924697,0
0.3768115942028985,0.3768115942028985,0.0943396226415094,0.0943396226415094,0.2808988764044944,0.0,0,0,0,0.0,0.1428571428571428,0.0517359628652525,0.0,0.0,0,0,S1-220595358,S2-448601082,0
0.5238095238095238,0.5238095238095238,0.2,0.2,0.2253521126760563,0.0,0,0,0,0.0,0.25,0.0800609495891297,0.0,0.0,1,0,S1-220595358,S2-609801997,0
0.5483870967741935,0.5483870967741935,0.275,0.275,0.46,0.0,0,0,0,0.0,0.1428571428571428,0.1405086509792751,0.0714285714285714,0.0714285714285714,0,0,S1-231929455,S2-538378157,0
0.5454545454545454,0.5454545454545454,0.09375,0.09375,0.3119266055045872,0.0,0,0,0,0.0,0.2,0.104293926364496,0.0,0.0,0,0,S1-231929455,S2-410842022,0
0.3255813953488372,0.3255813953488372,0.0303030303030303,0.0303030303030303,0.2807017543859649,0.0,0,0,0,0.0,0.2,0.1299252459715702,0.0,0.0,0,0,S1-231929455,S2-38897565,0
0.1304347826086956,0.1304347826086956,0.0285714285714285,0.0285714285714285,0.3243243243243243,0.0,0,0,0,0.0,0.2,0.1285614108284899,0.0,0.0,0,0,S1-231929455,S2-777808489,0
0.360655737704918,0.360655737704918,0.0222222222222222,0.0222222222222222,0.3298969072164948,0.0,0,0,0,0.0,0.1666666666666666,0.0974676072936768,0.0,0.0,0,0,S1-231929455,S2-338745132,0
0.5185185185185185,0.5185185185185185,0.1351351351351351,0.1351351351351351,0.3410852713178294,0.0,0,0,0,0.0,0.2857142857142857,0.1475737275935729,0.0555555555555555,0.0555555555555555,0,0,S1-363150886,S2-273813722,0
0.15,0.15,0.0344827586206896,0.0344827586206896,0.2156862745098039,0.0,0,0,0,0.0,0.1666666666666666,0.066128080194496,0.0,0.0,0,0,S1-363150886,S2-860078412,0
0.5098039215686274,0.5098039215686274,0.0256410256410256,0.0256410256410256,0.2517482517482518,0.0,0,0,0,0.0,0.1428571428571428,0.0763147944268917,0.0,0.0,0,0,S1-363150886,S2-21195587,0
0.5531914893617021,0.5531914893617021,0.125,0.125,0.3404255319148936,0.0,0,0,0,0.0,0.3333333333333333,0.1811030322445331,0.0,0.0,0,0,S1-363150886,S2-339142042,0
0.6037735849056604,0.6037735849056604,0.2352941176470588,0.2352941176470588,0.1121495327102803,0.0,0,0,0,0.0,0.3333333333333333,0.1630251259880487,0.0,0.0,0,0,S1-363150886,S2-277086803,0
0.3636363636363636,0.3636363636363636,0.1290322580645161,0.1290322580645161,0.4074074074074074,0.0,0,0,0,0.0,0.1666666666666666,0.1347452902035908,0.0,0.0,1,0,S1-456793005,S2-998124496,0
0.3050847457627119,0.3050847457627119,0.0212765957446808,0.0212765957446808,0.3214285714285714,0.0,0,0,0,0.0,0.125,0.0361240500195313,0.0,0.0,0,0,S1-456793005,S2-730055477,0
0.4897959183673469,0.4897959183673469,0.0263157894736842,0.0263157894736842,0.3157894736842105,0.0,0,0,0,0.0,0.1428571428571428,0.0507737478528609,0.0,0.0,0,0,S1-456793005,S2-904605843,0
0.2933333333333333,0.2933333333333333,0.0181818181818181,0.0181818181818181,0.2950819672131147,0.0,0,0,0,0.0,0.125,0.0377155218171192,0.0,0.0,0,0,S1-456793005,S2-380324577,0
0.425531914893617,0.425531914893617,0.0555555555555555,0.0555555555555555,0.4,0.0,0,0,0,0.0,0.1666666666666666,0.0523166149195355,0.0,0.0,0,0,S1-456793005,S2-735932482,0
0.4102564102564102,0.4102564102564102,0.0333333333333333,0.0333333333333333,0.175438596491228,0.0,0,0,0,0.0,0.2,0.125189968764188,0.0,0.0,0,0,S1-742791772,S2-743134992,0
0.5777777777777777,0.5777777777777777,0.1612903225806451,0.1612903225806451,0.2333333333333333,0.0,0,0,0,0.0,0.2,0.1376840525869332,0.0,0.0,0,0,S1-742791772,S2-690666650,0
0.4,0.4,0.0277777777777777,0.0277777777777777,0.0,0.0,0,0,0,0.0,0.2,0.1236248678623142,0.0,0.0,0,1,S1-742791772,S2-147084765,0
0.3773584905660377,0.3773584905660377,0.048780487804878,0.048780487804878,0.2641509433962264,0.0,0,0,0,0.0,0.1428571428571428,0.0841773134692879,0.0,0.0,0,0,S1-742791772,S2-125128683,0
0.6792452830188679,0.6792452830188679,0.4193548387096774,0.4193548387096774,0.4413793103448276,0.0,0,0,0,0.0,0.1666666666666666,0.1764519391633515,0.1176470588235294,0.1176470588235294,0,0,S1-742791772,S2-625932000,0
0.4864864864864865,0.4864864864864865,0.1698113207547169,0.1698113207547169,0.1290322580645161,0.0,0,0,0,0.0,0.125,0.1027346813209063,0.0,0.0,0,0,S1-837465983,S2-650444220,0
0.4918032786885246,0.4918032786885246,0.2195121951219512,0.2195121951219512,0.1839080459770115,0.0,0,0,0,0.0,0.1428571428571428,0.1203116908424329,0.0,0.0,0,0,S1-837465983,S2-529162046,0
0.4262295081967213,0.4262295081967213,0.1063829787234042,0.1063829787234042,0.2758620689655172,0.0,0,0,0,0.0,0.1666666666666666,0.1552337571263594,0.0,0.0,0,0,S1-837465983,S2-652497457,0
0.4848484848484848,0.4848484848484848,0.1875,0.1875,0.2121212121212121,0.0,0,0,0,0.0,0.1666666666666666,0.1137120686563306,0.0,0.0,0,0,S1-837465983,S2-368683236,0
0.4776119402985074,0.4776119402985074,0.1836734693877551,0.1836734693877551,0.1578947368421052,0.0,0,0,0,0.0,0.1666666666666666,0.099209125628611,0.0,0.0,0,0,S1-837465983,S2-100725447,0
0.5142857142857142,0.5142857142857142,0.1739130434782608,0.1739130434782608,0.3666666666666666,0.0,0,0,0,0.0,0.2,0.2353850280247341,0.0,0.0,0,0,S1-709044544,S2-360440011,0
0.6976744186046512,0.6976744186046512,0.4166666666666667,0.4166666666666667,0.21875,0.0,0,0,0,0.0,0.4,0.4663017543766601,0.0,0.0,0,0,S1-709044544,S2-291567252,0
0.7083333333333334,0.7083333333333334,0.3448275862068966,0.3448275862068966,0.34375,0.0,0,0,0,0.0,0.4,0.4338460087711351,0.0,0.0,0,0,S1-709044544,S2-414009062,0
0.6666666666666666,0.6666666666666666,0.3125,0.3125,0.2413793103448276,0.0,0,0,0,0.0,0.4,0.4293594739970899,0.0,0.0,0,0,S1-709044544,S2-921409403,0
0.4705882352941176,0.4705882352941176,0.1304347826086956,0.1304347826086956,0.2916666666666667,0.0,0,0,0,0.0,0.2,0.2362108322627494,0.0,0.0,0,0,S1-709044544,S2-743855755,0
0.4615384615384615,0.4615384615384615,0.1351351351351351,0.1351351351351351,0.16,0.0,0,0,0,0.0,0.1428571428571428,0.0438986422401353,0.0588235294117647,0.0588235294117647,0,0,S1-71798793,S2-894905716,0
0.4848484848484848,0.4848484848484848,0.1458333333333333,0.1458333333333333,0.1392405063291139,0.25,1,1,1,0.0,0.125,0.0490677814794855,0.0,0.0,0,0,S1-71798793,S2-961481026,0
0.6885245901639344,0.6885245901639344,0.3076923076923077,0.3076923076923077,0.3561643835616438,0.0,0,0,0,0.0,0.3333333333333333,0.1132867647711032,0.05,0.0499999999999999,0,0,S1-71798793,S2-799525472,0
0.5074626865671642,0.5074626865671642,0.12,0.12,0.2285714285714285,0.0,0,0,0,0.0,0.125,0.0449365521621877,0.0,0.0,0,0,S1-71798793,S2-141746539,0
0.4406779661016949,0.4406779661016949,0.1395348837209302,0.1395348837209302,0.2165605095541401,0.0,0,0,0,0.0,0.1428571428571428,0.0528653209003446,0.0,0.0,0,0,S1-71798793,S2-845996047,0
0.5454545454545454,0.5454545454545454,0.125,0.125,0.2857142857142857,0.0,0,0,0,0.0,0.2,0.1343587651295189,0.0,0.0,0,0,S1-139439461,S2-427825173,0
0.7407407407407407,0.7407407407407407,0.5172413793103449,0.5172413793103449,0.2333333333333333,0.0,0,0,0,0.0,0.3333333333333333,0.3283688629949826,0.0,0.0,0,0,S1-139439461,S2-924031701,0
0.5,0.5,0.0833333333333333,0.0833333333333333,0.3,0.0,0,0,0,0.0,0.1666666666666666,0.1207927037113712,0.0,0.0,0,0,S1-139439461,S2-817359667,0
0.5,0.5,0.1428571428571428,0.1428571428571428,0.2264150943396226,0.0,0,0,0,0.0,0.2,0.133939660302473,0.0,0.0,0,0,S1-139439461,S2-551796542,0
0.4333333333333333,0.4333333333333333,0.0888888888888888,0.0888888888888888,0.1428571428571428,0.0,0,0,0,0.0,0.1428571428571428,0.1051698067936194,0.0,0.0,0,0,S1-139439461,S2-556365308,0
0.9824561403508772,0.9824561403508772,0.8076923076923077,0.8076923076923077,0.5806451612903226,1.0,1,1,3,0.0,0.6,0.5269080842082828,1.0,1.0,0,0,S1-57173601,S2-788829116,1
0.2608695652173913,0.2608695652173913,0.0277777777777777,0.0277777777777777,0.1971830985915492,0.0,0,0,0,0.0,0.1666666666666666,0.0493876733451173,0.0,0.0,0,0,S1-57173601,S2-160088871,0
0.4067796610169492,0.4067796610169492,0.0208333333333333,0.0208333333333333,0.1875,0.0,0,0,0,0.0,0.1428571428571428,0.0458110962039747,0.0,0.0,0,0,S1-57173601,S2-761733950,0
0.410958904109589,0.410958904109589,0.0350877192982456,0.0350877192982456,0.1694915254237288,0.0,0,0,0,0.0,0.1111111111111111,0.0367188889805863,0.0,0.0,0,0,S1-57173601,S2-540501005,0
0.3636363636363636,0.3636363636363636,0.0227272727272727,0.0227272727272727,0.2424242424242424,0.0,0,0,0,0.0,0.1428571428571428,0.0398158031763497,0.0,0.0,0,0,S1-57173601,S2-635798251,0
0.4285714285714285,0.4285714285714285,0.025,0.025,0.2580645161290322,0.0,0,0,0,0.0,0.1666666666666666,0.0510966021844949,0.0,0.0,0,0,S1-57173601,S2-919857279,0
0.4814814814814814,0.4814814814814814,0.1538461538461538,0.1538461538461538,0.3103448275862069,0.0,0,0,0,0.0,0.1666666666666666,0.1282380833497033,0.0,0.0,0,0,S1-273149534,S2-495448687,0
0.5454545454545454,0.5454545454545454,0.1612903225806451,0.1612903225806451,0.1694915254237288,0.0,0,0,0,0.0,0.2,0.1431202492215321,0.0,0.0,0,0,S1-273149534,S2-199910285,0
0.4444444444444444,0.4444444444444444,0.2162162162162162,0.2162162162162162,0.28125,0.0,0,0,0,0.0,0.1666666666666666,0.2163044754165113,0.0,0.0,0,0,S1-273149534,S2-775484419,0
0.392156862745098,0.392156862745098,0.1351351351351351,0.1351351351351351,0.3728813559322034,0.0,0,0,0,0.0,0.1666666666666666,0.1138459583114163,0.0,0.0,0,0,S1-273149534,S2-182602851,0
0.5,0.5,0.1470588235294117,0.1470588235294117,0.273972602739726,0.0,0,0,0,0.0,0.1666666666666666,0.1448371025157586,0.0,0.0,0,0,S1-273149534,S2-629251209,0
0.3255813953488372,0.3255813953488372,0.0294117647058823,0.0294117647058823,0.2121212121212121,0.0,0,0,0,0.0,0.2,0.0780390992011392,0.1,0.1,0,0,S1-449472592,S2-910978799,0
0.2068965517241379,0.2068965517241379,0.0476190476190476,0.0476190476190476,0.2592592592592592,0.0,0,0,0,0.0,0.25,0.0926620513235961,0.1111111111111111,0.1111111111111111,0,0,S1-449472592,S2-272154780,0
0.3076923076923077,0.3076923076923077,0.0526315789473684,0.0526315789473684,0.576271186440678,0.0,0,0,0,0.0,0.1428571428571428,0.0625701408084046,0.25,0.25,0,0,S1-449472592,S2-581361436,0
0.25,0.25,0.0625,0.0625,0.2857142857142857,0.0,0,0,0,0.0,0.25,0.0801485460457642,0.0,0.0,0,0,S1-449472592,S2-365749678,0
0.5294117647058824,0.5294117647058824,0.0833333333333333,0.0833333333333333,0.1515151515151515,0.0,0,0,0,0.0,0.2,0.0862169796447988,0.0,0.0,0,0,S1-449472592,S2-190940690,0
0.8666666666666667,0.8666666666666667,0.7692307692307693,0.7692307692307693,1.0,1.0,1,1,4,1.0,0.6666666666666666,0.8796607238178987,1.0,1.0,0,0,S1-454349157,S2-586112434,1
0.56,0.56,0.1875,0.1875,0.3174603174603174,0.0,0,0,0,0.0,0.3333333333333333,0.2881640270555096,0.0,0.0,0,0,S1-454349157,S2-82399596,0
0.6153846153846154,0.6153846153846154,0.1875,0.1875,0.2702702702702703,0.0,0,0,0,0.0,0.25,0.2566537062542653,0.0,0.0,0,0,S1-454349157,S2-651809010,0
0.75,0.75,0.2,0.2,0.1851851851851851,0.0,0,0,0,0.0,0.3333333333333333,0.2835553342717271,0.0,0.0,0,0,S1-454349157,S2-451444908,0
0.3684210526315789,0.3684210526315789,0.1153846153846153,0.1153846153846153,0.1875,0.0,0,0,0,0.0,0.1666666666666666,0.1752322331724196,0.0,0.0,0,0,S1-454349157,S2-711212229,0
0.5294117647058824,0.5294117647058824,0.1363636363636363,0.1363636363636363,0.2857142857142857,0.0,0,0,0,0.0,0.2,0.1988546301853759,0.0,0.0,0,0,S1-454349157,S2-399046577,0
0.3111111111111111,0.3111111111111111,0.0285714285714285,0.0285714285714285,0.2716049382716049,0.0,0,0,0,0.0,0.1666666666666666,0.0530303330574239,0.0,0.0,0,0,S1-323286851,S2-99260781,0
0.3076923076923077,0.3076923076923077,0.0238095238095238,0.0238095238095238,0.3076923076923077,0.0,0,0,0,0.0,0.1666666666666666,0.0538405134387868,0.0,0.0,0,0,S1-323286851,S2-517502045,0
0.4210526315789473,0.4210526315789473,0.0357142857142857,0.0357142857142857,0.3880597014925373,0.0,0,0,0,0.0,0.1666666666666666,0.0517653028805869,0.0,0.0,0,0,S1-323286851,S2-797112138,0
0.3684210526315789,0.3684210526315789,0.0357142857142857,0.0357142857142857,0.2571428571428571,0.0,0,0,0,0.0,0.2,0.0635325072867651,0.0,0.0,0,0,S1-323286851,S2-341535399,0
0.2105263157894736,0.2105263157894736,0.0444444444444444,0.0444444444444444,0.2727272727272727,0.0,0,0,0,0.0,0.1428571428571428,0.0462766585574166,0.0,0.0,0,0,S1-323286851,S2-465311792,0
0.4313725490196078,0.4313725490196078,0.0294117647058823,0.0294117647058823,0.2091503267973856,0.2,1,1,1,0.0,0.1666666666666666,0.0844984810632205,0.0,0.0,0,0,S1-529116284,S2-33026665,0
0.4390243902439024,0.4390243902439024,0.03125,0.03125,0.2988505747126437,0.0,0,0,0,0.0,0.2,0.1100713347513218,0.0357142857142857,0.0357142857142857,0,0,S1-529116284,S2-580947594,0
0.4102564102564102,0.4102564102564102,0.0333333333333333,0.0333333333333333,0.2261904761904762,0.0,0,0,0,0.0,0.2,0.1035271174040573,0.0,0.0,0,0,S1-529116284,S2-176594189,0
0.28,0.28,0.025,0.025,0.2428571428571428,0.0,0,0,0,0.0,0.1666666666666666,0.0837106011500729,0.0,0.0,0,0,S1-529116284,S2-443178543,0
0.4444444444444444,0.4444444444444444,0.037037037037037,0.037037037037037,0.2608695652173913,0.0,0,0,0,0.0,0.2,0.0913330468784536,0.0,0.0,0,0,S1-529116284,S2-189977877,0
0.4262295081967213,0.4262295081967213,0.1351351351351351,0.1351351351351351,0.09375,0.0,0,0,0,0.0,0.1666666666666666,0.0565422335867145,0.0,0.0,0,0,S1-596064485,S2-247033038,0
0.5070422535211268,0.5070422535211268,0.2727272727272727,0.2727272727272727,0.2453987730061349,0.0,0,0,0,0.0,0.2857142857142857,0.0807623243921592,0.0,0.0,1,0,S1-596064485,S2-649687413,0
0.5,0.5,0.1041666666666666,0.1041666666666666,0.2727272727272727,0.0,0,0,0,0.0,0.1428571428571428,0.0524268501890009,0.0,0.0,0,0,S1-596064485,S2-387462476,0
0.6551724137931034,0.6551724137931034,0.4,0.4,0.2307692307692307,0.0,0,0,0,0.0,0.3333333333333333,0.1003643814624491,0.0454545454545454,0.0454545454545454,1,0,S1-596064485,S2-612563633,0
0.3880597014925373,0.3880597014925373,0.1063829787234042,0.1063829787234042,0.2366863905325443,0.0,0,0,0,0.0,0.125,0.0428003667890607,0.0,0.0,0,0,S1-596064485,S2-787570292,0
0.55,0.55,0.1785714285714285,0.1785714285714285,0.2716049382716049,0.0,0,0,0,0.0,0.25,0.2739271464146005,0.0,0.0,0,0,S1-139477976,S2-475290703,0
0.392156862745098,0.392156862745098,0.1052631578947368,0.1052631578947368,0.2682926829268293,0.0,0,0,0,0.0,0.1666666666666666,0.1642611131446918,0.0,0.0,0,0,S1-139477976,S2-397960618,0
0.6666666666666666,0.6666666666666666,0.2962962962962963,0.2962962962962963,0.1914893617021276,0.0,0,0,0,0.0,0.25,0.2095180371550906,0.0,0.0,0,0,S1-139477976,S2-527656038,0
0.5294117647058824,0.5294117647058824,0.1739130434782608,0.1739130434782608,0.108695652173913,0.0,0,0,0,0.0,0.25,0.1986874270991999,0.0,0.0,0,0,S1-139477976,S2-875418996,0
0.3870967741935484,0.3870967741935484,0.1904761904761904,0.1904761904761904,0.2448979591836734,0.0,0,0,0,0.0,0.3333333333333333,0.2687617198615312,0.0,0.0,0,0,S1-139477976,S2-682335171,0
0.4285714285714285,0.4285714285714285,0.0909090909090909,0.0909090909090909,0.3278688524590163,0.0,0,0,0,0.0,0.1428571428571428,0.1498661457956248,0.0,0.0,0,0,S1-376882708,S2-516448366,0
0.4210526315789473,0.4210526315789473,0.1162790697674418,0.1162790697674418,0.0,0.0,0,0,0,0.0,0.1666666666666666,0.1819505970390056,0.0,0.0,0,1,S1-376882708,S2-258844278,0
0.4561403508771929,0.4561403508771929,0.1428571428571428,0.1428571428571428,0.2972972972972973,0.0,0,0,0,0.0,0.1666666666666666,0.1623841252091402,0.0,0.0,0,0,S1-376882708,S2-587436725,0
0.4878048780487805,0.4878048780487805,0.1785714285714285,0.1785714285714285,0.2539682539682539,0.0,0,0,0,0.0,0.2,0.1898899858094013,0.0,0.0,0,0,S1-376882708,S2-308636618,0
0.5283018867924528,0.5283018867924528,0.1578947368421052,0.1578947368421052,0.3225806451612903,0.0,0,0,0,0.0,0.1666666666666666,0.203868980079156,0.0,0.0,0,0,S1-376882708,S2-564768535,0
0.5846153846153846,0.5846153846153846,0.1489361702127659,0.1489361702127659,0.3235294117647059,0.0,0,0,0,0.0,0.125,0.1189063067081793,0.0526315789473684,0.0526315789473684,0,0,S1-178831239,S2-902557079,0
0.4583333333333333,0.4583333333333333,0.027027027027027,0.027027027027027,0.3726708074534161,0.0,0,0,0,0.0,0.1428571428571428,0.0732999090635058,0.04,0.0399999999999999,0,0,S1-178831239,S2-304104531,0
0.6666666666666666,0.6666666666666666,0.2051282051282051,0.2051282051282051,0.3380281690140845,0.0,0,0,0,0.0,0.1428571428571428,0.1487887516178176,0.0454545454545454,0.0454545454545454,0,0,S1-178831239,S2-45803531,0
0.40625,0.40625,0.0833333333333333,0.0833333333333333,0.3308270676691729,0.0,0,0,0,0.0,0.25,0.111729738663459,0.05,0.0499999999999999,0,0,S1-178831239,S2-655877702,0
0.3181818181818182,0.3181818181818182,0.0625,0.0625,0.3177570093457944,0.0,0,0,0,0.0,0.3333333333333333,0.1374586067855078,0.0,0.0,0,0,S1-178831239,S2-571995726,0
0.5882352941176471,0.48,0.1,0.0625,0.1944444444444444,0.0,0,0,0,0.0,0.3333333333333333,0.3294239110694774,0.0,0.0,1,0,S1-75161961,S2-50935266,0
0.4375,0.4375,0.0434782608695652,0.0434782608695652,0.2696629213483146,0.0,0,0,0,0.0,0.2,0.2634920229640515,0.0,0.0,0,0,S1-75161961,S2-472320169,0
0.4615384615384615,0.4615384615384615,0.0588235294117647,0.0588235294117647,0.2162162162162162,0.0,0,0,0,0.0,0.2,0.1834980365286538,0.0,0.0,0,0,S1-75161961,S2-757801428,0
0.4827586206896552,0.4827586206896552,0.2222222222222222,0.2222222222222222,0.3333333333333333,0.0,0,0,0,0.0,0.25,0.2818598315758687,0.0,0.0,0,0,S1-75161961,S2-666079475,0
0.2702702702702703,0.2702702702702703,0.0384615384615384,0.0384615384615384,0.24,0.0,0,0,0,0.0,0.1666666666666666,0.2136478465792783,0.0,0.0,0,0,S1-75161961,S2-251673297,0
0.4,0.4,0.2,0.2,0.0952380952380952,0.0,0,0,0,0.0,0.3333333333333333,0.2486965084365319,0.0,0.0,0,0,S1-438879719,S2-323474816,0
0.3333333333333333,0.3333333333333333,0.16,0.16,0.2748091603053435,0.0,0,0,0,0.0,0.25,0.195858633667708,0.0,0.0,0,0,S1-438879719,S2-465492790,0
0.4137931034482758,0.4137931034482758,0.2222222222222222,0.2222222222222222,0.1772151898734177,0.0,0,0,0,0.0,0.25,0.2323638822926879,0.0,0.0,0,0,S1-438879719,S2-501445079,0
0.3529411764705882,0.3529411764705882,0.1739130434782608,0.1739130434782608,0.2340425531914893,0.0,0,0,0,0.0,0.25,0.2023653394389411,0.0,0.0,0,0,S1-438879719,S2-335431860,0
0.4444444444444444,0.4444444444444444,0.1666666666666666,0.1666666666666666,0.144578313253012,0.0,0,0,0,0.0,0.2,0.1442123874852898,0.0,0.0,0,0,S1-438879719,S2-759496235,0
0.5106382978723404,0.5106382978723404,0.2258064516129032,0.2258064516129032,0.1904761904761904,0.0,0,0,0,0.0,0.1666666666666666,0.1892609147203094,0.0,0.0,0,0,S1-183043283,S2-308859411,0
0.4571428571428571,0.4571428571428571,0.1666666666666666,0.1666666666666666,0.2941176470588235,0.0,0,0,0,0.0,0.1,0.1003545931693066,0.0,0.0,0,0,S1-183043283,S2-48117368,0
0.4615384615384615,0.4615384615384615,0.1621621621621621,0.1621621621621621,0.1818181818181818,0.0,0,0,0,0.0,0.1666666666666666,0.1676975417002768,0.0,0.0,0,0,S1-183043283,S2-581095707,0
0.5909090909090909,0.5909090909090909,0.2068965517241379,0.2068965517241379,0.0,0.0,0,0,0,0.0,0.1666666666666666,0.1434896209531578,0.0,0.0,0,1,S1-183043283,S2-762138912,0
0.4333333333333333,0.4333333333333333,0.1944444444444444,0.1944444444444444,0.2424242424242424,0.0,0,0,0,0.0,0.1428571428571428,0.1441114019303613,0.0,0.0,0,0,S1-183043283,S2-956123221,0
0.4,0.4,0.0344827586206896,0.0344827586206896,0.1904761904761904,0.0,0,0,0,0.0,0.1428571428571428,0.0399167951906769,0.0,0.0,1,0,S1-965544718,S2-866071568,0
0.4864864864864865,0.4864864864864865,0.037037037037037,0.037037037037037,0.2465753424657534,0.0,0,0,0,0.0,0.1666666666666666,0.0437039151545782,0.0,0.0,0,0,S1-965544718,S2-956818633,0
0.4375,0.4375,0.0434782608695652,0.0434782608695652,0.1935483870967742,0.0,0,0,0,0.0,0.2,0.0668897944594383,0.0,0.0,0,0,S1-965544718,S2-886177372,0
0.4,0.4,0.0689655172413793,0.0689655172413793,0.2539682539682539,0.0,0,0,0,0.0,0.1666666666666666,0.0518912998708995,0.0,0.0,0,0,S1-965544718,S2-280391494,0
0.4324324324324324,0.4324324324324324,0.0384615384615384,0.0384615384615384,0.09375,0.0,0,0,0,0.0,0.1666666666666666,0.0472809395373297,0.0,0.0,0,0,S1-965544718,S2-702243488,0
0.4,0.4,0.0285714285714285,0.0285714285714285,0.1538461538461538,0.0,0,0,0,0.0,0.1666666666666666,0.046961276578035,0.0,0.0,0,0,S1-835250207,S2-894148535,0
0.3174603174603174,0.3174603174603174,0.02,0.02,0.21875,0.0,0,0,0,0.0,0.125,0.0435633664157282,0.0,0.0,0,0,S1-835250207,S2-845297933,0
0.24,0.24,0.0256410256410256,0.0256410256410256,0.3636363636363636,0.0,0,0,0,0.0,0.1428571428571428,0.0342540668934378,0.0,0.0,0,0,S1-835250207,S2-516270374,0
0.3389830508474576,0.3389830508474576,0.0434782608695652,0.0434782608695652,0.1454545454545454,0.0,0,0,0,0.0,0.125,0.0334964651585629,0.0,0.0,0,0,S1-835250207,S2-988345667,0
0.4285714285714285,0.4285714285714285,0.1333333333333333,0.1333333333333333,0.2950819672131147,0.0,0,0,0,0.0,0.2,0.2285377834537947,0.0,0.0,1,0,S1-835250207,S2-321975134,0
0.5217391304347826,0.5217391304347826,0.1276595744680851,0.1276595744680851,0.2601626016260163,0.0,0,0,0,0.0,0.125,0.0430224125922721,0.0,0.0,0,0,S1-610204973,S2-968836867,0
0.4761904761904761,0.4761904761904761,0.1304347826086956,0.1304347826086956,0.2091503267973856,0.0,0,0,0,0.0,0.125,0.0332418301711568,0.0416666666666666,0.0416666666666666,0,0,S1-610204973,S2-845164094,0
0.4571428571428571,0.4571428571428571,0.1153846153846153,0.1153846153846153,0.1935483870967742,0.0,0,0,0,0.0,0.1111111111111111,0.0358940251083391,0.0476190476190476,0.0476190476190476,0,0,S1-610204973,S2-845331785,0
0.3934426229508196,0.3934426229508196,0.108695652173913,0.108695652173913,0.3270440251572327,0.0,0,0,0,0.0,0.1428571428571428,0.0415808685663749,0.037037037037037,0.037037037037037,0,0,S1-610204973,S2-869321320,0
0.36,0.36,0.1111111111111111,0.1111111111111111,0.1981981981981982,0.0,0,0,0,0.0,0.1428571428571428,0.222312060291203,0.0,0.0,0,0,S1-610204973,S2-710570855,0
0.6176470588235294,0.6176470588235294,0.2666666666666666,0.2666666666666666,0.2058823529411764,0.0,0,0,0,0.0,0.2857142857142857,0.1130352354296216,0.0,0.0,0,0,S1-177035204,S2-807088504,0
0.5614035087719298,0.5614035087719298,0.175,0.175,0.2290076335877862,0.0,0,0,0,0.0,0.1428571428571428,0.0618731795794317,0.05,0.0499999999999999,0,0,S1-177035204,S2-904746773,0
0.6451612903225806,0.6451612903225806,0.3,0.3,0.3098591549295774,0.0,0,0,0,0.0,0.3333333333333333,0.1425665208848288,0.0952380952380952,0.0952380952380952,0,0,S1-177035204,S2-861414287,0
0.3214285714285714,0.3214285714285714,0.0465116279069767,0.0465116279069767,0.1797752808988764,0.0,0,0,0,0.0,0.1428571428571428,0.1900029782806176,0.0,0.0,0,0,S1-177035204,S2-868523803,0
0.5569620253164557,0.5569620253164557,0.2452830188679245,0.2452830188679245,0.3565891472868217,0.0,0,0,0,0.0,0.2222222222222222,0.0877533367397293,0.0555555555555555,0.0555555555555555,0,0,S1-177035204,S2-944675361,0
1.0,1.0,1.0,1.0,1.0,1.0,2,1,5,1.0,1.0,1.0,1.0,1.0,0,0,S1-623087726,S2-156629748,1
0.3636363636363636,0.3636363636363636,0.0416666666666666,0.0416666666666666,0.1666666666666666,0.0,0,0,0,0.0,0.2,0.1453842195361139,0.0,0.0,0,0,S1-623087726,S2-726100052,0
0.4571428571428571,0.4571428571428571,0.04,0.04,0.32,0.0,0,0,0,0.0,0.1666666666666666,0.1412685184258248,0.0,0.0,0,0,S1-623087726,S2-498312493,0
0.4444444444444444,0.4444444444444444,0.0285714285714285,0.0285714285714285,0.3225806451612903,0.0,0,0,0,0.0,0.1666666666666666,0.1386551049758998,0.0,0.0,0,0,S1-623087726,S2-972990802,0
0.358974358974359,0.358974358974359,0.0344827586206896,0.0344827586206896,0.2295081967213114,0.0,0,0,0,0.0,0.1666666666666666,0.134291984973395,0.0,0.0,0,0,S1-623087726,S2-727494571,0
0.4864864864864865,0.4864864864864865,0.037037037037037,0.037037037037037,0.3728813559322034,0.0,0,0,0,0.0,0.1666666666666666,0.1315323659647097,0.0,0.0,0,0,S1-623087726,S2-416397669,0
0.4705882352941176,0.4705882352941176,0.1351351351351351,0.1351351351351351,0.2616822429906542,0.0,0,0,0,0.0,0.1666666666666666,0.0538943322684872,0.0,0.0,0,0,S1-817256046,S2-549270974,0
0.4705882352941176,0.4705882352941176,0.1351351351351351,0.1351351351351351,0.316546762589928,0.0,0,0,0,0.0,0.1666666666666666,0.0463172784327079,0.0,0.0,0,0,S1-817256046,S2-3534056,0
0.4230769230769231,0.4230769230769231,0.1621621621621621,0.1621621621621621,0.2253521126760563,0.0,0,0,0,0.0,0.1666666666666666,0.0469344272531257,0.0,0.0,0,0,S1-817256046,S2-617626654,0
0.4897959183673469,0.4897959183673469,0.1764705882352941,0.1764705882352941,0.3047619047619048,0.0,0,0,0,0.0,0.1666666666666666,0.0600026381675848,0.0,0.0,0,0,S1-817256046,S2-151242144,0
0.4067796610169492,0.4067796610169492,0.1136363636363636,0.1136363636363636,0.2898550724637681,0.0,0,0,0,0.0,0.1428571428571428,0.0406310277349921,0.0,0.0,0,0,S1-817256046,S2-504412784,0
0.303030303030303,0.303030303030303,0.0416666666666666,0.0416666666666666,0.2990654205607476,0.0,0,0,0,0.0,0.2,0.071404877765506,0.0,0.0,0,0,S1-683582649,S2-223285100,0
0.4166666666666667,0.4166666666666667,0.054054054054054,0.054054054054054,0.2888888888888888,0.0,0,0,0,0.0,0.1666666666666666,0.0743242575629203,0.0,0.0,0,0,S1-683582649,S2-734953353,0
0.4242424242424242,0.4242424242424242,0.0416666666666666,0.0416666666666666,0.2727272727272727,0.0,0,0,0,0.0,0.2,0.0777377115380042,0.0,0.0,0,0,S1-683582649,S2-297272871,0
0.3636363636363636,0.3636363636363636,0.0227272727272727,0.0227272727272727,0.2,0.0,0,0,0,0.0,0.1428571428571428,0.065946592042467,0.0476190476190476,0.0476190476190476,0,0,S1-683582649,S2-967479179,0
0.4615384615384615,0.4615384615384615,0.0344827586206896,0.0344827586206896,0.2835820895522388,0.0,0,0,0,0.0,0.1666666666666666,0.0687762971569899,0.0,0.0,1,0,S1-683582649,S2-641190098,0
0.3157894736842105,0.3157894736842105,0.037037037037037,0.037037037037037,0.4067796610169492,0.0,0,0,0,0.0,0.1666666666666666,0.0670019895922483,0.0,0.0,0,0,S1-878915110,S2-422884505,0
0.5333333333333333,0.5333333333333333,0.0606060606060606,0.0606060606060606,0.1851851851851851,0.0,0,0,0,0.0,0.1428571428571428,0.0470672883369776,0.0,0.0,0,0,S1-878915110,S2-655999699,0
0.5454545454545454,0.5454545454545454,0.0714285714285714,0.0714285714285714,0.3666666666666666,0.0,0,0,0,0.0,0.25,0.085672745123675,0.0909090909090909,0.0909090909090909,0,0,S1-878915110,S2-274815545,0
0.4137931034482758,0.4137931034482758,0.05,0.05,0.1694915254237288,0.0,0,0,0,0.0,0.2,0.083887937329801,0.0,0.0,0,0,S1-878915110,S2-415105143,0
0.4210526315789473,0.4210526315789473,0.074074074074074,0.074074074074074,0.34375,0.0,0,0,0,0.0,0.1666666666666666,0.0670374614624644,0.125,0.125,0,0,S1-878915110,S2-2740239,0
0.2142857142857142,0.2142857142857142,0.05,0.05,0.2372881355932203,0.0,0,0,0,0.0,0.25,0.0800937372784209,0.0,0.0,0,0,S1-615802022,S2-41104747,0
0.4888888888888889,0.4888888888888889,0.0285714285714285,0.0285714285714285,0.2622950819672131,0.0,0,0,0,0.0,0.1666666666666666,0.0485109155108676,0.0,0.0,0,0,S1-615802022,S2-905347231,0
0.5945945945945946,0.5945945945945946,0.2608695652173913,0.2608695652173913,0.1739130434782608,0.0,0,0,0,0.0,0.2,0.2256509517934869,0.0,0.0,0,0,S1-615802022,S2-605149051,0
0.3396226415094339,0.3396226415094339,0.0232558139534883,0.0232558139534883,0.3934426229508196,0.0,0,0,0,0.0,0.1666666666666666,0.0561507839924282,0.0,0.0,0,0,S1-615802022,S2-830950856,0
0.2564102564102564,0.2564102564102564,0.0344827586206896,0.0344827586206896,0.2647058823529412,0.0,0,0,0,0.0,0.1666666666666666,0.0565855864268847,0.0,0.0,0,0,S1-615802022,S2-285645481,0
0.2295081967213114,0.2295081967213114,0.1555555555555555,0.1555555555555555,0.3265306122448979,0.0,0,0,0,0.0,0.1666666666666666,0.0566969299801373,0.0,0.0,0,0,S1-393854246,S2-668229072,0
0.5660377358490566,0.5660377358490566,0.2222222222222222,0.2222222222222222,0.291970802919708,0.0,0,0,0,0.0,0.1666666666666666,0.0625564576330357,0.0,0.0,0,0,S1-393854246,S2-593925129,0
0.5,0.5,0.1463414634146341,0.1463414634146341,0.4102564102564102,0.0,0,0,0,0.0,0.1666666666666666,0.0665626674134226,0.2,0.2,0,0,S1-393854246,S2-501562255,0
0.4727272727272727,0.4727272727272727,0.15,0.15,0.4444444444444444,0.0,0,0,0,0.0,0.1666666666666666,0.0548027493447807,0.1875,0.1875,0,0,S1-393854246,S2-305263659,0
0.2372881355932203,0.2372881355932203,0.1136363636363636,0.1136363636363636,0.3035714285714285,0.0,0,0,0,0.0,0.1666666666666666,0.0443723711973419,0.0,0.0,0,0,S1-393854246,S2-201861691,0
0.6206896551724138,0.6206896551724138,0.3333333333333333,0.3333333333333333,0.1796407185628742,0.0,0,0,0,0.0,0.3333333333333333,0.1315262911380864,0.0,0.0,0,0,S1-941175311,S2-72846151,0
0.5573770491803278,0.5573770491803278,0.175,0.175,0.2637362637362637,0.0,0,0,0,0.0,0.125,0.0556036656610776,0.05,0.0499999999999999,0,0,S1-941175311,S2-246998858,0
0.5357142857142857,0.5357142857142857,0.1219512195121951,0.1219512195121951,0.2690582959641255,0.0,0,0,0,0.0,0.1428571428571428,0.0480665738596947,0.0,0.0,0,0,S1-941175311,S2-979824716,0
0.625,0.625,0.2926829268292683,0.2926829268292683,0.2769230769230769,0.0,0,0,0,0.0,0.2857142857142857,0.1143620449402481,0.0476190476190476,0.0476190476190476,0,0,S1-941175311,S2-568103792,0
0.52,0.52,0.1388888888888889,0.1388888888888889,0.124223602484472,0.0,0,0,0,0.0,0.1666666666666666,0.0668571183967032,0.0,0.0,0,0,S1-941175311,S2-997433167,0
0.3103448275862069,0.3103448275862069,0.0666666666666666,0.0666666666666666,0.3076923076923077,0.0,0,0,0,0.0,0.1428571428571428,0.102094401787967,0.0,0.0,0,0,S1-290923889,S2-559168487,0
0.3492063492063492,0.3492063492063492,0.0816326530612244,0.0816326530612244,0.4031007751937984,0.0,0,0,0,0.0,0.1428571428571428,0.0886414790044016,0.0526315789473684,0.0526315789473684,0,0,S1-290923889,S2-758022033,0
0.3720930232558139,0.3720930232558139,0.1481481481481481,0.1481481481481481,0.3857142857142857,0.0,0,0,0,0.0,0.2,0.1050212377668579,0.0526315789473684,0.0526315789473684,0,0,S1-290923889,S2-222138949,0
0.2857142857142857,0.2857142857142857,0.0857142857142857,0.0857142857142857,0.3,0.0,0,0,0,0.0,0.1428571428571428,0.0931583692256997,0.0,0.0,0,0,S1-290923889,S2-183994815,0
0.4444444444444444,0.4444444444444444,0.1,0.1,0.2280701754385964,0.0,0,0,0,0.0,0.1428571428571428,0.0985119351926708,0.0,0.0,0,0,S1-290923889,S2-698674301,0
0.392156862745098,0.392156862745098,0.0769230769230769,0.0769230769230769,0.0,0.0,0,0,0,0.0,0.1666666666666666,0.1971800831958566,0.0,0.0,0,1,S1-716299113,S2-106851447,0
0.2745098039215686,0.2745098039215686,0.1388888888888889,0.1388888888888889,0.2692307692307692,0.0,0,0,0,0.0,0.1428571428571428,0.1852603674364244,0.0,0.0,0,0,S1-716299113,S2-291103991,0
0.5,0.5,0.2647058823529412,0.2647058823529412,0.2222222222222222,0.0,0,0,0,0.0,0.1666666666666666,0.1991201329461296,0.0,0.0,0,0,S1-716299113,S2-904596705,0
0.3508771929824561,0.3508771929824561,0.1219512195121951,0.1219512195121951,0.2258064516129032,0.0,0,0,0,0.0,0.125,0.1276277509521654,0.0,0.0,0,0,S1-716299113,S2-583617574,0
0.4090909090909091,0.4090909090909091,0.0909090909090909,0.0909090909090909,0.2608695652173913,0.0,0,0,0,0.0,0.2,0.1867952054802216,0.0,0.0,0,0,S1-716299113,S2-74023498,0
1.0,1.0,1.0,1.0,0.929936305732484,1.0,1,1,4,1.0,1.0,1.0,0.9090909090909092,0.9090909090909092,1,0,S1-959912128,S2-149188745,1
0.4838709677419355,0.4838709677419355,0.1363636363636363,0.1363636363636363,0.3333333333333333,0.0,0,0,0,0.0,0.1111111111111111,0.0386689923162401,0.0625,0.0624999999999999,0,0,S1-959912128,S2-522688804,0
0.5217391304347826,0.5217391304347826,0.3023255813953488,0.3023255813953488,0.3312101910828025,0.0,0,0,0,0.0,0.2222222222222222,0.0596736295191311,0.0476190476190476,0.0476190476190476,0,0,S1-959912128,S2-585936881,0
0.6349206349206349,0.6349206349206349,0.3,0.3,0.2735042735042735,0.0,0,0,0,0.0,0.2857142857142857,0.0922264243313485,0.0,0.0,0,0,S1-959912128,S2-225823147,0
0.5588235294117647,0.5588235294117647,0.2444444444444444,0.2444444444444444,0.2328042328042328,0.0,0,0,0,0.0,0.1111111111111111,0.0323872599098553,0.0384615384615384,0.0384615384615384,0,0,S1-959912128,S2-25427710,0
0.5161290322580645,0.5161290322580645,0.1363636363636363,0.1363636363636363,0.2777777777777778,0.0,0,0,0,0.0,0.1111111111111111,0.0390305010987407,0.0526315789473684,0.0526315789473684,0,0,S1-959912128,S2-251767365,0
0.5084745762711864,0.5084745762711864,0.2894736842105263,0.2894736842105263,0.256,0.0,0,0,0,0.0,0.3333333333333333,0.2380171478110888,0.0,0.0,0,0,S1-522984215,S2-64738727,0
0.6296296296296297,0.6296296296296297,0.1891891891891892,0.1891891891891892,0.2014388489208633,0.0,0,0,0,0.0,0.1428571428571428,0.0622102140659968,0.0476190476190476,0.0476190476190476,0,0,S1-522984215,S2-119029058,0
0.4347826086956521,0.4347826086956521,0.1153846153846153,0.1153846153846153,0.2264150943396226,0.0,0,0,0,0.0,0.125,0.0486106646445999,0.0,0.0,0,0,S1-522984215,S2-532114071,0
0.2333333333333333,0.2333333333333333,0.1111111111111111,0.1111111111111111,0.2362204724409448,0.0,0,0,0,0.0,0.1428571428571428,0.0523778094007,0.0526315789473684,0.0526315789473684,0,0,S1-522984215,S2-992821766,0
0.6461538461538462,0.6461538461538462,0.3170731707317073,0.3170731707317073,0.3142857142857143,0.0,0,0,0,0.0,0.3333333333333333,0.1383390545715778,0.0476190476190476,0.0476190476190476,0,0,S1-522984215,S2-710146348,0
0.4489795918367347,0.4489795918367347,0.25,0.25,0.1684210526315789,0.0,0,0,0,0.0,0.1666666666666666,0.1573454200675627,0.0,0.0,0,0,S1-764787709,S2-888686313,0
0.4406779661016949,0.4406779661016949,0.2352941176470588,0.2352941176470588,0.2608695652173913,0.0,0,0,0,0.0,0.2,0.1349577785800823,0.0,0.0,0,0,S1-764787709,S2-257227373,0
0.631578947368421,0.631578947368421,0.3478260869565217,0.3478260869565217,0.1626016260162601,0.0,0,0,0,0.0,0.25,0.1848020935483804,0.0,0.0,0,0,S1-764787709,S2-785181997,0
0.5945945945945946,0.5945945945945946,0.3636363636363636,0.3636363636363636,0.0816326530612244,0.0,0,0,0,0.0,0.25,0.1819994933217382,0.0,0.0,0,0,S1-764787709,S2-899977042,0
0.5161290322580645,0.5161290322580645,0.1428571428571428,0.1428571428571428,0.1555555555555555,0.0,0,0,0,0.0,0.25,0.3071418655380895,0.0,0.0,0,0,S1-764787709,S2-703154958,0
0.912280701754386,0.912280701754386,0.875,0.875,0.9836065573770492,1.0,1,1,5,1.0,0.8,0.8916589038406343,0.6666666666666666,0.6666666666666667,0,0,S1-846895016,S2-55555718,1
0.4,0.4,0.0526315789473684,0.0526315789473684,0.3859649122807017,0.0,0,0,0,0.0,0.1428571428571428,0.1143342417713614,0.0,0.0,0,0,S1-846895016,S2-245131547,0
0.4081632653061224,0.4081632653061224,0.054054054054054,0.054054054054054,0.2898550724637681,0.0,0,0,0,0.0,0.1428571428571428,0.0952138146616784,0.0,0.0,0,0,S1-846895016,S2-858373234,0
0.3333333333333333,0.3333333333333333,0.054054054054054,0.054054054054054,0.2295081967213114,0.0,0,0,0,0.0,0.1666666666666666,0.1103066282032727,0.0,0.0,0,0,S1-846895016,S2-478396541,0
0.4615384615384615,0.4615384615384615,0.05,0.05,0.3333333333333333,0.0,0,0,0,0.0,0.1428571428571428,0.1149737261447367,0.0,0.0,0,0,S1-846895016,S2-199000482,0
0.3111111111111111,0.3111111111111111,0.0588235294117647,0.0588235294117647,0.3103448275862069,0.0,0,0,0,0.0,0.1666666666666666,0.130268721303549,0.0,0.0,0,0,S1-846895016,S2-519113888,0
0.3703703703703703,0.3703703703703703,0.024390243902439,0.024390243902439,0.2095238095238095,0.0,0,0,0,0.0,0.1111111111111111,0.0408908170758941,0.0,0.0,0,0,S1-766044750,S2-167904201,0
0.5490196078431373,0.5490196078431373,0.1142857142857142,0.1142857142857142,0.3529411764705882,0.0,0,0,0,0.0,0.25,0.1015978934292206,0.1052631578947368,0.1052631578947368,0,0,S1-766044750,S2-601262506,0
0.3157894736842105,0.3157894736842105,0.0769230769230769,0.0769230769230769,0.2291666666666666,0.0,0,0,0,0.0,0.1428571428571428,0.0564956950000527,0.0,0.0,0,0,S1-766044750,S2-248548017,0
0.5172413793103449,0.5172413793103449,0.0454545454545454,0.0454545454545454,0.1818181818181818,0.0,0,0,0,0.0,0.1111111111111111,0.0413398930596649,0.0,0.0,0,0,S1-766044750,S2-236074126,0
0.32,0.32,0.0185185185185185,0.0185185185185185,0.2676056338028169,0.0,0,0,0,0.0,0.1,0.0377692775238657,0.0,0.0,0,0,S1-766044750,S2-728873267,0
0.5194805194805194,0.5194805194805194,0.1818181818181818,0.1818181818181818,0.3128491620111732,0.0,0,0,0,0.0,0.1428571428571428,0.1195985282948272,0.03125,0.0312499999999999,0,0,S1-508039162,S2-949178280,0
0.5675675675675675,0.5675675675675675,0.2115384615384615,0.2115384615384615,0.2146892655367231,0.0,0,0,0,0.0,0.1666666666666666,0.1645788997523751,0.0294117647058823,0.0294117647058823,0,0,S1-508039162,S2-759796699,0
0.4137931034482758,0.4137931034482758,0.2564102564102564,0.2564102564102564,0.1954887218045112,0.0,0,0,0,0.0,0.25,0.1704138193480054,0.0,0.0,1,0,S1-508039162,S2-976227942,0
0.5,0.5,0.2340425531914893,0.2340425531914893,0.2971428571428571,0.25,1,1,1,0.0,0.2,0.1520486564966625,0.0689655172413793,0.0689655172413792,0,0,S1-508039162,S2-682267568,0
0.3582089552238806,0.3582089552238806,0.217391304347826,0.217391304347826,0.2634730538922156,0.0,0,0,0,0.0,0.2,0.1503976448063257,0.0,0.0,1,0,S1-508039162,S2-643172343,0
0.5777777777777777,0.5777777777777777,0.2857142857142857,0.2857142857142857,0.3065693430656934,0.0,0,0,0,0.0,0.1666666666666666,0.1093068481131557,0.0,0.0,0,0,S1-132507248,S2-237497049,0
0.3888888888888889,0.3888888888888889,0.12,0.12,0.2022471910112359,0.0,0,0,0,0.0,0.2,0.0945844060918947,0.0,0.0,0,0,S1-132507248,S2-813143578,0
0.4,0.4,0.088235294117647,0.088235294117647,0.2531645569620253,0.0,0,0,0,0.0,0.2,0.1063508031214273,0.0434782608695652,0.0434782608695652,0,0,S1-132507248,S2-243652111,0
0.5106382978723404,0.5106382978723404,0.088235294117647,0.088235294117647,0.2921348314606741,0.0,0,0,0,0.0,0.1428571428571428,0.0893458729006632,0.04,0.0399999999999999,0,0,S1-132507248,S2-582971022,0
0.4210526315789473,0.4210526315789473,0.1111111111111111,0.1111111111111111,0.2795698924731182,0.0,0,0,0,0.0,0.2,0.1134503361831281,0.0769230769230769,0.0769230769230769,0,0,S1-132507248,S2-962114569,0
0.2777777777777778,0.2777777777777778,0.0526315789473684,0.0526315789473684,0.1904761904761904,0.0,0,0,0,0.0,0.1111111111111111,0.0682550106591476,0.0,0.0,0,0,S1-323657094,S2-332640779,0
0.3174603174603174,0.3174603174603174,0.0612244897959183,0.0612244897959183,0.2325581395348837,0.0,0,0,0,0.0,0.125,0.0631966896341791,0.0,0.0,0,0,S1-323657094,S2-995431484,0
0.3555555555555555,0.3555555555555555,0.125,0.125,0.3157894736842105,0.0,0,0,0,0.0,0.1666666666666666,0.1346473249646803,0.0,0.0,1,0,S1-323657094,S2-101194469,0
0.3870967741935484,0.3870967741935484,0.0851063829787234,0.0851063829787234,0.1904761904761904,0.0,0,0,0,0.0,0.125,0.1153890246643549,0.0,0.0,0,0,S1-323657094,S2-801187929,0
0.3571428571428571,0.3571428571428571,0.0714285714285714,0.0714285714285714,0.3137254901960784,0.0,0,0,0,0.0,0.125,0.0655086511227054,0.0,0.0,0,0,S1-323657094,S2-995003429,0
0.4736842105263157,0.4736842105263157,0.037037037037037,0.037037037037037,0.2637362637362637,0.0,0,0,0,0.0,0.1428571428571428,0.0631465038164874,0.0,0.0,0,0,S1-472002771,S2-600035624,0
0.3272727272727272,0.3272727272727272,0.0238095238095238,0.0238095238095238,0.0,0.0,0,0,0,0.0,0.125,0.0693340506133512,0.0,0.0,0,1,S1-472002771,S2-901203153,0
0.360655737704918,0.360655737704918,0.1081081081081081,0.1081081081081081,0.2266666666666666,0.0,0,0,0,0.0,0.3333333333333333,0.1618687277490994,0.0,0.0,0,0,S1-472002771,S2-497815809,0
0.2745098039215686,0.2745098039215686,0.0833333333333333,0.0833333333333333,0.238095238095238,0.0,0,0,0,0.0,0.2857142857142857,0.1642058209737241,0.0,0.0,0,0,S1-472002771,S2-920578119,0
0.45,0.45,0.0344827586206896,0.0344827586206896,0.2376237623762376,0.0,0,0,0,0.0,0.1428571428571428,0.07505564392444,0.0,0.0,0,0,S1-472002771,S2-814825886,0
0.3333333333333333,0.3333333333333333,0.0232558139534883,0.0232558139534883,0.3157894736842105,0.0,0,0,0,0.0,0.1428571428571428,0.0463804949078229,0.0,0.0,0,0,S1-528308886,S2-214339150,0
0.15,0.15,0.032258064516129,0.032258064516129,0.360655737704918,0.0,0,0,0,0.0,0.2,0.0587485691454637,0.0,0.0,0,0,S1-528308886,S2-955374431,0
0.3773584905660377,0.3773584905660377,0.048780487804878,0.048780487804878,0.2368421052631578,0.0,0,0,0,0.0,0.1428571428571428,0.0503545957540715,0.0,0.0,0,0,S1-528308886,S2-786885600,0
0.28,0.28,0.025,0.025,0.3768115942028985,0.0,0,0,0,0.0,0.1666666666666666,0.0482627043315786,0.0,0.0,0,0,S1-528308886,S2-77850277,0
0.2631578947368421,0.2631578947368421,0.0344827586206896,0.0344827586206896,0.3478260869565217,0.0,0,0,0,0.0,0.2,0.0731403610411504,0.0,0.0,0,0,S1-528308886,S2-5411904,0
0.2307692307692307,0.2307692307692307,0.025,0.025,0.3283582089552239,0.0,0,0,0,0.0,0.125,0.0566227902633773,0.0,0.0,0,0,S1-364885957,S2-907695861,0
0.3809523809523809,0.3809523809523809,0.0666666666666666,0.0666666666666666,0.1846153846153846,0.0,0,0,0,0.0,0.1428571428571428,0.0513985027714894,0.0,0.0,0,0,S1-364885957,S2-478172701,0
0.3181818181818182,0.3181818181818182,0.03125,0.03125,0.15625,0.0,0,0,0,0.0,0.125,0.0542471358878039,0.0,0.0,0,0,S1-364885957,S2-875242013,0
0.35,0.35,0.0357142857142857,0.0357142857142857,0.15625,0.0,0,0,0,0.0,0.125,0.0421630104854506,0.0,0.0,0,0,S1-364885957,S2-149780376,0
0.4074074074074074,0.4074074074074074,0.03125,0.03125,0.1,0.0,0,0,0,0.0,0.125,0.0404381567309683,0.0,0.0,0,0,S1-364885957,S2-255852747,0
0.3043478260869565,0.3043478260869565,0.0285714285714285,0.0285714285714285,0.2950819672131147,0.0,0,0,0,0.0,0.1428571428571428,0.0613719838908743,0.0,0.0,0,0,S1-148195452,S2-52030436,0
0.3076923076923077,0.3076923076923077,0.0344827586206896,0.0344827586206896,0.2318840579710145,0.0,0,0,0,0.0,0.1666666666666666,0.066427115212536,0.0,0.0,0,0,S1-148195452,S2-757872658,0
0.3571428571428571,0.3571428571428571,0.0227272727272727,0.0227272727272727,0.3768115942028985,0.0,0,0,0,0.0,0.125,0.0498708690975194,0.0,0.0,0,0,S1-148195452,S2-157683888,0
0.1764705882352941,0.1764705882352941,0.04,0.04,0.4482758620689655,0.0,0,0,0,0.0,0.2,0.0873335019781425,0.1111111111111111,0.1111111111111111,0,0,S1-148195452,S2-112337617,0
0.3111111111111111,0.3111111111111111,0.0285714285714285,0.0285714285714285,0.2191780821917808,0.0,0,0,0,0.0,0.1666666666666666,0.065634434363526,0.0,0.0,0,0,S1-148195452,S2-960244274,0
0.4615384615384615,0.4615384615384615,0.0555555555555555,0.0555555555555555,0.2121212121212121,0.0,0,0,0,0.0,0.25,0.0737613858690511,0.0,0.0,0,0,S1-36221003,S2-970513240,0
0.3428571428571428,0.3428571428571428,0.125,0.125,0.2903225806451613,0.0,0,0,0,0.0,0.2,0.0667555364501739,0.0,0.0,0,0,S1-36221003,S2-569019785,0
0.3043478260869565,0.3043478260869565,0.0277777777777777,0.0277777777777777,0.0,0.0,0,0,0,0.0,0.1666666666666666,0.0588508883292081,0.0,0.0,0,1,S1-36221003,S2-430199267,0
0.3870967741935484,0.3870967741935484,0.0476190476190476,0.0476190476190476,0.0,0.0,0,0,0,0.0,0.1666666666666666,0.0574513959622058,0.0,0.0,0,1,S1-36221003,S2-174330954,0
0.3333333333333333,0.3333333333333333,0.0277777777777777,0.0277777777777777,0.417910447761194,0.0,0,0,0,0.0,0.1428571428571428,0.052571998052453,0.0769230769230769,0.0769230769230769,0,0,S1-36221003,S2-504118863,0
0.5625,0.5625,0.2926829268292683,0.2926829268292683,0.3259259259259259,0.0,0,0,0,0.0,0.2857142857142857,0.1021380251733371,0.0588235294117647,0.0588235294117647,0,0,S1-697554505,S2-385285395,0
0.2153846153846154,0.2153846153846154,0.0588235294117647,0.0588235294117647,0.2307692307692307,0.0,0,0,0,0.0,0.125,0.0735913633907968,0.0,0.0,0,0,S1-697554505,S2-568836321,0
0.4262295081967213,0.4262295081967213,0.1363636363636363,0.1363636363636363,0.2903225806451613,0.0,0,0,0,0.0,0.1428571428571428,0.046681597477908,0.0,0.0,0,0,S1-697554505,S2-905745733,0
0.3943661971830985,0.3943661971830985,0.1346153846153846,0.1346153846153846,0.0,0.0,0,0,0,0.0,0.1111111111111111,0.0402441738232677,0.0,0.0,1,1,S1-697554505,S2-721018947,0
0.44,0.44,0.1428571428571428,0.1428571428571428,0.2692307692307692,0.0,0,0,0,0.0,0.1428571428571428,0.0486944441515547,0.0909090909090909,0.0909090909090909,0,0,S1-697554505,S2-953539608,0
0.4776119402985074,0.4776119402985074,0.0980392156862745,0.0980392156862745,0.1629629629629629,0.0,0,0,0,0.0,0.125,0.0375436338346307,0.05,0.0499999999999999,1,0,S1-521070151,S2-927333668,0
0.3846153846153846,0.3846153846153846,0.1818181818181818,0.1818181818181818,0.2574257425742574,0.0,0,0,0,0.0,0.25,0.0813181009646606,0.0,0.0,0,0,S1-521070151,S2-810128492,0
0.5797101449275363,0.5797101449275363,0.2954545454545454,0.2954545454545454,0.1568627450980392,0.0,0,0,0,0.0,0.2857142857142857,0.0973237984936975,0.0,0.0,0,0,S1-521070151,S2-243703156,0
0.4193548387096774,0.4193548387096774,0.1063829787234042,0.1063829787234042,0.3278688524590163,0.0,0,0,0,0.0,0.1428571428571428,0.0422655708245021,0.0555555555555555,0.0555555555555555,0,0,S1-521070151,S2-185862053,0
0.6944444444444444,0.6944444444444444,0.2978723404255319,0.2978723404255319,0.323943661971831,0.0,0,0,0,0.0,0.2857142857142857,0.0799752308282995,0.0476190476190476,0.0476190476190476,0,0,S1-521070151,S2-718106961,0
0.3529411764705882,0.3529411764705882,0.025,0.025,0.2222222222222222,0.0,0,0,0,0.0,0.1428571428571428,0.0406869332563129,0.0,0.0,0,0,S1-307635173,S2-258605123,0
0.4615384615384615,0.4615384615384615,0.0344827586206896,0.0344827586206896,0.3928571428571428,0.0,0,0,0,0.0,0.1666666666666666,0.0481142899615634,0.0,0.0,0,0,S1-307635173,S2-886046860,0
0.2857142857142857,0.2857142857142857,0.054054054054054,0.054054054054054,0.2985074626865671,0.0,0,0,0,0.0,0.1428571428571428,0.0388425786793511,0.0,0.0,0,0,S1-307635173,S2-143871008,0
0.3902439024390244,0.3902439024390244,0.032258064516129,0.032258064516129,0.25,0.0,0,0,0,0.0,0.1666666666666666,0.0483803597809071,0.0,0.0,1,0,S1-307635173,S2-81309128,0
0.3333333333333333,0.3333333333333333,0.037037037037037,0.037037037037037,0.3478260869565217,0.0,0,0,0,0.0,0.2,0.063890429695828,0.0,0.0,0,0,S1-307635173,S2-467510865,0
0.3809523809523809,0.3809523809523809,0.1333333333333333,0.1333333333333333,0.175438596491228,0.0,0,0,0,0.0,0.2,0.1623542552792827,0.0,0.0,0,0,S1-801982051,S2-136334226,0
0.4705882352941176,0.4705882352941176,0.1111111111111111,0.1111111111111111,0.3393939393939394,0.0,0,0,0,0.0,0.1666666666666666,0.1542309237337558,0.0416666666666666,0.0416666666666666,0,0,S1-801982051,S2-12768348,0
0.4,0.4,0.0975609756097561,0.0975609756097561,0.2038216560509554,0.0,0,0,0,0.0,0.1428571428571428,0.1216208657124854,0.0,0.0,0,0,S1-801982051,S2-57844832,0
0.2926829268292683,0.2926829268292683,0.1379310344827586,0.1379310344827586,0.2666666666666666,0.0,0,0,0,0.0,0.2,0.1642269402131903,0.0,0.0,0,0,S1-801982051,S2-232910371,0
0.5238095238095238,0.5238095238095238,0.1333333333333333,0.1333333333333333,0.224,0.0,0,0,0,0.0,0.2,0.1645308009433165,0.0,0.0,1,0,S1-801982051,S2-831399457,0
0.6086956521739131,0.6086956521739131,0.2142857142857142,0.2142857142857142,0.2972972972972973,0.0,0,0,0,0.0,0.3333333333333333,0.309874779151487,0.0,0.0,0,0,S1-442099395,S2-575404746,0
0.5333333333333333,0.5333333333333333,0.2222222222222222,0.2222222222222222,0.2857142857142857,0.0,0,0,0,0.0,0.25,0.264315700912713,0.0,0.0,0,0,S1-442099395,S2-72823922,0
0.782608695652174,0.782608695652174,0.3076923076923077,0.3076923076923077,0.3692307692307692,0.0,0,0,0,0.0,0.3333333333333333,0.3564730181389078,0.0,0.0,0,0,S1-442099395,S2-828955769,0
0.4705882352941176,0.4705882352941176,0.1304347826086956,0.1304347826086956,0.2727272727272727,0.0,0,0,0,0.0,0.2,0.2842716560526639,0.0,0.0,0,0,S1-442099395,S2-655316441,0
0.6428571428571429,0.6428571428571429,0.2352941176470588,0.2352941176470588,0.3478260869565217,0.0,0,0,0,0.0,0.25,0.2926935577357916,0.0,0.0,0,0,S1-442099395,S2-184844130,0
0.4545454545454545,0.4545454545454545,0.0625,0.0625,0.1774193548387097,0.0,0,0,0,0.0,0.1428571428571428,0.0690766123908328,0.0,0.0,0,0,S1-817898491,S2-604410312,0
0.3,0.3,0.0714285714285714,0.0714285714285714,0.2711864406779661,0.0,0,0,0,0.0,0.3333333333333333,0.1767550956153173,0.0,0.0,0,0,S1-817898491,S2-514164145,0
0.4285714285714285,0.4285714285714285,0.1428571428571428,0.1428571428571428,0.1132075471698113,0.0,0,0,0,0.0,0.3333333333333333,0.1769567524856786,0.0,0.0,0,0,S1-817898491,S2-146008664,0
0.4444444444444444,0.4444444444444444,0.1333333333333333,0.1333333333333333,0.3372093023255814,0.0,0,0,0,0.0,0.2857142857142857,0.1473791500733846,0.04,0.0399999999999999,0,0,S1-817898491,S2-75505577,0
0.4242424242424242,0.4242424242424242,0.0952380952380952,0.0952380952380952,0.2947368421052631,0.0,0,0,0,0.0,0.3333333333333333,0.1594407501948551,0.0,0.0,0,0,S1-817898491,S2-704648035,0
0.2692307692307692,0.2692307692307692,0.025,0.025,0.3773584905660377,0.0,0,0,0,0.0,0.125,0.032559472801721,0.0,0.0,0,0,S1-521250108,S2-264356042,0
0.4,0.4,0.0232558139534883,0.0232558139534883,0.3157894736842105,0.0,0,0,0,0.0,0.125,0.0354587419557678,0.0,0.0,0,0,S1-521250108,S2-717616158,0
0.3809523809523809,0.3809523809523809,0.03125,0.03125,0.2181818181818181,0.0,0,0,0,0.0,0.1666666666666666,0.0413198216614027,0.0,0.0,0,0,S1-521250108,S2-570121183,0
0.391304347826087,0.391304347826087,0.0588235294117647,0.0588235294117647,0.0,0.0,0,0,0,0.0,0.1428571428571428,0.037660699819395,0.0,0.0,1,1,S1-521250108,S2-551186748,0
0.392156862745098,0.392156862745098,0.0256410256410256,0.0256410256410256,0.3934426229508196,0.0,0,0,0,0.0,0.125,0.0365000653511304,0.1111111111111111,0.1111111111111111,0,0,S1-521250108,S2-982403033,0
0.3636363636363636,0.3636363636363636,0.0238095238095238,0.0238095238095238,0.2653061224489796,0.0,0,0,0,0.0,0.1428571428571428,0.0781087887673476,0.0,0.0,0,0,S1-22371758,S2-154629650,0
0.3333333333333333,0.3333333333333333,0.0238095238095238,0.0238095238095238,0.2365591397849462,0.0,0,0,0,0.0,0.125,0.0670709831366559,0.0,0.0,0,0,S1-22371758,S2-456833676,0
0.782608695652174,0.782608695652174,0.5,0.5,0.1935483870967742,0.0,0,0,0,0.0,0.6,0.3770369815829089,0.0454545454545454,0.0454545454545454,0,0,S1-22371758,S2-428029762,0
0.4615384615384615,0.4615384615384615,0.1666666666666666,0.1666666666666666,0.0840336134453781,0.0,0,0,0,0.0,0.1428571428571428,0.1246523959875741,0.0,0.0,0,0,S1-22371758,S2-411500333,0
0.375,0.375,0.2093023255813953,0.2093023255813953,0.3103448275862069,0.0,0,0,0,0.0,0.25,0.1256204698585158,0.0588235294117647,0.0588235294117647,0,0,S1-22371758,S2-140860054,0
0.5172413793103449,0.5172413793103449,0.1463414634146341,0.1463414634146341,0.1353383458646616,0.0,0,0,0,0.0,0.1666666666666666,0.0629753753387367,0.0,0.0,0,0,S1-983010402,S2-969852468,0
0.3859649122807017,0.3859649122807017,0.1219512195121951,0.1219512195121951,0.2992125984251969,0.0,0,0,0,0.0,0.1666666666666666,0.0723134770847878,0.0,0.0,0,0,S1-983010402,S2-459175414,0
0.6388888888888888,0.6388888888888888,0.2765957446808511,0.2765957446808511,0.2434782608695652,0.0,0,0,0,0.0,0.3333333333333333,0.1082393859024737,0.0,0.0,0,0,S1-983010402,S2-778615935,0
0.5245901639344263,0.5245901639344263,0.1666666666666666,0.1666666666666666,0.52,0.0,0,0,0,0.0,0.1428571428571428,0.0659701332638595,0.1111111111111111,0.111111111111111,0,0,S1-983010402,S2-734315659,0
0.5573770491803278,0.5573770491803278,0.1666666666666666,0.1666666666666666,0.2941176470588235,0.0,0,0,0,0.0,0.1428571428571428,0.0425781741007032,0.0769230769230769,0.0769230769230769,0,0,S1-983010402,S2-64465381,0
0.2745098039215686,0.2745098039215686,0.0789473684210526,0.0789473684210526,0.3647798742138364,0.0,0,0,0,0.0,0.3333333333333333,0.1300461075013828,0.0869565217391304,0.0869565217391304,0,0,S1-584177675,S2-620063271,0
0.3188405797101449,0.3188405797101449,0.0175438596491228,0.0175438596491228,0.203125,0.0,0,0,0,0.0,0.125,0.050267431137851,0.0,0.0,0,0,S1-584177675,S2-742454955,0
0.5396825396825397,0.5396825396825397,0.02,0.02,0.206060606060606,0.0,0,0,0,0.0,0.125,0.0582940124004163,0.0,0.0,0,0,S1-584177675,S2-726231264,0
0.392156862745098,0.392156862745098,0.0263157894736842,0.0263157894736842,0.3804347826086957,0.2,1,1,1,0.0,0.1428571428571428,0.0576879497871915,0.0357142857142857,0.0357142857142857,0,0,S1-584177675,S2-222153522,0
0.6538461538461539,0.6538461538461539,0.0769230769230769,0.0769230769230769,0.1034482758620689,0.0,0,0,0,0.0,0.1428571428571428,0.0612662564909532,0.0416666666666666,0.0416666666666666,0,0,S1-584177675,S2-496957962,0
0.4888888888888889,0.4888888888888889,0.1612903225806451,0.1612903225806451,0.1666666666666666,0.0,0,0,0,0.0,0.1666666666666666,0.077315002343255,0.0,0.0,0,0,S1-108551334,S2-639700532,0
0.4363636363636363,0.4363636363636363,0.125,0.125,0.3565891472868217,0.0,0,0,0,0.0,0.1428571428571428,0.0509879335959806,0.0588235294117647,0.0588235294117647,0,0,S1-108551334,S2-336736780,0
0.3793103448275862,0.3793103448275862,0.1428571428571428,0.1428571428571428,0.2587064676616915,0.2,1,1,1,0.0,0.1428571428571428,0.0520022493038746,0.0357142857142857,0.0357142857142857,0,0,S1-108551334,S2-905097590,0
0.3666666666666666,0.3666666666666666,0.1111111111111111,0.1111111111111111,0.1969696969696969,0.0,0,0,0,0.0,0.1428571428571428,0.0431777463720131,0.0555555555555555,0.0555555555555555,0,0,S1-108551334,S2-441944200,0
0.4528301886792453,0.4528301886792453,0.1282051282051282,0.1282051282051282,0.3717948717948718,0.3333333333333333,1,1,1,0.0,0.1666666666666666,0.0745743745788247,0.0909090909090909,0.0909090909090908,0,0,S1-108551334,S2-158267007,0
0.4444444444444444,0.4444444444444444,0.1935483870967742,0.1935483870967742,0.2222222222222222,0.0,0,0,0,0.0,0.2,0.1720869734038034,0.0,0.0,0,0,S1-38052274,S2-835581207,0
0.3829787234042553,0.3829787234042553,0.0571428571428571,0.0571428571428571,0.1518987341772152,0.0,0,0,0,0.0,0.1428571428571428,0.1053632245411621,0.0,0.0,0,0,S1-38052274,S2-462422692,0
0.4307692307692308,0.4307692307692308,0.125,0.125,0.2933333333333333,0.0,0,0,0,0.0,0.125,0.1613681968960032,0.0,0.0,1,0,S1-38052274,S2-924934259,0
0.3636363636363636,0.3636363636363636,0.0606060606060606,0.0606060606060606,0.3,0.0,0,0,0,0.0,0.1666666666666666,0.1151146284833252,0.0,0.0,0,0,S1-38052274,S2-602479047,0
0.5714285714285714,0.5714285714285714,0.1219512195121951,0.1219512195121951,0.225,0.0,0,0,0,0.0,0.1428571428571428,0.1334059210489697,0.0,0.0,1,0,S1-38052274,S2-630593071,0
0.6808510638297872,0.6808510638297872,0.3928571428571428,0.3928571428571428,0.956989247311828,1.0,2,1,7,0.0,0.5,0.6322576488807454,0.8823529411764706,0.8823529411764706,0,0,S1-470239930,S2-347746473,1
0.3076923076923077,0.3076923076923077,0.05,0.05,0.288,0.0,0,0,0,0.0,0.1428571428571428,0.1346031792545605,0.0,0.0,0,0,S1-470239930,S2-899484431,0
0.5581395348837209,0.5581395348837209,0.1333333333333333,0.1333333333333333,0.0,0.0,0,0,0,0.0,0.1666666666666666,0.1577961870937536,0.0,0.0,1,1,S1-470239930,S2-936401051,0
0.3846153846153846,0.3846153846153846,0.075,0.075,0.5131578947368421,0.0,0,0,0,0.0,0.1666666666666666,0.1936558424013766,0.2,0.1999999999999999,0,0,S1-470239930,S2-866425356,0
0.32,0.32,0.1081081081081081,0.1081081081081081,0.2428571428571428,0.0,0,0,0,0.0,0.1666666666666666,0.1470486030350724,0.0434782608695652,0.0434782608695652,0,0,S1-470239930,S2-236095143,0
0.2857142857142857,0.2857142857142857,0.0625,0.0625,0.2047244094488189,0.0,0,0,0,0.0,0.2,0.1516332682291701,0.0,0.0,0,0,S1-470239930,S2-142542718,0
0.5217391304347826,0.5217391304347826,0.125,0.125,0.3070175438596491,0.0,0,0,0,0.0,0.3333333333333333,0.1421435624196894,0.0909090909090909,0.0909090909090908,0,0,S1-62027609,S2-856605032,0
0.3396226415094339,0.3396226415094339,0.024390243902439,0.024390243902439,0.3503649635036496,0.0,0,0,0,0.0,0.125,0.0644955165188545,0.1,0.0999999999999999,0,0,S1-62027609,S2-443505048,0
0.3278688524590163,0.3278688524590163,0.0204081632653061,0.0204081632653061,0.140625,0.0,0,0,0,0.0,0.125,0.0620753707596208,0.0,0.0,0,0,S1-62027609,S2-382068231,0
0.3181818181818182,0.3181818181818182,0.0294117647058823,0.0294117647058823,0.2689075630252101,0.0,0,0,0,0.0,0.1666666666666666,0.0643870081994084,0.0555555555555555,0.0555555555555555,0,0,S1-62027609,S2-75182689,0
0.3555555555555555,0.3555555555555555,0.0285714285714285,0.0285714285714285,0.2162162162162162,0.0,0,0,0,0.0,0.1666666666666666,0.0746338561014905,0.0,0.0,0,0,S1-62027609,S2-519934734,0
0.4864864864864865,0.4864864864864865,0.2,0.2,0.2909090909090909,0.0,0,0,0,0.0,0.25,0.2791825693995007,0.0,0.0,0,0,S1-960426400,S2-481718637,0
0.4651162790697674,0.4651162790697674,0.1666666666666666,0.1666666666666666,0.1851851851851851,0.0,0,0,0,0.0,0.2,0.1572744354356771,0.0,0.0,0,0,S1-960426400,S2-832061298,0
0.4736842105263157,0.4736842105263157,0.2,0.2,0.3389830508474576,0.0,0,0,0,0.0,0.2,0.1813007522600403,0.0,0.0,0,0,S1-960426400,S2-623880468,0
0.5128205128205128,0.5128205128205128,0.1923076923076923,0.1923076923076923,0.25,0.0,0,0,0,0.0,0.2,0.2461672777961183,0.0,0.0,0,0,S1-960426400,S2-188115207,0
0.4285714285714285,0.4285714285714285,0.1724137931034483,0.1724137931034483,0.3666666666666666,0.0,0,0,0,0.0,0.2,0.181330905446933,0.1111111111111111,0.1111111111111111,1,0,S1-960426400,S2-812643664,0
0.5853658536585366,0.5853658536585366,0.3076923076923077,0.3076923076923077,0.2528735632183908,0.0,0,0,0,0.0,0.25,0.1437207616249638,0.0,0.0,0,0,S1-776894374,S2-818125167,0
0.4444444444444444,0.4444444444444444,0.2162162162162162,0.2162162162162162,0.1818181818181818,0.0,0,0,0,0.0,0.1666666666666666,0.1203191576994404,0.0,0.0,1,0,S1-776894374,S2-16560660,0
0.5531914893617021,0.5531914893617021,0.2666666666666666,0.2666666666666666,0.2040816326530612,0.0,0,0,0,0.0,0.2,0.1460261288472842,0.0,0.0,0,0,S1-776894374,S2-604763898,0
0.5306122448979592,0.5306122448979592,0.2424242424242424,0.2424242424242424,0.119047619047619,0.0,0,0,0,0.0,0.2,0.1123183019053219,0.0,0.0,0,0,S1-776894374,S2-718291546,0
0.5,0.5,0.2051282051282051,0.2051282051282051,0.2197802197802197,0.0,0,0,0,0.0,0.1666666666666666,0.1123752730546057,0.0,0.0,0,0,S1-776894374,S2-430357089,0
0.3870967741935484,0.3870967741935484,0.0434782608695652,0.0434782608695652,0.2307692307692307,0.0,0,0,0,0.0,0.25,0.0741468927409637,0.0,0.0,0,0,S1-979544001,S2-174235168,0
0.3157894736842105,0.3157894736842105,0.0344827586206896,0.0344827586206896,0.1866666666666666,0.0,0,0,0,0.0,0.2,0.0561825624864038,0.0,0.0,0,0,S1-979544001,S2-928588719,0
0.5142857142857142,0.5142857142857142,0.0769230769230769,0.0769230769230769,0.0727272727272727,0.0,0,0,0,0.0,0.25,0.0658188873702916,0.1111111111111111,0.1111111111111111,1,0,S1-979544001,S2-704872902,0
0.3783783783783784,0.3783783783783784,0.037037037037037,0.037037037037037,0.2181818181818181,0.0,0,0,0,0.0,0.2,0.0566949896857877,0.0,0.0,0,0,S1-979544001,S2-124519520,0
0.4444444444444444,0.4444444444444444,0.0526315789473684,0.0526315789473684,0.2033898305084746,0.0,0,0,0,0.0,0.25,0.079800384184605,0.0,0.0,0,0,S1-979544001,S2-786111039,0
0.6111111111111112,0.6111111111111112,0.16,0.16,0.2898550724637681,0.0,0,0,0,0.0,0.3333333333333333,0.3616314514787103,0.0,0.0,0,0,S1-92171564,S2-331311420,0
0.7027027027027027,0.7027027027027027,0.3478260869565217,0.3478260869565217,0.1538461538461538,0.0,0,0,0,0.0,0.3333333333333333,0.3258660552351853,0.0,0.0,0,0,S1-92171564,S2-471575305,0
0.6666666666666666,0.6666666666666666,0.3333333333333333,0.3333333333333333,0.3278688524590163,0.0,0,0,0,0.0,0.25,0.2946462217643095,0.0,0.0,0,0,S1-92171564,S2-850872556,0
0.6857142857142857,0.6857142857142857,0.3809523809523809,0.3809523809523809,0.1403508771929824,0.0,0,0,0,0.0,0.3333333333333333,0.3283385303128225,0.0,0.0,0,0,S1-92171564,S2-140890220,0
0.6857142857142857,0.6857142857142857,0.3809523809523809,0.3809523809523809,0.2153846153846154,0.0,0,0,0,0.0,0.3333333333333333,0.2683448037466001,0.0,0.0,0,0,S1-92171564,S2-4398175,0
0.8571428571428571,0.8571428571428571,0.8125,0.8125,0.7755102040816326,0.5,1,1,2,0.0,0.0,0.0,0.2857142857142857,0.2857142857142857,0,0,S1-595246384,S2-261144736,1
0.3043478260869565,0.3043478260869565,0.0285714285714285,0.0285714285714285,0.2909090909090909,0.0,0,0,0,0.0,0.2,0.0545077460611315,0.0,0.0,0,0,S1-595246384,S2-857339766,0
0.358974358974359,0.358974358974359,0.0333333333333333,0.0333333333333333,0.2264150943396226,0.0,0,0,0,0.0,0.2,0.0692037835788837,0.0,0.0,0,0,S1-595246384,S2-636771725,0
0.303030303030303,0.303030303030303,0.0181818181818181,0.0181818181818181,0.2666666666666666,0.0,0,0,0,0.0,0.1428571428571428,0.0491022491338216,0.0,0.0,0,0,S1-595246384,S2-351779082,0
0.3809523809523809,0.3809523809523809,0.0294117647058823,0.0294117647058823,0.2222222222222222,0.0,0,0,0,0.0,0.25,0.0700340914110733,0.0,0.0,0,0,S1-595246384,S2-801127545,0
0.2631578947368421,0.2631578947368421,0.0344827586206896,0.0344827586206896,0.3103448275862069,0.0,0,0,0,0.0,0.2,0.0514146404776147,0.0,0.0,0,0,S1-595246384,S2-47581543,0
0.3076923076923077,0.3076923076923077,0.0333333333333333,0.0333333333333333,0.3129251700680272,0.0,0,0,0,0.0,0.2,0.1522867466448671,0.0454545454545454,0.0454545454545454,0,0,S1-655394702,S2-700242490,0
0.2622950819672131,0.2622950819672131,0.0408163265306122,0.0408163265306122,0.25,0.0,0,0,0,0.0,0.1428571428571428,0.099898075496009,0.1111111111111111,0.111111111111111,0,0,S1-655394702,S2-469071732,0
0.36,0.36,0.025,0.025,0.1456953642384106,0.0,0,0,0,0.0,0.1666666666666666,0.1149188966431135,0.1428571428571428,0.1428571428571428,0,0,S1-655394702,S2-22926368,0
0.4390243902439024,0.4390243902439024,0.03125,0.03125,0.1195652173913043,0.0,0,0,0,0.0,0.2,0.1167285861758719,0.1153846153846153,0.1153846153846153,0,0,S1-655394702,S2-25708619,0
0.8181818181818182,0.8181818181818182,0.5,0.5,0.1300813008130081,0.0,0,0,0,0.0,0.5,0.4487443655258721,0.0,0.0,0,0,S1-655394702,S2-814853152,0
0.4878048780487805,0.4878048780487805,0.0666666666666666,0.0666666666666666,0.3235294117647059,0.0,0,0,0,0.0,0.1666666666666666,0.1061050156760698,0.0,0.0,1,0,S1-860329153,S2-225500801,0
0.5128205128205128,0.5128205128205128,0.1481481481481481,0.1481481481481481,0.1408450704225352,0.0,0,0,0,0.0,0.2,0.2001798384048957,0.0,0.0,0,0,S1-860329153,S2-35858812,0
0.4,0.4,0.0666666666666666,0.0666666666666666,0.3661971830985915,0.0,0,0,0,0.0,0.2,0.1440353142721881,0.0,0.0,0,0,S1-860329153,S2-849787980,0
0.2413793103448276,0.2413793103448276,0.0434782608695652,0.0434782608695652,0.0,0.0,0,0,0,0.0,0.1428571428571428,0.1063736661468172,0.0,0.0,0,1,S1-860329153,S2-227360637,0
0.4827586206896552,0.4827586206896552,0.1,0.1,0.2666666666666666,0.0,0,0,0,0.0,0.25,0.1824471041604534,0.0,0.0,0,0,S1-860329153,S2-118357205,0
0.35,0.35,0.0333333333333333,0.0333333333333333,0.4210526315789473,0.0,0,0,0,0.0,0.1666666666666666,0.165002644115628,0.0,0.0,0,0,S1-132726348,S2-103194364,0
0.4285714285714285,0.4285714285714285,0.05,0.05,0.2162162162162162,0.0,0,0,0,0.0,0.25,0.2346426500934987,0.0,0.0,0,0,S1-132726348,S2-217664115,0
0.4210526315789473,0.4210526315789473,0.037037037037037,0.037037037037037,0.2972972972972973,0.0,0,0,0,0.0,0.2,0.1693211522716679,0.0,0.0,0,0,S1-132726348,S2-833825636,0
0.3636363636363636,0.3636363636363636,0.0666666666666666,0.0666666666666666,0.3614457831325301,0.0,0,0,0,0.0,0.3333333333333333,0.2821223001851189,0.0,0.0,1,0,S1-132726348,S2-617320269,0
0.2702702702702703,0.2702702702702703,0.037037037037037,0.037037037037037,0.1518987341772152,0.0,0,0,0,0.0,0.1666666666666666,0.150866649866608,0.0,0.0,0,0,S1-132726348,S2-886204153,0
0.5230769230769231,0.5230769230769231,0.1914893617021276,0.1914893617021276,0.1839080459770115,0.0,0,0,0,0.0,0.1666666666666666,0.1594383007049511,0.0,0.0,0,0,S1-471036556,S2-19340872,0
0.3103448275862069,0.3103448275862069,0.1136363636363636,0.1136363636363636,0.2195121951219512,0.0,0,0,0,0.0,0.1666666666666666,0.1527898569983611,0.0,0.0,0,0,S1-471036556,S2-531653094,0
0.4507042253521127,0.4507042253521127,0.1764705882352941,0.1764705882352941,0.2352941176470588,0.0,0,0,0,0.0,0.125,0.1082902549495487,0.0,0.0,0,0,S1-471036556,S2-888584005,0
0.4,0.4,0.1333333333333333,0.1333333333333333,0.1348314606741573,0.0,0,0,0,0.0,0.1666666666666666,0.1415028657435801,0.0,0.0,0,0,S1-471036556,S2-907011794,0
0.4615384615384615,0.4615384615384615,0.2363636363636363,0.2363636363636363,0.3076923076923077,0.0,0,0,0,0.0,0.1428571428571428,0.1467185370105763,0.0,0.0,1,0,S1-471036556,S2-492669899,0
0.3548387096774194,0.3548387096774194,0.0204081632653061,0.0204081632653061,0.0547945205479452,0.0,0,0,0,0.0,0.125,0.045943257335618,0.0714285714285714,0.0714285714285714,0,0,S1-777263507,S2-756032032,0
0.4324324324324324,0.4324324324324324,0.087719298245614,0.087719298245614,0.136986301369863,0.0,0,0,0,0.0,0.1111111111111111,0.1139305317208937,0.0,0.0,0,0,S1-777263507,S2-161404994,0
0.4090909090909091,0.4090909090909091,0.09375,0.09375,0.2580645161290322,0.0,0,0,0,0.0,0.1666666666666666,0.0718130990432875,0.0,0.0,0,0,S1-777263507,S2-155641186,0
0.2539682539682539,0.2539682539682539,0.02,0.02,0.2571428571428571,0.0,0,0,0,0.0,0.1111111111111111,0.0389065415423126,0.0,0.0,0,0,S1-777263507,S2-599308593,0
0.4230769230769231,0.4230769230769231,0.0789473684210526,0.0789473684210526,0.4347826086956521,0.0,0,0,0,0.0,0.3333333333333333,0.2246024369420995,0.0,0.0,1,0,S1-777263507,S2-549915437,0
0.3934426229508196,0.3934426229508196,0.0652173913043478,0.0652173913043478,0.3561643835616438,0.0,0,0,0,0.0,0.1111111111111111,0.0909858536079981,0.0,0.0,0,0,S1-191756474,S2-228372424,0
0.4444444444444444,0.4444444444444444,0.0303030303030303,0.0303030303030303,0.2898550724637681,0.0,0,0,0,0.0,0.125,0.0989314872573192,0.0,0.0,0,0,S1-191756474,S2-743290701,0
0.4583333333333333,0.4583333333333333,0.0857142857142857,0.0857142857142857,0.2285714285714285,0.0,0,0,0,0.0,0.1428571428571428,0.1270273478739164,0.0,0.0,0,0,S1-191756474,S2-479732238,0
0.4545454545454545,0.4545454545454545,0.2142857142857142,0.2142857142857142,0.3058823529411765,0.0,0,0,0,0.0,0.1428571428571428,0.1187485281574445,0.0,0.0,0,0,S1-191756474,S2-831938783,0
0.2222222222222222,0.2222222222222222,0.0204081632653061,0.0204081632653061,0.1428571428571428,0.0,0,0,0,0.0,0.1,0.1006220812084263,0.0,0.0,1,0,S1-191756474,S2-573785986,0
0.52,0.52,0.1388888888888889,0.1388888888888889,0.2659574468085106,0.0,0,0,0,0.0,0.1666666666666666,0.0633442348181587,0.1153846153846153,0.1153846153846153,0,0,S1-615387280,S2-656783647,0
0.6545454545454545,0.6545454545454545,0.3529411764705882,0.3529411764705882,0.0,0.0,0,0,0,0.0,0.1666666666666666,0.0538671345789128,0.0,0.0,0,1,S1-615387280,S2-843419449,0
0.5581395348837209,0.5581395348837209,0.1333333333333333,0.1333333333333333,0.2674418604651162,0.0,0,0,0,0.0,0.1666666666666666,0.1052949418236685,0.0833333333333333,0.0833333333333333,0,0,S1-615387280,S2-50862682,0
0.5652173913043478,0.5652173913043478,0.2,0.2,0.1325301204819277,0.0,0,0,0,0.0,0.1428571428571428,0.0534944667011739,0.0,0.0,0,0,S1-615387280,S2-307446540,0
0.8518518518518519,0.8518518518518519,0.6296296296296297,0.6296296296296297,0.1004566210045662,0.0,0,0,0,0.0,0.6,0.3106098642239254,0.0967741935483871,0.096774193548387,1,0,S1-615387280,S2-254786189,0
0.2962962962962963,0.2962962962962963,0.0232558139534883,0.0232558139534883,0.1034482758620689,0.0,0,0,0,0.0,0.1428571428571428,0.0331472447989349,0.0,0.0,0,0,S1-257672216,S2-846401072,0
0.3043478260869565,0.3043478260869565,0.0294117647058823,0.0294117647058823,0.2,0.0,0,0,0,0.0,0.125,0.0326103196647822,0.0,0.0,0,0,S1-257672216,S2-655620999,0
0.175438596491228,0.175438596491228,0.0222222222222222,0.0222222222222222,0.21875,0.0,0,0,0,0.0,0.125,0.0321539375248712,0.0,0.0,0,0,S1-257672216,S2-485315165,0
0.3137254901960784,0.3137254901960784,0.025,0.025,0.1772151898734177,0.0,0,0,0,0.0,0.1428571428571428,0.0382570464998239,0.0,0.0,0,0,S1-257672216,S2-839763761,0
0.36,0.36,0.0256410256410256,0.0256410256410256,0.4545454545454545,0.0,0,0,0,0.0,0.1428571428571428,0.0354306666590778,0.0,0.0,0,0,S1-257672216,S2-663798519,0
0.6363636363636364,0.6363636363636364,0.2727272727272727,0.2727272727272727,0.2953020134228188,0.0,0,0,0,0.0,0.3333333333333333,0.1425623639158917,0.0869565217391304,0.0869565217391304,0,0,S1-730339344,S2-196204984,0
0.3928571428571428,0.3928571428571428,0.119047619047619,0.119047619047619,0.2580645161290322,0.0,0,0,0,0.0,0.1666666666666666,0.0715145537119264,0.0,0.0,0,0,S1-730339344,S2-424767728,0
0.4590163934426229,0.4590163934426229,0.1363636363636363,0.1363636363636363,0.1911764705882352,0.3333333333333333,1,1,1,0.0,0.1428571428571428,0.0530574263949981,0.1666666666666666,0.1666666666666666,0,0,S1-730339344,S2-849374247,0
0.425531914893617,0.425531914893617,0.1470588235294117,0.1470588235294117,0.3194444444444444,0.0,0,0,0,0.0,0.2,0.0734533693413926,0.0,0.0,0,0,S1-730339344,S2-429393647,0
0.5084745762711864,0.5084745762711864,0.2564102564102564,0.2564102564102564,0.3823529411764705,0.0,0,0,0,0.0,0.3333333333333333,0.139000080120776,0.0454545454545454,0.0454545454545454,0,0,S1-730339344,S2-579432065,0
0.6486486486486487,0.6486486486486487,0.2083333333333333,0.2083333333333333,0.2622950819672131,0.0,0,0,0,0.0,0.2,0.0513723123753908,0.0,0.0,0,0,S1-805465460,S2-577773321,0
0.6,0.6,0.1764705882352941,0.1764705882352941,0.275,0.0,0,0,0,0.0,0.1666666666666666,0.0397877929629235,0.0,0.0,0,0,S1-805465460,S2-67353376,0
0.5116279069767442,0.5116279069767442,0.1724137931034483,0.1724137931034483,0.1848739495798319,0.0,0,0,0,0.0,0.2,0.0536482586255899,0.0,0.0,0,0,S1-805465460,S2-176077370,0
0.6046511627906976,0.6046511627906976,0.2068965517241379,0.2068965517241379,0.328125,0.0,0,0,0,0.0,0.2,0.0479492206092097,0.0,0.0,0,0,S1-805465460,S2-669432376,0
0.5,0.5,0.1136363636363636,0.1136363636363636,0.2941176470588235,0.0,0,0,0,0.0,0.1428571428571428,0.0428263804505752,0.0,0.0,0,0,S1-805465460,S2-567467386,0
0.5365853658536586,0.5365853658536586,0.1666666666666666,0.1666666666666666,0.3384615384615385,0.0,0,0,0,0.0,0.1111111111111111,0.0935815738852121,0.0,0.0,0,0,S1-173853575,S2-468040642,0
0.5,0.5,0.2,0.2,0.1565217391304348,0.0,0,0,0,0.0,0.1428571428571428,0.1013374253610932,0.0,0.0,0,0,S1-173853575,S2-150284085,0
0.3582089552238806,0.3582089552238806,0.0555555555555555,0.0555555555555555,0.1612903225806451,0.0,0,0,0,0.0,0.1428571428571428,0.086755707408155,0.0,0.0,0,0,S1-173853575,S2-630504785,0
0.2727272727272727,0.2727272727272727,0.0576923076923076,0.0576923076923076,0.1666666666666666,0.0,0,0,0,0.0,0.1428571428571428,0.0877763588431901,0.0,0.0,0,0,S1-173853575,S2-748290286,0
0.5915492957746479,0.5915492957746479,0.3111111111111111,0.3111111111111111,0.3389830508474576,0.0,0,0,0,0.0,0.25,0.2806367615096434,0.0,0.0,0,0,S1-173853575,S2-714166116,0
0.2933333333333333,0.2933333333333333,0.0491803278688524,0.0491803278688524,0.3214285714285714,0.0,0,0,0,0.0,0.125,0.0447025529151674,0.0,0.0,0,0,S1-866725334,S2-323858830,0
0.3181818181818182,0.3181818181818182,0.0294117647058823,0.0294117647058823,0.4848484848484848,0.0,0,0,0,0.0,0.1666666666666666,0.0504000034794341,0.0909090909090909,0.0909090909090909,0,0,S1-866725334,S2-295009379,0
0.3278688524590163,0.3278688524590163,0.0204081632653061,0.0204081632653061,0.3283582089552239,0.0,0,0,0,0.0,0.125,0.0553274746690157,0.0,0.0,1,0,S1-866725334,S2-857110642,0
0.2608695652173913,0.2608695652173913,0.0277777777777777,0.0277777777777777,0.2424242424242424,0.0,0,0,0,0.0,0.1666666666666666,0.0694234169567476,0.0,0.0,0,0,S1-866725334,S2-65572893,0
0.2857142857142857,0.2857142857142857,0.03125,0.03125,0.1846153846153846,0.0,0,0,0,0.0,0.1666666666666666,0.0543156422061211,0.0,0.0,0,0,S1-866725334,S2-37621478,0
0.6176470588235294,0.6176470588235294,0.1333333333333333,0.1333333333333333,0.2769230769230769,0.0,0,0,0,0.0,0.1428571428571428,0.0432452928517571,0.0,0.0,1,0,S1-579682598,S2-859910503,0
0.6666666666666666,0.6666666666666666,0.2926829268292683,0.2926829268292683,0.2956521739130435,0.0,0,0,0,0.0,0.3333333333333333,0.1041398887239282,0.0,0.0,0,0,S1-579682598,S2-234416642,0
0.5797101449275363,0.5797101449275363,0.2553191489361702,0.2553191489361702,0.3034482758620689,0.0,0,0,0,0.0,0.3333333333333333,0.1267724893508354,0.0,0.0,0,0,S1-579682598,S2-712400228,0
0.4482758620689655,0.4482758620689655,0.1428571428571428,0.1428571428571428,0.231578947368421,0.0,0,0,0,0.0,0.1666666666666666,0.061125422005475,0.0,0.0,1,0,S1-579682598,S2-321160376,0
0.48,0.48,0.1388888888888889,0.1388888888888889,0.144,0.0,0,0,0,0.0,0.1666666666666666,0.0536702091477501,0.05,0.0499999999999999,0,0,S1-579682598,S2-230261448,0
0.4081632653061224,0.4081632653061224,0.0263157894736842,0.0263157894736842,0.28125,0.0,0,0,0,0.0,0.1428571428571428,0.0549177614609001,0.0,0.0,0,0,S1-396475276,S2-875846425,0
0.3902439024390244,0.3902439024390244,0.0689655172413793,0.0689655172413793,0.3561643835616438,0.0,0,0,0,0.0,0.1428571428571428,0.0503257110704,0.0,0.0,0,0,S1-396475276,S2-656965817,0
0.3888888888888889,0.3888888888888889,0.0384615384615384,0.0384615384615384,0.1875,0.0,0,0,0,0.0,0.1666666666666666,0.0548277975656758,0.0,0.0,0,0,S1-396475276,S2-217066993,0
0.3,0.3,0.0344827586206896,0.0344827586206896,0.2181818181818181,0.0,0,0,0,0.0,0.1666666666666666,0.0566230542417799,0.0,0.0,0,0,S1-396475276,S2-170746855,0
0.3174603174603174,0.3174603174603174,0.0196078431372549,0.0196078431372549,0.3529411764705882,0.0,0,0,0,0.0,0.125,0.0389487839082158,0.0,0.0,0,0,S1-396475276,S2-620290176,0
0.6785714285714286,0.6785714285714286,0.3529411764705882,0.3529411764705882,0.1694915254237288,0.0,0,0,0,0.0,0.3333333333333333,0.1554944175091068,0.0,0.0,0,0,S1-365077515,S2-88861379,0
0.4897959183673469,0.4897959183673469,0.1428571428571428,0.1428571428571428,0.2465753424657534,0.0,0,0,0,0.0,0.1666666666666666,0.0657219539428346,0.0,0.0,0,0,S1-365077515,S2-912718143,0
0.6557377049180327,0.6557377049180327,0.3888888888888889,0.3888888888888889,0.3561643835616438,0.0,0,0,0,0.0,0.2857142857142857,0.1096276219310148,0.0952380952380952,0.0952380952380952,0,0,S1-365077515,S2-72614357,0
0.5365853658536586,0.5365853658536586,0.2307692307692307,0.2307692307692307,0.1447368421052631,0.0,0,0,0,0.0,0.1666666666666666,0.061887804155235,0.0,0.0,0,0,S1-365077515,S2-93521766,0
0.7169811320754716,0.7169811320754716,0.3870967741935484,0.3870967741935484,0.3181818181818182,0.0,0,0,0,0.0,0.3333333333333333,0.1219312651222457,0.0,0.0,0,0,S1-365077515,S2-428906768,0
0.4057971014492754,0.4057971014492754,0.0181818181818181,0.0181818181818181,0.4,0.0,0,0,0,0.0,0.1,0.04065312877521,0.0,0.0,0,0,S1-530236704,S2-170230513,0
0.4411764705882353,0.4411764705882353,0.037037037037037,0.037037037037037,0.2413793103448276,0.0,0,0,0,0.0,0.1111111111111111,0.0421563643581149,0.0,0.0,0,0,S1-530236704,S2-639617047,0
0.3571428571428571,0.3571428571428571,0.0227272727272727,0.0227272727272727,0.3880597014925373,0.0,0,0,0,0.0,0.125,0.0519891713880617,0.0,0.0,0,0,S1-530236704,S2-461400888,0
0.2857142857142857,0.2857142857142857,0.0408163265306122,0.0408163265306122,0.2553191489361702,0.0,0,0,0,0.0,0.1111111111111111,0.0423275182281961,0.0,0.0,0,0,S1-530236704,S2-10950521,0
0.2769230769230769,0.2769230769230769,0.02,0.02,0.2777777777777778,0.0,0,0,0,0.0,0.1111111111111111,0.0475478650304894,0.0,0.0,0,0,S1-530236704,S2-689509799,0
0.6153846153846154,0.6153846153846154,0.28,0.28,0.3174603174603174,0.0,0,0,0,0.0,0.25,0.3261550005038776,0.0,0.0,0,0,S1-410954417,S2-789950322,0
0.358974358974359,0.358974358974359,0.1851851851851851,0.1851851851851851,0.25,0.0,0,0,0,0.0,0.25,0.3174878565192899,0.0,0.0,0,0,S1-410954417,S2-190049065,0
0.6666666666666666,0.6666666666666666,0.3043478260869565,0.3043478260869565,0.3225806451612903,0.0,0,0,0,0.0,0.3333333333333333,0.3581890764430917,0.0,0.0,0,0,S1-410954417,S2-707575978,0
0.6285714285714286,0.6285714285714286,0.3333333333333333,0.3333333333333333,0.1311475409836065,0.0,0,0,0,0.0,0.25,0.3151196999548596,0.0,0.0,0,0,S1-410954417,S2-331360147,0
0.5581395348837209,0.5581395348837209,0.25,0.25,0.1923076923076923,0.0,0,0,0,0.0,0.2,0.2071224446537517,0.0,0.0,0,0,S1-410954417,S2-384503072,0
0.4444444444444444,0.4444444444444444,0.125,0.125,0.1686746987951807,0.0,0,0,0,0.0,0.1666666666666666,0.0489771840747056,0.0454545454545454,0.0454545454545454,0,0,S1-48649747,S2-520382666,0
0.4150943396226415,0.4150943396226415,0.1282051282051282,0.1282051282051282,0.2745098039215686,0.0,0,0,0,0.0,0.1666666666666666,0.0724375115327164,0.0909090909090909,0.0909090909090908,0,0,S1-48649747,S2-382569180,0
0.4166666666666667,0.4166666666666667,0.1764705882352941,0.1764705882352941,0.240506329113924,0.0,0,0,0,0.0,0.2,0.1261314317146137,0.0476190476190476,0.0476190476190476,0,0,S1-48649747,S2-971664685,0
0.6451612903225806,0.6451612903225806,0.3,0.3,0.2297297297297297,0.0,0,0,0,0.0,0.3333333333333333,0.1130304247348518,0.0,0.0,0,0,S1-48649747,S2-469517184,0
0.5,0.5,0.119047619047619,0.119047619047619,0.2,0.0,0,0,0,0.0,0.1666666666666666,0.0650527053026938,0.0434782608695652,0.0434782608695652,0,0,S1-48649747,S2-494886564,0
0.2926829268292683,0.2926829268292683,0.0666666666666666,0.0666666666666666,0.25,0.0,0,0,0,0.0,0.1666666666666666,0.0978742344356086,0.0,0.0,0,0,S1-679740154,S2-639751075,0
0.3783783783783784,0.3783783783783784,0.074074074074074,0.074074074074074,0.175438596491228,0.0,0,0,0,0.0,0.2,0.1391294754397554,0.0,0.0,1,0,S1-679740154,S2-277998585,0
0.4242424242424242,0.4242424242424242,0.0869565217391304,0.0869565217391304,0.273972602739726,0.0,0,0,0,0.0,0.2,0.1108141649084502,0.0,0.0,0,0,S1-679740154,S2-997147219,0
0.5714285714285714,0.2857142857142857,0.2857142857142857,0.0689655172413793,0.1607142857142857,0.0,0,0,0,0.0,0.5,0.2661509194243341,0.0,0.0,1,0,S1-679740154,S2-740107468,0
0.4848484848484848,0.4848484848484848,0.0869565217391304,0.0869565217391304,0.2413793103448276,0.0,0,0,0,0.0,0.2,0.1377102534542519,0.0,0.0,0,0,S1-679740154,S2-357760514,0
0.4657534246575342,0.4657534246575342,0.25,0.25,0.2542372881355932,0.0,0,0,0,0.0,0.2222222222222222,0.0864458842113641,0.0,0.0,0,0,S1-525946045,S2-338902521,0
0.4,0.4,0.0943396226415094,0.0943396226415094,0.2266666666666666,0.0,0,0,0,0.0,0.1111111111111111,0.0396286159743794,0.0,0.0,0,0,S1-525946045,S2-969055454,0
0.2985074626865671,0.2985074626865671,0.0980392156862745,0.0980392156862745,0.2513661202185792,0.0,0,0,0,0.0,0.125,0.0420595472965499,0.0,0.0,0,0,S1-525946045,S2-778585048,0
0.4705882352941176,0.4705882352941176,0.1176470588235294,0.1176470588235294,0.1956521739130435,0.0,0,0,0,0.0,0.125,0.0441263772126589,0.0,0.0,0,0,S1-525946045,S2-498492409,0
0.4358974358974359,0.4358974358974359,0.0961538461538461,0.0961538461538461,0.3695652173913043,0.0,0,0,0,0.0,0.125,0.0495564766832783,0.0,0.0,0,0,S1-525946045,S2-896386717,0
0.6451612903225806,0.6451612903225806,0.25,0.25,0.1538461538461538,0.0,0,0,0,0.0,0.4285714285714285,0.3255672478465531,0.0,0.0,0,0,S1-622957926,S2-80664701,0
0.5862068965517241,0.5862068965517241,0.2051282051282051,0.2051282051282051,0.3582089552238806,0.0,0,0,0,0.0,0.2857142857142857,0.2077588249560263,0.0,0.0,0,0,S1-622957926,S2-95900149,0
0.4137931034482758,0.4137931034482758,0.0681818181818181,0.0681818181818181,0.2777777777777778,0.0,0,0,0,0.0,0.125,0.1027428452048806,0.0,0.0,0,0,S1-622957926,S2-935514643,0
0.3773584905660377,0.3773584905660377,0.075,0.075,0.24,0.0,0,0,0,0.0,0.1428571428571428,0.1063219281385602,0.0,0.0,1,0,S1-622957926,S2-869328070,0
0.5964912280701754,0.5964912280701754,0.2777777777777778,0.2777777777777778,0.1538461538461538,0.0,0,0,0,0.0,0.5,0.402598930216367,0.0,0.0,0,0,S1-622957926,S2-138958741,0
0.2916666666666667,0.2916666666666667,0.0571428571428571,0.0571428571428571,0.238095238095238,0.0,0,0,0,0.0,0.2857142857142857,0.1817704206566389,0.0303030303030303,0.0303030303030302,0,0,S1-541397101,S2-363931091,0
0.3333333333333333,0.3333333333333333,0.0204081632653061,0.0204081632653061,0.1791044776119403,0.0,0,0,0,0.0,0.1428571428571428,0.0679182015274906,0.0,0.0,0,0,S1-541397101,S2-423512432,0
0.5333333333333333,0.5333333333333333,0.1724137931034483,0.1724137931034483,0.2857142857142857,0.0,0,0,0,0.0,0.2857142857142857,0.1224276653308595,0.0434782608695652,0.0434782608695652,0,0,S1-541397101,S2-613777166,0
0.3404255319148936,0.3404255319148936,0.0277777777777777,0.0277777777777777,0.1167883211678832,0.0,0,0,0,0.0,0.1428571428571428,0.0732334478469439,0.0,0.0,0,0,S1-541397101,S2-327374553,0
0.3478260869565217,0.3478260869565217,0.0285714285714285,0.0285714285714285,0.1030927835051546,0.0,0,0,0,0.0,0.1428571428571428,0.0741846453939973,0.0,0.0,0,0,S1-541397101,S2-953099676,0
0.5352112676056338,0.5352112676056338,0.2553191489361702,0.2553191489361702,0.2155688622754491,0.0,0,0,0,0.0,0.2857142857142857,0.0906316575394337,0.0,0.0,0,0,S1-198807329,S2-918052197,0
0.547945205479452,0.547945205479452,0.2653061224489796,0.2653061224489796,0.1894736842105263,0.0,0,0,0,0.0,0.2857142857142857,0.1232937627352503,0.04,0.0399999999999999,0,0,S1-198807329,S2-742897398,0
0.627906976744186,0.627906976744186,0.2372881355932203,0.2372881355932203,0.2209302325581395,0.0,0,0,0,0.0,0.2222222222222222,0.0782060454755673,0.0,0.0,0,0,S1-198807329,S2-381892246,0
0.5066666666666667,0.5066666666666667,0.2307692307692307,0.2307692307692307,0.2142857142857142,0.0,0,0,0,0.0,0.2857142857142857,0.1206560299788142,0.0,0.0,1,0,S1-198807329,S2-120851672,0
0.4333333333333333,0.4333333333333333,0.1111111111111111,0.1111111111111111,0.3312101910828025,0.0,0,0,0,0.0,0.1428571428571428,0.0555734585080495,0.0526315789473684,0.0526315789473684,0,0,S1-198807329,S2-326773021,0
0.6153846153846154,0.6153846153846154,0.24,0.24,0.1379310344827586,0.0,0,0,0,0.0,0.2,0.2522214679942766,0.0,0.0,0,0,S1-349013413,S2-155361721,0
0.5581395348837209,0.5581395348837209,0.2142857142857142,0.2142857142857142,0.1408450704225352,0.0,0,0,0,0.0,0.1666666666666666,0.2090426889817336,0.0,0.0,0,0,S1-349013413,S2-205614877,0
0.48,0.48,0.1714285714285714,0.1714285714285714,0.3396226415094339,0.0,0,0,0,0.0,0.1666666666666666,0.1842459770594731,0.0,0.0,0,0,S1-349013413,S2-873422478,0
0.6111111111111112,0.6111111111111112,0.2608695652173913,0.2608695652173913,0.2727272727272727,0.0,0,0,0,0.0,0.25,0.2510364925002299,0.0,0.0,1,0,S1-349013413,S2-672003446,0
0.5416666666666666,0.5416666666666666,0.1818181818181818,0.1818181818181818,0.2253521126760563,0.0,0,0,0,0.0,0.1666666666666666,0.1534330287115685,0.0909090909090909,0.0909090909090909,0,0,S1-349013413,S2-469460945,0
0.410958904109589,0.410958904109589,0.087719298245614,0.087719298245614,0.2337662337662337,0.0,0,0,0,0.0,0.125,0.0449561396645738,0.0454545454545454,0.0454545454545454,0,0,S1-557327401,S2-637024503,0
0.6265060240963856,0.6265060240963856,0.2280701754385964,0.2280701754385964,0.3668639053254438,0.0,0,0,0,0.0,0.25,0.0899094183408721,0.0384615384615384,0.0384615384615384,1,0,S1-557327401,S2-562837696,0
0.4935064935064935,0.4935064935064935,0.2222222222222222,0.2222222222222222,0.3033707865168539,0.0,0,0,0,0.0,0.2857142857142857,0.1106447370630871,0.0384615384615384,0.0384615384615384,0,0,S1-557327401,S2-761250713,0
0.5714285714285714,0.5714285714285714,0.2222222222222222,0.2222222222222222,0.1044776119402985,0.0,0,0,0,0.0,0.2857142857142857,0.0990540261944841,0.0,0.0,0,0,S1-557327401,S2-666086465,0
0.5161290322580645,0.5161290322580645,0.1304347826086956,0.1304347826086956,0.3909090909090909,0.0,0,0,0,0.0,0.1428571428571428,0.0492962642362877,0.0967741935483871,0.096774193548387,0,0,S1-557327401,S2-314419962,0
0.5217391304347826,0.5217391304347826,0.1538461538461538,0.1538461538461538,0.3043478260869565,0.0,0,0,0,0.0,0.2,0.2035815805227311,0.0,0.0,0,0,S1-990376544,S2-295993670,0
0.3448275862068966,0.3448275862068966,0.0526315789473684,0.0526315789473684,0.2456140350877192,0.0,0,0,0,0.0,0.1666666666666666,0.1211129744255327,0.0,0.0,0,0,S1-990376544,S2-166123856,0
0.2068965517241379,0.2068965517241379,0.0526315789473684,0.0526315789473684,0.1846153846153846,0.0,0,0,0,0.0,0.1666666666666666,0.1682854046350722,0.0,0.0,0,0,S1-990376544,S2-329049774,0
0.4571428571428571,0.4571428571428571,0.0434782608695652,0.0434782608695652,0.5238095238095238,0.0,0,0,0,0.0,0.1428571428571428,0.1182283350362743,0.1428571428571428,0.1428571428571428,0,0,S1-990376544,S2-157730791,0
0.4848484848484848,0.4848484848484848,0.1666666666666666,0.1666666666666666,0.1785714285714285,0.0,0,0,0,0.0,0.2857142857142857,0.2600012790007042,0.0,0.0,0,0,S1-990376544,S2-289366239,0
0.4782608695652174,0.4782608695652174,0.0285714285714285,0.0285714285714285,0.3066666666666666,0.0,0,0,0,0.0,0.1428571428571428,0.0642360088299388,0.0555555555555555,0.0555555555555555,0,0,S1-361470070,S2-888203615,0
0.3529411764705882,0.3529411764705882,0.025,0.025,0.2482758620689655,0.3333333333333333,1,1,1,0.0,0.1428571428571428,0.0565877975698244,0.0,0.0,1,0,S1-361470070,S2-635779822,0
0.5217391304347826,0.5217391304347826,0.1290322580645161,0.1290322580645161,0.2372881355932203,0.0,0,0,0,0.0,0.2857142857142857,0.1147907317776012,0.0555555555555555,0.0555555555555555,0,0,S1-361470070,S2-288310467,0
0.3720930232558139,0.3720930232558139,0.0303030303030303,0.0303030303030303,0.4060150375939849,0.0,0,0,0,0.0,0.1666666666666666,0.0677942189369482,0.1052631578947368,0.1052631578947368,0,0,S1-361470070,S2-714395234,0
0.2608695652173913,0.2608695652173913,0.0181818181818181,0.0181818181818181,0.3414634146341463,0.0,0,0,0,0.0,0.125,0.0468001449766721,0.0588235294117647,0.0588235294117647,0,0,S1-361470070,S2-883245312,0
0.6382978723404256,0.6382978723404256,0.2758620689655172,0.2758620689655172,0.4262295081967213,0.0,0,0,0,0.0,0.3333333333333333,0.3212420728481086,0.0,0.0,1,0,S1-529019136,S2-263408971,0
0.4583333333333333,0.4583333333333333,0.15625,0.15625,0.1666666666666666,0.0,0,0,0,0.0,0.125,0.1195426216293926,0.0,0.0,0,0,S1-529019136,S2-558900667,0
0.4516129032258064,0.4516129032258064,0.2105263157894736,0.2105263157894736,0.2285714285714285,0.0,0,0,0,0.0,0.2,0.1694854382303833,0.0,0.0,0,0,S1-529019136,S2-154472882,0
0.4782608695652174,0.4782608695652174,0.2,0.2,0.3174603174603174,0.0,0,0,0,0.0,0.3333333333333333,0.3682723836234987,0.0,0.0,0,0,S1-529019136,S2-239915859,0
0.5641025641025641,0.5641025641025641,0.1538461538461538,0.1538461538461538,0.3636363636363636,0.0,0,0,0,0.0,0.1666666666666666,0.1492372373706244,0.0909090909090909,0.0909090909090909,0,0,S1-529019136,S2-561512650,0
0.4081632653061224,0.4081632653061224,0.1388888888888889,0.1388888888888889,0.2156862745098039,0.0,0,0,0,0.0,0.2,0.2257029516437395,0.0769230769230769,0.0769230769230769,0,0,S1-986150160,S2-668847785,0
0.4923076923076923,0.4923076923076923,0.1,0.1,0.328125,0.0,0,0,0,0.0,0.1428571428571428,0.2063223543203907,0.0,0.0,0,0,S1-986150160,S2-875780066,0
0.4126984126984127,0.4126984126984127,0.1020408163265306,0.1020408163265306,0.1607142857142857,0.0,0,0,0,0.0,0.1666666666666666,0.0576658420860547,0.0,0.0,1,0,S1-986150160,S2-272524011,0
0.3111111111111111,0.3111111111111111,0.15625,0.15625,0.216867469879518,0.0,0,0,0,0.0,0.2,0.0764090934403397,0.0,0.0,0,0,S1-986150160,S2-199425487,0
0.5714285714285714,0.5714285714285714,0.1388888888888889,0.1388888888888889,0.3783783783783784,0.0,0,0,0,0.0,0.2,0.0640921666471548,0.0454545454545454,0.0454545454545454,0,0,S1-986150160,S2-16504524,0
0.4,0.4,0.0952380952380952,0.0952380952380952,0.1886792452830188,0.0,0,0,0,0.0,0.25,0.2732479136820784,0.0,0.0,0,0,S1-847383339,S2-152216498,0
0.3137254901960784,0.3137254901960784,0.0769230769230769,0.0769230769230769,0.2794117647058823,0.0,0,0,0,0.0,0.1666666666666666,0.2385865493587403,0.0,0.0,0,0,S1-847383339,S2-159436948,0
0.3928571428571428,0.3928571428571428,0.15,0.15,0.4227642276422764,0.0,0,0,0,0.0,0.1428571428571428,0.1485926459356765,0.0526315789473684,0.0526315789473684,0,0,S1-847383339,S2-781610155,0
0.5454545454545454,0.5454545454545454,0.2413793103448276,0.2413793103448276,0.2014388489208633,0.0,0,0,0,0.0,0.2,0.2197645296192854,0.0,0.0,0,0,S1-847383339,S2-408007392,0
0.4230769230769231,0.4230769230769231,0.1714285714285714,0.1714285714285714,0.2608695652173913,0.2,1,1,1,0.0,0.1666666666666666,0.1393756195712287,0.0,0.0,0,0,S1-847383339,S2-632497467,0
0.5769230769230769,0.5769230769230769,0.1388888888888889,0.1388888888888889,0.1917808219178082,0.0,0,0,0,0.0,0.1428571428571428,0.0554199765394368,0.0,0.0,0,0,S1-832415141,S2-193955069,0
0.5925925925925926,0.5925925925925926,0.131578947368421,0.131578947368421,0.3333333333333333,0.0,0,0,0,0.0,0.1428571428571428,0.0479118730313365,0.0,0.0,0,0,S1-832415141,S2-415410357,0
0.6666666666666666,0.6666666666666666,0.3529411764705882,0.3529411764705882,0.2153846153846154,0.0,0,0,0,0.0,0.3333333333333333,0.1431304559882928,0.0,0.0,0,0,S1-832415141,S2-710506734,0
0.7333333333333333,0.7333333333333333,0.3428571428571428,0.3428571428571428,0.1739130434782608,0.0,0,0,0,0.0,0.2857142857142857,0.112638141418957,0.0,0.0,0,0,S1-832415141,S2-377167561,0
0.6984126984126984,0.6984126984126984,0.3421052631578947,0.3421052631578947,0.2735042735042735,0.0,0,0,0,0.0,0.2857142857142857,0.1128982013335506,0.0,0.0,0,0,S1-832415141,S2-708332987,0
0.4117647058823529,0.4117647058823529,0.0961538461538461,0.0961538461538461,0.2794117647058823,0.0,0,0,0,0.0,0.125,0.0447016789003142,0.0454545454545454,0.0454545454545454,0,0,S1-481886179,S2-295844899,0
0.5846153846153846,0.5846153846153846,0.3076923076923077,0.3076923076923077,0.1529411764705882,0.0,0,0,0,0.0,0.3333333333333333,0.1064038607820282,0.0,0.0,1,0,S1-481886179,S2-405705388,0
0.4776119402985074,0.4776119402985074,0.12,0.12,0.1401273885350318,0.0,0,0,0,0.0,0.125,0.039077696970727,0.0,0.0,0,0,S1-481886179,S2-996015268,0
0.6229508196721312,0.6229508196721312,0.3076923076923077,0.3076923076923077,0.3076923076923077,0.0,0,0,0,0.0,0.3333333333333333,0.0954967135085535,0.0,0.0,0,0,S1-481886179,S2-179492132,0
0.4528301886792453,0.4528301886792453,0.1282051282051282,0.1282051282051282,0.3703703703703703,0.0,0,0,0,0.0,0.1666666666666666,0.050575094820491,0.0526315789473684,0.0526315789473684,0,0,S1-481886179,S2-817288807,0
0.4,0.4,0.0625,0.0625,0.2272727272727272,0.0,0,0,0,0.0,0.2,0.2178760174214765,0.037037037037037,0.037037037037037,0,0,S1-6475272,S2-752941945,0
0.4615384615384615,0.4615384615384615,0.0588235294117647,0.0588235294117647,0.0,0.0,0,0,0,0.0,0.2,0.188621862905745,0.0,0.0,0,1,S1-6475272,S2-469595679,0
0.4117647058823529,0.4117647058823529,0.0434782608695652,0.0434782608695652,0.2093023255813953,0.1666666666666666,1,1,1,0.0,0.1428571428571428,0.1922905159320948,0.0,0.0,0,0,S1-6475272,S2-652006535,0
0.3529411764705882,0.3529411764705882,0.04,0.04,0.3115577889447236,0.0,0,0,0,0.0,0.2,0.2420319674982735,0.0344827586206896,0.0344827586206896,0,0,S1-6475272,S2-404743089,0
0.2285714285714285,0.2285714285714285,0.04,0.04,0.1538461538461538,0.0,0,0,0,0.0,0.1666666666666666,0.1955294258276442,0.0,0.0,0,0,S1-6475272,S2-174378320,0
0.44,0.44,0.0256410256410256,0.0256410256410256,0.2857142857142857,0.0,0,0,0,0.0,0.2,0.0608480608225896,0.0,0.0,0,0,S1-204148615,S2-84246027,0
0.45,0.45,0.0333333333333333,0.0333333333333333,0.1379310344827586,0.0,0,0,0,0.0,0.1666666666666666,0.060110483618229,0.0,0.0,0,0,S1-204148615,S2-419575545,0
0.4761904761904761,0.4761904761904761,0.03125,0.03125,0.4262295081967213,0.0,0,0,0,0.0,0.1666666666666666,0.0568481994027075,0.0,0.0,0,0,S1-204148615,S2-416397669,0
0.5,0.5,0.0434782608695652,0.0434782608695652,0.2372881355932203,0.0,0,0,0,0.0,0.2,0.0692108589053794,0.0,0.0,0,0,S1-204148615,S2-635512768,0
0.3,0.3,0.0689655172413793,0.0689655172413793,0.2456140350877192,0.0,0,0,0,0.0,0.1666666666666666,0.0707666405659642,0.0,0.0,0,0,S1-204148615,S2-126132215,0
0.647887323943662,0.647887323943662,0.3409090909090909,0.3409090909090909,0.2483660130718954,0.0,0,0,0,0.0,0.4285714285714285,0.1512535270096122,0.0,0.0,0,0,S1-823558302,S2-932850500,0
0.5230769230769231,0.5230769230769231,0.06,0.06,0.1509433962264151,0.0,0,0,0,0.0,0.1111111111111111,0.0736300336808199,0.0,0.0,0,0,S1-823558302,S2-183840311,0
0.5945945945945946,0.5945945945945946,0.2127659574468085,0.2127659574468085,0.2162162162162162,0.0,0,0,0,0.0,0.25,0.1326211759741004,0.0,0.0,0,0,S1-823558302,S2-771172197,0
0.5915492957746479,0.5915492957746479,0.25,0.25,0.2146892655367231,0.0,0,0,0,0.0,0.2857142857142857,0.0895200565745937,0.0,0.0,0,0,S1-823558302,S2-545621115,0
0.3636363636363636,0.3636363636363636,0.125,0.125,0.1585365853658536,0.0,0,0,0,0.0,0.1428571428571428,0.0396259664667013,0.0,0.0,0,0,S1-823558302,S2-999623722,0
0.3333333333333333,0.3333333333333333,0.0666666666666666,0.0666666666666666,0.2325581395348837,0.0,0,0,0,0.0,0.1428571428571428,0.0486494622933562,0.0,0.0,0,0,S1-418567895,S2-599190443,0
0.3555555555555555,0.3555555555555555,0.0285714285714285,0.0285714285714285,0.4057971014492754,0.0,0,0,0,0.0,0.1666666666666666,0.0598721104427596,0.0909090909090909,0.0909090909090909,0,0,S1-418567895,S2-284212986,0
0.4090909090909091,0.4090909090909091,0.0606060606060606,0.0606060606060606,0.3684210526315789,0.0,0,0,0,0.0,0.1666666666666666,0.0656022891444775,0.0,0.0,0,0,S1-418567895,S2-950548657,0
0.3809523809523809,0.3809523809523809,0.032258064516129,0.032258064516129,0.2222222222222222,0.0,0,0,0,0.0,0.1428571428571428,0.0523074988020822,0.0,0.0,0,0,S1-418567895,S2-278183181,0
0.3829787234042553,0.3829787234042553,0.0571428571428571,0.0571428571428571,0.3529411764705882,0.0,0,0,0,0.0,0.1428571428571428,0.0568686366863374,0.0,0.0,0,0,S1-418567895,S2-335392365,0
0.425531914893617,0.425531914893617,0.0571428571428571,0.0571428571428571,0.3389830508474576,0.0,0,0,0,0.0,0.1428571428571428,0.0500156261086309,0.0,0.0,1,0,S1-118463867,S2-995196999,0
0.2564102564102564,0.2564102564102564,0.0357142857142857,0.0357142857142857,0.2903225806451613,0.0,0,0,0,0.0,0.1428571428571428,0.0476982248172495,0.0,0.0,0,0,S1-118463867,S2-208249101,0
0.3555555555555555,0.3555555555555555,0.0303030303030303,0.0303030303030303,0.3773584905660377,0.0,0,0,0,0.0,0.1428571428571428,0.039785103691559,0.0,0.0,0,0,S1-118463867,S2-67953179,0
0.3333333333333333,0.3333333333333333,0.027027027027027,0.027027027027027,0.3137254901960784,0.0,0,0,0,0.0,0.1666666666666666,0.0533808527187402,0.0,0.0,0,0,S1-118463867,S2-347424492,0
0.3448275862068966,0.3448275862068966,0.0526315789473684,0.0526315789473684,0.2448979591836734,0.0,0,0,0,0.0,0.25,0.0868141669179317,0.0,0.0,0,0,S1-118463867,S2-356642288,0
0.5581395348837209,0.5581395348837209,0.4583333333333333,0.4583333333333333,1.0,0.0,0,0,0,0.0,0.5,0.3960327227037095,1.0,1.0,0,0,S1-962497832,S2-749538139,1
0.5,0.5,0.1612903225806451,0.1612903225806451,0.2809917355371901,0.0,0,0,0,0.0,0.2,0.0655161713948111,0.0,0.0,0,0,S1-962497832,S2-906656301,0
0.5128205128205128,0.5128205128205128,0.24,0.24,0.3829787234042553,0.0,0,0,0,0.0,0.2,0.0511114763200419,0.0,0.0,0,0,S1-962497832,S2-939751231,0
0.44,0.44,0.2058823529411764,0.2058823529411764,0.2702702702702703,0.0,0,0,0,0.0,0.1666666666666666,0.0556917847088909,0.0,0.0,0,0,S1-962497832,S2-362872943,0
0.4528301886792453,0.4528301886792453,0.131578947368421,0.131578947368421,0.2608695652173913,0.0,0,0,0,0.0,0.1428571428571428,0.0490234102261391,0.0,0.0,0,0,S1-962497832,S2-845128789,0
0.360655737704918,0.360655737704918,0.108695652173913,0.108695652173913,0.3302752293577982,0.0,0,0,0,0.0,0.1428571428571428,0.0602712413424402,0.0666666666666666,0.0666666666666666,0,0,S1-962497832,S2-875461623,0
0.4444444444444444,0.4444444444444444,0.125,0.125,0.2222222222222222,0.0,0,0,0,0.0,0.1666666666666666,0.1199375973570154,0.0,0.0,0,0,S1-471922891,S2-992650105,0
0.3050847457627119,0.3050847457627119,0.0681818181818181,0.0681818181818181,0.3333333333333333,0.0,0,0,0,0.0,0.1428571428571428,0.2605517274002142,0.0555555555555555,0.0555555555555555,1,0,S1-471922891,S2-331535598,0
0.3,0.3,0.0888888888888888,0.0888888888888888,0.1621621621621621,0.0,0,0,0,0.0,0.125,0.1139682815622536,0.0,0.0,0,0,S1-471922891,S2-556451,0
0.4736842105263157,0.4736842105263157,0.1538461538461538,0.1538461538461538,0.1739130434782608,0.0,0,0,0,0.0,0.2,0.1820087559649479,0.0,0.0,0,0,S1-471922891,S2-184733293,0
0.6,0.6,0.3225806451612903,0.3225806451612903,0.2363636363636363,0.0,0,0,0,0.0,0.4,0.3067443458361707,0.0,0.0,0,0,S1-471922891,S2-726681224,0
0.4912280701754385,0.4912280701754385,0.2307692307692307,0.2307692307692307,0.2647058823529412,0.0,0,0,0,0.0,0.2,0.1495224046080213,0.0,0.0,0,0,S1-407282423,S2-652473215,0
0.5769230769230769,0.5769230769230769,0.2647058823529412,0.2647058823529412,0.2711864406779661,0.0,0,0,0,0.0,0.2,0.1316207249312098,0.0,0.0,0,0,S1-407282423,S2-930040279,0
0.4230769230769231,0.4230769230769231,0.28125,0.28125,0.1739130434782608,0.0,0,0,0,0.0,0.1428571428571428,0.0945315580545052,0.0,0.0,0,0,S1-407282423,S2-940702142,0
0.4776119402985074,0.4776119402985074,0.1914893617021276,0.1914893617021276,0.3225806451612903,0.0,0,0,0,0.0,0.1428571428571428,0.0935358910814932,0.0,0.0,0,0,S1-407282423,S2-978686670,0
0.5652173913043478,0.5652173913043478,0.2666666666666666,0.2666666666666666,0.0,0.0,0,0,0,0.0,0.25,0.2296125451784726,0.0,0.0,0,1,S1-407282423,S2-112533019,0
0.3333333333333333,0.3333333333333333,0.0263157894736842,0.0263157894736842,0.145985401459854,0.0,0,0,0,0.0,0.1666666666666666,0.0652480286802101,0.0,0.0,0,0,S1-807688831,S2-607725833,0
0.4150943396226415,0.4150943396226415,0.048780487804878,0.048780487804878,0.2620689655172414,0.0,0,0,0,0.0,0.1428571428571428,0.0714833666287072,0.0384615384615384,0.0384615384615384,0,0,S1-807688831,S2-258040459,0
0.3880597014925373,0.3880597014925373,0.037037037037037,0.037037037037037,0.3496503496503496,0.0,0,0,0,0.0,0.125,0.0657158039896607,0.0769230769230769,0.0769230769230769,0,0,S1-807688831,S2-318008644,0
0.4126984126984127,0.4126984126984127,0.0196078431372549,0.0196078431372549,0.2179487179487179,0.0,0,0,0,0.0,0.125,0.0520969648889427,0.0357142857142857,0.0357142857142857,0,0,S1-807688831,S2-358756737,0
0.3448275862068966,0.3448275862068966,0.0217391304347826,0.0217391304347826,0.3957219251336898,0.0,0,0,0,0.0,0.125,0.0519537699447127,0.0294117647058823,0.0294117647058823,0,0,S1-807688831,S2-923288415,0
0.6153846153846154,0.6153846153846154,0.3225806451612903,0.3225806451612903,0.3508771929824561,0.0,0,0,0,0.0,0.2,0.1700566521365034,0.0,0.0,0,0,S1-918541886,S2-134906715,0
0.46875,0.46875,0.125,0.125,0.2641509433962264,0.0,0,0,0,0.0,0.1428571428571428,0.1814475083193944,0.0,0.0,0,0,S1-918541886,S2-925374406,0
0.5901639344262295,0.5901639344262295,0.282051282051282,0.282051282051282,0.1379310344827586,0.0,0,0,0,0.0,0.1428571428571428,0.1470828933404444,0.0,0.0,0,0,S1-918541886,S2-109898615,0
0.5,0.5,0.303030303030303,0.303030303030303,0.3333333333333333,0.0,0,0,0,0.0,0.2,0.1834410459476872,0.0,0.0,0,0,S1-918541886,S2-367690661,0
0.5614035087719298,0.5614035087719298,0.2631578947368421,0.2631578947368421,0.3461538461538461,0.0,0,0,0,0.0,0.1666666666666666,0.1501788132897523,0.0,0.0,0,0,S1-918541886,S2-462524187,0
0.7058823529411765,0.7058823529411765,0.375,0.375,0.2406015037593984,0.0,0,0,0,0.0,0.25,0.0928183217228949,0.0,0.0,0,0,S1-420655248,S2-738162066,0
0.7076923076923077,0.7076923076923077,0.3333333333333333,0.3333333333333333,0.0952380952380952,0.0,0,0,0,0.0,0.25,0.0957683088435824,0.0,0.0,0,0,S1-420655248,S2-511362824,0
0.4333333333333333,0.4333333333333333,0.1162790697674418,0.1162790697674418,0.2015503875968992,0.0,0,0,0,0.0,0.125,0.0424485657349423,0.0,0.0,0,0,S1-420655248,S2-405158978,0
0.5263157894736842,0.5263157894736842,0.15,0.15,0.4297520661157025,0.0,0,0,0,0.0,0.1428571428571428,0.0464750560460498,0.1333333333333333,0.1333333333333333,0,0,S1-420655248,S2-907428304,0
0.6440677966101694,0.6440677966101694,0.3428571428571428,0.3428571428571428,0.0,0.0,0,0,0,0.0,0.2857142857142857,0.086806974189328,0.0,0.0,0,1,S1-420655248,S2-308932881,0
0.3611111111111111,0.3611111111111111,0.109090909090909,0.109090909090909,0.1529411764705882,0.0,0,0,0,0.0,0.125,0.0877553579717766,0.0,0.0,0,0,S1-763105550,S2-869590324,0
0.3380281690140845,0.3380281690140845,0.0344827586206896,0.0344827586206896,0.1806451612903225,0.0,0,0,0,0.0,0.125,0.0717933660953688,0.0,0.0,0,0,S1-763105550,S2-798081381,0
0.2857142857142857,0.2857142857142857,0.1463414634146341,0.1463414634146341,0.3687150837988827,0.0,0,0,0,0.0,0.1666666666666666,0.0956435898787191,0.1153846153846153,0.1153846153846153,0,0,S1-763105550,S2-528483872,0
0.36,0.36,0.0789473684210526,0.0789473684210526,0.1466666666666666,0.0,0,0,0,0.0,0.1666666666666666,0.1164129213038279,0.0,0.0,0,0,S1-763105550,S2-620506559,0
0.3492063492063492,0.3492063492063492,0.06,0.06,0.2064516129032258,0.0,0,0,0,0.0,0.1428571428571428,0.1013626977331856,0.0384615384615384,0.0384615384615384,0,0,S1-763105550,S2-918374133,0
0.5769230769230769,0.5769230769230769,0.1666666666666666,0.1666666666666666,0.16,0.0,0,0,0,0.0,0.1428571428571428,0.0435283294078673,0.0,0.0,0,0,S1-85203404,S2-111810007,0
0.7083333333333334,0.7083333333333334,0.4615384615384615,0.4615384615384615,0.3620689655172414,0.0,0,0,0,0.0,0.3333333333333333,0.0856704000609506,0.0,0.0,0,0,S1-85203404,S2-244702473,0
0.6101694915254238,0.6101694915254238,0.3333333333333333,0.3333333333333333,0.2518518518518518,0.0,0,0,0,0.0,0.2857142857142857,0.0777707076324061,0.0,0.0,0,0,S1-85203404,S2-345034611,0
0.5660377358490566,0.5660377358490566,0.131578947368421,0.131578947368421,0.3013698630136986,0.0,0,0,0,0.0,0.1428571428571428,0.0359472069580919,0.05,0.0499999999999999,0,0,S1-85203404,S2-502138828,0
0.3928571428571428,0.3928571428571428,0.15,0.15,0.1857142857142857,0.0,0,0,0,0.0,0.1428571428571428,0.0468212006240767,0.0,0.0,0,0,S1-85203404,S2-311299344,0
0.4782608695652174,0.4782608695652174,0.0277777777777777,0.0277777777777777,0.4090909090909091,0.0,0,0,0,0.0,0.1666666666666666,0.0508749657443917,0.1818181818181818,0.1818181818181818,0,0,S1-626074257,S2-260444747,0
0.4210526315789473,0.4210526315789473,0.0444444444444444,0.0444444444444444,0.4,0.0,0,0,0,0.0,0.1428571428571428,0.0536761690267345,0.0,0.0,0,0,S1-626074257,S2-949018018,0
0.4081632653061224,0.4081632653061224,0.0263157894736842,0.0263157894736842,0.216867469879518,0.0,0,0,0,0.0,0.1428571428571428,0.0451335882783392,0.0,0.0,1,0,S1-626074257,S2-27197434,0
0.3529411764705882,0.3529411764705882,0.024390243902439,0.024390243902439,0.2558139534883721,0.0,0,0,0,0.0,0.1666666666666666,0.0683273799345254,0.0,0.0,0,0,S1-626074257,S2-941759992,0
0.2745098039215686,0.2745098039215686,0.025,0.025,0.1379310344827586,0.0,0,0,0,0.0,0.1428571428571428,0.0486047986690603,0.0,0.0,0,0,S1-626074257,S2-958840019,0
0.5882352941176471,0.5882352941176471,0.3157894736842105,0.3157894736842105,0.3518518518518518,0.0,0,0,0,0.0,0.2,0.1200055778655222,0.0714285714285714,0.0714285714285714,0,0,S1-134978945,S2-20699984,0
0.4166666666666667,0.4166666666666667,0.2,0.2,0.1458333333333333,0.0,0,0,0,0.0,0.1666666666666666,0.1301046105828118,0.0,0.0,1,0,S1-134978945,S2-888710040,0
0.425531914893617,0.425531914893617,0.1935483870967742,0.1935483870967742,0.3636363636363636,0.0,0,0,0,0.0,0.2,0.1496357631217638,0.0,0.0,0,0,S1-134978945,S2-59760404,0
0.4166666666666667,0.4166666666666667,0.1875,0.1875,0.125,0.0,0,0,0,0.0,0.2,0.1382109359179337,0.0,0.0,0,0,S1-134978945,S2-679625068,0
0.3928571428571428,0.3928571428571428,0.1463414634146341,0.1463414634146341,0.1818181818181818,0.0,0,0,0,0.0,0.2,0.1467402685345644,0.0,0.0,0,0,S1-134978945,S2-508033920,0
0.7671232876712328,0.7671232876712328,0.4418604651162791,0.4418604651162791,0.2677165354330709,0.0,0,0,0,0.0,0.3333333333333333,0.113855123861298,0.0,0.0,0,0,S1-130181091,S2-939423605,0
0.410958904109589,0.410958904109589,0.1923076923076923,0.1923076923076923,0.2781456953642384,0.0,0,0,0,0.0,0.2857142857142857,0.1003137518230794,0.0454545454545454,0.0454545454545454,0,0,S1-130181091,S2-758022033,0
0.375,0.375,0.1929824561403508,0.1929824561403508,0.2678571428571428,0.0,0,0,0,0.0,0.2857142857142857,0.0995278964543127,0.0,0.0,0,0,S1-130181091,S2-247244617,0
0.5783132530120482,0.5783132530120482,0.1785714285714285,0.1785714285714285,0.3529411764705882,0.0,0,0,0,0.0,0.125,0.0514166407512865,0.0,0.0,0,0,S1-130181091,S2-741227358,0
0.4,0.4,0.1020408163265306,0.1020408163265306,0.2074074074074074,0.0,0,0,0,0.0,0.125,0.049187868832762,0.0,0.0,0,0,S1-130181091,S2-429122690,0
0.40625,0.40625,0.1020408163265306,0.1020408163265306,0.1732283464566929,0.0,0,0,0,0.0,0.1666666666666666,0.0762990837071317,0.1052631578947368,0.1052631578947368,0,0,S1-11628555,S2-25214620,0
0.5263157894736842,0.5263157894736842,0.2549019607843137,0.2549019607843137,0.3823529411764705,0.0,0,0,0,0.0,0.2857142857142857,0.0978441520320777,0.0952380952380952,0.0952380952380952,0,0,S1-11628555,S2-41641,0
0.4,0.4,0.1,0.1,0.3333333333333333,0.2,1,1,2,0.0,0.1428571428571428,0.05253841371607,0.0909090909090909,0.0909090909090908,0,0,S1-11628555,S2-522225639,0
0.4705882352941176,0.4705882352941176,0.0980392156862745,0.0980392156862745,0.2446043165467626,0.0,0,0,0,0.0,0.125,0.0437160747957896,0.0,0.0,0,0,S1-11628555,S2-381230212,0
0.5,0.5,0.1346153846153846,0.1346153846153846,0.2705882352941176,0.0,0,0,0,0.0,0.125,0.0541292185510798,0.0,0.0,0,0,S1-11628555,S2-890288524,0
0.4186046511627907,0.4186046511627907,0.1785714285714285,0.1785714285714285,0.3870967741935484,0.0,0,0,0,0.0,0.2,0.1920116373085055,0.0,0.0,0,0,S1-613396463,S2-183080049,0
0.3448275862068966,0.3448275862068966,0.119047619047619,0.119047619047619,0.2985074626865671,0.0,0,0,0,0.0,0.1428571428571428,0.1337736537246651,0.0,0.0,1,0,S1-613396463,S2-919147069,0
0.3728813559322034,0.3728813559322034,0.1463414634146341,0.1463414634146341,0.5161290322580645,0.0,0,0,0,0.0,0.1428571428571428,0.1398898266388787,0.1,0.1,0,0,S1-613396463,S2-192240996,0
0.48,0.48,0.2058823529411764,0.2058823529411764,0.2434782608695652,0.0,0,0,0,0.0,0.2,0.1989894179656886,0.0,0.0,0,0,S1-613396463,S2-235015904,0
0.6842105263157895,0.6842105263157895,0.45,0.45,0.3125,0.0,0,0,0,0.0,0.25,0.2079726636830524,0.0,0.0,0,0,S1-613396463,S2-549148936,0
0.25,0.25,0.027027027027027,0.027027027027027,0.3,0.0,0,0,0,0.0,0.1428571428571428,0.0471114490568029,0.0,0.0,0,0,S1-345465832,S2-57158246,0
0.3793103448275862,0.3793103448275862,0.0222222222222222,0.0222222222222222,0.3225806451612903,0.0,0,0,0,0.0,0.1111111111111111,0.0384853095574105,0.0,0.0,0,0,S1-345465832,S2-299772640,0
0.2985074626865671,0.2985074626865671,0.08,0.08,0.1904761904761904,0.0,0,0,0,0.0,0.1,0.0327840129847717,0.0,0.0,0,0,S1-345465832,S2-26098361,0
0.2068965517241379,0.2068965517241379,0.0444444444444444,0.0444444444444444,0.2033898305084746,0.0,0,0,0,0.0,0.125,0.0421857557450723,0.0,0.0,1,0,S1-345465832,S2-556932415,0
0.3571428571428571,0.3571428571428571,0.0227272727272727,0.0227272727272727,0.144927536231884,0.0,0,0,0,0.0,0.125,0.0403012522935755,0.0,0.0,0,0,S1-345465832,S2-576524817,0
0.8823529411764706,0.8823529411764706,0.6470588235294118,0.6470588235294118,0.2093023255813953,0.0,0,0,0,0.0,0.3333333333333333,0.2051961847350407,0.0,0.0,0,0,S1-15107568,S2-65458129,0
0.5833333333333334,0.5833333333333334,0.3333333333333333,0.3333333333333333,0.3287671232876712,0.0,0,0,0,0.0,0.2,0.1941238259547432,0.0,0.0,0,0,S1-15107568,S2-162378819,0
0.4727272727272727,0.4727272727272727,0.2777777777777778,0.2777777777777778,0.2888888888888888,0.0,0,0,0,0.0,0.1666666666666666,0.1588311874207789,0.0,0.0,1,0,S1-15107568,S2-721134375,0
0.6808510638297872,0.6808510638297872,0.3333333333333333,0.3333333333333333,0.2631578947368421,0.0,0,0,0,0.0,0.25,0.1943969479021068,0.0,0.0,0,0,S1-15107568,S2-682267568,0
0.5555555555555556,0.5555555555555556,0.2857142857142857,0.2857142857142857,0.1584158415841584,0.0,0,0,0,0.0,0.1666666666666666,0.1574551846149647,0.0,0.0,0,0,S1-15107568,S2-34150269,0
0.3396226415094339,0.3396226415094339,0.0512820512820512,0.0512820512820512,0.2325581395348837,0.0,0,0,0,0.0,0.125,0.0641226146743142,0.0,0.0,0,0,S1-399036405,S2-156590543,0
0.4444444444444444,0.4444444444444444,0.1333333333333333,0.1333333333333333,0.2386363636363636,0.0,0,0,0,0.0,0.2857142857142857,0.1608113634381932,0.037037037037037,0.037037037037037,1,0,S1-399036405,S2-966879135,0
0.3720930232558139,0.3720930232558139,0.03125,0.03125,0.1714285714285714,0.0,0,0,0,0.0,0.1428571428571428,0.0712452693258965,0.0,0.0,0,0,S1-399036405,S2-363879558,0
0.56,0.56,0.1142857142857142,0.1142857142857142,0.173076923076923,0.0,0,0,0,0.0,0.2857142857142857,0.1444897482623806,0.0333333333333333,0.0333333333333333,0,0,S1-399036405,S2-453317682,0
0.4897959183673469,0.4897959183673469,0.1176470588235294,0.1176470588235294,0.3602484472049689,0.3333333333333333,1,1,1,0.0,0.2857142857142857,0.1481747364926008,0.0384615384615384,0.0384615384615384,0,0,S1-399036405,S2-421077741,0
0.6666666666666666,0.6666666666666666,0.3421052631578947,0.3421052631578947,0.3448275862068966,0.0,0,0,0,0.0,0.4,0.1299468128766188,0.0,0.0,0,0,S1-555217698,S2-635255323,0
0.4838709677419355,0.4838709677419355,0.2682926829268293,0.2682926829268293,0.0939597315436241,0.0,0,0,0,0.0,0.3333333333333333,0.1053197606348446,0.0,0.0,0,0,S1-555217698,S2-857426224,0
0.4137931034482758,0.4137931034482758,0.1136363636363636,0.1136363636363636,0.3205128205128205,0.0,0,0,0,0.0,0.1666666666666666,0.0571393493607652,0.0476190476190476,0.0476190476190476,1,0,S1-555217698,S2-347693910,0
0.4210526315789473,0.4210526315789473,0.1463414634146341,0.1463414634146341,0.2121212121212121,0.0,0,0,0,0.0,0.1428571428571428,0.0498515001306399,0.0,0.0,0,0,S1-555217698,S2-106496325,0
0.7213114754098361,0.7213114754098361,0.3421052631578947,0.3421052631578947,0.2058823529411764,0.0,0,0,0,0.0,0.3333333333333333,0.1381555205795976,0.0,0.0,0,0,S1-555217698,S2-492925500,0
0.4745762711864407,0.4745762711864407,0.1395348837209302,0.1395348837209302,0.1777777777777777,0.0,0,0,0,0.0,0.1666666666666666,0.0630673024222295,0.0,0.0,0,0,S1-534148832,S2-900005165,0
0.547945205479452,0.547945205479452,0.3255813953488372,0.3255813953488372,0.2051282051282051,0.0,0,0,0,0.0,0.3333333333333333,0.1071411751615671,0.0,0.0,0,0,S1-534148832,S2-789511558,0
0.6557377049180327,0.6557377049180327,0.3076923076923077,0.3076923076923077,0.2857142857142857,0.0,0,0,0,0.0,0.3333333333333333,0.123965677322579,0.0,0.0,0,0,S1-534148832,S2-502848819,0
0.375,0.375,0.1041666666666666,0.1041666666666666,0.1136363636363636,0.0,0,0,0,0.0,0.125,0.0491528084712188,0.0,0.0,0,0,S1-534148832,S2-62259690,0
0.4705882352941176,0.4705882352941176,0.1333333333333333,0.1333333333333333,0.3378378378378378,0.0,0,0,0,0.0,0.125,0.0557907406350412,0.0,0.0,0,0,S1-534148832,S2-518777180,0
0.3555555555555555,0.3555555555555555,0.1666666666666666,0.1666666666666666,0.2553191489361702,0.0,0,0,0,0.0,0.1428571428571428,0.1561327719033924,0.0,0.0,0,0,S1-218686696,S2-111073791,0
0.5,0.5,0.1904761904761904,0.1904761904761904,0.2909090909090909,0.0,0,0,0,0.0,0.25,0.2111009705724918,0.0,0.0,0,0,S1-218686696,S2-682446065,0
0.4782608695652174,0.4782608695652174,0.15625,0.15625,0.3555555555555555,0.0,0,0,0,0.0,0.1666666666666666,0.1243327511084049,0.0,0.0,0,0,S1-218686696,S2-298303813,0
0.5263157894736842,0.5263157894736842,0.1538461538461538,0.1538461538461538,0.4814814814814814,0.0,0,0,0,0.0,0.2,0.1633829556977499,0.1,0.1,0,0,S1-218686696,S2-336916557,0
0.5,0.5,0.1351351351351351,0.1351351351351351,0.4444444444444444,0.0,0,0,0,0.0,0.1428571428571428,0.1078063812918743,0.1,0.1,0,0,S1-218686696,S2-898911648,0
0.56,0.56,0.1428571428571428,0.1428571428571428,0.2417582417582417,0.0,0,0,0,0.0,0.1428571428571428,0.1232011929619134,0.0,0.0,0,0,S1-618129245,S2-854797385,0
0.5454545454545454,0.5454545454545454,0.1666666666666666,0.1666666666666666,0.1555555555555555,0.0,0,0,0,0.0,0.1666666666666666,0.1669808689587305,0.0,0.0,0,0,S1-618129245,S2-392774312,0
0.2807017543859649,0.2807017543859649,0.0681818181818181,0.0681818181818181,0.391304347826087,0.0,0,0,0,0.0,0.1428571428571428,0.1044448577297039,0.0,0.0,0,0,S1-618129245,S2-941823531,0
0.509090909090909,0.509090909090909,0.1891891891891892,0.1891891891891892,0.3157894736842105,0.0,0,0,0,0.0,0.125,0.1675429065707831,0.0,0.0,0,0,S1-618129245,S2-499601706,0
0.2777777777777778,0.2777777777777778,0.12,0.12,0.2444444444444444,0.0,0,0,0,0.0,0.2,0.1655512000113146,0.0,0.0,0,0,S1-618129245,S2-157806144,0
0.3673469387755102,0.3673469387755102,0.0256410256410256,0.0256410256410256,0.3174603174603174,0.0,0,0,0,0.0,0.1666666666666666,0.0602847887850465,0.0,0.0,0,0,S1-802854229,S2-367268,0
0.1276595744680851,0.1276595744680851,0.0277777777777777,0.0277777777777777,0.3209876543209876,0.0,0,0,0,0.0,0.1428571428571428,0.0427248361653093,0.0,0.0,0,0,S1-802854229,S2-760641153,0
0.25,0.25,0.054054054054054,0.054054054054054,0.3278688524590163,0.0,0,0,0,0.0,0.1666666666666666,0.059301838950848,0.1,0.1,0,0,S1-802854229,S2-937749012,0
0.1363636363636363,0.1363636363636363,0.0294117647058823,0.0294117647058823,0.3888888888888889,0.0,0,0,0,0.0,0.1666666666666666,0.0547914088107721,0.0,0.0,0,0,S1-802854229,S2-982549999,0
0.2857142857142857,0.2857142857142857,0.06,0.06,0.0,0.0,0,0,0,0.0,0.1428571428571428,0.0495474447035645,0.0,0.0,0,1,S1-802854229,S2-296371420,0
1.0,1.0,1.0,1.0,0.68,1.0,1,1,2,0.0,1.0,1.0,0.7142857142857143,0.7142857142857143,1,0,S1-590909205,S2-579841448,1
0.5365853658536586,0.5365853658536586,0.1785714285714285,0.1785714285714285,0.2666666666666666,0.0,0,0,0,0.0,0.2,0.2442952065929002,0.0909090909090909,0.0909090909090909,0,0,S1-590909205,S2-657978571,0
0.5405405405405406,0.5405405405405406,0.25,0.25,0.2142857142857142,0.0,0,0,0,0.0,0.25,0.1677476829929567,0.0,0.0,0,0,S1-590909205,S2-499084316,0
0.4313725490196078,0.4313725490196078,0.1666666666666666,0.1666666666666666,0.2,0.0,0,0,0,0.0,0.1666666666666666,0.1371558806498295,0.0,0.0,0,0,S1-590909205,S2-450684205,0
0.4782608695652174,0.4782608695652174,0.1875,0.1875,0.3846153846153846,0.0,0,0,0,0.0,0.2,0.1797463267881109,0.0,0.0,0,0,S1-590909205,S2-530803874,0
0.52,0.52,0.1428571428571428,0.1428571428571428,0.1481481481481481,0.0,0,0,0,0.0,0.1428571428571428,0.1451137610656178,0.0,0.0,0,0,S1-590909205,S2-595735997,0
0.5671641791044776,0.5671641791044776,0.1914893617021276,0.1914893617021276,0.2121212121212121,0.0,0,0,0,0.0,0.1428571428571428,0.1050294866763115,0.0,0.0,0,0,S1-996189067,S2-254590555,0
0.4225352112676056,0.4225352112676056,0.1538461538461538,0.1538461538461538,0.303030303030303,0.0,0,0,0,0.0,0.1428571428571428,0.1065376566759496,0.0,0.0,0,0,S1-996189067,S2-499162538,0
0.5,0.5,0.1904761904761904,0.1904761904761904,0.2702702702702703,0.0,0,0,0,0.0,0.1666666666666666,0.1036084340199076,0.0,0.0,0,0,S1-996189067,S2-8599914,0
0.3478260869565217,0.3478260869565217,0.1632653061224489,0.1632653061224489,0.3376623376623376,0.0,0,0,0,0.0,0.125,0.084262262204757,0.0,0.0,1,0,S1-996189067,S2-179824,0
0.4912280701754385,0.4912280701754385,0.2,0.2,0.1875,0.0,0,0,0,0.0,0.1666666666666666,0.0921120843138664,0.0,0.0,1,0,S1-996189067,S2-403926693,0
0.6885245901639344,0.6885245901639344,0.3421052631578947,0.3421052631578947,0.373134328358209,0.0,0,0,0,0.0,0.3333333333333333,0.1106171853063223,0.0952380952380952,0.0952380952380952,0,0,S1-635344779,S2-565491308,0
0.25,0.25,0.1219512195121951,0.1219512195121951,0.2937062937062937,0.0,0,0,0,0.0,0.1428571428571428,0.0563138190349006,0.0,0.0,0,0,S1-635344779,S2-60973883,0
0.6666666666666666,0.6666666666666666,0.3076923076923077,0.3076923076923077,0.1702127659574468,0.0,0,0,0,0.0,0.4,0.1507525440380382,0.0,0.0,0,0,S1-635344779,S2-645486263,0
0.6206896551724138,0.6206896551724138,0.3333333333333333,0.3333333333333333,0.3133640552995391,0.0,0,0,0,0.0,0.3333333333333333,0.1054430042715063,0.0769230769230769,0.0769230769230769,1,0,S1-635344779,S2-89638223,0
0.4074074074074074,0.4074074074074074,0.1282051282051282,0.1282051282051282,0.4393939393939394,0.0,0,0,0,0.0,0.1428571428571428,0.0498575461376157,0.05,0.0499999999999999,0,0,S1-635344779,S2-136399457,0
0.3829787234042553,0.3829787234042553,0.0571428571428571,0.0571428571428571,0.3294117647058823,0.0,0,0,0,0.0,0.1428571428571428,0.0474007779995393,0.0,0.0,0,0,S1-189719888,S2-797505904,0
0.2916666666666667,0.2916666666666667,0.027027027027027,0.027027027027027,0.2058823529411764,0.0,0,0,0,0.0,0.1428571428571428,0.042935398793507,0.0,0.0,0,0,S1-189719888,S2-838725309,0
0.3255813953488372,0.3255813953488372,0.0625,0.0625,0.2105263157894736,0.0,0,0,0,0.0,0.1666666666666666,0.0641470132615905,0.0,0.0,0,0,S1-189719888,S2-755441330,0
0.4150943396226415,0.4150943396226415,0.131578947368421,0.131578947368421,0.3013698630136986,0.0,0,0,0,0.0,0.3333333333333333,0.1714931723785487,0.0,0.0,0,0,S1-189719888,S2-465359116,0
0.5652173913043478,0.5652173913043478,0.0285714285714285,0.0285714285714285,0.2191780821917808,0.0,0,0,0,0.0,0.1428571428571428,0.0496264589627528,0.0,0.0,0,0,S1-189719888,S2-411115022,0
0.4166666666666667,0.4166666666666667,0.0833333333333333,0.0833333333333333,0.3478260869565217,0.0,0,0,0,0.0,0.1666666666666666,0.0407875044368075,0.0,0.0,0,0,S1-844561175,S2-410295638,0
0.12,0.12,0.0256410256410256,0.0256410256410256,0.3125,0.0,0,0,0,0.0,0.1428571428571428,0.0336497535347541,0.0909090909090909,0.0909090909090909,0,0,S1-844561175,S2-42090823,0
0.4615384615384615,0.4615384615384615,0.073170731707317,0.073170731707317,0.2068965517241379,0.0,0,0,0,0.0,0.2,0.052035550405309,0.0,0.0,0,0,S1-844561175,S2-45240700,0
0.4,0.4,0.037037037037037,0.037037037037037,0.3692307692307692,0.0,0,0,0,0.0,0.25,0.0626659955284217,0.0,0.0,0,0,S1-844561175,S2-53198946,0
0.3333333333333333,0.3333333333333333,0.03125,0.03125,0.3582089552238806,0.0,0,0,0,0.0,0.1666666666666666,0.0469055085749093,0.0,0.0,0,0,S1-844561175,S2-367632867,0
0.4285714285714285,0.4285714285714285,0.119047619047619,0.119047619047619,0.208695652173913,0.0,0,0,0,0.0,0.1666666666666666,0.0642190980662474,0.0,0.0,0,0,S1-166794481,S2-616975394,0
0.6,0.6,0.3111111111111111,0.3111111111111111,0.193103448275862,0.3333333333333333,1,1,2,0.0,0.2857142857142857,0.1206045254166039,0.0454545454545454,0.0454545454545454,0,0,S1-166794481,S2-880012978,0
0.7142857142857143,0.7142857142857143,0.3529411764705882,0.3529411764705882,0.140625,0.0,0,0,0,0.0,0.3333333333333333,0.1415107236340188,0.0,0.0,0,0,S1-166794481,S2-553479695,0
0.4642857142857143,0.4642857142857143,0.1219512195121951,0.1219512195121951,0.4251968503937008,0.0,0,0,0,0.0,0.1428571428571428,0.0518908170691268,0.1176470588235294,0.1176470588235294,0,0,S1-166794481,S2-414344928,0
0.5423728813559322,0.5423728813559322,0.1395348837209302,0.1395348837209302,0.25,0.0,0,0,0,0.0,0.1428571428571428,0.0586704418440512,0.0,0.0,0,0,S1-166794481,S2-379264064,0
0.75,0.75,0.6,0.6,0.9705882352941176,1.0,1,1,5,1.0,1.0,1.0,0.75,0.75,0,0,S1-248039683,S2-685982976,1
0.3529411764705882,0.3529411764705882,0.04,0.04,0.0481927710843373,0.0,0,0,0,0.0,0.2,0.0841030256123469,0.0,0.0,0,0,S1-248039683,S2-74362901,0
0.5217391304347826,0.5217391304347826,0.0277777777777777,0.0277777777777777,0.2142857142857142,0.0,0,0,0,0.0,0.1666666666666666,0.0552840114222374,0.0,0.0,0,0,S1-248039683,S2-107117525,0
0.3076923076923077,0.3076923076923077,0.0344827586206896,0.0344827586206896,0.1612903225806451,0.0,0,0,0,0.0,0.1666666666666666,0.0621994052473042,0.0,0.0,0,0,S1-248039683,S2-444400449,0
0.625,0.625,0.3157894736842105,0.3157894736842105,0.2857142857142857,0.0,0,0,0,0.0,0.25,0.2623525550635109,0.0,0.0,0,0,S1-248039683,S2-300079264,0
0.4285714285714285,0.4285714285714285,0.2222222222222222,0.2222222222222222,0.3888888888888889,0.0,0,0,0,0.0,0.1666666666666666,0.1299369539535065,0.0,0.0,0,0,S1-248039683,S2-931440474,0
0.48,0.48,0.0526315789473684,0.0526315789473684,0.2857142857142857,0.0,0,0,0,0.0,0.1666666666666666,0.0488235224149718,0.0,0.0,0,0,S1-28683912,S2-968000834,0
0.3125,0.3125,0.0434782608695652,0.0434782608695652,0.34375,0.0,0,0,0,0.0,0.25,0.0763505114184729,0.0,0.0,0,0,S1-28683912,S2-291487348,0
0.3720930232558139,0.3720930232558139,0.0303030303030303,0.0303030303030303,0.0,0.0,0,0,0,0.0,0.2,0.0760836369448514,0.0,0.0,0,1,S1-28683912,S2-735728307,0
0.3773584905660377,0.3773584905660377,0.0238095238095238,0.0238095238095238,0.1212121212121212,0.0,0,0,0,0.0,0.1666666666666666,0.0699751181171741,0.0,0.0,0,0,S1-28683912,S2-457226824,0
0.3571428571428571,0.3571428571428571,0.0465116279069767,0.0465116279069767,0.3278688524590163,0.0,0,0,0,0.0,0.1428571428571428,0.0543147388817089,0.0,0.0,0,0,S1-28683912,S2-725169997,0
0.4912280701754385,0.4912280701754385,0.119047619047619,0.119047619047619,0.3,0.0,0,0,0,0.0,0.1428571428571428,0.0423466312936401,0.0,0.0,0,0,S1-548531292,S2-293444864,0
0.6181818181818182,0.6181818181818182,0.1538461538461538,0.1538461538461538,0.2446043165467626,0.0,0,0,0,0.0,0.1428571428571428,0.049460855866244,0.0,0.0,0,0,S1-548531292,S2-46464921,0
0.6101694915254238,0.6101694915254238,0.3611111111111111,0.3611111111111111,0.2905982905982906,0.0,0,0,0,0.0,0.3333333333333333,0.1291262338124432,0.0,0.0,0,0,S1-548531292,S2-652336922,0
0.6785714285714286,0.6785714285714286,0.3529411764705882,0.3529411764705882,0.2434782608695652,0.0,0,0,0,0.0,0.3333333333333333,0.1206043960439961,0.0,0.0,0,0,S1-548531292,S2-981143195,0
0.3809523809523809,0.3809523809523809,0.1041666666666666,0.1041666666666666,0.1428571428571428,0.0,0,0,0,0.0,0.1428571428571428,0.0504110826766484,0.0,0.0,0,0,S1-548531292,S2-227944353,0
0.1538461538461538,0.1538461538461538,0.0344827586206896,0.0344827586206896,0.4615384615384615,0.0,0,0,0,0.0,0.1666666666666666,0.0460233621266451,0.1111111111111111,0.1111111111111111,0,0,S1-389573026,S2-535412392,0
0.2162162162162162,0.2162162162162162,0.0769230769230769,0.0769230769230769,0.2153846153846154,0.0,0,0,0,0.0,0.1666666666666666,0.0453125564940125,0.0,0.0,0,0,S1-389573026,S2-312776537,0
0.3870967741935484,0.3870967741935484,0.0454545454545454,0.0454545454545454,0.1904761904761904,0.0,0,0,0,0.0,0.2,0.0518760129167034,0.0,0.0,0,0,S1-389573026,S2-655597187,0
0.4651162790697674,0.4651162790697674,0.0303030303030303,0.0303030303030303,0.2222222222222222,0.0,0,0,0,0.0,0.1666666666666666,0.0474746275517566,0.0,0.0,0,0,S1-389573026,S2-836468299,0
0.5714285714285714,0.5714285714285714,0.08,0.08,0.3448275862068966,0.0,0,0,0,0.0,0.2,0.0540325484512418,0.0,0.0,0,0,S1-389573026,S2-553261410,0
0.4615384615384615,0.4615384615384615,0.0344827586206896,0.0344827586206896,0.0769230769230769,0.0,0,0,0,0.0,0.1666666666666666,0.0575594415764385,0.0,0.0,0,0,S1-962375035,S2-45373075,0
0.2142857142857142,0.2142857142857142,0.05,0.05,0.15625,0.0,0,0,0,0.0,0.25,0.0902313618797883,0.0,0.0,0,0,S1-962375035,S2-423003196,0
0.3333333333333333,0.3333333333333333,0.0526315789473684,0.0526315789473684,0.360655737704918,0.0,0,0,0,0.0,0.2,0.0789462951175061,0.0,0.0,0,0,S1-962375035,S2-181581463,0
0.5,0.5,0.0416666666666666,0.0416666666666666,0.21875,0.0,0,0,0,0.0,0.25,0.0783469305956356,0.0,0.0,0,0,S1-962375035,S2-435377322,0
0.3783783783783784,0.3783783783783784,0.0357142857142857,0.0357142857142857,0.2,0.0,0,0,0,0.0,0.2,0.0768899204632274,0.0,0.0,0,0,S1-962375035,S2-946568110,0
0.45,0.45,0.1481481481481481,0.1481481481481481,0.3333333333333333,0.0,0,0,0,0.0,0.1666666666666666,0.1625797601438139,0.0625,0.0624999999999999,0,0,S1-473080741,S2-340731252,0
0.6521739130434783,0.6521739130434783,0.2857142857142857,0.2857142857142857,0.2954545454545454,0.0,0,0,0,0.0,0.3333333333333333,0.3508583854697185,0.0,0.0,0,0,S1-473080741,S2-639292383,0
0.4313725490196078,0.4313725490196078,0.0512820512820512,0.0512820512820512,0.2716049382716049,0.0,0,0,0,0.0,0.1428571428571428,0.1487786312729079,0.0,0.0,0,0,S1-473080741,S2-520779389,0
0.425531914893617,0.425531914893617,0.0571428571428571,0.0571428571428571,0.3132530120481928,0.0,0,0,0,0.0,0.1428571428571428,0.1378113891873733,0.0,0.0,0,0,S1-473080741,S2-236786664,0
0.52,0.52,0.1428571428571428,0.1428571428571428,0.3023255813953488,0.0,0,0,0,0.0,0.1428571428571428,0.1378341548758562,0.0,0.0,0,0,S1-473080741,S2-359697581,0
0.6666666666666666,0.6666666666666666,0.1714285714285714,0.1714285714285714,0.3285714285714285,0.0,0,0,0,0.0,0.1428571428571428,0.0521950632068155,0.05,0.0499999999999999,0,0,S1-972491065,S2-50513846,0
0.6363636363636364,0.6363636363636364,0.2857142857142857,0.2857142857142857,0.2777777777777778,0.0,0,0,0,0.0,0.25,0.0900895298661326,0.0416666666666666,0.0416666666666666,0,0,S1-972491065,S2-518019034,0
0.3235294117647059,0.3235294117647059,0.0980392156862745,0.0980392156862745,0.3229813664596273,0.0,0,0,0,0.0,0.125,0.0467772812803956,0.0,0.0,0,0,S1-972491065,S2-136482479,0
0.44,0.44,0.1388888888888889,0.1388888888888889,0.3435582822085889,0.0,0,0,0,0.0,0.1666666666666666,0.0643364255441494,0.0384615384615384,0.0384615384615384,0,0,S1-972491065,S2-450726518,0
0.509090909090909,0.509090909090909,0.1538461538461538,0.1538461538461538,0.1869158878504672,0.0,0,0,0,0.0,0.1428571428571428,0.0562876450474291,0.0625,0.0624999999999999,0,0,S1-972491065,S2-26390929,0
0.625,0.625,0.3,0.3,0.1153846153846153,0.0,0,0,0,0.0,0.3333333333333333,0.3411704449294385,0.0,0.0,1,0,S1-614413072,S2-272930358,0
0.4285714285714285,0.4285714285714285,0.1379310344827586,0.1379310344827586,0.4375,0.0,0,0,0,0.0,0.1666666666666666,0.1625042935702956,0.0909090909090909,0.0909090909090909,0,0,S1-614413072,S2-326924360,0
0.2857142857142857,0.2857142857142857,0.081081081081081,0.081081081081081,0.1875,0.0,0,0,0,0.0,0.1666666666666666,0.1627144815117637,0.0,0.0,0,0,S1-614413072,S2-378495149,0
0.2941176470588235,0.2941176470588235,0.125,0.125,0.4761904761904761,0.0,0,0,0,0.0,0.25,0.2632696809486094,0.0909090909090909,0.0909090909090909,0,0,S1-614413072,S2-772093277,0
0.3636363636363636,0.3636363636363636,0.0967741935483871,0.0967741935483871,0.3103448275862069,0.0,0,0,0,0.0,0.1666666666666666,0.1757832291160869,0.0,0.0,0,0,S1-614413072,S2-398241068,0
0.2641509433962264,0.2641509433962264,0.0238095238095238,0.0238095238095238,0.2461538461538461,0.0,0,0,0,0.0,0.1428571428571428,0.0388172508790502,0.0,0.0,0,0,S1-705754655,S2-345828971,0
0.3272727272727272,0.3272727272727272,0.0227272727272727,0.0227272727272727,0.1481481481481481,0.0,0,0,0,0.0,0.1428571428571428,0.0441859519528962,0.0,0.0,0,0,S1-705754655,S2-431915492,0
0.4150943396226415,0.4150943396226415,0.048780487804878,0.048780487804878,0.1686746987951807,0.0,0,0,0,0.0,0.1428571428571428,0.0417220296650596,0.0,0.0,0,0,S1-705754655,S2-185654339,0
0.1578947368421052,0.1578947368421052,0.0357142857142857,0.0357142857142857,0.3076923076923077,0.0,0,0,0,0.0,0.1666666666666666,0.04417771188692,0.0,0.0,0,0,S1-705754655,S2-154502876,0
0.4,0.4,0.0227272727272727,0.0227272727272727,0.2,0.0,0,0,0,0.0,0.1428571428571428,0.0409153167154876,0.0,0.0,0,0,S1-705754655,S2-217146842,0
0.1034482758620689,0.1034482758620689,0.0217391304347826,0.0217391304347826,0.2777777777777778,0.0,0,0,0,0.0,0.1428571428571428,0.0415690500419518,0.0,0.0,0,0,S1-665238345,S2-143892274,0
0.5,0.5,0.2222222222222222,0.2222222222222222,0.2898550724637681,0.0,0,0,0,0.0,0.2,0.1381219824934054,0.0,0.0,0,0,S1-665238345,S2-25411805,0
0.4827586206896552,0.4827586206896552,0.0666666666666666,0.0666666666666666,0.1818181818181818,0.0,0,0,0,0.0,0.1428571428571428,0.0489494118493859,0.0,0.0,0,0,S1-665238345,S2-514216877,0
0.4,0.4,0.0227272727272727,0.0227272727272727,0.2898550724637681,0.0,0,0,0,0.0,0.1428571428571428,0.0527981283675814,0.0,0.0,0,0,S1-665238345,S2-53061251,0
0.4,0.4,0.0232558139534883,0.0232558139534883,0.0,0.0,0,0,0,0.0,0.1666666666666666,0.055581143713199,0.0,0.0,0,1,S1-665238345,S2-305970952,0
0.5581395348837209,0.5581395348837209,0.2068965517241379,0.2068965517241379,0.3529411764705882,0.0,0,0,0,0.0,0.2,0.072397843695136,0.0526315789473684,0.0526315789473684,0,0,S1-402013672,S2-442714945,0
0.5925925925925926,0.5925925925925926,0.125,0.125,0.0,0.0,0,0,0,0.0,0.1666666666666666,0.0517225055393712,0.0,0.0,0,1,S1-402013672,S2-443308654,0
0.52,0.52,0.1666666666666666,0.1666666666666666,0.109375,0.0,0,0,0,0.0,0.2,0.1399987424027019,0.0,0.0,0,0,S1-402013672,S2-686272215,0
0.46875,0.46875,0.1521739130434782,0.1521739130434782,0.3478260869565217,0.0,0,0,0,0.0,0.125,0.0515788776117477,0.0454545454545454,0.0454545454545454,0,0,S1-402013672,S2-365055172,0
0.5490196078431373,0.5490196078431373,0.1666666666666666,0.1666666666666666,0.1102362204724409,0.0,0,0,0,0.0,0.1666666666666666,0.0987761365067656,0.0,0.0,0,0,S1-402013672,S2-7324747,0
0.5393258426966292,0.5393258426966292,0.1875,0.1875,0.3878787878787879,0.0,0,0,0,0.0,0.2222222222222222,0.0776238754123454,0.125,0.1249999999999999,0,0,S1-289129046,S2-972485350,0
0.4285714285714285,0.4285714285714285,0.119047619047619,0.119047619047619,0.1587301587301587,0.0,0,0,0,0.0,0.1666666666666666,0.0718190477342433,0.0,0.0,0,0,S1-289129046,S2-266399994,0
0.5588235294117647,0.5588235294117647,0.2666666666666666,0.2666666666666666,0.2738095238095238,0.0,0,0,0,0.0,0.2857142857142857,0.1215439755679112,0.0,0.0,0,0,S1-289129046,S2-950294869,0
0.6176470588235294,0.6176470588235294,0.2608695652173913,0.2608695652173913,0.2980769230769231,0.0,0,0,0,0.0,0.3333333333333333,0.1051760399117066,0.0303030303030303,0.0303030303030302,0,0,S1-289129046,S2-540380557,0
0.4137931034482758,0.4137931034482758,0.1162790697674418,0.1162790697674418,0.2528735632183908,0.0,0,0,0,0.0,0.1666666666666666,0.0637395003386063,0.0357142857142857,0.0357142857142857,0,0,S1-289129046,S2-959986113,0
0.3636363636363636,0.3636363636363636,0.0975609756097561,0.0975609756097561,0.3157894736842105,0.0,0,0,0,0.0,0.1428571428571428,0.1722029747271898,0.0,0.0,0,0,S1-365527952,S2-979970470,0
0.4489795918367347,0.4489795918367347,0.0512820512820512,0.0512820512820512,0.2898550724637681,0.0,0,0,0,0.0,0.2,0.1884295597713061,0.0,0.0,0,0,S1-365527952,S2-81737850,0
0.5,0.5,0.2285714285714285,0.2285714285714285,0.3529411764705882,0.0,0,0,0,0.0,0.1666666666666666,0.1770970645434685,0.0,0.0,0,0,S1-365527952,S2-361385513,0
0.4193548387096774,0.4193548387096774,0.1136363636363636,0.1136363636363636,0.3125,0.0,0,0,0,0.0,0.1428571428571428,0.1702218546042975,0.0,0.0,0,0,S1-365527952,S2-687819256,0
0.4666666666666667,0.4666666666666667,0.1666666666666666,0.1666666666666666,0.2058823529411764,0.0,0,0,0,0.0,0.125,0.1520027481104276,0.0,0.0,0,0,S1-365527952,S2-199807809,0
0.3376623376623376,0.3376623376623376,0.015625,0.015625,0.0,0.0,0,0,0,0.0,0.1111111111111111,0.0487449432495324,0.0,0.0,0,1,S1-735998756,S2-300722229,0
0.3703703703703703,0.3703703703703703,0.0232558139534883,0.0232558139534883,0.2857142857142857,0.0,0,0,0,0.0,0.1428571428571428,0.0685939949119635,0.0,0.0,0,0,S1-735998756,S2-294301957,0
0.2807017543859649,0.2807017543859649,0.0222222222222222,0.0222222222222222,0.2413793103448276,0.0,0,0,0,0.0,0.125,0.0562177093695894,0.0,0.0,0,0,S1-735998756,S2-205980356,0
0.3389830508474576,0.3389830508474576,0.1428571428571428,0.1428571428571428,0.3103448275862069,0.0,0,0,0,0.0,0.125,0.0807629785262192,0.0,0.0,0,0,S1-735998756,S2-878588453,0
0.5263157894736842,0.5263157894736842,0.0357142857142857,0.0357142857142857,0.2413793103448276,0.0,0,0,0,0.0,0.1666666666666666,0.0627293256272852,0.0,0.0,0,0,S1-735998756,S2-236393485,0
0.4,0.4,0.0588235294117647,0.0588235294117647,0.1686746987951807,0.0,0,0,0,0.0,0.1666666666666666,0.0814297007692231,0.0,0.0,0,0,S1-903019425,S2-43189428,0
0.358974358974359,0.358974358974359,0.0344827586206896,0.0344827586206896,0.267379679144385,0.0,0,0,0,0.0,0.1666666666666666,0.0779317170107351,0.0,0.0,1,0,S1-903019425,S2-192547825,0
0.52,0.52,0.1212121212121212,0.1212121212121212,0.3043478260869565,0.0,0,0,0,0.0,0.3333333333333333,0.1815560036349581,0.0,0.0,0,0,S1-903019425,S2-555740324,0
0.48,0.48,0.0263157894736842,0.0263157894736842,0.1655172413793103,0.0,0,0,0,0.0,0.125,0.0464510084260934,0.0,0.0,0,0,S1-903019425,S2-639469476,0
0.4186046511627907,0.4186046511627907,0.03125,0.03125,0.1052631578947368,0.0,0,0,0,0.0,0.1428571428571428,0.0719246167483333,0.0,0.0,0,0,S1-903019425,S2-88297436,0
0.5818181818181818,0.5818181818181818,0.2857142857142857,0.2857142857142857,0.2142857142857142,0.0,0,0,0,0.0,0.1428571428571428,0.1296794435593931,0.0,0.0,0,0,S1-623732877,S2-831642837,0
0.5,0.5,0.0606060606060606,0.0606060606060606,0.2941176470588235,0.0,0,0,0,0.0,0.1666666666666666,0.1115820054670553,0.0,0.0,0,0,S1-623732877,S2-227752207,0
0.1666666666666666,0.1666666666666666,0.037037037037037,0.037037037037037,0.5964912280701754,0.0,0,0,0,0.0,0.2,0.1251203683490944,0.1,0.0999999999999999,0,0,S1-623732877,S2-552118741,0
0.375,0.375,0.0555555555555555,0.0555555555555555,0.3220338983050847,0.0,0,0,0,0.0,0.1428571428571428,0.1117206881148811,0.0,0.0,0,0,S1-623732877,S2-366272614,0
0.5555555555555556,0.5555555555555556,0.0769230769230769,0.0769230769230769,0.1958041958041958,0.0,0,0,0,0.0,0.2,0.1201071787406458,0.0,0.0,0,0,S1-623732877,S2-397875130,0
0.125,0.125,0.0263157894736842,0.0263157894736842,0.4406779661016949,0.0,0,0,0,0.0,0.1666666666666666,0.0569485424971546,0.1111111111111111,0.1111111111111111,0,0,S1-164124982,S2-46100007,0
0.2857142857142857,0.2857142857142857,0.027027027027027,0.027027027027027,0.2622950819672131,0.0,0,0,0,0.0,0.1666666666666666,0.0709013669666357,0.0,0.0,0,0,S1-164124982,S2-608083959,0
0.3720930232558139,0.3720930232558139,0.0625,0.0625,0.3103448275862069,0.0,0,0,0,0.0,0.1666666666666666,0.0541607807579353,0.0,0.0,0,0,S1-164124982,S2-547505916,0
0.3636363636363636,0.3636363636363636,0.0285714285714285,0.0285714285714285,0.2580645161290322,0.0,0,0,0,0.0,0.2,0.0560869136107826,0.0,0.0,0,0,S1-164124982,S2-504561850,0
0.3684210526315789,0.3684210526315789,0.0357142857142857,0.0357142857142857,0.2941176470588235,0.0,0,0,0,0.0,0.1666666666666666,0.0526200117865373,0.0,0.0,0,0,S1-164124982,S2-630789699,0
0.6101694915254238,0.6101694915254238,0.2439024390243902,0.2439024390243902,0.3529411764705882,0.0,0,0,0,0.0,0.2,0.2364883348568946,0.0,0.0,0,0,S1-4109381,S2-969439030,0
0.5,0.5,0.2093023255813953,0.2093023255813953,0.1739130434782608,0.0,0,0,0,0.0,0.2,0.2336220829986206,0.0,0.0,0,0,S1-4109381,S2-361687150,0
0.5833333333333334,0.5833333333333334,0.1923076923076923,0.1923076923076923,0.1875,0.0,0,0,0,0.0,0.1666666666666666,0.1817719590458401,0.0,0.0,0,0,S1-4109381,S2-903739340,0
0.4761904761904761,0.4761904761904761,0.1489361702127659,0.1489361702127659,0.2191780821917808,0.0,0,0,0,0.0,0.1666666666666666,0.193526650509379,0.0,0.0,0,0,S1-4109381,S2-32119444,0
0.6,0.6,0.2647058823529412,0.2647058823529412,0.2352941176470588,0.0,0,0,0,0.0,0.25,0.1982392056239586,0.0,0.0,0,0,S1-4109381,S2-188820988,0
0.4266666666666667,0.4266666666666667,0.1111111111111111,0.1111111111111111,0.2142857142857142,0.0,0,0,0,0.0,0.1428571428571428,0.0458043895340416,0.0,0.0,1,0,S1-240633284,S2-976572610,0
0.5507246376811594,0.5507246376811594,0.2083333333333333,0.2083333333333333,0.3378378378378378,0.0,0,0,0,0.0,0.3333333333333333,0.1036974155434693,0.1,0.0999999999999999,0,0,S1-240633284,S2-781901295,0
0.5245901639344263,0.5245901639344263,0.4285714285714285,0.4285714285714285,0.3111111111111111,0.0,0,0,0,0.0,0.3333333333333333,0.1178371167672735,0.0,0.0,0,0,S1-240633284,S2-777730349,0
0.5882352941176471,0.5882352941176471,0.2608695652173913,0.2608695652173913,0.2906976744186046,0.0,0,0,0,0.0,0.4,0.1208615279431305,0.0,0.0,0,0,S1-240633284,S2-175302726,0
0.3728813559322034,0.3728813559322034,0.1395348837209302,0.1395348837209302,0.316546762589928,0.0,0,0,0,0.0,0.1666666666666666,0.0550874082919266,0.0,0.0,0,0,S1-240633284,S2-861580327,0
0.32,0.32,0.0512820512820512,0.0512820512820512,0.3380281690140845,0.0,0,0,0,0.0,0.1666666666666666,0.0525790135520978,0.0909090909090909,0.0909090909090909,0,0,S1-633324106,S2-786029497,0
0.5,0.5,0.048780487804878,0.048780487804878,0.2702702702702703,0.0,0,0,0,0.0,0.1666666666666666,0.060164428570007,0.0,0.0,0,0,S1-633324106,S2-501875319,0
0.3508771929824561,0.3508771929824561,0.0217391304347826,0.0217391304347826,0.2456140350877192,0.0,0,0,0,0.0,0.1428571428571428,0.0457055675968767,0.0,0.0,0,0,S1-633324106,S2-896681692,0
0.2962962962962963,0.2962962962962963,0.0232558139534883,0.0232558139534883,0.2985074626865671,0.0,0,0,0,0.0,0.1428571428571428,0.0485450921057708,0.0,0.0,0,0,S1-633324106,S2-446789327,0
0.4057971014492754,0.4057971014492754,0.0363636363636363,0.0363636363636363,0.4347826086956521,0.0,0,0,0,0.0,0.1111111111111111,0.0362325452467048,0.0909090909090909,0.0909090909090909,0,0,S1-633324106,S2-375127812,0
0.4761904761904761,0.4761904761904761,0.032258064516129,0.032258064516129,0.2222222222222222,0.0,0,0,0,0.0,0.1428571428571428,0.0497754660163951,0.0,0.0,0,0,S1-643839389,S2-822228321,0
0.2424242424242424,0.2424242424242424,0.0217391304347826,0.0217391304347826,0.0,0.0,0,0,0,0.0,0.125,0.041633354415421,0.0,0.0,0,1,S1-643839389,S2-101814663,0
0.4193548387096774,0.4193548387096774,0.0652173913043478,0.0652173913043478,0.1935483870967742,0.0,0,0,0,0.0,0.1,0.0329815021887958,0.0,0.0,1,0,S1-643839389,S2-474076008,0
0.3529411764705882,0.3529411764705882,0.0256410256410256,0.0256410256410256,0.2413793103448276,0.0,0,0,0,0.0,0.125,0.0420185798807951,0.0,0.0,0,0,S1-643839389,S2-163944467,0
0.4074074074074074,0.4074074074074074,0.0238095238095238,0.0238095238095238,0.3142857142857143,0.0,0,0,0,0.0,0.125,0.0369638984195771,0.0,0.0,0,0,S1-643839389,S2-382105882,0
0.2692307692307692,0.2692307692307692,0.025,0.025,0.0,0.0,0,0,0,0.0,0.125,0.0558689950497036,0.0,0.0,0,1,S1-381530633,S2-948116290,0
0.391304347826087,0.391304347826087,0.0285714285714285,0.0285714285714285,0.2857142857142857,0.0,0,0,0,0.0,0.1428571428571428,0.0507840769847509,0.0,0.0,0,0,S1-381530633,S2-500258878,0
0.4444444444444444,0.4444444444444444,0.0294117647058823,0.0294117647058823,0.2666666666666666,0.0,0,0,0,0.0,0.1428571428571428,0.0619621623504536,0.0,0.0,0,0,S1-381530633,S2-971223512,0
0.1666666666666666,0.1666666666666666,0.0384615384615384,0.0384615384615384,0.2456140350877192,0.0,0,0,0,0.0,0.1666666666666666,0.0693372682143958,0.0,0.0,0,0,S1-381530633,S2-238776915,0
0.375,0.375,0.0555555555555555,0.0555555555555555,0.4,0.0,0,0,0,0.0,0.1428571428571428,0.0542389744548787,0.0909090909090909,0.0909090909090909,0,0,S1-381530633,S2-870253600,0
0.3018867924528302,0.3018867924528302,0.025,0.025,0.2954545454545454,0.0,0,0,0,0.0,0.1111111111111111,0.0305743071016405,0.0,0.0,0,0,S1-748867572,S2-9038706,0
0.3636363636363636,0.3636363636363636,0.0238095238095238,0.0238095238095238,0.2790697674418604,0.0,0,0,0,0.0,0.125,0.0341366390713408,0.0,0.0,0,0,S1-748867572,S2-398878851,0
0.3103448275862069,0.3103448275862069,0.0212765957446808,0.0212765957446808,0.3023255813953488,0.0,0,0,0,0.0,0.1428571428571428,0.0402594621318679,0.0,0.0,0,0,S1-748867572,S2-794655174,0
0.4571428571428571,0.4571428571428571,0.1304347826086956,0.1304347826086956,0.2716049382716049,0.0,0,0,0,0.0,0.1666666666666666,0.0508467112636495,0.0,0.0,0,0,S1-748867572,S2-84682709,0
0.2857142857142857,0.2857142857142857,0.0263157894736842,0.0263157894736842,0.2702702702702703,0.0,0,0,0,0.0,0.1428571428571428,0.0406630723388916,0.0,0.0,0,0,S1-748867572,S2-844118342,0
1.0,1.0,1.0,1.0,0.5,0.0,0,0,0,0.0,1.0,1.0,0.2,0.2,1,0,S1-867508043,S2-570625919,1
0.2978723404255319,0.2978723404255319,0.0277777777777777,0.0277777777777777,0.2318840579710145,0.0,0,0,0,0.0,0.1428571428571428,0.0397305985125724,0.0,0.0,0,0,S1-867508043,S2-215524483,0
0.4210526315789473,0.4210526315789473,0.0357142857142857,0.0357142857142857,0.25,0.0,0,0,0,0.0,0.1666666666666666,0.0546193800072678,0.0,0.0,0,0,S1-867508043,S2-535946097,0
0.3529411764705882,0.3529411764705882,0.04,0.04,0.2650602409638554,0.0,0,0,0,0.0,0.2,0.0602090649971742,0.0,0.0,0,0,S1-867508043,S2-803313161,0
0.3076923076923077,0.3076923076923077,0.025,0.025,0.2388059701492537,0.0,0,0,0,0.0,0.125,0.0349155159227296,0.0,0.0,0,0,S1-867508043,S2-10847918,0
0.4210526315789473,0.4210526315789473,0.037037037037037,0.037037037037037,0.3880597014925373,0.0,0,0,0,0.0,0.1428571428571428,0.042576684320586,0.0,0.0,0,0,S1-867508043,S2-754113131,0
0.5411764705882353,0.5411764705882353,0.2241379310344827,0.2241379310344827,0.2112676056338028,0.0,0,0,0,0.0,0.25,0.0938839798449631,0.0588235294117647,0.0588235294117647,0,0,S1-601051280,S2-339768491,0
0.4507042253521127,0.4507042253521127,0.1346153846153846,0.1346153846153846,0.123076923076923,0.0,0,0,0,0.0,0.125,0.0494394693013626,0.0,0.0,0,0,S1-601051280,S2-301528823,0
0.5245901639344263,0.5245901639344263,0.25,0.25,0.1973684210526315,0.0,0,0,0,0.0,0.1666666666666666,0.1794799704931412,0.0,0.0,0,0,S1-601051280,S2-950313662,0
0.4864864864864865,0.4864864864864865,0.1538461538461538,0.1538461538461538,0.2142857142857142,0.0,0,0,0,0.0,0.1111111111111111,0.0449518776487963,0.0,0.0,0,0,S1-601051280,S2-416317388,0
0.3692307692307692,0.3692307692307692,0.1020408163265306,0.1020408163265306,0.1806451612903225,0.0,0,0,0,0.0,0.1428571428571428,0.0601632638538123,0.0,0.0,0,0,S1-601051280,S2-396009148,0
0.4210526315789473,0.4210526315789473,0.0344827586206896,0.0344827586206896,0.1967213114754098,0.0,0,0,0,0.0,0.2,0.06593538809561,0.0,0.0,0,0,S1-777783962,S2-651953887,0
0.3243243243243243,0.3243243243243243,0.0357142857142857,0.0357142857142857,0.3661971830985915,0.0,0,0,0,0.0,0.2,0.0731730087960365,0.0,0.0,0,0,S1-777783962,S2-649917878,0
0.391304347826087,0.391304347826087,0.0277777777777777,0.0277777777777777,0.3174603174603174,0.0,0,0,0,0.0,0.1666666666666666,0.0565818160139491,0.0,0.0,0,0,S1-777783962,S2-431539067,0
0.3333333333333333,0.3333333333333333,0.0555555555555555,0.0555555555555555,0.3389830508474576,0.0,0,0,0,0.0,0.1666666666666666,0.063361718546601,0.0,0.0,0,0,S1-777783962,S2-837570374,0
0.5161290322580645,0.5161290322580645,0.0454545454545454,0.0454545454545454,0.2372881355932203,0.0,0,0,0,0.0,0.2,0.0623489430479633,0.0,0.0,0,0,S1-777783962,S2-55677442,0
0.417910447761194,0.417910447761194,0.1458333333333333,0.1458333333333333,0.1238938053097345,0.0,0,0,0,0.0,0.125,0.0584458455047059,0.0,0.0,0,0,S1-261995209,S2-58272642,0
0.4285714285714285,0.4285714285714285,0.1320754716981132,0.1320754716981132,0.1320754716981132,0.0,0,0,0,0.0,0.1428571428571428,0.0969112957492407,0.0,0.0,0,0,S1-261995209,S2-87801685,0
0.5306122448979592,0.5306122448979592,0.1764705882352941,0.1764705882352941,0.1834862385321101,0.0,0,0,0,0.0,0.2,0.1148002693631127,0.0,0.0,0,0,S1-261995209,S2-116172784,0
0.5555555555555556,0.5555555555555556,0.2608695652173913,0.2608695652173913,0.2900763358778626,0.0,0,0,0,0.0,0.25,0.1254376653132876,0.0454545454545454,0.0454545454545454,0,0,S1-261995209,S2-887475466,0
0.4285714285714285,0.4285714285714285,0.1538461538461538,0.1538461538461538,0.1224489795918367,0.0,0,0,0,0.0,0.125,0.0635487499109188,0.0,0.0,0,0,S1-261995209,S2-56081912,0
0.4489795918367347,0.4489795918367347,0.0256410256410256,0.0256410256410256,0.4333333333333333,0.0,0,0,0,0.0,0.1666666666666666,0.1258603164270376,0.1875,0.1875,0,0,S1-15488036,S2-994889610,0
0.4444444444444444,0.4444444444444444,0.0833333333333333,0.0833333333333333,0.2095238095238095,0.0,0,0,0,0.0,0.125,0.0935384121468157,0.0,0.0,0,0,S1-15488036,S2-99267247,0
0.3478260869565217,0.3478260869565217,0.0277777777777777,0.0277777777777777,0.2654867256637168,0.5,1,1,1,0.0,0.1666666666666666,0.1054418719308725,0.0526315789473684,0.0526315789473684,0,0,S1-15488036,S2-960109159,0
0.5454545454545454,0.5454545454545454,0.0909090909090909,0.0909090909090909,0.2018348623853211,0.0,0,0,0,0.0,0.2,0.1231086329775053,0.0,0.0,0,0,S1-15488036,S2-749924494,0
0.3888888888888889,0.3888888888888889,0.037037037037037,0.037037037037037,0.1941747572815534,0.0,0,0,0,0.0,0.2,0.1227105724069056,0.0,0.0,0,0,S1-15488036,S2-703037938,0
0.5555555555555556,0.5555555555555556,0.0238095238095238,0.0238095238095238,0.2307692307692307,0.25,1,1,1,0.0,0.125,0.0629137823539952,0.0,0.0,0,0,S1-877454911,S2-50034961,0
0.5185185185185185,0.5185185185185185,0.0232558139534883,0.0232558139534883,0.2706766917293233,0.0,0,0,0,0.0,0.1428571428571428,0.0686375603334757,0.0,0.0,0,0,S1-877454911,S2-578601578,0
0.3902439024390244,0.3902439024390244,0.032258064516129,0.032258064516129,0.2258064516129032,0.0,0,0,0,0.0,0.1666666666666666,0.1018696415112137,0.0,0.0,0,0,S1-877454911,S2-237865436,0
0.3673469387755102,0.3673469387755102,0.027027027027027,0.027027027027027,0.3939393939393939,0.0,0,0,0,0.0,0.125,0.0582016265865793,0.0,0.0,0,0,S1-877454911,S2-957232165,0
0.4761904761904761,0.4761904761904761,0.03125,0.03125,0.18,0.0,0,0,0,0.0,0.1666666666666666,0.0790224440578644,0.0,0.0,0,0,S1-877454911,S2-867914087,0
0.4313725490196078,0.4313725490196078,0.1351351351351351,0.1351351351351351,0.2838709677419355,0.0,0,0,0,0.0,0.1666666666666666,0.0645988322230863,0.0,0.0,0,0,S1-610307816,S2-871788577,0
0.4571428571428571,0.4571428571428571,0.2291666666666666,0.2291666666666666,0.218978102189781,0.0,0,0,0,0.0,0.2857142857142857,0.105661189378778,0.0526315789473684,0.0526315789473684,0,0,S1-610307816,S2-850701242,0
0.5333333333333333,0.5333333333333333,0.2549019607843137,0.2549019607843137,0.2953020134228188,0.0,0,0,0,0.0,0.2857142857142857,0.0849513166164747,0.0952380952380952,0.0952380952380952,0,0,S1-610307816,S2-60660322,0
0.4074074074074074,0.4074074074074074,0.125,0.125,0.2411347517730496,0.0,0,0,0,0.0,0.1666666666666666,0.05469626305688,0.0,0.0,0,0,S1-610307816,S2-6819295,0
0.6333333333333333,0.6333333333333333,0.3157894736842105,0.3157894736842105,0.2360248447204969,0.0,0,0,0,0.0,0.3333333333333333,0.1149655778374157,0.0,0.0,0,0,S1-610307816,S2-960095277,0
0.72,0.72,0.5,0.5,0.912280701754386,0.0,0,0,0,0.0,0.6666666666666666,0.5817801035300586,0.4285714285714285,0.4285714285714286,0,0,S1-448521657,S2-356729961,1
0.4166666666666667,0.4166666666666667,0.0263157894736842,0.0263157894736842,0.2142857142857142,0.0,0,0,0,0.0,0.1666666666666666,0.1125844174753736,0.0,0.0,0,0,S1-448521657,S2-221750883,0
0.4651162790697674,0.4651162790697674,0.09375,0.09375,0.25,0.0,0,0,0,0.0,0.2,0.1694884745847185,0.0,0.0,0,0,S1-448521657,S2-235319802,0
0.5263157894736842,0.5263157894736842,0.1538461538461538,0.1538461538461538,0.4444444444444444,0.0,0,0,0,0.0,0.2,0.1663588904401738,0.0,0.0,0,0,S1-448521657,S2-658162855,0
0.425531914893617,0.425531914893617,0.1212121212121212,0.1212121212121212,0.2758620689655172,0.0,0,0,0,0.0,0.1428571428571428,0.1170839862720536,0.0,0.0,1,0,S1-448521657,S2-468424378,0
0.5142857142857142,0.5142857142857142,0.125,0.125,0.3137254901960784,0.0,0,0,0,0.0,0.2,0.1706905692671343,0.0,0.0,0,0,S1-448521657,S2-342255431,0
0.5625,0.5625,0.2857142857142857,0.2857142857142857,0.1951219512195122,0.0,0,0,0,0.0,0.1666666666666666,0.1542634394681066,0.0,0.0,0,0,S1-47933500,S2-736262427,0
0.6956521739130435,0.6956521739130435,0.4444444444444444,0.4444444444444444,0.2823529411764706,0.0,0,0,0,0.0,0.25,0.1728768184506932,0.0,0.0,0,0,S1-47933500,S2-300597989,0
0.5818181818181818,0.5818181818181818,0.3142857142857143,0.3142857142857143,0.2142857142857142,0.0,0,0,0,0.0,0.1666666666666666,0.1761177288075472,0.0,0.0,0,0,S1-47933500,S2-943106736,0
0.6333333333333333,0.6333333333333333,0.3157894736842105,0.3157894736842105,0.1523809523809524,0.0,0,0,0,0.0,0.1666666666666666,0.1525391282403497,0.0,0.0,0,0,S1-47933500,S2-539914703,0
0.4923076923076923,0.4923076923076923,0.2619047619047619,0.2619047619047619,0.0,0.0,0,0,0,0.0,0.1666666666666666,0.132450044480544,0.0,0.0,1,1,S1-47933500,S2-87985253,0
0.5714285714285714,0.5714285714285714,0.1333333333333333,0.1333333333333333,0.2195121951219512,0.0,0,0,0,0.0,0.2,0.1825731786808505,0.0,0.0,0,0,S1-980477796,S2-367558425,0
0.4761904761904761,0.4761904761904761,0.1379310344827586,0.1379310344827586,0.1159420289855072,0.0,0,0,0,0.0,0.1666666666666666,0.1494012001843402,0.0,0.0,0,0,S1-980477796,S2-918628121,0
0.3829787234042553,0.3829787234042553,0.1176470588235294,0.1176470588235294,0.2716049382716049,0.0,0,0,0,0.0,0.1666666666666666,0.1589054122852661,0.0,0.0,1,0,S1-980477796,S2-279884716,0
0.4651162790697674,0.4651162790697674,0.1724137931034483,0.1724137931034483,0.1265822784810126,0.0,0,0,0,0.0,0.2,0.156147680191481,0.0,0.0,0,0,S1-980477796,S2-308001073,0
0.3829787234042553,0.3829787234042553,0.1176470588235294,0.1176470588235294,0.1975308641975308,0.0,0,0,0,0.0,0.1666666666666666,0.144320065604378,0.0,0.0,0,0,S1-980477796,S2-522427484,0
0.2926829268292683,0.2926829268292683,0.03125,0.03125,0.2545454545454545,0.0,0,0,0,0.0,0.2,0.0691585126536042,0.0,0.0,1,0,S1-401976544,S2-964939077,0
0.3888888888888889,0.3888888888888889,0.037037037037037,0.037037037037037,0.2666666666666666,0.0,0,0,0,0.0,0.2,0.0605240205902843,0.0,0.0,0,0,S1-401976544,S2-809053218,0
0.3,0.3,0.032258064516129,0.032258064516129,0.2807017543859649,0.0,0,0,0,0.0,0.2,0.0481895563227875,0.0,0.0,0,0,S1-401976544,S2-799863220,0
0.3571428571428571,0.3571428571428571,0.0526315789473684,0.0526315789473684,0.28125,0.0,0,0,0,0.0,0.3333333333333333,0.0918847388444709,0.0,0.0,0,0,S1-401976544,S2-693053943,0
0.3902439024390244,0.3902439024390244,0.074074074074074,0.074074074074074,0.3,0.0,0,0,0,0.0,0.2,0.0730009943622168,0.0,0.0,0,0,S1-401976544,S2-424891164,0
0.4057971014492754,0.4057971014492754,0.1153846153846153,0.1153846153846153,0.3255813953488372,0.0,0,0,0,0.0,0.125,0.0345685572193334,0.0,0.0,0,0,S1-145092915,S2-344531358,0
0.6376811594202898,0.6376811594202898,0.2608695652173913,0.2608695652173913,0.0,0.0,0,0,0,0.0,0.2857142857142857,0.0705547120513125,0.0,0.0,0,1,S1-145092915,S2-365114690,0
0.5945945945945946,0.5945945945945946,0.24,0.24,0.1732283464566929,0.0,0,0,0,0.0,0.25,0.0635179833463376,0.0,0.0,1,0,S1-145092915,S2-990398910,0
0.5,0.5,0.1176470588235294,0.1176470588235294,0.205607476635514,0.0,0,0,0,0.0,0.125,0.0402244802798645,0.0,0.0,0,0,S1-145092915,S2-697924266,0
0.5507246376811594,0.5507246376811594,0.1153846153846153,0.1153846153846153,0.2575757575757575,0.0,0,0,0,0.0,0.125,0.0399399639550152,0.0,0.0,0,0,S1-145092915,S2-974126678,0
0.2857142857142857,0.2857142857142857,0.0681818181818181,0.0681818181818181,0.1698113207547169,0.0,0,0,0,0.0,0.1666666666666666,0.1214960483008718,0.0,0.0,0,0,S1-121320281,S2-81117269,0
0.3414634146341463,0.3414634146341463,0.0666666666666666,0.0666666666666666,0.1929824561403508,0.0,0,0,0,0.0,0.1666666666666666,0.1591143149022331,0.0,0.0,0,0,S1-121320281,S2-777760567,0
0.4137931034482758,0.4137931034482758,0.1,0.1,0.1869158878504672,0.0,0,0,0,0.0,0.25,0.2112829993284502,0.0,0.0,0,0,S1-121320281,S2-764699807,0
0.3809523809523809,0.3809523809523809,0.0851063829787234,0.0851063829787234,0.2206896551724138,0.0,0,0,0,0.0,0.125,0.1176735179182296,0.0,0.0,0,0,S1-121320281,S2-880283678,0
0.3018867924528302,0.3018867924528302,0.048780487804878,0.048780487804878,0.1509433962264151,0.0,0,0,0,0.0,0.1428571428571428,0.1409894210299572,0.0,0.0,0,0,S1-121320281,S2-705939052,0
0.5714285714285714,0.5714285714285714,0.2432432432432432,0.2432432432432432,0.1139240506329113,0.0,0,0,0,0.0,0.1666666666666666,0.1284018228024427,0.04,0.0399999999999999,0,0,S1-96174244,S2-542628415,0
0.5964912280701754,0.5964912280701754,0.2368421052631578,0.2368421052631578,0.3287671232876712,0.0,0,0,0,0.0,0.1666666666666666,0.1216823915626437,0.0,0.0,0,0,S1-96174244,S2-469071732,0
0.5263157894736842,0.5263157894736842,0.2368421052631578,0.2368421052631578,0.2297297297297297,0.0,0,0,0,0.0,0.2,0.1679107880052477,0.0,0.0,0,0,S1-96174244,S2-449906402,0
0.5581395348837209,0.5581395348837209,0.3461538461538461,0.3461538461538461,0.2898550724637681,0.0,0,0,0,0.0,0.25,0.1543345064515819,0.0,0.0,0,0,S1-96174244,S2-348879802,0
0.5531914893617021,0.5531914893617021,0.36,0.36,0.2434782608695652,0.0,0,0,0,0.0,0.2,0.1498517472748806,0.0,0.0,0,0,S1-96174244,S2-243511598,0
0.2307692307692307,0.2307692307692307,0.025,0.025,0.2058823529411764,0.0,0,0,0,0.0,0.1428571428571428,0.0649951911075649,0.0,0.0,1,0,S1-126116334,S2-465137088,0
0.1538461538461538,0.1538461538461538,0.0344827586206896,0.0344827586206896,0.2258064516129032,0.0,0,0,0,0.0,0.1666666666666666,0.0571347169594212,0.0,0.0,0,0,S1-126116334,S2-862240490,0
0.2711864406779661,0.2711864406779661,0.0217391304347826,0.0217391304347826,0.3934426229508196,0.0,0,0,0,0.0,0.1111111111111111,0.0367404821877332,0.0,0.0,0,0,S1-126116334,S2-493069902,0
0.2272727272727272,0.2272727272727272,0.03125,0.03125,0.3809523809523809,0.0,0,0,0,0.0,0.1666666666666666,0.0525462768473504,0.0,0.0,0,0,S1-126116334,S2-469881025,0
0.4727272727272727,0.4727272727272727,0.0232558139534883,0.0232558139534883,0.1639344262295081,0.0,0,0,0,0.0,0.1428571428571428,0.0599857263617096,0.0,0.0,0,0,S1-126116334,S2-374840750,0
0.6060606060606061,0.6060606060606061,0.2272727272727272,0.2272727272727272,0.2153846153846154,0.0,0,0,0,0.0,0.3333333333333333,0.3385693797124992,0.0,0.0,0,0,S1-287654159,S2-705013876,0
0.5,0.5,0.1851851851851851,0.1851851851851851,0.6567164179104478,0.0,0,0,0,0.0,0.2,0.2116090963242343,0.1,0.1,0,0,S1-287654159,S2-550242100,0
0.6470588235294118,0.6470588235294118,0.217391304347826,0.217391304347826,0.21875,0.0,0,0,0,0.0,0.3333333333333333,0.3303467529505394,0.0,0.0,0,0,S1-287654159,S2-592283743,0
0.5714285714285714,0.5714285714285714,0.2727272727272727,0.2727272727272727,0.3666666666666666,0.0,0,0,0,0.0,0.25,0.2656385135865401,0.0,0.0,0,0,S1-287654159,S2-874200500,0
0.44,0.44,0.1388888888888889,0.1388888888888889,0.53125,0.0,0,0,0,0.0,0.2,0.1977322509750899,0.0,0.0,0,0,S1-287654159,S2-167279129,0
0.2051282051282051,0.2051282051282051,0.0344827586206896,0.0344827586206896,0.3275862068965517,0.0,0,0,0,0.0,0.1666666666666666,0.2736359618583263,0.0,0.0,0,0,S1-178092842,S2-854261650,0
0.1363636363636363,0.1363636363636363,0.0294117647058823,0.0294117647058823,0.3492063492063492,0.0,0,0,0,0.0,0.1666666666666666,0.2845269481740582,0.0,0.0,0,0,S1-178092842,S2-762832212,0
0.4210526315789473,0.4210526315789473,0.0909090909090909,0.0909090909090909,0.2142857142857142,0.0,0,0,0,0.0,0.25,0.3209411520238898,0.0,0.0,0,0,S1-178092842,S2-258702122,0
0.3809523809523809,0.3809523809523809,0.0833333333333333,0.0833333333333333,0.2325581395348837,0.0,0,0,0,0.0,0.2,0.2703454314514935,0.0,0.0,0,0,S1-178092842,S2-896591769,0
0.2222222222222222,0.2222222222222222,0.0384615384615384,0.0384615384615384,0.3728813559322034,0.0,0,0,0,0.0,0.1666666666666666,0.2732848247169556,0.0,0.0,0,0,S1-178092842,S2-381232836,0
0.3880597014925373,0.3880597014925373,0.217391304347826,0.217391304347826,0.2627737226277372,0.0,0,0,0,0.0,0.3333333333333333,0.1197325165404937,0.0,0.0,0,0,S1-884691997,S2-152644742,0
0.4347826086956521,0.4347826086956521,0.2340425531914893,0.2340425531914893,0.2666666666666666,0.0,0,0,0,0.0,0.3333333333333333,0.1165186058291608,0.0476190476190476,0.0476190476190476,0,0,S1-884691997,S2-629389842,0
0.3448275862068966,0.3448275862068966,0.1162790697674418,0.1162790697674418,0.2439024390243902,0.0,0,0,0,0.0,0.1666666666666666,0.0714605493638655,0.0,0.0,0,0,S1-884691997,S2-373262251,0
0.4838709677419355,0.4838709677419355,0.1304347826086956,0.1304347826086956,0.3709677419354839,0.0,0,0,0,0.0,0.1666666666666666,0.0737832335794602,0.1176470588235294,0.1176470588235294,0,0,S1-884691997,S2-50695556,0
0.5526315789473685,0.5526315789473685,0.1568627450980392,0.1568627450980392,0.2333333333333333,0.0,0,0,0,0.0,0.1428571428571428,0.0608003025160346,0.0769230769230769,0.0769230769230769,0,0,S1-884691997,S2-4527474,0
0.4102564102564102,0.4102564102564102,0.0333333333333333,0.0333333333333333,0.2622950819672131,0.0,0,0,0,0.0,0.2,0.0758674910015265,0.0,0.0,0,0,S1-768526260,S2-456143731,0
0.4848484848484848,0.4848484848484848,0.0833333333333333,0.0833333333333333,0.3243243243243243,0.0,0,0,0,0.0,0.25,0.0827093628035537,0.0,0.0,0,0,S1-768526260,S2-995464320,0
0.360655737704918,0.360655737704918,0.0204081632653061,0.0204081632653061,0.3508771929824561,0.0,0,0,0,0.0,0.125,0.039742025323414,0.0,0.0,0,0,S1-768526260,S2-329387031,0
0.4864864864864865,0.4864864864864865,0.0357142857142857,0.0357142857142857,0.3466666666666667,0.0,0,0,0,0.0,0.2,0.0652312442210269,0.0714285714285714,0.0714285714285714,1,0,S1-768526260,S2-663866697,0
0.3728813559322034,0.3728813559322034,0.0212765957446808,0.0212765957446808,0.25,0.0,0,0,0,0.0,0.125,0.0537270265094073,0.0,0.0,0,0,S1-768526260,S2-500102003,0
0.5,0.5,0.0833333333333333,0.0833333333333333,0.1797752808988764,0.0,0,0,0,0.0,0.25,0.3955696767416697,0.0,0.0,0,0,S1-847444876,S2-905330960,0
0.2222222222222222,0.2222222222222222,0.04,0.04,0.2247191011235955,0.0,0,0,0,0.0,0.1428571428571428,0.20850989076488,0.0,0.0,1,0,S1-847444876,S2-400185304,0
0.4285714285714285,0.4285714285714285,0.1111111111111111,0.1111111111111111,0.208695652173913,0.0,0,0,0,0.0,0.2,0.3151429187198234,0.0,0.0,0,0,S1-847444876,S2-41930995,0
0.5555555555555556,0.5555555555555556,0.1,0.1,0.3697478991596639,0.0,0,0,0,0.0,0.25,0.3285198068862232,0.0588235294117647,0.0588235294117647,0,0,S1-847444876,S2-221838505,0
0.2857142857142857,0.2857142857142857,0.0526315789473684,0.0526315789473684,0.3114754098360656,0.0,0,0,0,0.0,0.2,0.3477604563100572,0.0555555555555555,0.0555555555555555,0,0,S1-847444876,S2-859875646,0
0.4912280701754385,0.4912280701754385,0.15,0.15,0.2839506172839506,0.0,0,0,0,0.0,0.125,0.0440935398028928,0.0,0.0,0,0,S1-631326479,S2-404792945,0
0.3636363636363636,0.3636363636363636,0.1219512195121951,0.1219512195121951,0.0675675675675675,0.0,0,0,0,0.0,0.1666666666666666,0.0599543709046477,0.0,0.0,0,0,S1-631326479,S2-804254683,0
0.4516129032258064,0.4516129032258064,0.108695652173913,0.108695652173913,0.3432835820895522,0.0,0,0,0,0.0,0.1428571428571428,0.0572555376206696,0.0,0.0,0,0,S1-631326479,S2-900108292,0
0.5625,0.5625,0.2857142857142857,0.2857142857142857,0.3310344827586207,0.0,0,0,0,0.0,0.3333333333333333,0.1210162365387282,0.05,0.0499999999999999,0,0,S1-631326479,S2-524419189,0
0.6349206349206349,0.6349206349206349,0.2926829268292683,0.2926829268292683,0.1879194630872483,0.0,0,0,0,0.0,0.3333333333333333,0.1151354623727396,0.0,0.0,1,0,S1-631326479,S2-669152344,0
0.2790697674418604,0.2790697674418604,0.0303030303030303,0.0303030303030303,0.3478260869565217,0.0,0,0,0,0.0,0.1666666666666666,0.0535810648740164,0.0,0.0,0,0,S1-347872664,S2-996656094,0
0.2388059701492537,0.2388059701492537,0.0178571428571428,0.0178571428571428,0.3428571428571428,0.0,0,0,0,0.0,0.1428571428571428,0.047386637948339,0.0,0.0,0,0,S1-347872664,S2-858621447,0
0.3272727272727272,0.3272727272727272,0.025,0.025,0.3492063492063492,0.0,0,0,0,0.0,0.1666666666666666,0.0609338417700426,0.0,0.0,0,0,S1-347872664,S2-438260943,0
0.4,0.4,0.0227272727272727,0.0227272727272727,0.2535211267605634,0.0,0,0,0,0.0,0.1428571428571428,0.0460331467522379,0.0,0.0,0,0,S1-347872664,S2-102665150,0
0.2857142857142857,0.2857142857142857,0.0217391304347826,0.0217391304347826,0.0,0.0,0,0,0,0.0,0.1666666666666666,0.0468881630879106,0.0,0.0,0,1,S1-347872664,S2-345480531,0
0.3636363636363636,0.3636363636363636,0.0476190476190476,0.0476190476190476,0.2432432432432432,0.0,0,0,0,0.0,0.125,0.0471746135136315,0.0,0.0,0,0,S1-571564352,S2-791933371,0
0.2285714285714285,0.2285714285714285,0.0545454545454545,0.0545454545454545,0.3103448275862069,0.0,0,0,0,0.0,0.1111111111111111,0.0390439090793596,0.1,0.1,0,0,S1-571564352,S2-635905600,0
0.3793103448275862,0.3793103448275862,0.0444444444444444,0.0444444444444444,0.375,0.0,0,0,0,0.0,0.125,0.0410909434987053,0.0,0.0,0,0,S1-571564352,S2-794833499,0
0.375,0.375,0.0392156862745098,0.0392156862745098,0.3478260869565217,0.0,0,0,0,0.0,0.125,0.0412456737684519,0.0,0.0,0,0,S1-571564352,S2-460545987,0
0.392156862745098,0.392156862745098,0.027027027027027,0.027027027027027,0.2545454545454545,0.0,0,0,0,0.0,0.1428571428571428,0.0472282225448495,0.0,0.0,0,0,S1-571564352,S2-720851260,0
0.3703703703703703,0.3703703703703703,0.1111111111111111,0.1111111111111111,0.2777777777777778,0.0,0,0,0,0.0,0.2,0.1459176990101443,0.0,0.0,0,0,S1-246438279,S2-232558053,0
0.3529411764705882,0.3529411764705882,0.1351351351351351,0.1351351351351351,0.2903225806451613,0.0,0,0,0,0.0,0.1666666666666666,0.1557088822563307,0.0,0.0,0,0,S1-246438279,S2-597816187,0
0.4583333333333333,0.4583333333333333,0.1111111111111111,0.1111111111111111,0.2692307692307692,0.0,0,0,0,0.0,0.2,0.1174877719178681,0.0,0.0,0,0,S1-246438279,S2-309346563,0
0.4444444444444444,0.4444444444444444,0.0975609756097561,0.0975609756097561,0.1269841269841269,0.0,0,0,0,0.0,0.1666666666666666,0.1440149770725325,0.0,0.0,0,0,S1-246438279,S2-220557062,0
0.3529411764705882,0.3529411764705882,0.1025641025641025,0.1025641025641025,0.2040816326530612,0.0,0,0,0,0.0,0.2,0.1406410454363766,0.0,0.0,0,0,S1-246438279,S2-452727355,0
0.3636363636363636,0.3636363636363636,0.1304347826086956,0.1304347826086956,0.0,0.0,0,0,0,0.0,0.25,0.1900242593833707,0.0,0.0,0,1,S1-589278804,S2-16533827,0
0.4324324324324324,0.4324324324324324,0.1111111111111111,0.1111111111111111,0.2745098039215686,0.0,0,0,0,0.0,0.25,0.2411937496250113,0.0,0.0,0,0,S1-589278804,S2-870690768,0
0.3043478260869565,0.3043478260869565,0.088235294117647,0.088235294117647,0.2051282051282051,0.0,0,0,0,0.0,0.2,0.2011741078590955,0.0,0.0,0,0,S1-589278804,S2-612664454,0
0.5454545454545454,0.5454545454545454,0.1304347826086956,0.1304347826086956,0.16,0.0,0,0,0,0.0,0.25,0.1889490495937701,0.0,0.0,0,0,S1-589278804,S2-990455350,0
0.3636363636363636,0.3636363636363636,0.0909090909090909,0.0909090909090909,0.3125,0.0,0,0,0,0.0,0.2,0.1587791792850204,0.0,0.0,0,0,S1-589278804,S2-70506128,0
0.4705882352941176,0.4705882352941176,0.1818181818181818,0.1818181818181818,0.21875,0.0,0,0,0,0.0,0.2,0.2100380428054936,0.1,0.1,0,0,S1-839983213,S2-740627472,0
0.4102564102564102,0.4102564102564102,0.1538461538461538,0.1538461538461538,0.1935483870967742,0.0,0,0,0,0.0,0.2,0.1608463973886595,0.0,0.0,0,0,S1-839983213,S2-450621863,0
0.4074074074074074,0.4074074074074074,0.1,0.1,0.1311475409836065,0.0,0,0,0,0.0,0.1428571428571428,0.12332494029537,0.0,0.0,0,0,S1-839983213,S2-781358249,0
0.4444444444444444,0.4444444444444444,0.1290322580645161,0.1290322580645161,0.2539682539682539,0.0,0,0,0,0.0,0.1666666666666666,0.1587101399037903,0.0,0.0,0,0,S1-839983213,S2-30516666,0
0.6060606060606061,0.6060606060606061,0.238095238095238,0.238095238095238,0.2258064516129032,0.0,0,0,0,0.0,0.25,0.3610686363292795,0.1,0.1,0,0,S1-839983213,S2-44295627,0
0.48,0.48,0.0588235294117647,0.0588235294117647,0.1492537313432835,0.0,0,0,0,0.0,0.25,0.0906368900362138,0.0,0.0,0,0,S1-446846286,S2-680577199,0
0.4324324324324324,0.4324324324324324,0.074074074074074,0.074074074074074,0.0625,0.0,0,0,0,0.0,0.2,0.0662867553304074,0.0,0.0,0,0,S1-446846286,S2-110527286,0
0.4,0.4,0.0285714285714285,0.0285714285714285,0.2972972972972973,0.0,0,0,0,0.0,0.1666666666666666,0.0554341375651369,0.0,0.0,0,0,S1-446846286,S2-664324283,0
0.4285714285714285,0.4285714285714285,0.05,0.05,0.3055555555555556,0.0,0,0,0,0.0,0.25,0.0852799252485713,0.0,0.0,0,0,S1-446846286,S2-72104723,0
0.4651162790697674,0.4651162790697674,0.09375,0.09375,0.2777777777777778,0.0,0,0,0,0.0,0.2,0.072143650524074,0.0,0.0,0,0,S1-446846286,S2-261031654,0
0.64,0.64,0.1176470588235294,0.1176470588235294,0.5079365079365079,0.0,0,0,0,0.0,0.3333333333333333,0.2738415273488183,0.1111111111111111,0.1111111111111111,0,0,S1-501005663,S2-328114598,0
0.3888888888888889,0.3888888888888889,0.0769230769230769,0.0769230769230769,0.3265306122448979,0.0,0,0,0,0.0,0.2,0.2281137012273578,0.0,0.0,0,0,S1-501005663,S2-565816546,0
0.5,0.5,0.1052631578947368,0.1052631578947368,0.2985074626865671,0.0,0,0,0,0.0,0.25,0.2947215731942937,0.0,0.0,0,0,S1-501005663,S2-691715778,0
0.4375,0.4375,0.0909090909090909,0.0909090909090909,0.2769230769230769,0.0,0,0,0,0.0,0.2,0.2191051103572332,0.0,0.0,0,0,S1-501005663,S2-724847000,0
0.4571428571428571,0.4571428571428571,0.125,0.125,0.0689655172413793,0.0,0,0,0,0.0,0.2,0.2128659207507116,0.0,0.0,0,0,S1-501005663,S2-225735693,0
0.3243243243243243,0.3243243243243243,0.037037037037037,0.037037037037037,0.2903225806451613,0.0,0,0,0,0.0,0.1666666666666666,0.0561053128269832,0.1,0.1,0,0,S1-384763348,S2-930693101,0
0.3225806451612903,0.3225806451612903,0.0454545454545454,0.0454545454545454,0.3548387096774194,0.0,0,0,0,0.0,0.2,0.0657084822117029,0.1111111111111111,0.1111111111111111,0,0,S1-384763348,S2-859653213,0
0.4,0.4,0.0588235294117647,0.0588235294117647,0.2916666666666667,0.0,0,0,0,0.0,0.1666666666666666,0.0602304535169077,0.0,0.0,0,0,S1-384763348,S2-126424806,0
0.3928571428571428,0.3928571428571428,0.0227272727272727,0.0227272727272727,0.358974358974359,0.3333333333333333,1,1,2,0.0,0.125,0.043939318696963,0.0,0.0,0,0,S1-384763348,S2-698756815,0
0.2222222222222222,0.2222222222222222,0.0294117647058823,0.0294117647058823,0.2307692307692307,0.0,0,0,0,0.0,0.1428571428571428,0.0395666466498582,0.0,0.0,0,0,S1-384763348,S2-84019910,0
0.6470588235294118,0.6470588235294118,0.1818181818181818,0.1818181818181818,0.1886792452830188,0.0,0,0,0,0.0,0.2,0.2105047822678564,0.0,0.0,0,0,S1-49846757,S2-476972843,0
0.4736842105263157,0.4736842105263157,0.1538461538461538,0.1538461538461538,0.2903225806451613,0.0,0,0,0,0.0,0.2,0.1985313931661325,0.0,0.0,1,0,S1-49846757,S2-59952128,0
0.6875,0.6875,0.2,0.2,0.303030303030303,0.0,0,0,0,0.0,0.2,0.2077087243398049,0.0,0.0,0,0,S1-49846757,S2-745100715,0
0.7567567567567568,0.7567567567567568,0.4285714285714285,0.4285714285714285,0.3636363636363636,0.0,0,0,0,0.0,0.25,0.2199573860717033,0.0,0.0,0,0,S1-49846757,S2-950637232,0
0.3829787234042553,0.3829787234042553,0.1212121212121212,0.1212121212121212,0.2376237623762376,0.0,0,0,0,0.0,0.1428571428571428,0.1804643123183583,0.0,0.0,0,0,S1-49846757,S2-443158306,0
0.8333333333333334,0.8333333333333334,0.4736842105263157,0.4736842105263157,0.9552238805970148,1.0,1,1,2,0.0,0.5,0.2883199481282917,0.7142857142857143,0.7142857142857143,0,0,S1-972278736,S2-500154560,1
0.4489795918367347,0.4489795918367347,0.0526315789473684,0.0526315789473684,0.2461538461538461,0.0,0,0,0,0.0,0.1666666666666666,0.0566015762487303,0.0,0.0,0,0,S1-972278736,S2-255381665,0
0.1304347826086956,0.1304347826086956,0.0588235294117647,0.0588235294117647,0.225,0.0,0,0,0,0.0,0.1428571428571428,0.0541542506261368,0.0,0.0,0,0,S1-972278736,S2-134829180,0
0.4102564102564102,0.4102564102564102,0.032258064516129,0.032258064516129,0.2142857142857142,0.0,0,0,0,0.0,0.25,0.0859469324788338,0.0,0.0,0,0,S1-972278736,S2-199917633,0
0.3333333333333333,0.3333333333333333,0.054054054054054,0.054054054054054,0.28125,0.0,0,0,0,0.0,0.1666666666666666,0.0533372759919723,0.0,0.0,0,0,S1-972278736,S2-297150813,0
0.3571428571428571,0.3571428571428571,0.05,0.05,0.2058823529411764,0.0,0,0,0,0.0,0.25,0.0859469324788338,0.0,0.0,0,0,S1-972278736,S2-735828967,0
0.509090909090909,0.509090909090909,0.0975609756097561,0.0975609756097561,0.2745098039215686,0.0,0,0,0,0.0,0.1428571428571428,0.0835741103087537,0.0,0.0,0,0,S1-525906481,S2-502406312,0
0.3428571428571428,0.3428571428571428,0.0384615384615384,0.0384615384615384,0.1875,0.0,0,0,0,0.0,0.2,0.1194718940518172,0.0,0.0,0,0,S1-525906481,S2-448330429,0
0.4583333333333333,0.4583333333333333,0.0263157894736842,0.0263157894736842,0.3404255319148936,0.0,0,0,0,0.0,0.1666666666666666,0.0971540954065002,0.0526315789473684,0.0526315789473684,0,0,S1-525906481,S2-950331353,0
0.3265306122448979,0.3265306122448979,0.0263157894736842,0.0263157894736842,0.2818791946308724,0.0,0,0,0,0.0,0.2,0.1128005902682402,0.0,0.0,0,0,S1-525906481,S2-20558309,0
0.4347826086956521,0.4347826086956521,0.0285714285714285,0.0285714285714285,0.2615384615384615,0.0,0,0,0,0.0,0.1428571428571428,0.0792116077953402,0.0526315789473684,0.0526315789473684,1,0,S1-525906481,S2-893778324,0
0.2790697674418604,0.2790697674418604,0.0303030303030303,0.0303030303030303,0.3023255813953488,0.0,0,0,0,0.0,0.1666666666666666,0.0623440815647657,0.0,0.0,0,0,S1-700236999,S2-595121608,0
0.3720930232558139,0.3720930232558139,0.0303030303030303,0.0303030303030303,0.2888888888888888,0.0,0,0,0,0.0,0.1666666666666666,0.0602253813311927,0.0,0.0,0,0,S1-700236999,S2-806963161,0
0.4102564102564102,0.4102564102564102,0.0344827586206896,0.0344827586206896,0.1428571428571428,0.0,0,0,0,0.0,0.1666666666666666,0.0607030222324738,0.0,0.0,0,0,S1-700236999,S2-792941939,0
0.3809523809523809,0.3809523809523809,0.032258064516129,0.032258064516129,0.2222222222222222,0.0,0,0,0,0.0,0.1428571428571428,0.046772162729126,0.0,0.0,0,0,S1-700236999,S2-291362617,0
0.3684210526315789,0.3684210526315789,0.037037037037037,0.037037037037037,0.1851851851851851,0.0,0,0,0,0.0,0.1428571428571428,0.0570706176720881,0.0,0.0,0,0,S1-700236999,S2-941552929,0
0.5862068965517241,0.5862068965517241,0.225,0.225,0.2456140350877192,0.0,0,0,0,0.0,0.1666666666666666,0.0455441357555286,0.0,0.0,0,0,S1-647680230,S2-349891158,0
0.6122448979591837,0.6122448979591837,0.1428571428571428,0.1428571428571428,0.1894736842105263,0.0,0,0,0,0.0,0.1666666666666666,0.0431194659163742,0.0,0.0,0,0,S1-647680230,S2-656780934,0
0.4057971014492754,0.4057971014492754,0.0943396226415094,0.0943396226415094,0.2773722627737226,0.0,0,0,0,0.0,0.125,0.0388174771183411,0.0,0.0,0,0,S1-647680230,S2-782602282,0
0.4561403508771929,0.4561403508771929,0.1428571428571428,0.1428571428571428,0.3076923076923077,0.0,0,0,0,0.0,0.1666666666666666,0.0438952646594546,0.0,0.0,0,0,S1-647680230,S2-873457547,0
0.4918032786885246,0.4918032786885246,0.15,0.15,0.3130434782608696,0.0,0,0,0,0.0,0.1666666666666666,0.0522633331470146,0.0625,0.0624999999999999,1,0,S1-647680230,S2-661069916,0
0.7741935483870968,0.7741935483870968,0.4324324324324324,0.4324324324324324,0.2682926829268293,0.0,0,0,0,0.0,0.4,0.3844446512295038,0.0,0.0,0,0,S1-641062012,S2-358529771,0
0.3478260869565217,0.3478260869565217,0.0961538461538461,0.0961538461538461,0.24,0.0,0,0,0,0.0,0.125,0.1509463456804389,0.0,0.0,0,0,S1-641062012,S2-875569585,0
0.4583333333333333,0.4583333333333333,0.1764705882352941,0.1764705882352941,0.3333333333333333,0.0,0,0,0,0.0,0.2,0.1775284642720123,0.0,0.0,0,0,S1-641062012,S2-43399661,0
0.5909090909090909,0.5909090909090909,0.3214285714285714,0.3214285714285714,0.0,0.0,0,0,0,0.0,0.25,0.2697037957065215,0.0,0.0,0,1,S1-641062012,S2-701654562,0
0.4615384615384615,0.4615384615384615,0.1851851851851851,0.1851851851851851,0.3132530120481928,0.0,0,0,0,0.0,0.25,0.2002723361806686,0.0,0.0,0,0,S1-641062012,S2-451098149,0
0.4528301886792453,0.4528301886792453,0.131578947368421,0.131578947368421,0.3333333333333333,0.0,0,0,0,0.0,0.1428571428571428,0.1422384643331139,0.0,0.0,0,0,S1-388739688,S2-972894981,0
0.4651162790697674,0.4651162790697674,0.1785714285714285,0.1785714285714285,0.1690140845070422,0.0,0,0,0,0.0,0.2,0.1750177956944018,0.0,0.0,0,0,S1-388739688,S2-454843908,0
0.5,0.5,0.1351351351351351,0.1351351351351351,0.2647058823529412,0.0,0,0,0,0.0,0.1428571428571428,0.1295593695902631,0.0,0.0,0,0,S1-388739688,S2-568522366,0
0.490566037735849,0.490566037735849,0.1282051282051282,0.1282051282051282,0.0,0.0,0,0,0,0.0,0.1666666666666666,0.1364364440505951,0.0,0.0,0,1,S1-388739688,S2-12935238,0
0.5833333333333334,0.5833333333333334,0.1428571428571428,0.1428571428571428,0.35,0.0,0,0,0,0.0,0.2,0.1359172876089866,0.0,0.0,0,0,S1-388739688,S2-863896860,0
0.6909090909090909,0.6909090909090909,0.3529411764705882,0.3529411764705882,0.0,0.0,0,0,0,0.0,0.1666666666666666,0.0529547431979726,0.0,0.0,0,1,S1-128371993,S2-302587378,0
0.4313725490196078,0.4313725490196078,0.1714285714285714,0.1714285714285714,0.1267605633802817,0.0,0,0,0,0.0,0.1666666666666666,0.058560695278552,0.0,0.0,0,0,S1-128371993,S2-877673315,0
0.5901639344262295,0.5901639344262295,0.3513513513513513,0.3513513513513513,0.2127659574468085,0.0,0,0,0,0.0,0.2857142857142857,0.104774938000383,0.0588235294117647,0.0588235294117647,0,0,S1-128371993,S2-588491670,0
0.6666666666666666,0.6666666666666666,0.32,0.32,0.2794117647058823,0.0,0,0,0,0.0,0.4,0.2855478251822819,0.0,0.0,1,0,S1-128371993,S2-837975034,0
0.7058823529411765,0.7058823529411765,0.4285714285714285,0.4285714285714285,0.0,0.0,0,0,0,0.0,0.3333333333333333,0.1371767337843654,0.0,0.0,0,1,S1-128371993,S2-53431024,0
0.3478260869565217,0.3478260869565217,0.0588235294117647,0.0588235294117647,0.3297872340425531,0.0,0,0,0,0.0,0.1428571428571428,0.0535919623575518,0.0,0.0,0,0,S1-306948851,S2-323138183,0
0.238095238095238,0.238095238095238,0.03125,0.03125,0.3272727272727272,0.0,0,0,0,0.0,0.1666666666666666,0.0642034653675573,0.0,0.0,0,0,S1-306948851,S2-305192705,0
0.3214285714285714,0.3214285714285714,0.0465116279069767,0.0465116279069767,0.4635761589403973,0.0,0,0,0,0.0,0.125,0.0521935920489472,0.1578947368421052,0.1578947368421052,0,0,S1-306948851,S2-380802789,0
0.3396226415094339,0.3396226415094339,0.1052631578947368,0.1052631578947368,0.2155688622754491,0.0,0,0,0,0.0,0.2857142857142857,0.1367672565589867,0.0,0.0,0,0,S1-306948851,S2-415348613,0
0.4528301886792453,0.4528301886792453,0.0238095238095238,0.0238095238095238,0.3622047244094488,0.0,0,0,0,0.0,0.1428571428571428,0.0552055948318979,0.0526315789473684,0.0526315789473684,0,0,S1-306948851,S2-597577282,0
0.3157894736842105,0.3157894736842105,0.0697674418604651,0.0697674418604651,0.3886255924170616,0.0,0,0,0,0.0,0.1428571428571428,0.0762947640262749,0.0967741935483871,0.096774193548387,0,0,S1-574678886,S2-129607000,0
0.3902439024390244,0.3902439024390244,0.1071428571428571,0.1071428571428571,0.1939393939393939,0.0,0,0,0,0.0,0.1428571428571428,0.0818262529571034,0.0769230769230769,0.0769230769230769,0,0,S1-574678886,S2-447055701,0
0.5161290322580645,0.5161290322580645,0.15,0.15,0.1777777777777777,0.0,0,0,0,0.0,0.2,0.0919419738622359,0.1153846153846153,0.1153846153846153,0,0,S1-574678886,S2-232213982,0
0.2978723404255319,0.2978723404255319,0.1212121212121212,0.1212121212121212,0.1358024691358024,0.2,1,1,1,0.0,0.1666666666666666,0.0807896254030479,0.0,0.0,0,0,S1-574678886,S2-553698850,0
0.3508771929824561,0.3508771929824561,0.081081081081081,0.081081081081081,0.25,0.0,0,0,0,0.0,0.1428571428571428,0.0670898203764761,0.04,0.0399999999999999,0,0,S1-574678886,S2-91377268,0
0.45,0.45,0.0689655172413793,0.0689655172413793,0.2608695652173913,0.0,0,0,0,0.0,0.1666666666666666,0.1768117919250748,0.0,0.0,0,0,S1-860543113,S2-171053780,0
0.358974358974359,0.358974358974359,0.0714285714285714,0.0714285714285714,0.1568627450980392,0.0,0,0,0,0.0,0.1666666666666666,0.1386273530263221,0.0,0.0,0,0,S1-860543113,S2-53970448,0
0.4864864864864865,0.4864864864864865,0.0769230769230769,0.0769230769230769,0.3404255319148936,0.0,0,0,0,0.0,0.1666666666666666,0.1203316886125164,0.0,0.0,0,0,S1-860543113,S2-244547105,0
0.3103448275862069,0.3103448275862069,0.0444444444444444,0.0444444444444444,0.238095238095238,0.0,0,0,0,0.0,0.125,0.1095123648595172,0.0,0.0,0,0,S1-860543113,S2-554984746,0
0.4444444444444444,0.4444444444444444,0.1111111111111111,0.1111111111111111,0.2222222222222222,0.0,0,0,0,0.0,0.25,0.1648363410037674,0.0,0.0,0,0,S1-860543113,S2-632046372,0
0.3333333333333333,0.3333333333333333,0.0217391304347826,0.0217391304347826,0.2181818181818181,0.0,0,0,0,0.0,0.125,0.0448601453728932,0.0,0.0,0,0,S1-995010385,S2-329874600,0
0.3272727272727272,0.3272727272727272,0.0238095238095238,0.0238095238095238,0.5263157894736842,0.0,0,0,0,0.0,0.1428571428571428,0.0476543704567828,0.1111111111111111,0.1111111111111111,0,0,S1-995010385,S2-667792902,0
0.3902439024390244,0.3902439024390244,0.0344827586206896,0.0344827586206896,0.2941176470588235,0.0,0,0,0,0.0,0.1666666666666666,0.0631467589820851,0.0,0.0,0,0,S1-995010385,S2-58327893,0
0.4313725490196078,0.4313725490196078,0.054054054054054,0.054054054054054,0.1454545454545454,0.0,0,0,0,0.0,0.1428571428571428,0.0487261426871128,0.0,0.0,0,0,S1-995010385,S2-760365495,0
0.28,0.28,0.0277777777777777,0.0277777777777777,0.2622950819672131,0.0,0,0,0,0.0,0.125,0.0472354508652658,0.0,0.0,0,0,S1-995010385,S2-658553899,0
0.4074074074074074,0.4074074074074074,0.131578947368421,0.131578947368421,0.2197802197802197,0.0,0,0,0,0.0,0.3333333333333333,0.2036168543859149,0.0,0.0,0,0,S1-412863054,S2-742504519,0
0.3137254901960784,0.3137254901960784,0.025,0.025,0.1842105263157894,0.0,0,0,0,0.0,0.1666666666666666,0.0702145014329242,0.0,0.0,0,0,S1-412863054,S2-246576353,0
0.463768115942029,0.463768115942029,0.037037037037037,0.037037037037037,0.5238095238095238,0.0,0,0,0,0.0,0.1111111111111111,0.0465078219773519,0.1538461538461538,0.1538461538461538,0,0,S1-412863054,S2-178544570,0
0.4680851063829787,0.4680851063829787,0.0277777777777777,0.0277777777777777,0.1489361702127659,0.0,0,0,0,0.0,0.1666666666666666,0.0632292431933705,0.0,0.0,0,0,S1-412863054,S2-285157821,0
0.4166666666666667,0.4166666666666667,0.027027027027027,0.027027027027027,0.25,0.0,0,0,0,0.0,0.1666666666666666,0.0948334650969451,0.0,0.0,0,0,S1-412863054,S2-976155017,0
0.6470588235294118,0.6470588235294118,0.4,0.4,0.12,0.0,0,0,0,0.0,0.3333333333333333,0.3478321049001492,0.0,0.0,0,0,S1-821080296,S2-850027013,0
0.4324324324324324,0.3478260869565217,0.1111111111111111,0.0857142857142857,0.3555555555555555,0.0,0,0,0,0.0,0.25,0.3575499851382279,0.0,0.0,1,0,S1-821080296,S2-378897595,0
0.6451612903225806,0.6451612903225806,0.2631578947368421,0.2631578947368421,0.0,0.0,0,0,0,0.0,0.25,0.2285775329620698,0.0,0.0,0,1,S1-821080296,S2-215076837,0
0.6153846153846154,0.6153846153846154,0.3478260869565217,0.3478260869565217,0.2647058823529412,0.0,0,0,0,0.0,0.2,0.20104443733288,0.0,0.0,0,0,S1-821080296,S2-525875656,0
0.7096774193548387,0.7096774193548387,0.4705882352941176,0.4705882352941176,0.4,0.0,0,0,0,0.0,0.3333333333333333,0.3504254011457121,0.0,0.0,0,0,S1-821080296,S2-411572018,0
0.4347826086956521,0.4347826086956521,0.0571428571428571,0.0571428571428571,0.4067796610169492,0.0,0,0,0,0.0,0.1666666666666666,0.1648504955405899,0.1,0.1,0,0,S1-765934545,S2-89893196,0
0.4680851063829787,0.4680851063829787,0.0555555555555555,0.0555555555555555,0.196078431372549,0.0,0,0,0,0.0,0.1666666666666666,0.1561603466678071,0.0,0.0,0,0,S1-765934545,S2-639652448,0
0.4117647058823529,0.4117647058823529,0.08,0.08,0.2333333333333333,0.0,0,0,0,0.0,0.25,0.2090812935121271,0.0,0.0,0,0,S1-765934545,S2-889744472,0
0.4761904761904761,0.4761904761904761,0.064516129032258,0.064516129032258,0.2253521126760563,0.0,0,0,0,0.0,0.1666666666666666,0.1617155384426609,0.0,0.0,0,0,S1-765934545,S2-476241448,0
0.4,0.4,0.0588235294117647,0.0588235294117647,0.3050847457627119,0.0,0,0,0,0.0,0.1666666666666666,0.178518942244316,0.0,0.0,0,0,S1-765934545,S2-311927809,0
0.5098039215686274,0.5098039215686274,0.25,0.25,0.1855670103092783,0.0,0,0,0,0.0,0.1666666666666666,0.1275415285241769,0.0,0.0,0,0,S1-151024102,S2-831814027,0
0.5098039215686274,0.5098039215686274,0.2352941176470588,0.2352941176470588,0.2,0.0,0,0,0,0.0,0.1666666666666666,0.1022048334935682,0.0,0.0,0,0,S1-151024102,S2-14241970,0
0.5777777777777777,0.5777777777777777,0.2758620689655172,0.2758620689655172,0.2022471910112359,0.0,0,0,0,0.0,0.2,0.1500244736819936,0.0,0.0,0,0,S1-151024102,S2-596283836,0
0.7,0.7,0.4347826086956521,0.4347826086956521,0.2184873949579832,0.0,0,0,0,0.0,0.25,0.1454500383997185,0.0666666666666666,0.0666666666666666,0,0,S1-151024102,S2-895063285,0
0.5957446808510638,0.5957446808510638,0.2580645161290322,0.2580645161290322,0.0,0.0,0,0,0,0.0,0.2,0.1348653258641196,0.0,0.0,0,1,S1-151024102,S2-417955063,0
0.5531914893617021,0.5531914893617021,0.1515151515151515,0.1515151515151515,0.2857142857142857,0.0,0,0,0,0.0,0.1666666666666666,0.0472284879730897,0.0,0.0,0,0,S1-192373073,S2-400047063,0
0.509090909090909,0.509090909090909,0.15,0.15,0.2340425531914893,0.0,0,0,0,0.0,0.1666666666666666,0.0564635968369329,0.0,0.0,0,0,S1-192373073,S2-807608858,0
0.4489795918367347,0.4489795918367347,0.1428571428571428,0.1428571428571428,0.1111111111111111,0.0,0,0,0,0.0,0.1666666666666666,0.0482808061144356,0.0,0.0,0,0,S1-192373073,S2-277904545,0
0.5217391304347826,0.5217391304347826,0.1875,0.1875,0.46875,0.1666666666666666,1,1,1,0.0,0.2,0.0579168000153215,0.1111111111111111,0.111111111111111,0,0,S1-192373073,S2-469286794,0
0.4680851063829787,0.4680851063829787,0.1515151515151515,0.1515151515151515,0.1984732824427481,0.0,0,0,0,0.0,0.1666666666666666,0.0490172617644563,0.0,0.0,0,0,S1-192373073,S2-721501168,0
0.12,0.12,0.025,0.025,0.0579710144927536,0.0,0,0,0,0.0,0.1666666666666666,0.0457285283496685,0.0,0.0,0,0,S1-143410687,S2-402896666,0
0.4444444444444444,0.4444444444444444,0.037037037037037,0.037037037037037,0.0,0.0,0,0,0,0.0,0.2,0.059890158816596,0.0,0.0,0,1,S1-143410687,S2-901249510,0
0.3137254901960784,0.3137254901960784,0.0256410256410256,0.0256410256410256,0.1234567901234567,0.0,0,0,0,0.0,0.125,0.0380409941566677,0.0,0.0,0,0,S1-143410687,S2-157804138,0
0.1176470588235294,0.1176470588235294,0.0256410256410256,0.0256410256410256,0.4418604651162791,0.0,0,0,0,0.0,0.125,0.036738818700833,0.0666666666666666,0.0666666666666666,0,0,S1-143410687,S2-769916885,0
0.392156862745098,0.392156862745098,0.0789473684210526,0.0789473684210526,0.2816901408450704,0.0,0,0,0,0.0,0.1428571428571428,0.0454121419533236,0.0,0.0,0,0,S1-143410687,S2-574327889,0
0.4444444444444444,0.4444444444444444,0.0769230769230769,0.0769230769230769,0.3939393939393939,0.0,0,0,0,0.0,0.2,0.0755069605806138,0.1,0.1,0,0,S1-81823137,S2-701087262,0
0.3684210526315789,0.3684210526315789,0.1111111111111111,0.1111111111111111,0.2666666666666666,0.0,0,0,0,0.0,0.2,0.188026673200019,0.0,0.0,0,0,S1-81823137,S2-15275449,0
0.4705882352941176,0.4705882352941176,0.0416666666666666,0.0416666666666666,0.3692307692307692,0.0,0,0,0,0.0,0.1666666666666666,0.0622834301844813,0.0,0.0,0,0,S1-81823137,S2-288665152,0
0.3043478260869565,0.3043478260869565,0.03125,0.03125,0.3278688524590163,0.0,0,0,0,0.0,0.1666666666666666,0.0710539062351434,0.0,0.0,0,0,S1-81823137,S2-864316204,0
0.2372881355932203,0.2372881355932203,0.0208333333333333,0.0208333333333333,0.2028985507246377,0.0,0,0,0,0.0,0.1428571428571428,0.059269029745493,0.0,0.0,0,0,S1-81823137,S2-833727122,0
0.5306122448979592,0.5306122448979592,0.1428571428571428,0.1428571428571428,0.3235294117647059,0.0,0,0,0,0.0,0.2,0.2116013781675667,0.0,0.0,0,0,S1-681326197,S2-357636745,0
0.5483870967741935,0.5483870967741935,0.1555555555555555,0.1555555555555555,0.3846153846153846,0.0,0,0,0,0.0,0.1666666666666666,0.1671671171297166,0.0,0.0,0,0,S1-681326197,S2-456957169,0
0.6190476190476191,0.6190476190476191,0.2692307692307692,0.2692307692307692,0.2857142857142857,0.0,0,0,0,0.0,0.2,0.1749721563771759,0.0,0.0,0,0,S1-681326197,S2-938114968,0
0.6792452830188679,0.6792452830188679,0.34375,0.34375,0.3278688524590163,0.0,0,0,0,0.0,0.1666666666666666,0.1812042717237165,0.0,0.0,0,0,S1-681326197,S2-392047590,0
0.5714285714285714,0.5714285714285714,0.3103448275862069,0.3103448275862069,0.3773584905660377,0.0,0,0,0,0.0,0.2,0.2006156782925443,0.0,0.0,0,0,S1-681326197,S2-417459879,0
0.6363636363636364,0.6363636363636364,0.1724137931034483,0.1724137931034483,0.3169398907103825,0.0,0,0,0,0.0,0.3333333333333333,0.1787323042658251,0.04,0.0399999999999999,0,0,S1-41168180,S2-382171602,0
0.509090909090909,0.509090909090909,0.1081081081081081,0.1081081081081081,0.1726618705035971,0.0,0,0,0,0.0,0.2857142857142857,0.1465628631720938,0.0,0.0,0,0,S1-41168180,S2-74992830,0
0.5,0.5,0.1818181818181818,0.1818181818181818,0.1358024691358024,0.0,0,0,0,0.0,0.3333333333333333,0.1557023336791014,0.0,0.0,0,0,S1-41168180,S2-340405180,0
0.3461538461538461,0.3461538461538461,0.025,0.025,0.2674418604651162,0.0,0,0,0,0.0,0.125,0.0515973803475725,0.0,0.0,0,0,S1-41168180,S2-938067994,0
0.44,0.44,0.1142857142857142,0.1142857142857142,0.2589928057553957,0.0,0,0,0,0.0,0.2857142857142857,0.1229286824810139,0.0454545454545454,0.0454545454545454,0,0,S1-41168180,S2-310374511,0
0.3333333333333333,0.3333333333333333,0.0476190476190476,0.0476190476190476,0.2592592592592592,0.0,0,0,0,0.0,0.2,0.0757434809714626,0.0,0.0,0,0,S1-391078740,S2-686361176,0
0.5882352941176471,0.5882352941176471,0.0869565217391304,0.0869565217391304,0.2359550561797752,0.0,0,0,0,0.0,0.1666666666666666,0.0637871559872862,0.0,0.0,0,0,S1-391078740,S2-749787711,0
0.5263157894736842,0.5263157894736842,0.0357142857142857,0.0357142857142857,0.1769911504424778,0.0,0,0,0,0.0,0.1666666666666666,0.0701859703775012,0.0,0.0,0,0,S1-391078740,S2-645552685,0
0.2978723404255319,0.2978723404255319,0.0588235294117647,0.0588235294117647,0.3513513513513513,0.0,0,0,0,0.0,0.2857142857142857,0.153876538709573,0.0,0.0,0,0,S1-391078740,S2-563115127,0
0.4666666666666667,0.4666666666666667,0.0212765957446808,0.0212765957446808,0.1985815602836879,0.0,0,0,0,0.0,0.125,0.0607468169250638,0.0,0.0,0,0,S1-391078740,S2-342871199,0
0.2622950819672131,0.2622950819672131,0.0204081632653061,0.0204081632653061,0.2,0.0,0,0,0,0.0,0.125,0.0454401918021575,0.0,0.0,0,0,S1-773074264,S2-42014990,0
0.36,0.36,0.0256410256410256,0.0256410256410256,0.2985074626865671,0.0,0,0,0,0.0,0.1428571428571428,0.0422446495544463,0.0,0.0,0,0,S1-773074264,S2-277521715,0
0.1034482758620689,0.1034482758620689,0.0212765957446808,0.0212765957446808,0.2432432432432432,0.0,0,0,0,0.0,0.1428571428571428,0.0516477431447318,0.0,0.0,0,0,S1-773074264,S2-286549805,0
0.2641509433962264,0.2641509433962264,0.024390243902439,0.024390243902439,0.32,0.0,0,0,0,0.0,0.125,0.0387855191157695,0.0,0.0,0,0,S1-773074264,S2-729287557,0
0.2608695652173913,0.2608695652173913,0.0277777777777777,0.0277777777777777,0.4269662921348314,0.0,0,0,0,0.0,0.1666666666666666,0.0669703818783829,0.0,0.0,0,0,S1-773074264,S2-939981348,0
0.238095238095238,0.238095238095238,0.03125,0.03125,0.3389830508474576,0.0,0,0,0,0.0,0.1666666666666666,0.0544176926257825,0.1111111111111111,0.1111111111111111,0,0,S1-207463128,S2-3613152,0
0.3404255319148936,0.3404255319148936,0.027027027027027,0.027027027027027,0.3076923076923077,0.0,0,0,0,0.0,0.1666666666666666,0.0581976048124344,0.0,0.0,0,0,S1-207463128,S2-312708764,0
0.2857142857142857,0.2857142857142857,0.0697674418604651,0.0697674418604651,0.2352941176470588,0.0,0,0,0,0.0,0.1428571428571428,0.1265551017352834,0.0,0.0,0,0,S1-207463128,S2-778144738,0
0.391304347826087,0.391304347826087,0.0606060606060606,0.0606060606060606,0.2903225806451613,0.0,0,0,0,0.0,0.125,0.0457299679482193,0.0,0.0,0,0,S1-207463128,S2-900719344,0
0.3478260869565217,0.3478260869565217,0.0285714285714285,0.0285714285714285,0.2222222222222222,0.0,0,0,0,0.0,0.1428571428571428,0.0534052548687327,0.0,0.0,0,0,S1-207463128,S2-993588286,0
1.0,1.0,1.0,1.0,0.8345323741007195,1.0,1,1,3,0.0,1.0,1.0,1.0,1.0,0,0,S1-309504906,S2-269952086,1
0.45,0.45,0.1034482758620689,0.1034482758620689,0.124223602484472,0.0,0,0,0,0.0,0.2,0.0989751780255521,0.0,0.0,0,0,S1-309504906,S2-73661415,0
0.5454545454545454,0.5454545454545454,0.2105263157894736,0.2105263157894736,0.1015228426395939,0.0,0,0,0,0.0,0.1666666666666666,0.1291460272767872,0.03125,0.0312499999999999,0,0,S1-309504906,S2-699191362,0
0.3137254901960784,0.3137254901960784,0.0789473684210526,0.0789473684210526,0.1782178217821782,0.0,0,0,0,0.0,0.1428571428571428,0.0718563442309906,0.0,0.0,0,0,S1-309504906,S2-864608359,0
0.4761904761904761,0.4761904761904761,0.0967741935483871,0.0967741935483871,0.1643835616438356,0.0,0,0,0,0.0,0.2,0.0883692447222154,0.0,0.0,0,0,S1-309504906,S2-999212071,0
0.3548387096774194,0.3548387096774194,0.1063829787234042,0.1063829787234042,0.2115384615384615,0.0,0,0,0,0.0,0.1428571428571428,0.0935351245681054,0.0,0.0,0,0,S1-309504906,S2-385621768,0
0.576271186440678,0.576271186440678,0.3333333333333333,0.3333333333333333,0.3243243243243243,0.0,0,0,0,0.0,0.2857142857142857,0.0940959421955131,0.0,0.0,0,0,S1-90460007,S2-936627139,0
0.5862068965517241,0.5862068965517241,0.15,0.15,0.2933333333333333,0.0,0,0,0,0.0,0.1111111111111111,0.049201441496224,0.0,0.0,0,0,S1-90460007,S2-256507866,0
0.4,0.4,0.125,0.125,0.1733333333333333,0.0,0,0,0,0.0,0.1428571428571428,0.0587448547734421,0.0,0.0,0,0,S1-90460007,S2-521478250,0
0.4871794871794871,0.4871794871794871,0.2222222222222222,0.2222222222222222,0.2428571428571428,0.0,0,0,0,0.0,0.25,0.0922681257995881,0.0,0.0,0,0,S1-90460007,S2-761226845,0
0.46875,0.46875,0.2325581395348837,0.2325581395348837,0.2318840579710145,0.0,0,0,0,0.0,0.2857142857142857,0.097284570072023,0.0,0.0,0,0,S1-90460007,S2-696635067,0
0.2439024390243902,0.2439024390243902,0.0666666666666666,0.0666666666666666,0.0,0.0,0,0,0,0.0,0.1666666666666666,0.1356557027912014,0.0,0.0,0,1,S1-341419376,S2-552647347,0
0.4210526315789473,0.4210526315789473,0.109090909090909,0.109090909090909,0.4318181818181818,0.0,0,0,0,0.0,0.2222222222222222,0.1575906696514489,0.2307692307692307,0.2307692307692308,0,0,S1-341419376,S2-643500390,0
0.4285714285714285,0.4285714285714285,0.0784313725490196,0.0784313725490196,0.1927710843373494,0.0,0,0,0,0.0,0.2222222222222222,0.1557532838584911,0.0714285714285714,0.0714285714285714,0,0,S1-341419376,S2-978911640,0
0.419753086419753,0.419753086419753,0.0655737704918032,0.0655737704918032,0.4166666666666667,0.0,0,0,0,0.0,0.1818181818181818,0.1348640361098622,0.25,0.25,0,0,S1-341419376,S2-68953662,0
0.4615384615384615,0.4615384615384615,0.0689655172413793,0.0689655172413793,0.2666666666666666,0.0,0,0,0,0.0,0.1818181818181818,0.1409294047330085,0.0714285714285714,0.0714285714285714,0,0,S1-341419376,S2-278548355,0
0.5945945945945946,0.5945945945945946,0.074074074074074,0.074074074074074,0.4528301886792453,0.0,0,0,0,0.0,0.2,0.1147842498731893,0.0,0.0,0,0,S1-683268414,S2-616917019,0
0.1739130434782608,0.1739130434782608,0.0588235294117647,0.0588235294117647,0.3492063492063492,0.0,0,0,0,0.0,0.1666666666666666,0.107672335437726,0.0,0.0,0,0,S1-683268414,S2-57518495,0
0.36,0.36,0.0512820512820512,0.0512820512820512,0.3380281690140845,0.0,0,0,0,0.0,0.1666666666666666,0.088540559486789,0.0,0.0,0,0,S1-683268414,S2-899524575,0
0.5128205128205128,0.5128205128205128,0.0689655172413793,0.0689655172413793,0.3809523809523809,0.0,0,0,0,0.0,0.2,0.124529438446364,0.0,0.0,0,0,S1-683268414,S2-205522975,0
0.3404255319148936,0.3404255319148936,0.125,0.125,0.2641509433962264,0.0,0,0,0,0.0,0.1428571428571428,0.1256984088638956,0.0,0.0,1,0,S1-683268414,S2-752012958,0
0.4383561643835616,0.4383561643835616,0.1509433962264151,0.1509433962264151,0.2456140350877192,0.0,0,0,0,0.0,0.125,0.095013004890778,0.0,0.0,0,0,S1-874716873,S2-854643921,0
0.5483870967741935,0.5483870967741935,0.2142857142857142,0.2142857142857142,0.2950819672131147,0.0,0,0,0,0.0,0.1428571428571428,0.1035834268224874,0.0,0.0,0,0,S1-874716873,S2-607226095,0
0.4923076923076923,0.4923076923076923,0.1739130434782608,0.1739130434782608,0.2222222222222222,0.0,0,0,0,0.0,0.1428571428571428,0.1155757827224292,0.0,0.0,0,0,S1-874716873,S2-370192958,0
0.5581395348837209,0.5581395348837209,0.2962962962962963,0.2962962962962963,0.2068965517241379,0.0,0,0,0,0.0,0.2,0.1385653943794826,0.0,0.0,0,0,S1-874716873,S2-526671748,0
0.3720930232558139,0.3720930232558139,0.09375,0.09375,0.2413793103448276,0.0,0,0,0,0.0,0.2,0.194820146812345,0.0,0.0,0,0,S1-874716873,S2-184086201,0
0.6511627906976745,0.6511627906976745,0.3703703703703703,0.3703703703703703,0.2727272727272727,0.0,0,0,0,0.0,0.3333333333333333,0.3514155398175197,0.0,0.0,0,0,S1-627810837,S2-78346860,0
0.625,0.625,0.3225806451612903,0.3225806451612903,0.2857142857142857,0.0,0,0,0,0.0,0.25,0.2197482045803062,0.0,0.0,0,0,S1-627810837,S2-673308022,0
0.625,0.625,0.3225806451612903,0.3225806451612903,0.2857142857142857,0.0,0,0,0,0.0,0.25,0.26000420849865,0.0,0.0,1,0,S1-627810837,S2-926892922,0
0.5625,0.5625,0.238095238095238,0.238095238095238,0.3157894736842105,0.0,0,0,0,0.0,0.3333333333333333,0.3434017981330587,0.0,0.0,0,0,S1-627810837,S2-628886632,0
0.6829268292682927,0.6829268292682927,0.4,0.4,0.3582089552238806,0.0,0,0,0,0.0,0.3333333333333333,0.2855418638303301,0.0909090909090909,0.0909090909090909,0,0,S1-627810837,S2-415500794,0
0.3389830508474576,0.3389830508474576,0.0208333333333333,0.0208333333333333,0.3050847457627119,0.0,0,0,0,0.0,0.1428571428571428,0.0473164371596709,0.0,0.0,0,0,S1-130480236,S2-666060563,0
0.3870967741935484,0.3870967741935484,0.02,0.02,0.3076923076923077,0.0,0,0,0,0.0,0.125,0.0392177425580467,0.0,0.0,0,0,S1-130480236,S2-968000834,0
0.28125,0.28125,0.06,0.06,0.3666666666666666,0.0,0,0,0,0.0,0.125,0.0390382357030501,0.1111111111111111,0.1111111111111111,0,0,S1-130480236,S2-936735748,0
0.449438202247191,0.449438202247191,0.015625,0.015625,0.1612903225806451,0.0,0,0,0,0.0,0.1,0.0373942088622552,0.0,0.0,0,0,S1-130480236,S2-469075541,0
0.3488372093023256,0.3488372093023256,0.0967741935483871,0.0967741935483871,0.1818181818181818,0.0,0,0,0,0.0,0.0909090909090909,0.0559502540414459,0.0,0.0,0,0,S1-130480236,S2-508602353,0
0.5,0.5,0.1627906976744186,0.1627906976744186,0.2666666666666666,0.0,0,0,0,0.0,0.1428571428571428,0.1637230854356511,0.0344827586206896,0.0344827586206896,0,0,S1-458396670,S2-358242450,0
0.4090909090909091,0.4090909090909091,0.1290322580645161,0.1290322580645161,0.12,0.0,0,0,0,0.0,0.1666666666666666,0.1508568662515844,0.0,0.0,0,0,S1-458396670,S2-641956766,0
0.3181818181818182,0.3181818181818182,0.0303030303030303,0.0303030303030303,0.2376237623762376,0.0,0,0,0,0.0,0.1428571428571428,0.1473810021290558,0.0625,0.0624999999999999,0,0,S1-458396670,S2-535430431,0
0.4642857142857143,0.4642857142857143,0.0952380952380952,0.0952380952380952,0.1553398058252427,0.0,0,0,0,0.0,0.1428571428571428,0.1290794776949241,0.0,0.0,0,0,S1-458396670,S2-223728135,0
0.48,0.48,0.1081081081081081,0.1081081081081081,0.2790697674418604,0.0,0,0,0,0.0,0.1666666666666666,0.1768763882619562,0.0454545454545454,0.0454545454545454,0,0,S1-458396670,S2-862759276,0
0.1951219512195122,0.1951219512195122,0.032258064516129,0.032258064516129,0.4088397790055249,0.0,0,0,0,0.0,0.1666666666666666,0.2538848941504935,0.0,0.0,0,0,S1-450167159,S2-549359288,0
0.0,0.1777777777777777,0.0,0.0294117647058823,0.5,0.0,0,0,0,0.0,0.0,0.0,0.25,0.2499999999999999,1,0,S1-450167159,S2-519859158,0
0.0,0.2,0.0,0.0333333333333333,0.1884057971014492,0.0,0,0,0,0.0,0.0,0.0,0.0,0.0,1,0,S1-450167159,S2-849610488,0
0.7058823529411765,0.7058823529411765,0.1111111111111111,0.1111111111111111,0.2786885245901639,0.0,0,0,0,0.0,0.6666666666666666,0.5347448877496128,0.0,0.0,0,0,S1-450167159,S2-876734306,0
0.2702702702702703,0.2702702702702703,0.074074074074074,0.074074074074074,0.2781456953642384,0.3333333333333333,1,1,1,0.0,0.2,0.2595254740232537,0.0,0.0,0,0,S1-450167159,S2-861114439,0
0.1886792452830188,0.1886792452830188,0.0232558139534883,0.0232558139534883,0.1428571428571428,0.0,0,0,0,0.0,0.1666666666666666,0.0547141992358225,0.0,0.0,0,0,S1-509991975,S2-872030233,0
0.4307692307692308,0.4307692307692308,0.0444444444444444,0.0444444444444444,0.0,0.0,0,0,0,0.0,0.1111111111111111,0.0389916921871513,0.0,0.0,0,1,S1-509991975,S2-78761422,0
0.3333333333333333,0.3333333333333333,0.0208333333333333,0.0208333333333333,0.2318840579710145,0.0,0,0,0,0.0,0.125,0.0405356562920135,0.0,0.0,0,0,S1-509991975,S2-228102183,0
0.5,0.5,0.05,0.05,0.2352941176470588,0.0,0,0,0,0.0,0.1666666666666666,0.0575253583285652,0.0,0.0,0,0,S1-509991975,S2-390696412,0
0.1714285714285714,0.1714285714285714,0.0384615384615384,0.0384615384615384,0.3478260869565217,0.0,0,0,0,0.0,0.2,0.068649058528187,0.0,0.0,0,0,S1-509991975,S2-836227946,0
0.7887323943661971,0.7887323943661971,0.5526315789473685,0.5526315789473685,1.0,1.0,1,1,4,1.0,0.6666666666666666,0.7705823546240926,1.0,1.0,0,0,S1-622753846,S2-126710665,1
0.5507246376811594,0.5507246376811594,0.0980392156862745,0.0980392156862745,0.2333333333333333,0.0,0,0,0,0.0,0.1,0.1008205109936194,0.0,0.0,0,0,S1-622753846,S2-315317562,0
0.4210526315789473,0.4210526315789473,0.1219512195121951,0.1219512195121951,0.1454545454545454,0.0,0,0,0,0.0,0.125,0.1051542303312814,0.0,0.0,0,0,S1-622753846,S2-681354524,0
0.4912280701754385,0.4912280701754385,0.0444444444444444,0.0444444444444444,0.3548387096774194,0.0,0,0,0,0.0,0.1428571428571428,0.0929031051614709,0.0,0.0,0,0,S1-622753846,S2-35114539,0
0.40625,0.40625,0.1063829787234042,0.1063829787234042,0.46875,0.0,0,0,0,0.0,0.125,0.1149443052439155,0.0,0.0,0,0,S1-622753846,S2-93591264,0
0.509090909090909,0.509090909090909,0.1538461538461538,0.1538461538461538,0.3278688524590163,0.0,0,0,0,0.0,0.1428571428571428,0.1238829560322849,0.0,0.0,1,0,S1-622753846,S2-758068123,0
0.5396825396825397,0.5396825396825397,0.2790697674418604,0.2790697674418604,0.1851851851851851,0.0,0,0,0,0.0,0.2,0.1472245790815347,0.0,0.0,0,0,S1-139425336,S2-103908855,0
0.2857142857142857,0.2857142857142857,0.0816326530612244,0.0816326530612244,0.1904761904761904,0.0,0,0,0,0.0,0.1428571428571428,0.1159806945138788,0.0,0.0,0,0,S1-139425336,S2-379129572,0
0.4827586206896552,0.4827586206896552,0.1666666666666666,0.1666666666666666,0.25,0.0,0,0,0,0.0,0.1666666666666666,0.1477995059041248,0.0588235294117647,0.0588235294117647,0,0,S1-139425336,S2-802260310,0
0.6388888888888888,0.6388888888888888,0.4186046511627907,0.4186046511627907,0.2528735632183908,0.0,0,0,0,0.0,0.2857142857142857,0.2479972924627936,0.0,0.0,0,0,S1-139425336,S2-777790786,0
0.6415094339622641,0.6415094339622641,0.3333333333333333,0.3333333333333333,0.2654867256637168,0.0,0,0,0,0.0,0.2,0.1719211865741553,0.0,0.0,0,0,S1-139425336,S2-850577689,0
0.6122448979591837,0.6122448979591837,0.3125,0.3125,0.2285714285714285,0.0,0,0,0,0.0,0.25,0.2256019069264049,0.0,0.0,0,0,S1-842336417,S2-438853081,0
0.5263157894736842,0.5263157894736842,0.1481481481481481,0.1481481481481481,0.3278688524590163,0.0,0,0,0,0.0,0.25,0.2212800988832215,0.0,0.0,0,0,S1-842336417,S2-311389494,0
0.4285714285714285,0.4285714285714285,0.1290322580645161,0.1290322580645161,0.1702127659574468,0.0,0,0,0,0.0,0.25,0.2244804881112422,0.0,0.0,0,0,S1-842336417,S2-217459950,0
0.2909090909090909,0.2909090909090909,0.1219512195121951,0.1219512195121951,0.196078431372549,0.0,0,0,0,0.0,0.1666666666666666,0.1485368809062904,0.0,0.0,0,0,S1-842336417,S2-715002690,0
0.7142857142857143,0.7142857142857143,0.4583333333333333,0.4583333333333333,0.4137931034482758,0.0,0,0,0,0.0,0.25,0.3236447751101762,0.0,0.0,1,0,S1-842336417,S2-399535077,0
0.0,0.7727272727272727,0.0,0.2857142857142857,0.9215686274509804,0.5,2,1,2,0.0,0.0,0.0,0.6666666666666666,0.6666666666666667,1,0,S1-149927508,S2-23408126,1
0.0,0.7727272727272727,0.0,0.2857142857142857,0.8775510204081632,0.5,2,1,2,0.0,0.0,0.0,0.6666666666666666,0.6666666666666667,1,0,S1-149927508,S2-570727963,1
0.3571428571428571,0.3571428571428571,0.119047619047619,0.119047619047619,0.2696629213483146,0.0,0,0,0,0.0,0.1666666666666666,0.0597275802283071,0.0,0.0,0,0,S1-149927508,S2-855143599,0
0.5098039215686274,0.5098039215686274,0.1666666666666666,0.1666666666666666,0.2773722627737226,0.0,0,0,0,0.0,0.1666666666666666,0.050769719181914,0.0,0.0,0,0,S1-149927508,S2-86353843,0
0.2333333333333333,0.2333333333333333,0.1136363636363636,0.1136363636363636,0.2857142857142857,0.0,0,0,0,0.0,0.1428571428571428,0.045031466408052,0.0,0.0,0,0,S1-149927508,S2-950634107,0
0.6046511627906976,0.6046511627906976,0.2068965517241379,0.2068965517241379,0.2718446601941747,0.0,0,0,0,0.0,0.2,0.0628344062045913,0.0,0.0,0,0,S1-149927508,S2-368731281,0
0.5,0.5,0.125,0.125,0.2068965517241379,0.0,0,0,0,0.0,0.125,0.0412691823118099,0.0,0.0,0,0,S1-149927508,S2-902186218,0
0.4054054054054054,0.4054054054054054,0.1923076923076923,0.1923076923076923,0.182741116751269,0.0,0,0,0,0.0,0.25,0.0914206381020353,0.0,0.0,0,0,S1-530931171,S2-831726341,0
0.4406779661016949,0.4406779661016949,0.1951219512195122,0.1951219512195122,0.1025641025641025,0.0,0,0,0,0.0,0.1428571428571428,0.054843772477347,0.0,0.0,0,0,S1-530931171,S2-667143036,0
0.4615384615384615,0.4615384615384615,0.1063829787234042,0.1063829787234042,0.2134831460674157,0.0,0,0,0,0.0,0.125,0.043168414381995,0.0,0.0,0,0,S1-530931171,S2-903221054,0
0.4375,0.4375,0.0816326530612244,0.0816326530612244,0.0,0.0,0,0,0,0.0,0.125,0.1230104201883976,0.0,0.0,0,1,S1-530931171,S2-583007277,0
0.5135135135135135,0.5135135135135135,0.2352941176470588,0.2352941176470588,0.2909090909090909,0.0,0,0,0,0.0,0.2857142857142857,0.1041666880495027,0.04,0.0399999999999999,0,0,S1-530931171,S2-474890471,0
0.2539682539682539,0.2539682539682539,0.0612244897959183,0.0612244897959183,0.2941176470588235,0.0,0,0,0,0.0,0.125,0.0334593503541585,0.0,0.0,0,0,S1-966488145,S2-194970373,0
0.2285714285714285,0.2285714285714285,0.0545454545454545,0.0545454545454545,0.3157894736842105,0.0,0,0,0,0.0,0.1111111111111111,0.028813463950262,0.0,0.0,0,0,S1-966488145,S2-538563426,0
0.4230769230769231,0.4230769230769231,0.05,0.05,0.2456140350877192,0.0,0,0,0,0.0,0.1428571428571428,0.0350103268176252,0.0,0.0,0,0,S1-966488145,S2-39477764,0
0.3793103448275862,0.3793103448275862,0.0217391304347826,0.0217391304347826,0.2033898305084746,0.0,0,0,0,0.0,0.125,0.0313594767246688,0.0,0.0,0,0,S1-966488145,S2-240550422,0
0.4262295081967213,0.4262295081967213,0.0425531914893617,0.0425531914893617,0.4705882352941176,0.0,0,0,0,0.0,0.125,0.032407277680555,0.0,0.0,0,0,S1-966488145,S2-559740550,0
0.4096385542168674,0.4096385542168674,0.0615384615384615,0.0615384615384615,0.2622950819672131,0.0,0,0,0,0.0,0.1111111111111111,0.0671677510394333,0.0,0.0,0,0,S1-57454122,S2-757345219,0
0.2857142857142857,0.2857142857142857,0.0222222222222222,0.0222222222222222,0.3423423423423423,0.0,0,0,0,0.0,0.1428571428571428,0.079546177911797,0.0,0.0,0,0,S1-57454122,S2-130781321,0
0.4074074074074074,0.4074074074074074,0.0232558139534883,0.0232558139534883,0.3835616438356164,0.0,0,0,0,0.0,0.1428571428571428,0.0916659559950329,0.0454545454545454,0.0454545454545454,1,0,S1-57454122,S2-734677256,0
0.3768115942028985,0.3768115942028985,0.0545454545454545,0.0545454545454545,0.3469387755102041,0.0,0,0,0,0.0,0.125,0.0830341560608085,0.0,0.0,0,0,S1-57454122,S2-481404605,0
0.4,0.4,0.0491803278688524,0.0491803278688524,0.1456953642384106,0.0,0,0,0,0.0,0.125,0.0742335016068383,0.0,0.0,0,0,S1-57454122,S2-681318359,0
0.4285714285714285,0.4285714285714285,0.0172413793103448,0.0172413793103448,0.1521739130434782,0.0,0,0,0,0.0,0.125,0.0543121511022836,0.0,0.0,0,0,S1-529933418,S2-968661299,0
0.3561643835616438,0.3561643835616438,0.0338983050847457,0.0338983050847457,0.2580645161290322,0.0,0,0,0,0.0,0.1111111111111111,0.0555626428367887,0.0,0.0,1,0,S1-529933418,S2-9857491,0
0.5423728813559322,0.5423728813559322,0.2051282051282051,0.2051282051282051,0.0,0.0,0,0,0,0.0,0.1428571428571428,0.0735241894346064,0.0,0.0,1,1,S1-529933418,S2-925740707,0
0.21875,0.21875,0.0196078431372549,0.0196078431372549,0.2528735632183908,0.0,0,0,0,0.0,0.1111111111111111,0.0524043694198861,0.0,0.0,0,0,S1-529933418,S2-500292863,0
0.59375,0.59375,0.1777777777777777,0.1777777777777777,0.1818181818181818,0.0,0,0,0,0.0,0.125,0.0686682378091241,0.0,0.0,1,0,S1-529933418,S2-403926693,0
0.5573770491803278,0.5573770491803278,0.3076923076923077,0.3076923076923077,0.2809917355371901,0.0,0,0,0,0.0,0.3333333333333333,0.1476998149581948,0.0,0.0,0,0,S1-865571798,S2-201516345,0
0.4285714285714285,0.4285714285714285,0.119047619047619,0.119047619047619,0.5,0.0,0,0,0,0.0,0.1666666666666666,0.0656205067506989,0.0909090909090909,0.0909090909090909,0,0,S1-865571798,S2-308576583,0
0.6153846153846154,0.6153846153846154,0.2790697674418604,0.2790697674418604,0.2047244094488189,0.0,0,0,0,0.0,0.3333333333333333,0.1414720023917384,0.0,0.0,0,0,S1-865571798,S2-547544781,0
0.4590163934426229,0.4590163934426229,0.1136363636363636,0.1136363636363636,0.0,0.0,0,0,0,0.0,0.125,0.0467174908869537,0.0,0.0,0,1,S1-865571798,S2-68638699,0
0.5396825396825397,0.5396825396825397,0.1041666666666666,0.1041666666666666,0.2016806722689075,0.0,0,0,0,0.0,0.1428571428571428,0.0594119552481425,0.0,0.0,0,0,S1-865571798,S2-465701618,0
0.3333333333333333,0.3333333333333333,0.032258064516129,0.032258064516129,0.2456140350877192,0.0,0,0,0,0.0,0.1428571428571428,0.0459974420915927,0.0,0.0,0,0,S1-28390244,S2-627873325,0
0.3043478260869565,0.3043478260869565,0.0285714285714285,0.0285714285714285,0.2272727272727272,0.0,0,0,0,0.0,0.1428571428571428,0.0453204390624395,0.0,0.0,0,0,S1-28390244,S2-451425252,0
0.3673469387755102,0.3673469387755102,0.0263157894736842,0.0263157894736842,0.1886792452830188,0.0,0,0,0,0.0,0.1428571428571428,0.0458932825895616,0.0,0.0,0,0,S1-28390244,S2-160838636,0
0.3928571428571428,0.3928571428571428,0.0465116279069767,0.0465116279069767,0.3870967741935484,0.0,0,0,0,0.0,0.125,0.0458248697239518,0.0,0.0,0,0,S1-28390244,S2-484698916,0
0.2978723404255319,0.2978723404255319,0.088235294117647,0.088235294117647,0.2448979591836734,0.0,0,0,0,0.0,0.1428571428571428,0.0503946438283036,0.0,0.0,0,0,S1-28390244,S2-401500260,0
0.2711864406779661,0.2711864406779661,0.0212765957446808,0.0212765957446808,0.2666666666666666,0.0,0,0,0,0.0,0.125,0.0361489346409233,0.0,0.0,0,0,S1-497879039,S2-421358414,0
0.2295081967213114,0.2295081967213114,0.0204081632653061,0.0204081632653061,0.392156862745098,0.0,0,0,0,0.0,0.125,0.0404811111831723,0.0,0.0,0,0,S1-497879039,S2-91691402,0
0.1578947368421052,0.1578947368421052,0.0357142857142857,0.0357142857142857,0.3703703703703703,0.0,0,0,0,0.0,0.1666666666666666,0.0487563130860888,0.0,0.0,0,0,S1-497879039,S2-221851509,0
0.3829787234042553,0.3829787234042553,0.0277777777777777,0.0277777777777777,0.3157894736842105,0.0,0,0,0,0.0,0.1428571428571428,0.0680318124985333,0.0,0.0,0,0,S1-497879039,S2-532410838,0
0.4347826086956521,0.4347826086956521,0.0285714285714285,0.0285714285714285,0.2264150943396226,0.0,0,0,0,0.0,0.1428571428571428,0.0400258341132579,0.0,0.0,0,0,S1-497879039,S2-583123120,0
0.3283582089552239,0.3283582089552239,0.12,0.12,0.1807909604519774,0.0,0,0,0,0.0,0.125,0.0393602082775522,0.0,0.0,0,0,S1-986430459,S2-795273521,0
0.4054054054054054,0.4054054054054054,0.087719298245614,0.087719298245614,0.1617647058823529,0.0,0,0,0,0.0,0.125,0.0394635053260861,0.0,0.0,0,0,S1-986430459,S2-855444220,0
0.4545454545454545,0.4545454545454545,0.1428571428571428,0.1428571428571428,0.351063829787234,0.0,0,0,0,0.0,0.1428571428571428,0.044167736359029,0.0303030303030303,0.0303030303030302,0,0,S1-986430459,S2-609922255,0
0.4333333333333333,0.4333333333333333,0.1111111111111111,0.1111111111111111,0.1875,0.0,0,0,0,0.0,0.1428571428571428,0.0382297278980186,0.0,0.0,0,0,S1-986430459,S2-323387829,0
0.4666666666666667,0.4666666666666667,0.1111111111111111,0.1111111111111111,0.0,0.0,0,0,0,0.0,0.1428571428571428,0.0432658162548611,0.0,0.0,0,1,S1-986430459,S2-491528124,0
0.5,0.5,0.1666666666666666,0.1666666666666666,0.3703703703703703,0.0,0,0,0,0.0,0.1111111111111111,0.0765055103464398,0.1,0.1,0,0,S1-15741080,S2-360162386,0
0.4578313253012048,0.4578313253012048,0.1639344262295081,0.1639344262295081,0.2264150943396226,0.0,0,0,0,0.0,0.1111111111111111,0.0670592777941358,0.0,0.0,0,0,S1-15741080,S2-351115999,0
0.3513513513513513,0.3513513513513513,0.0677966101694915,0.0677966101694915,0.1568627450980392,0.0,0,0,0,0.0,0.125,0.0827208937672828,0.0,0.0,0,0,S1-15741080,S2-409989094,0
0.3636363636363636,0.3636363636363636,0.0784313725490196,0.0784313725490196,0.2592592592592592,0.0,0,0,0,0.0,0.125,0.0962880838251467,0.0,0.0,0,0,S1-15741080,S2-938632060,0
0.3896103896103896,0.3896103896103896,0.1016949152542373,0.1016949152542373,0.1702127659574468,0.0,0,0,0,0.0,0.1111111111111111,0.0874312063636817,0.0,0.0,0,0,S1-15741080,S2-466140552,0
0.6829268292682927,0.6829268292682927,0.2692307692307692,0.2692307692307692,0.1481481481481481,0.0,0,0,0,0.0,0.2,0.2389551759185275,0.0,0.0,0,0,S1-226408668,S2-551082031,0
0.5652173913043478,0.5652173913043478,0.2857142857142857,0.2857142857142857,0.3278688524590163,0.0,0,0,0,0.0,0.1666666666666666,0.2090513696904011,0.0,0.0,0,0,S1-226408668,S2-745445816,0
0.7142857142857143,0.7142857142857143,0.36,0.36,0.3333333333333333,0.0,0,0,0,0.0,0.2,0.2093483489737819,0.0,0.0,0,0,S1-226408668,S2-900430343,0
0.56,0.56,0.2058823529411764,0.2058823529411764,0.2222222222222222,0.0,0,0,0,0.0,0.1666666666666666,0.1874791539393637,0.0,0.0,0,0,S1-226408668,S2-444680152,0
0.4375,0.4375,0.1904761904761904,0.1904761904761904,0.25,0.0,0,0,0,0.0,0.25,0.3851864110924519,0.0,0.0,0,0,S1-226408668,S2-743060230,0
0.4444444444444444,0.4444444444444444,0.1282051282051282,0.1282051282051282,0.3333333333333333,0.0,0,0,0,0.0,0.1428571428571428,0.0436831124758963,0.0476190476190476,0.0476190476190476,0,0,S1-251987676,S2-851124531,0
0.6923076923076923,0.6923076923076923,0.4,0.4,0.2133333333333333,0.0,0,0,0,0.0,0.3333333333333333,0.0852429967360507,0.0909090909090909,0.0909090909090908,0,0,S1-251987676,S2-595445197,0
0.6666666666666666,0.6666666666666666,0.3333333333333333,0.3333333333333333,0.2649006622516556,0.0,0,0,0,0.0,0.2857142857142857,0.0819010233626398,0.0,0.0,0,0,S1-251987676,S2-975567090,0
0.68,0.68,0.1764705882352941,0.1764705882352941,0.3333333333333333,0.0,0,0,0,0.0,0.1428571428571428,0.0456642606980549,0.0434782608695652,0.0434782608695652,0,0,S1-251987676,S2-838231640,0
0.5333333333333333,0.5333333333333333,0.1612903225806451,0.1612903225806451,0.3247863247863248,0.0,0,0,0,0.0,0.1666666666666666,0.0462255797318746,0.0588235294117647,0.0588235294117647,0,0,S1-251987676,S2-478007920,0
0.5416666666666666,0.5416666666666666,0.1515151515151515,0.1515151515151515,0.0,0.0,0,0,0,0.0,0.3333333333333333,0.1685192758343955,0.0,0.0,0,1,S1-114965885,S2-313060802,0
0.3181818181818182,0.3181818181818182,0.0606060606060606,0.0606060606060606,0.2898550724637681,0.0,0,0,0,0.0,0.1666666666666666,0.0949546462692257,0.0,0.0,0,0,S1-114965885,S2-796800549,0
0.34375,0.34375,0.04,0.04,0.2795698924731182,0.0,0,0,0,0.0,0.25,0.1144403601549334,0.0,0.0,0,0,S1-114965885,S2-721202582,0
0.4363636363636363,0.4363636363636363,0.0227272727272727,0.0227272727272727,0.2314049586776859,0.0,0,0,0,0.0,0.1428571428571428,0.0590719338364194,0.0,0.0,0,0,S1-114965885,S2-833693132,0
0.2641509433962264,0.2641509433962264,0.025,0.025,0.2424242424242424,0.0,0,0,0,0.0,0.1111111111111111,0.0444687554020738,0.0,0.0,0,0,S1-114965885,S2-596920316,0
0.2926829268292683,0.2926829268292683,0.032258064516129,0.032258064516129,0.3809523809523809,0.0,0,0,0,0.0,0.1666666666666666,0.0723358600093998,0.0,0.0,0,0,S1-424984189,S2-299385818,0
0.6382978723404256,0.6382978723404256,0.2758620689655172,0.2758620689655172,0.2716049382716049,0.0,0,0,0,0.0,0.1428571428571428,0.1129446911410858,0.0,0.0,0,0,S1-424984189,S2-927235908,0
0.3829787234042553,0.3829787234042553,0.0277777777777777,0.0277777777777777,0.3859649122807017,0.0,0,0,0,0.0,0.1428571428571428,0.0625389865973045,0.0,0.0,0,0,S1-424984189,S2-996805146,0
0.2692307692307692,0.2692307692307692,0.025,0.025,0.2666666666666666,0.0,0,0,0,0.0,0.125,0.0528542925691129,0.0,0.0,0,0,S1-424984189,S2-155730522,0
0.4074074074074074,0.4074074074074074,0.075,0.075,0.28125,0.0,0,0,0,0.0,0.1428571428571428,0.0646313788440373,0.0,0.0,0,0,S1-424984189,S2-550342516,0
0.3055555555555556,0.3055555555555556,0.087719298245614,0.087719298245614,0.2666666666666666,0.0,0,0,0,0.0,0.1428571428571428,0.0434146422484654,0.0,0.0,0,0,S1-760983086,S2-761096241,0
0.4363636363636363,0.4363636363636363,0.15,0.15,0.0,0.0,0,0,0,0.0,0.1666666666666666,0.0581076324966337,0.0,0.0,0,1,S1-760983086,S2-823031082,0
0.4776119402985074,0.4776119402985074,0.0980392156862745,0.0980392156862745,0.1167883211678832,0.0,0,0,0,0.0,0.125,0.0401159381634651,0.0,0.0,0,0,S1-760983086,S2-510281066,0
0.4722222222222222,0.4722222222222222,0.1071428571428571,0.1071428571428571,0.3035714285714285,0.0,0,0,0,0.0,0.1428571428571428,0.0445080087173829,0.0,0.0,0,0,S1-760983086,S2-707578163,0
0.65625,0.65625,0.3170731707317073,0.3170731707317073,0.0,0.0,0,0,0,0.0,0.3333333333333333,0.1073246208987464,0.0,0.0,0,1,S1-760983086,S2-422774272,0
0.6190476190476191,0.6190476190476191,0.4583333333333333,0.4583333333333333,0.463768115942029,0.6666666666666666,2,1,3,0.0,0.0,0.0,0.4,0.4000000000000001,0,0,S1-678082705,S2-462683893,1
0.4074074074074074,0.4074074074074074,0.0476190476190476,0.0476190476190476,0.208955223880597,0.0,0,0,0,0.0,0.1428571428571428,0.050498388230125,0.0,0.0,1,0,S1-678082705,S2-484236833,0
0.4444444444444444,0.4444444444444444,0.0588235294117647,0.0588235294117647,0.3209876543209876,0.0,0,0,0,0.0,0.1666666666666666,0.050185982633414,0.0666666666666666,0.0666666666666666,0,0,S1-678082705,S2-570331579,0
0.4137931034482758,0.4137931034482758,0.0212765957446808,0.0212765957446808,0.2,0.0,0,0,0,0.0,0.1428571428571428,0.0494743870477271,0.0,0.0,0,0,S1-678082705,S2-212890991,0
0.0983606557377049,0.0983606557377049,0.0204081632653061,0.0204081632653061,0.2597402597402597,0.0,0,0,0,0.0,0.125,0.0349239670819821,0.0,0.0,0,0,S1-678082705,S2-809128107,0
0.3793103448275862,0.3793103448275862,0.0212765957446808,0.0212765957446808,0.1515151515151515,0.0,0,0,0,0.0,0.1428571428571428,0.0466918296684325,0.0,0.0,0,0,S1-678082705,S2-263632130,0
0.5909090909090909,0.5909090909090909,0.2333333333333333,0.2333333333333333,0.2201834862385321,0.0,0,0,0,0.0,0.25,0.1623561696584901,0.0,0.0,0,0,S1-371729996,S2-541449340,0
0.6666666666666666,0.6666666666666666,0.3809523809523809,0.3809523809523809,0.1797752808988764,0.0,0,0,0,0.0,0.25,0.2193693485769062,0.0,0.0,0,0,S1-371729996,S2-901433670,0
0.490566037735849,0.490566037735849,0.1891891891891892,0.1891891891891892,0.3333333333333333,0.0,0,0,0,0.0,0.1666666666666666,0.1235760873796742,0.0,0.0,0,0,S1-371729996,S2-901491128,0
0.7428571428571429,0.7428571428571429,0.3181818181818182,0.3181818181818182,0.1834862385321101,0.0,0,0,0,0.0,0.3333333333333333,0.2384104887400145,0.0,0.0,0,0,S1-371729996,S2-244139629,0
0.490566037735849,0.490566037735849,0.1891891891891892,0.1891891891891892,0.1111111111111111,0.0,0,0,0,0.0,0.1666666666666666,0.1519585686467335,0.0,0.0,0,0,S1-371729996,S2-790732197,0
0.3902439024390244,0.3902439024390244,0.0666666666666666,0.0666666666666666,0.208,0.0,0,0,0,0.0,0.1666666666666666,0.1033701429940346,0.0,0.0,0,0,S1-571889460,S2-397275395,0
0.4516129032258064,0.4516129032258064,0.0454545454545454,0.0454545454545454,0.1261261261261261,0.0,0,0,0,0.0,0.2,0.0981796314240804,0.0,0.0,0,0,S1-571889460,S2-501036762,0
0.3,0.3,0.0333333333333333,0.0333333333333333,0.2058823529411764,0.25,1,1,1,0.0,0.1666666666666666,0.0956250327999482,0.0,0.0,0,0,S1-571889460,S2-542512870,0
0.5142857142857142,0.5142857142857142,0.08,0.08,0.2344827586206896,0.0,0,0,0,0.0,0.2,0.1081770805222284,0.0476190476190476,0.0476190476190476,1,0,S1-571889460,S2-337546786,0
0.3870967741935484,0.3870967741935484,0.0454545454545454,0.0454545454545454,0.25,0.0,0,0,0,0.0,0.2,0.1038089260239252,0.0526315789473684,0.0526315789473684,0,0,S1-571889460,S2-929914478,0
0.4444444444444444,0.4444444444444444,0.0793650793650793,0.0793650793650793,0.1946902654867256,0.0,0,0,0,0.0,0.1,0.0665471514513418,0.0,0.0,0,0,S1-431577188,S2-99267247,0
0.3333333333333333,0.3333333333333333,0.1111111111111111,0.1111111111111111,0.2448979591836734,0.0,0,0,0,0.0,0.1428571428571428,0.0472306005118674,0.0,0.0,0,0,S1-431577188,S2-918341194,0
0.2857142857142857,0.2857142857142857,0.1041666666666666,0.1041666666666666,0.4859813084112149,0.0,0,0,0,0.0,0.1428571428571428,0.0428560602933337,0.2,0.2,0,0,S1-431577188,S2-74681914,0
0.2545454545454545,0.2545454545454545,0.125,0.125,0.5,0.0,0,0,0,0.0,0.1428571428571428,0.0393401206443883,0.1764705882352941,0.1764705882352941,0,0,S1-431577188,S2-91260890,0
0.4225352112676056,0.4225352112676056,0.1,0.1,0.3333333333333333,0.0,0,0,0,0.0,0.1428571428571428,0.0492212608260393,0.0,0.0,0,0,S1-431577188,S2-543415862,0
0.5925925925925926,0.5925925925925926,0.1538461538461538,0.1538461538461538,0.2150537634408602,0.0,0,0,0,0.0,0.2,0.1417125463238354,0.0,0.0,0,0,S1-28049032,S2-89236558,0
0.4117647058823529,0.4117647058823529,0.1363636363636363,0.1363636363636363,0.3793103448275862,0.0,0,0,0,0.0,0.1428571428571428,0.1337454858205633,0.0,0.0,0,0,S1-28049032,S2-957835004,0
0.5416666666666666,0.5416666666666666,0.1818181818181818,0.1818181818181818,0.1666666666666666,0.0,0,0,0,0.0,0.2,0.203860973924461,0.0,0.0,0,0,S1-28049032,S2-532409011,0
0.4137931034482758,0.4137931034482758,0.1428571428571428,0.1428571428571428,0.3214285714285714,0.0,0,0,0,0.0,0.1666666666666666,0.1593368049814862,0.0,0.0,0,0,S1-28049032,S2-454052495,0
0.3283582089552239,0.3283582089552239,0.1224489795918367,0.1224489795918367,0.3508771929824561,0.0,0,0,0,0.0,0.125,0.1116647002915597,0.0,0.0,0,0,S1-28049032,S2-648288005,0
0.4,0.4,0.2291666666666666,0.2291666666666666,0.3428571428571428,0.0,0,0,0,0.0,0.2857142857142857,0.127373565616262,0.05,0.0499999999999999,0,0,S1-65855707,S2-524328434,0
0.6333333333333333,0.6333333333333333,0.3157894736842105,0.3157894736842105,0.3918918918918919,0.0,0,0,0,0.0,0.3333333333333333,0.1132073798386364,0.0454545454545454,0.0454545454545454,0,0,S1-65855707,S2-55842670,0
0.4761904761904761,0.4761904761904761,0.238095238095238,0.238095238095238,0.3620689655172414,0.0,0,0,0,0.0,0.2857142857142857,0.1198359362960853,0.0666666666666666,0.0666666666666666,0,0,S1-65855707,S2-766379227,0
0.5,0.5,0.131578947368421,0.131578947368421,0.1495327102803738,0.0,0,0,0,0.0,0.1666666666666666,0.0626290428699384,0.0,0.0,0,0,S1-65855707,S2-91078869,0
0.5423728813559322,0.5423728813559322,0.3243243243243243,0.3243243243243243,0.3787878787878788,0.0,0,0,0,0.0,0.3333333333333333,0.1617937101391274,0.125,0.1249999999999999,0,0,S1-65855707,S2-938955832,0
0.3823529411764705,0.3823529411764705,0.1739130434782608,0.1739130434782608,0.2105263157894736,0.0,0,0,0,0.0,0.1111111111111111,0.1371177565426043,0.0,0.0,0,0,S1-491641613,S2-499092593,0
0.7741935483870968,0.7741935483870968,0.4705882352941176,0.4705882352941176,0.2641509433962264,0.0,0,0,0,0.0,0.3333333333333333,0.2755724318615104,0.0,0.0,0,0,S1-491641613,S2-705426500,0
0.3333333333333333,0.3333333333333333,0.0303030303030303,0.0303030303030303,0.3,0.0,0,0,0,0.0,0.2,0.2098766821046145,0.0,0.0,0,0,S1-491641613,S2-424687567,0
0.5098039215686274,0.5098039215686274,0.2424242424242424,0.2424242424242424,0.3571428571428571,0.0,0,0,0,0.0,0.2,0.2642048504617671,0.1111111111111111,0.1111111111111111,0,0,S1-491641613,S2-357044164,0
0.2941176470588235,0.2941176470588235,0.0384615384615384,0.0384615384615384,0.1785714285714285,0.0,0,0,0,0.0,0.25,0.257471842221259,0.0,0.0,0,0,S1-491641613,S2-123172108,0
0.509090909090909,0.509090909090909,0.21875,0.21875,0.2391304347826087,0.0,0,0,0,0.0,0.2,0.1472423256270935,0.0,0.0,0,0,S1-428161632,S2-97406596,0
0.3142857142857143,0.3142857142857143,0.14,0.14,0.1986754966887417,0.0,0,0,0,0.0,0.125,0.0939783578475703,0.0,0.0,0,0,S1-428161632,S2-422824479,0
0.4150943396226415,0.4150943396226415,0.2352941176470588,0.2352941176470588,0.25,0.0,0,0,0,0.0,0.1666666666666666,0.1429246635546333,0.0714285714285714,0.0714285714285714,0,0,S1-428161632,S2-536589781,0
0.5714285714285714,0.5714285714285714,0.2058823529411764,0.2058823529411764,0.2571428571428571,0.0,0,0,0,0.0,0.2,0.1287570269887785,0.0,0.0,0,0,S1-428161632,S2-276653703,0
0.6122448979591837,0.6122448979591837,0.2121212121212121,0.2121212121212121,0.2424242424242424,0.0,0,0,0,0.0,0.1666666666666666,0.1157758044455278,0.0,0.0,0,0,S1-428161632,S2-902685687,0
0.4516129032258064,0.4516129032258064,0.1063829787234042,0.1063829787234042,0.1733333333333333,0.0,0,0,0,0.0,0.1428571428571428,0.0556706299915799,0.0,0.0,0,0,S1-770791373,S2-361655013,0
0.5507246376811594,0.5507246376811594,0.2553191489361702,0.2553191489361702,0.1654135338345864,0.0,0,0,0,0.0,0.3333333333333333,0.103255318511801,0.0,0.0,0,0,S1-770791373,S2-895346162,0
0.4615384615384615,0.4615384615384615,0.0980392156862745,0.0980392156862745,0.1705426356589147,0.0,0,0,0,0.0,0.1666666666666666,0.0530912559237605,0.0,0.0,0,0,S1-770791373,S2-578901977,0
0.4126984126984127,0.4126984126984127,0.1020408163265306,0.1020408163265306,0.3728813559322034,0.0,0,0,0,0.0,0.1666666666666666,0.0559336789917916,0.0714285714285714,0.0714285714285714,0,0,S1-770791373,S2-134208979,0
0.3243243243243243,0.3243243243243243,0.0892857142857142,0.0892857142857142,0.2637362637362637,0.0,0,0,0,0.0,0.125,0.0465467491588165,0.0,0.0,0,0,S1-770791373,S2-810781302,0
0.6341463414634146,0.6341463414634146,0.375,0.375,0.3,0.0,0,0,0,0.0,0.25,0.2249699979947875,0.0,0.0,0,0,S1-305869423,S2-69907469,0
0.4745762711864407,0.4745762711864407,0.1162790697674418,0.1162790697674418,0.3380281690140845,0.0,0,0,0,0.0,0.1428571428571428,0.1491047156779694,0.0,0.0,0,0,S1-305869423,S2-439110659,0
0.4848484848484848,0.4848484848484848,0.225,0.225,0.2372881355932203,0.0,0,0,0,0.0,0.1666666666666666,0.1693460236810444,0.0,0.0,0,0,S1-305869423,S2-901603849,0
0.4923076923076923,0.4923076923076923,0.2045454545454545,0.2045454545454545,0.1724137931034483,0.0,0,0,0,0.0,0.1428571428571428,0.1194294586767622,0.0,0.0,1,0,S1-305869423,S2-204282579,0
0.5957446808510638,0.5957446808510638,0.3103448275862069,0.3103448275862069,0.2622950819672131,0.0,0,0,0,0.0,0.2,0.1543759015573781,0.0,0.0,0,0,S1-305869423,S2-876244376,0
0.1363636363636363,0.1363636363636363,0.0294117647058823,0.0294117647058823,0.3103448275862069,0.0,0,0,0,0.0,0.1666666666666666,0.05579865957252,0.0,0.0,0,0,S1-668826483,S2-315785427,0
0.4186046511627907,0.4186046511627907,0.0303030303030303,0.0303030303030303,0.3692307692307692,0.0,0,0,0,0.0,0.1666666666666666,0.0525849197242638,0.0,0.0,0,0,S1-668826483,S2-762739307,0
0.3111111111111111,0.3111111111111111,0.0285714285714285,0.0285714285714285,0.0,0.0,0,0,0,0.0,0.1666666666666666,0.0466167000053077,0.0,0.0,0,1,S1-668826483,S2-159836615,0
0.358974358974359,0.358974358974359,0.0344827586206896,0.0344827586206896,0.24,0.0,0,0,0,0.0,0.1666666666666666,0.0510571477653927,0.0,0.0,0,0,S1-668826483,S2-419787844,0
0.1176470588235294,0.1176470588235294,0.025,0.025,0.2622950819672131,0.0,0,0,0,0.0,0.1428571428571428,0.0445076713854355,0.0,0.0,0,0,S1-668826483,S2-268961827,0
0.4444444444444444,0.4444444444444444,0.0465116279069767,0.0465116279069767,0.3050847457627119,0.0,0,0,0,0.0,0.1666666666666666,0.068805605184646,0.0,0.0,0,0,S1-852429384,S2-803893792,0
0.4347826086956521,0.4347826086956521,0.027027027027027,0.027027027027027,0.3384615384615385,0.0,0,0,0,0.0,0.2,0.0771731515448052,0.0,0.0,0,0,S1-852429384,S2-37867838,0
0.4313725490196078,0.4313725490196078,0.0512820512820512,0.0512820512820512,0.2456140350877192,0.0,0,0,0,0.0,0.1666666666666666,0.0647909481049694,0.0,0.0,0,0,S1-852429384,S2-406284749,0
0.1538461538461538,0.1538461538461538,0.0357142857142857,0.0357142857142857,0.3773584905660377,0.0,0,0,0,0.0,0.1428571428571428,0.0579536225017087,0.0,0.0,0,0,S1-852429384,S2-42744733,0
0.5945945945945946,0.5945945945945946,0.25,0.25,0.217391304347826,0.0,0,0,0,0.0,0.25,0.2950579403039294,0.0,0.0,0,0,S1-852429384,S2-753872167,0
0.3636363636363636,0.3636363636363636,0.1428571428571428,0.1428571428571428,0.2686567164179104,0.0,0,0,0,0.0,0.1428571428571428,0.1162372273243572,0.0,0.0,0,0,S1-470910360,S2-491696628,0
0.5217391304347826,0.5217391304347826,0.1212121212121212,0.1212121212121212,0.4,0.0,0,0,0,0.0,0.1666666666666666,0.1515885984756959,0.0,0.0,0,0,S1-470910360,S2-73062083,0
0.4363636363636363,0.4363636363636363,0.2162162162162162,0.2162162162162162,0.3703703703703703,0.0,0,0,0,0.0,0.1428571428571428,0.1263076847364,0.0,0.0,0,0,S1-470910360,S2-626336673,0
0.5789473684210527,0.5789473684210527,0.1481481481481481,0.1481481481481481,0.3529411764705882,0.0,0,0,0,0.0,0.25,0.2161254773619002,0.0,0.0,0,0,S1-470910360,S2-991229460,0
0.5,0.5,0.1428571428571428,0.1428571428571428,0.2580645161290322,0.0,0,0,0,0.0,0.2,0.1965925682939609,0.0,0.0,0,0,S1-470910360,S2-979345096,0
0.6,0.6,0.2553191489361702,0.2553191489361702,0.2406015037593984,0.0,0,0,0,0.0,0.2857142857142857,0.1049297582326786,0.0,0.0,0,0,S1-360029669,S2-518012954,0
0.21875,0.21875,0.1020408163265306,0.1020408163265306,0.1840490797546012,0.0,0,0,0,0.0,0.1428571428571428,0.0558274795806383,0.0,0.0,0,0,S1-360029669,S2-727796564,0
0.5,0.5,0.1363636363636363,0.1363636363636363,0.3694267515923566,0.0,0,0,0,0.0,0.1428571428571428,0.061154405676464,0.0416666666666666,0.0416666666666666,0,0,S1-360029669,S2-821982484,0
0.5333333333333333,0.5333333333333333,0.24,0.24,0.4,0.0,0,0,0,0.0,0.2857142857142857,0.1276476449722751,0.0454545454545454,0.0454545454545454,1,0,S1-360029669,S2-158588717,0
0.4363636363636363,0.4363636363636363,0.1219512195121951,0.1219512195121951,0.3941605839416058,0.5,1,1,1,0.0,0.1666666666666666,0.0803713390927132,0.1,0.0999999999999999,0,0,S1-360029669,S2-730972312,0
0.3684210526315789,0.3684210526315789,0.1111111111111111,0.1111111111111111,0.2474226804123711,0.0,0,0,0,0.0,0.2,0.2041378237861917,0.0,0.0,0,0,S1-947237456,S2-236260750,0
0.5263157894736842,0.5263157894736842,0.1071428571428571,0.1071428571428571,0.1184210526315789,0.0,0,0,0,0.0,0.25,0.2551432900432313,0.0,0.0,0,0,S1-947237456,S2-114952866,0
0.4411764705882353,0.4411764705882353,0.2083333333333333,0.2083333333333333,0.2258064516129032,0.0,0,0,0,0.0,0.1428571428571428,0.1776715522266725,0.0,0.0,1,0,S1-947237456,S2-601367025,0
0.5217391304347826,0.5217391304347826,0.3448275862068966,0.3448275862068966,0.208955223880597,0.3333333333333333,1,1,1,0.0,0.25,0.1702254684271897,0.0526315789473684,0.0526315789473684,0,0,S1-947237456,S2-907631785,0
0.5882352941176471,0.5882352941176471,0.3125,0.3125,0.2419354838709677,0.0,0,0,0,0.0,0.2,0.1985382526617796,0.0,0.0,0,0,S1-947237456,S2-734790502,0
0.4210526315789473,0.4210526315789473,0.119047619047619,0.119047619047619,0.2121212121212121,0.0,0,0,0,0.0,0.1428571428571428,0.1265834373820216,0.0,0.0,0,0,S1-628872895,S2-215052257,0
0.5555555555555556,0.5555555555555556,0.2608695652173913,0.2608695652173913,0.2295081967213114,0.0,0,0,0,0.0,0.25,0.2713543494855755,0.0,0.0,0,0,S1-628872895,S2-669460042,0
0.4347826086956521,0.4347826086956521,0.1875,0.1875,0.2666666666666666,0.0,0,0,0,0.0,0.2,0.182243526225986,0.0,0.0,0,0,S1-628872895,S2-112482670,0
0.8,0.8,0.5,0.5,0.273972602739726,0.0,0,0,0,0.0,0.3333333333333333,0.2901418653790806,0.0,0.0,0,0,S1-628872895,S2-121599850,0
0.4878048780487805,0.4878048780487805,0.2142857142857142,0.2142857142857142,0.1724137931034483,0.0,0,0,0,0.0,0.25,0.2663459033108762,0.0,0.0,0,0,S1-628872895,S2-813351287,0
0.5714285714285714,0.5714285714285714,0.1052631578947368,0.1052631578947368,0.2342342342342342,0.0,0,0,0,0.0,0.25,0.1033354568260613,0.0,0.0,0,0,S1-171963189,S2-365433059,0
0.2424242424242424,0.2424242424242424,0.0833333333333333,0.0833333333333333,0.5,0.0,0,0,0,0.0,0.25,0.1243111475445685,0.0769230769230769,0.0769230769230769,0,0,S1-171963189,S2-242775721,0
0.391304347826087,0.391304347826087,0.0571428571428571,0.0571428571428571,0.3661971830985915,0.0,0,0,0,0.0,0.2,0.1207904188416488,0.0,0.0,0,0,S1-171963189,S2-63021526,0
0.5161290322580645,0.5161290322580645,0.0909090909090909,0.0909090909090909,0.3939393939393939,0.0,0,0,0,0.0,0.25,0.1350735002543787,0.0,0.0,0,0,S1-171963189,S2-983803862,0
0.4210526315789473,0.4210526315789473,0.0714285714285714,0.0714285714285714,0.3666666666666666,0.0,0,0,0,0.0,0.2,0.1255683683413445,0.0,0.0,0,0,S1-171963189,S2-681165740,0
0.3636363636363636,0.3636363636363636,0.0416666666666666,0.0416666666666666,0.3098591549295774,0.0,0,0,0,0.0,0.2,0.0724823673815039,0.0,0.0,0,0,S1-509799823,S2-40520317,0
0.1176470588235294,0.1176470588235294,0.025,0.025,0.1578947368421052,0.0,0,0,0,0.0,0.1428571428571428,0.0535485940131234,0.0,0.0,0,0,S1-509799823,S2-892367472,0
0.5454545454545454,0.5454545454545454,0.1538461538461538,0.1538461538461538,0.0,0.0,0,0,0,0.0,0.1428571428571428,0.0889395635744941,0.0,0.0,0,1,S1-509799823,S2-90682936,0
0.509090909090909,0.509090909090909,0.1538461538461538,0.1538461538461538,0.273972602739726,0.0,0,0,0,0.0,0.1428571428571428,0.108600552458146,0.0,0.0,0,0,S1-509799823,S2-149283423,0
0.3428571428571428,0.3428571428571428,0.0384615384615384,0.0384615384615384,0.3157894736842105,0.0,0,0,0,0.0,0.2,0.0732274799003488,0.0,0.0,0,0,S1-509799823,S2-722562835,0
0.4761904761904761,0.4761904761904761,0.2222222222222222,0.2222222222222222,0.1935483870967742,0.0,0,0,0,0.0,0.1666666666666666,0.184388976199574,0.0,0.0,0,0,S1-819244531,S2-525977114,0
0.5294117647058824,0.5294117647058824,0.2857142857142857,0.2857142857142857,0.2608695652173913,0.0,0,0,0,0.0,0.25,0.2728278131447663,0.0,0.0,0,0,S1-819244531,S2-956236326,0
0.3265306122448979,0.3265306122448979,0.081081081081081,0.081081081081081,0.1777777777777777,0.0,0,0,0,0.0,0.1666666666666666,0.1791303575686934,0.0,0.0,0,0,S1-819244531,S2-768070636,0
0.2181818181818181,0.2181818181818181,0.0465116279069767,0.0465116279069767,0.2148760330578512,0.0,0,0,0,0.0,0.1428571428571428,0.1711005911003005,0.0,0.0,0,0,S1-819244531,S2-688113115,0
0.5,0.5,0.1333333333333333,0.1333333333333333,0.2622950819672131,0.0,0,0,0,0.0,0.25,0.2613422993257112,0.1,0.1,0,0,S1-819244531,S2-139620173,0
0.5357142857142857,0.5357142857142857,0.1219512195121951,0.1219512195121951,0.2706766917293233,0.0,0,0,0,0.0,0.1428571428571428,0.0511302970669981,0.0476190476190476,0.0476190476190476,0,0,S1-602436239,S2-387392795,0
0.3076923076923077,0.3076923076923077,0.1020408163265306,0.1020408163265306,0.0444444444444444,0.5,1,1,1,0.0,0.125,0.0396650103010131,0.0,0.0,0,0,S1-602436239,S2-503594558,0
0.5573770491803278,0.5573770491803278,0.1904761904761904,0.1904761904761904,0.2564102564102564,0.0,0,0,0,0.0,0.125,0.0492640666267174,0.0,0.0,0,0,S1-602436239,S2-25128308,0
0.6071428571428571,0.6071428571428571,0.3529411764705882,0.3529411764705882,0.1846153846153846,0.0,0,0,0,0.0,0.3333333333333333,0.1180501576157534,0.0909090909090909,0.0909090909090908,0,0,S1-602436239,S2-729554163,0
0.7058823529411765,0.7058823529411765,0.2058823529411764,0.2058823529411764,0.2580645161290322,0.0,0,0,0,0.0,0.1428571428571428,0.0398832073827392,0.0,0.0,0,0,S1-602436239,S2-735200327,0
0.3783783783783784,0.3783783783783784,0.0714285714285714,0.0714285714285714,0.24,0.0,0,0,0,0.0,0.1111111111111111,0.0430436090091079,0.0,0.0,0,0,S1-118155765,S2-680904789,0
0.6567164179104478,0.6567164179104478,0.2727272727272727,0.2727272727272727,0.3428571428571428,0.0,0,0,0,0.0,0.2857142857142857,0.1693720967199874,0.0,0.0,0,0,S1-118155765,S2-792919342,0
0.5396825396825397,0.5396825396825397,0.2093023255813953,0.2093023255813953,0.3333333333333333,0.0,0,0,0,0.0,0.125,0.1118129040741726,0.0,0.0,0,0,S1-118155765,S2-104700387,0
0.2222222222222222,0.2222222222222222,0.0196078431372549,0.0196078431372549,0.2727272727272727,0.0,0,0,0,0.0,0.125,0.0542580110480408,0.0,0.0,0,0,S1-118155765,S2-996129147,0
0.2769230769230769,0.2769230769230769,0.0192307692307692,0.0192307692307692,0.4482758620689655,0.0,0,0,0,0.0,0.1111111111111111,0.0456627483953535,0.0909090909090909,0.0909090909090909,0,0,S1-118155765,S2-667560801,0
0.4761904761904761,0.4761904761904761,0.1379310344827586,0.1379310344827586,0.4150943396226415,0.0,0,0,0,0.0,0.1666666666666666,0.131246586678554,0.0,0.0,0,0,S1-320608894,S2-921543902,0
0.4285714285714285,0.4285714285714285,0.0727272727272727,0.0727272727272727,0.2588235294117647,0.0,0,0,0,0.0,0.125,0.1058633898697398,0.0,0.0,0,0,S1-320608894,S2-836085735,0
0.5238095238095238,0.5238095238095238,0.1379310344827586,0.1379310344827586,0.1785714285714285,0.0,0,0,0,0.0,0.1666666666666666,0.1449589659632625,0.0,0.0,0,0,S1-320608894,S2-900878584,0
0.4313725490196078,0.4313725490196078,0.1388888888888889,0.1388888888888889,0.2909090909090909,0.0,0,0,0,0.0,0.1428571428571428,0.1238135934119352,0.0,0.0,1,0,S1-320608894,S2-263408971,0
0.392156862745098,0.392156862745098,0.1081081081081081,0.1081081081081081,0.2142857142857142,0.0,0,0,0,0.0,0.1428571428571428,0.1252735918535298,0.0,0.0,0,0,S1-320608894,S2-379542996,0
0.4166666666666667,0.4166666666666667,0.0277777777777777,0.0277777777777777,0.3734939759036144,0.0,0,0,0,0.0,0.125,0.0669967273012411,0.0,0.0,0,0,S1-219779866,S2-296997871,0
0.4285714285714285,0.4285714285714285,0.0227272727272727,0.0227272727272727,0.3469387755102041,0.0,0,0,0,0.0,0.125,0.061678835905955,0.0,0.0,0,0,S1-219779866,S2-64375977,0
0.392156862745098,0.392156862745098,0.1764705882352941,0.1764705882352941,0.1728395061728395,0.0,0,0,0,0.0,0.1428571428571428,0.0713507056536774,0.0,0.0,0,0,S1-219779866,S2-355596040,0
0.358974358974359,0.358974358974359,0.0357142857142857,0.0357142857142857,0.2162162162162162,0.0,0,0,0,0.0,0.1428571428571428,0.0616098217546187,0.0,0.0,0,0,S1-219779866,S2-553258219,0
0.56,0.56,0.0263157894736842,0.0263157894736842,0.3809523809523809,0.0,0,0,0,0.0,0.1428571428571428,0.0753240751835218,0.0625,0.0624999999999999,0,0,S1-219779866,S2-956008814,0
0.4545454545454545,0.4545454545454545,0.1666666666666666,0.1666666666666666,0.2735042735042735,0.0,0,0,0,0.0,0.1666666666666666,0.0603357192401514,0.0,0.0,0,0,S1-189041788,S2-156249699,0
0.6666666666666666,0.6666666666666666,0.3125,0.3125,0.3076923076923077,0.0,0,0,0,0.0,0.4,0.2399560952504273,0.0,0.0,0,0,S1-189041788,S2-772784712,0
0.5490196078431373,0.5490196078431373,0.2,0.2,0.3373493975903614,0.0,0,0,0,0.0,0.1666666666666666,0.0579010016179294,0.0,0.0,0,0,S1-189041788,S2-759057689,0
0.5833333333333334,0.5833333333333334,0.1818181818181818,0.1818181818181818,0.3304347826086956,0.0,0,0,0,0.0,0.1666666666666666,0.0500258668444435,0.0,0.0,0,0,S1-189041788,S2-786303439,0
0.5945945945945946,0.5945945945945946,0.2083333333333333,0.2083333333333333,0.2686567164179104,0.0,0,0,0,0.0,0.2,0.0740252168381365,0.0,0.0,0,0,S1-189041788,S2-249341656,0
0.2857142857142857,0.2857142857142857,0.0263157894736842,0.0263157894736842,0.3098591549295774,0.0,0,0,0,0.0,0.1428571428571428,0.062421867328032,0.0,0.0,0,0,S1-565244562,S2-631268169,0
0.4090909090909091,0.4090909090909091,0.0294117647058823,0.0294117647058823,0.3773584905660377,0.25,1,1,1,0.0,0.1666666666666666,0.0916229127574618,0.125,0.1249999999999999,1,0,S1-565244562,S2-475706345,0
0.5,0.5,0.0384615384615384,0.0384615384615384,0.198019801980198,0.0,0,0,0,0.0,0.1666666666666666,0.0959477916972449,0.0,0.0,1,0,S1-565244562,S2-68180310,0
0.3555555555555555,0.3555555555555555,0.0303030303030303,0.0303030303030303,0.2857142857142857,0.0,0,0,0,0.0,0.1428571428571428,0.0705038872842435,0.0454545454545454,0.0454545454545454,0,0,S1-565244562,S2-576176294,0
0.4,0.4,0.05,0.05,0.3211678832116788,0.0,0,0,0,0.0,0.1666666666666666,0.0863808222786526,0.0454545454545454,0.0454545454545454,0,0,S1-565244562,S2-630105463,0
0.4193548387096774,0.4193548387096774,0.0408163265306122,0.0408163265306122,0.25,0.0,0,0,0,0.0,0.125,0.0447946473353502,0.0,0.0,0,0,S1-566066314,S2-173714131,0
0.6428571428571429,0.6428571428571429,0.1842105263157894,0.1842105263157894,0.2903225806451613,0.0,0,0,0,0.0,0.2857142857142857,0.1192388624036956,0.0,0.0,0,0,S1-566066314,S2-95612105,0
0.3243243243243243,0.3243243243243243,0.0377358490566037,0.0377358490566037,0.2857142857142857,0.0,0,0,0,0.0,0.1111111111111111,0.0315253872150152,0.0,0.0,0,0,S1-566066314,S2-977952545,0
0.3529411764705882,0.3529411764705882,0.025,0.025,0.2,0.0,0,0,0,0.0,0.1428571428571428,0.0406340607499743,0.0,0.0,0,0,S1-566066314,S2-407029165,0
0.3265306122448979,0.3265306122448979,0.0256410256410256,0.0256410256410256,0.2857142857142857,0.0,0,0,0,0.0,0.1666666666666666,0.0490141865139243,0.0,0.0,0,0,S1-566066314,S2-941342559,0
0.4,0.4,0.0227272727272727,0.0227272727272727,0.1463414634146341,0.0,0,0,0,0.0,0.1428571428571428,0.0624003228430427,0.0,0.0,0,0,S1-9804105,S2-497347249,0
0.4081632653061224,0.4081632653061224,0.027027027027027,0.027027027027027,0.1219512195121951,0.0,0,0,0,0.0,0.1428571428571428,0.0722187132088423,0.0,0.0,0,0,S1-9804105,S2-118711492,0
0.48,0.48,0.0512820512820512,0.0512820512820512,0.1914893617021276,0.0,0,0,0,0.0,0.1666666666666666,0.0580243910218596,0.0,0.0,0,0,S1-9804105,S2-481178815,0
0.4406779661016949,0.4406779661016949,0.0444444444444444,0.0444444444444444,0.1875,0.0,0,0,0,0.0,0.125,0.0523351020341736,0.0,0.0,0,0,S1-9804105,S2-157995270,0
0.3333333333333333,0.3333333333333333,0.0208333333333333,0.0208333333333333,0.0689655172413793,0.0,0,0,0,0.0,0.1428571428571428,0.0629721132916781,0.0,0.0,0,0,S1-9804105,S2-834942927,0
0.3428571428571428,0.3428571428571428,0.04,0.04,0.2857142857142857,0.0,0,0,0,0.0,0.1666666666666666,0.0505798416862739,0.0,0.0,0,0,S1-770208796,S2-762525692,0
0.2564102564102564,0.2564102564102564,0.037037037037037,0.037037037037037,0.1111111111111111,0.0,0,0,0,0.0,0.1428571428571428,0.0426098150758791,0.0,0.0,0,0,S1-770208796,S2-443938429,0
0.3333333333333333,0.3333333333333333,0.04,0.04,0.4210526315789473,0.0,0,0,0,0.0,0.1428571428571428,0.0424808671498355,0.0,0.0,0,0,S1-770208796,S2-568987552,0
0.4705882352941176,0.4705882352941176,0.0416666666666666,0.0416666666666666,0.1714285714285714,0.0,0,0,0,0.0,0.1666666666666666,0.0424691204594148,0.0,0.0,0,0,S1-770208796,S2-87097963,0
0.4117647058823529,0.4117647058823529,0.0416666666666666,0.0416666666666666,0.2641509433962264,0.0,0,0,0,0.0,0.1666666666666666,0.051338497563107,0.0,0.0,0,0,S1-770208796,S2-175732856,0
0.75,0.75,0.3529411764705882,0.3529411764705882,0.2280701754385964,0.0,0,0,0,0.0,0.3333333333333333,0.1207195903257956,0.0,0.0,0,0,S1-261865426,S2-748520716,0
0.6268656716417911,0.6268656716417911,0.3095238095238095,0.3095238095238095,0.2393162393162393,0.0,0,0,0,0.0,0.3333333333333333,0.1122319668826541,0.0,0.0,0,0,S1-261865426,S2-597161505,0
0.4,0.4,0.1388888888888889,0.1388888888888889,0.288,0.0,0,0,0,0.0,0.1666666666666666,0.0759748993574985,0.0476190476190476,0.0476190476190476,0,0,S1-261865426,S2-317082788,0
0.5454545454545454,0.5454545454545454,0.15,0.15,0.4029850746268656,0.0,0,0,0,0.0,0.1666666666666666,0.0736324148026685,0.0909090909090909,0.0909090909090908,0,0,S1-261865426,S2-543542788,0
0.509090909090909,0.509090909090909,0.125,0.125,0.1196581196581196,0.0,0,0,0,0.0,0.1428571428571428,0.0525364475405598,0.05,0.0499999999999999,0,0,S1-261865426,S2-909474634,0
0.5714285714285714,0.5714285714285714,0.2608695652173913,0.2608695652173913,0.3170731707317073,0.1666666666666666,1,1,1,0.0,0.25,0.0826079210807219,0.0,0.0,0,0,S1-139113776,S2-470070439,0
0.4516129032258064,0.4516129032258064,0.108695652173913,0.108695652173913,0.2732919254658385,0.0,0,0,0,0.0,0.125,0.0460356994116545,0.04,0.0399999999999999,0,0,S1-139113776,S2-419297872,0
0.5151515151515151,0.5151515151515151,0.1,0.1,0.2352941176470588,0.0,0,0,0,0.0,0.125,0.040910370390694,0.0,0.0,0,0,S1-139113776,S2-926925413,0
0.4918032786885246,0.4918032786885246,0.1363636363636363,0.1363636363636363,0.2015503875968992,0.5,1,1,1,0.0,0.1428571428571428,0.0585582198522219,0.0,0.0,1,0,S1-139113776,S2-326444306,0
0.5517241379310345,0.5517241379310345,0.175,0.175,0.3100775193798449,0.0,0,0,0,0.0,0.125,0.0515180679767442,0.0,0.0,0,0,S1-139113776,S2-180999100,0
0.5454545454545454,0.5454545454545454,0.1224489795918367,0.1224489795918367,0.265625,0.0,0,0,0,0.0,0.125,0.0473525287256388,0.0,0.0,0,0,S1-829335167,S2-850973276,0
0.5757575757575758,0.5757575757575758,0.2666666666666666,0.2666666666666666,0.2015503875968992,0.0,0,0,0,0.0,0.4,0.1224717006617907,0.0,0.0,0,0,S1-829335167,S2-431489570,0
0.6129032258064516,0.6129032258064516,0.3,0.3,0.3092783505154639,0.0,0,0,0,0.0,0.3333333333333333,0.0937001858909463,0.0,0.0,0,0,S1-829335167,S2-385705003,0
0.410958904109589,0.410958904109589,0.0892857142857142,0.0892857142857142,0.2242990654205607,0.0,0,0,0,0.0,0.1111111111111111,0.0335234446461616,0.0,0.0,0,0,S1-829335167,S2-198215595,0
0.4146341463414634,0.4146341463414634,0.2142857142857142,0.2142857142857142,0.2571428571428571,0.25,1,1,2,0.0,0.2222222222222222,0.0698596707508684,0.0,0.0,1,0,S1-829335167,S2-436157121,0
0.3188405797101449,0.3188405797101449,0.0377358490566037,0.0377358490566037,0.3466666666666667,0.0,0,0,0,0.0,0.0909090909090909,0.0551083069650032,0.0769230769230769,0.0769230769230769,1,0,S1-268870909,S2-712901459,0
0.4533333333333333,0.4533333333333333,0.1698113207547169,0.1698113207547169,0.2352941176470588,0.0,0,0,0,0.0,0.1,0.1003109783451463,0.0833333333333333,0.0833333333333333,0,0,S1-268870909,S2-969734088,0
0.4594594594594595,0.4594594594594595,0.1509433962264151,0.1509433962264151,0.2631578947368421,0.0,0,0,0,0.0,0.1,0.0804007946105371,0.0,0.0,0,0,S1-268870909,S2-102787141,0
0.4096385542168674,0.4096385542168674,0.1311475409836065,0.1311475409836065,0.2342342342342342,0.0,0,0,0,0.0,0.0909090909090909,0.069971845991711,0.0,0.0,0,0,S1-268870909,S2-552994791,0
0.1621621621621621,0.1621621621621621,0.0344827586206896,0.0344827586206896,0.2702702702702703,0.0,0,0,0,0.0,0.0909090909090909,0.0631727872341789,0.0,0.0,0,0,S1-268870909,S2-95398254,0
0.4090909090909091,0.4090909090909091,0.1612903225806451,0.1612903225806451,0.16,0.0,0,0,0,0.0,0.2,0.1653542351476887,0.0,0.0,0,0,S1-957762263,S2-606645923,0
0.5454545454545454,0.5454545454545454,0.1785714285714285,0.1785714285714285,0.2857142857142857,0.0,0,0,0,0.0,0.1666666666666666,0.1578699059798518,0.0,0.0,0,0,S1-957762263,S2-36556809,0
0.5454545454545454,0.5454545454545454,0.238095238095238,0.238095238095238,0.32,0.0,0,0,0,0.0,0.25,0.1803279261804455,0.0,0.0,1,0,S1-957762263,S2-418155035,0
0.4888888888888889,0.4888888888888889,0.1612903225806451,0.1612903225806451,0.25,0.0,0,0,0,0.0,0.1666666666666666,0.1452508523720896,0.0,0.0,0,0,S1-957762263,S2-494905313,0
0.5714285714285714,0.5714285714285714,0.2272727272727272,0.2272727272727272,0.2978723404255319,0.0,0,0,0,0.0,0.2,0.1678235829994485,0.0,0.0,0,0,S1-957762263,S2-255711279,0
0.3902439024390244,0.3902439024390244,0.1034482758620689,0.1034482758620689,0.1944444444444444,0.0,0,0,0,0.0,0.1666666666666666,0.0482124054515322,0.0,0.0,1,0,S1-803728022,S2-79925809,0
0.2978723404255319,0.2978723404255319,0.0571428571428571,0.0571428571428571,0.2058823529411764,0.0,0,0,0,0.0,0.1428571428571428,0.0510700986413326,0.0,0.0,0,0,S1-803728022,S2-579008291,0
0.1621621621621621,0.1621621621621621,0.0357142857142857,0.0357142857142857,0.2121212121212121,0.0,0,0,0,0.0,0.2,0.064333117357901,0.0,0.0,0,0,S1-803728022,S2-307182556,0
0.4102564102564102,0.4102564102564102,0.1071428571428571,0.1071428571428571,0.2372881355932203,0.0,0,0,0,0.0,0.2,0.0584337473694128,0.0,0.0,0,0,S1-803728022,S2-160369295,0
0.4285714285714285,0.4285714285714285,0.05,0.05,0.2222222222222222,0.0,0,0,0,0.0,0.25,0.0707760075114962,0.0,0.0,0,0,S1-803728022,S2-706628846,0
0.5,0.5,0.2,0.2,0.4,0.0,0,0,0,0.0,0.1428571428571428,0.1676651412442395,0.1,0.1,0,0,S1-896912085,S2-480846308,0
0.45,0.45,0.1428571428571428,0.1428571428571428,0.2666666666666666,0.0,0,0,0,0.0,0.2,0.2168581063321147,0.0,0.0,0,0,S1-896912085,S2-535119618,0
0.4761904761904761,0.4761904761904761,0.1333333333333333,0.1333333333333333,0.0,0.0,0,0,0,0.0,0.2,0.1988774838107607,0.0,0.0,0,1,S1-896912085,S2-766629456,0
0.6808510638297872,0.6808510638297872,0.52,0.52,0.2622950819672131,0.0,0,0,0,0.0,0.4,0.4419462104948548,0.0,0.0,0,0,S1-896912085,S2-896970044,0
0.5128205128205128,0.5128205128205128,0.1481481481481481,0.1481481481481481,0.2545454545454545,0.0,0,0,0,0.0,0.2,0.226349174657251,0.0,0.0,0,0,S1-896912085,S2-691578119,0
0.5964912280701754,0.5964912280701754,0.3428571428571428,0.3428571428571428,0.1839080459770115,0.0,0,0,0,0.0,0.3333333333333333,0.1307983090406542,0.0,0.0,0,0,S1-14229676,S2-728957315,0
0.3673469387755102,0.3673469387755102,0.1428571428571428,0.1428571428571428,0.2685185185185185,0.0,0,0,0,0.0,0.1666666666666666,0.056020292100299,0.032258064516129,0.032258064516129,0,0,S1-14229676,S2-621352657,0
0.6666666666666666,0.6666666666666666,0.375,0.375,0.3027027027027027,0.0,0,0,0,0.0,0.3333333333333333,0.1138903749513526,0.037037037037037,0.037037037037037,1,0,S1-14229676,S2-470509714,0
0.5671641791044776,0.5671641791044776,0.1956521739130435,0.1956521739130435,0.2978723404255319,0.0,0,0,0,0.0,0.125,0.0368617698977957,0.04,0.0399999999999999,0,0,S1-14229676,S2-777160152,0
0.509090909090909,0.509090909090909,0.1621621621621621,0.1621621621621621,0.1677419354838709,0.0,0,0,0,0.0,0.125,0.0433542237316057,0.0,0.0,0,0,S1-14229676,S2-639384377,0
0.2807017543859649,0.2807017543859649,0.0217391304347826,0.0217391304347826,0.3,0.0,0,0,0,0.0,0.1428571428571428,0.0408696918672982,0.0,0.0,0,0,S1-465795645,S2-110343274,0
0.2564102564102564,0.2564102564102564,0.0333333333333333,0.0333333333333333,0.135593220338983,0.0,0,0,0,0.0,0.2,0.0638639691883653,0.0,0.0,0,0,S1-465795645,S2-281289464,0
0.3571428571428571,0.3571428571428571,0.0227272727272727,0.0227272727272727,0.175438596491228,0.0,0,0,0,0.0,0.125,0.0528011884473191,0.0,0.0,0,0,S1-465795645,S2-150623896,0
0.3225806451612903,0.3225806451612903,0.0454545454545454,0.0454545454545454,0.4,0.0,0,0,0,0.0,0.2,0.0697292602946824,0.0,0.0,0,0,S1-465795645,S2-358188027,0
0.4680851063829787,0.4680851063829787,0.0555555555555555,0.0555555555555555,0.1481481481481481,0.0,0,0,0,0.0,0.1666666666666666,0.0481692093241791,0.0,0.0,0,0,S1-465795645,S2-245245411,0
0.5614035087719298,0.5614035087719298,0.119047619047619,0.119047619047619,0.1904761904761904,0.0,0,0,0,0.0,0.1428571428571428,0.0404307807387865,0.0,0.0,0,0,S1-879998753,S2-134214424,0
0.576271186440678,0.576271186440678,0.1395348837209302,0.1395348837209302,0.1044776119402985,0.0,0,0,0,0.0,0.1428571428571428,0.0488300091611707,0.0,0.0,0,0,S1-879998753,S2-479556958,0
0.6181818181818182,0.6181818181818182,0.1538461538461538,0.1538461538461538,0.1325301204819277,0.0,0,0,0,0.0,0.1428571428571428,0.0464691928562947,0.04,0.0399999999999999,0,0,S1-879998753,S2-721333437,0
0.6296296296296297,0.6296296296296297,0.2941176470588235,0.2941176470588235,0.4155844155844156,0.0,0,0,0,0.0,0.3333333333333333,0.100754354640652,0.1176470588235294,0.1176470588235294,0,0,S1-879998753,S2-207462895,0
0.2692307692307692,0.2692307692307692,0.131578947368421,0.131578947368421,0.2413793103448276,0.0,0,0,0,0.0,0.1666666666666666,0.0394387039511749,0.0,0.0,0,0,S1-879998753,S2-10181433,0
0.3265306122448979,0.3265306122448979,0.027027027027027,0.027027027027027,0.2692307692307692,0.0,0,0,0,0.0,0.1428571428571428,0.0467605091624534,0.0,0.0,0,0,S1-791147850,S2-36305326,0
0.3076923076923077,0.3076923076923077,0.0256410256410256,0.0256410256410256,0.4057971014492754,0.0,0,0,0,0.0,0.1111111111111111,0.0357070086754934,0.0833333333333333,0.0833333333333333,0,0,S1-791147850,S2-570158332,0
0.2641509433962264,0.2641509433962264,0.024390243902439,0.024390243902439,0.1454545454545454,0.0,0,0,0,0.0,0.125,0.0387455449054224,0.0,0.0,0,0,S1-791147850,S2-872667264,0
0.2745098039215686,0.2745098039215686,0.025,0.025,0.3278688524590163,0.0,0,0,0,0.0,0.1428571428571428,0.0424390680913349,0.0,0.0,0,0,S1-791147850,S2-666906418,0
0.3478260869565217,0.3478260869565217,0.027027027027027,0.027027027027027,0.4727272727272727,0.0,0,0,0,0.0,0.2,0.0577376464431778,0.1111111111111111,0.1111111111111111,0,0,S1-791147850,S2-801877070,0
0.55,0.55,0.2307692307692307,0.2307692307692307,0.2727272727272727,0.0,0,0,0,0.0,0.25,0.2649694960317993,0.0,0.0,0,0,S1-437831575,S2-152504068,0
0.45,0.45,0.2692307692307692,0.2692307692307692,0.2962962962962963,0.0,0,0,0,0.0,0.25,0.270717099266341,0.0,0.0,0,0,S1-437831575,S2-435844413,0
0.4888888888888889,0.4888888888888889,0.1875,0.1875,0.3396226415094339,0.0,0,0,0,0.0,0.25,0.2843337922783165,0.0,0.0,0,0,S1-437831575,S2-28485591,0
0.4,0.4,0.1363636363636363,0.1363636363636363,0.2121212121212121,0.0,0,0,0,0.0,0.1428571428571428,0.2079416819583218,0.0,0.0,0,0,S1-437831575,S2-582035444,0
0.6222222222222222,0.6222222222222222,0.2258064516129032,0.2258064516129032,0.3018867924528302,0.0,0,0,0,0.0,0.25,0.2198032565871132,0.0,0.0,0,0,S1-437831575,S2-728777466,0
0.4,0.4,0.1875,0.1875,0.2682926829268293,0.0,0,0,0,0.0,0.3333333333333333,0.4390773152870823,0.0,0.0,0,0,S1-144321036,S2-441336406,0
0.2857142857142857,0.2857142857142857,0.12,0.12,0.3209876543209876,0.0,0,0,0,0.0,0.25,0.280578654147068,0.0769230769230769,0.0769230769230769,0,0,S1-144321036,S2-940327088,0
0.5263157894736842,0.5263157894736842,0.3,0.3,0.2105263157894736,0.0,0,0,0,0.0,0.3333333333333333,0.4164843289035798,0.0,0.0,0,0,S1-144321036,S2-489646312,0
0.238095238095238,0.238095238095238,0.0967741935483871,0.0967741935483871,0.2027027027027027,0.0,0,0,0,0.0,0.2,0.3637464854787128,0.0,0.0,0,0,S1-144321036,S2-293176398,0
0.3225806451612903,0.3225806451612903,0.1363636363636363,0.1363636363636363,0.2558139534883721,0.0,0,0,0,0.0,0.3333333333333333,0.3365754352005666,0.0,0.0,0,0,S1-144321036,S2-237457760,0
0.4,0.4,0.0465116279069767,0.0465116279069767,0.2758620689655172,0.0,0,0,0,0.0,0.1428571428571428,0.0477422063029236,0.0,0.0,0,0,S1-479849368,S2-329488948,0
0.4545454545454545,0.4545454545454545,0.0294117647058823,0.0294117647058823,0.3103448275862069,0.0,0,0,0,0.0,0.1666666666666666,0.0584925539316792,0.0,0.0,0,0,S1-479849368,S2-465534292,0
0.2758620689655172,0.2758620689655172,0.0512820512820512,0.0512820512820512,0.3157894736842105,0.0,0,0,0,0.0,0.1428571428571428,0.0482920696295243,0.0,0.0,0,0,S1-479849368,S2-779617421,0
0.3396226415094339,0.3396226415094339,0.024390243902439,0.024390243902439,0.25,0.0,0,0,0,0.0,0.125,0.0415863181668677,0.0,0.0,0,0,S1-479849368,S2-618036642,0
0.4705882352941176,0.4705882352941176,0.025,0.025,0.25,0.0,0,0,0,0.0,0.1428571428571428,0.0536695962755462,0.0,0.0,0,0,S1-479849368,S2-983123295,0
0.4,0.4,0.2222222222222222,0.2222222222222222,0.3492063492063492,0.0,0,0,0,0.0,0.25,0.2600782142024457,0.0,0.0,0,0,S1-711789509,S2-961376212,0
0.3050847457627119,0.3050847457627119,0.0208333333333333,0.0208333333333333,0.360655737704918,0.0,0,0,0,0.0,0.1428571428571428,0.053389046496615,0.1111111111111111,0.1111111111111111,0,0,S1-711789509,S2-631878479,0
0.2926829268292683,0.2926829268292683,0.032258064516129,0.032258064516129,0.2142857142857142,0.0,0,0,0,0.0,0.1666666666666666,0.0555314792343413,0.0,0.0,0,0,S1-711789509,S2-728392916,0
0.4,0.4,0.0256410256410256,0.0256410256410256,0.2461538461538461,0.0,0,0,0,0.0,0.1428571428571428,0.0456002962643768,0.0,0.0,0,0,S1-711789509,S2-763101660,0
0.4782608695652174,0.4782608695652174,0.0555555555555555,0.0555555555555555,0.2539682539682539,0.0,0,0,0,0.0,0.2,0.0653254136313722,0.0,0.0,0,0,S1-711789509,S2-965085514,0
0.7058823529411765,0.7058823529411765,0.4642857142857143,0.4642857142857143,0.2083333333333333,0.0,0,0,0,0.0,0.3333333333333333,0.1228404957788619,0.0,0.0,1,0,S1-925337241,S2-48340945,0
0.6181818181818182,0.6181818181818182,0.2857142857142857,0.2857142857142857,0.421875,0.0,0,0,0,0.0,0.3333333333333333,0.2772554887427455,0.0526315789473684,0.0526315789473684,0,0,S1-925337241,S2-973718819,0
0.4516129032258064,0.4516129032258064,0.1063829787234042,0.1063829787234042,0.293103448275862,0.0,0,0,0,0.0,0.1428571428571428,0.0453414743902218,0.0,0.0,0,0,S1-925337241,S2-357814677,0
0.4074074074074074,0.4074074074074074,0.1282051282051282,0.1282051282051282,0.2616822429906542,0.0,0,0,0,0.0,0.1428571428571428,0.0525297556762673,0.0,0.0,0,0,S1-925337241,S2-563266613,0
0.4838709677419355,0.4838709677419355,0.1063829787234042,0.1063829787234042,0.3538461538461538,0.1666666666666666,1,1,1,0.0,0.1428571428571428,0.0538004270829874,0.0555555555555555,0.0555555555555555,0,0,S1-925337241,S2-962687144,0
0.4,0.4,0.0294117647058823,0.0294117647058823,0.2784810126582278,0.0,0,0,0,0.0,0.1666666666666666,0.0521043481626028,0.0,0.0,0,0,S1-605234653,S2-543073374,0
0.5,0.5,0.0238095238095238,0.0238095238095238,0.1707317073170731,0.0,0,0,0,0.0,0.1666666666666666,0.0537106072288908,0.0,0.0,0,0,S1-605234653,S2-932669591,0
0.3333333333333333,0.3333333333333333,0.0227272727272727,0.0227272727272727,0.3636363636363636,0.0,0,0,0,0.0,0.1666666666666666,0.0475208085904163,0.0769230769230769,0.0769230769230769,0,0,S1-605234653,S2-785884339,0
0.3529411764705882,0.3529411764705882,0.025,0.025,0.2195121951219512,0.0,0,0,0,0.0,0.1666666666666666,0.0471229888632945,0.0,0.0,0,0,S1-605234653,S2-108023325,0
0.2608695652173913,0.2608695652173913,0.0357142857142857,0.0357142857142857,0.25,0.0,0,0,0,0.0,0.125,0.036599480467089,0.0,0.0,0,0,S1-605234653,S2-809989736,0
0.4583333333333333,0.4583333333333333,0.081081081081081,0.081081081081081,0.3492063492063492,0.0,0,0,0,0.0,0.2,0.1841252753981469,0.0,0.0,0,0,S1-511358845,S2-119207709,0
0.3934426229508196,0.3934426229508196,0.0625,0.0625,0.2407407407407407,0.0,0,0,0,0.0,0.1428571428571428,0.1705259998518717,0.0,0.0,0,0,S1-511358845,S2-549306926,0
0.44,0.44,0.0789473684210526,0.0789473684210526,0.2857142857142857,0.0,0,0,0,0.0,0.1666666666666666,0.2299085170282863,0.0,0.0,0,0,S1-511358845,S2-317010557,0
0.5,0.5,0.3235294117647059,0.3235294117647059,0.5,0.0,0,0,0,0.0,0.25,0.2077610773366768,0.1818181818181818,0.1818181818181818,0,0,S1-511358845,S2-755591297,0
0.6274509803921569,0.6274509803921569,0.34375,0.34375,0.2857142857142857,0.0,0,0,0,0.0,0.2,0.1705912105170041,0.0,0.0,0,0,S1-511358845,S2-100641441,0
0.4642857142857143,0.4642857142857143,0.1219512195121951,0.1219512195121951,0.2626262626262626,0.0,0,0,0,0.0,0.1666666666666666,0.061667417928749,0.032258064516129,0.032258064516129,0,0,S1-866735103,S2-551109833,0
0.5666666666666667,0.5666666666666667,0.1136363636363636,0.1136363636363636,0.1052631578947368,0.0,0,0,0,0.0,0.125,0.0415195757462727,0.0,0.0,0,0,S1-866735103,S2-381230212,0
0.5925925925925926,0.5925925925925926,0.1578947368421052,0.1578947368421052,0.2105263157894736,0.0,0,0,0,0.0,0.1428571428571428,0.0566918864961673,0.04,0.0399999999999999,0,0,S1-866735103,S2-547631447,0
0.5106382978723404,0.5106382978723404,0.1515151515151515,0.1515151515151515,0.1939393939393939,0.0,0,0,0,0.0,0.1666666666666666,0.0673219888784656,0.0,0.0,0,0,S1-866735103,S2-343396102,0
0.6545454545454545,0.6545454545454545,0.3636363636363636,0.3636363636363636,0.2985074626865671,0.0,0,0,0,0.0,0.3333333333333333,0.1420332755853144,0.032258064516129,0.032258064516129,0,0,S1-866735103,S2-900342569,0
0.6274509803921569,0.6274509803921569,0.4,0.4,0.1791044776119403,0.0,0,0,0,0.0,0.2,0.288320665955213,0.0,0.0,0,0,S1-492161824,S2-752949161,0
0.6382978723404256,0.6382978723404256,0.3103448275862069,0.3103448275862069,0.1967213114754098,0.0,0,0,0,0.0,0.4,0.4123719431596118,0.0,0.0,0,0,S1-492161824,S2-361730591,0
0.45,0.45,0.2727272727272727,0.2727272727272727,0.0727272727272727,0.0,0,0,0,0.0,0.6666666666666666,0.5896976655912435,0.0,0.0,0,0,S1-492161824,S2-489679509,0
0.6122448979591837,0.6122448979591837,0.1764705882352941,0.1764705882352941,0.1269841269841269,0.0,0,0,0,0.0,0.4,0.3723567778944475,0.0,0.0,0,0,S1-492161824,S2-854951998,0
0.4912280701754385,0.4912280701754385,0.1463414634146341,0.1463414634146341,0.3333333333333333,0.0,0,0,0,0.0,0.3333333333333333,0.2857627872421128,0.1818181818181818,0.1818181818181818,0,0,S1-492161824,S2-705914352,0
0.4166666666666667,0.4166666666666667,0.0263157894736842,0.0263157894736842,0.2816901408450704,0.0,0,0,0,0.0,0.1666666666666666,0.0501312426190038,0.0,0.0,0,0,S1-592018304,S2-340570273,0
0.4186046511627907,0.4186046511627907,0.0303030303030303,0.0303030303030303,0.4047619047619047,0.0,0,0,0,0.0,0.1666666666666666,0.0620489940473045,0.0666666666666666,0.0666666666666666,0,0,S1-592018304,S2-603448238,0
0.4528301886792453,0.4528301886792453,0.0476190476190476,0.0476190476190476,0.3243243243243243,0.0,0,0,0,0.0,0.1666666666666666,0.0575422699130379,0.0769230769230769,0.0769230769230769,1,0,S1-592018304,S2-803599426,0
0.4,0.4,0.0256410256410256,0.0256410256410256,0.345679012345679,0.0,0,0,0,0.0,0.1428571428571428,0.0515404511122644,0.0714285714285714,0.0714285714285714,0,0,S1-592018304,S2-683692604,0
0.4705882352941176,0.4705882352941176,0.0256410256410256,0.0256410256410256,0.225,0.0,0,0,0,0.0,0.1428571428571428,0.0502670402398978,0.0,0.0,0,0,S1-592018304,S2-923197463,0
0.5079365079365079,0.5079365079365079,0.1818181818181818,0.1818181818181818,0.2432432432432432,0.0,0,0,0,0.0,0.1666666666666666,0.1403199341313887,0.0,0.0,0,0,S1-170295653,S2-738039956,0
0.5373134328358209,0.5373134328358209,0.1666666666666666,0.1666666666666666,0.1866666666666666,0.0,0,0,0,0.0,0.125,0.1083025209762997,0.0,0.0,0,0,S1-170295653,S2-925014858,0
0.4918032786885246,0.4918032786885246,0.1860465116279069,0.1860465116279069,0.4590163934426229,0.0,0,0,0,0.0,0.1428571428571428,0.1299226685311195,0.0,0.0,0,0,S1-170295653,S2-662796435,0
0.5142857142857142,0.5142857142857142,0.1568627450980392,0.1568627450980392,0.3548387096774194,0.0,0,0,0,0.0,0.125,0.0969479061089356,0.0,0.0,0,0,S1-170295653,S2-592359559,0
0.5151515151515151,0.5151515151515151,0.1739130434782608,0.1739130434782608,0.28125,0.0,0,0,0,0.0,0.1428571428571428,0.1373275305179631,0.0,0.0,0,0,S1-170295653,S2-613269139,0
0.4888888888888889,0.4888888888888889,0.15625,0.15625,0.2115384615384615,0.0,0,0,0,0.0,0.2,0.0566140049816237,0.0666666666666666,0.0666666666666666,0,0,S1-264163570,S2-167585022,0
0.5306122448979592,0.5306122448979592,0.1764705882352941,0.1764705882352941,0.25,0.0,0,0,0,0.0,0.1666666666666666,0.0731060710135389,0.0,0.0,1,0,S1-264163570,S2-572006518,0
0.4897959183673469,0.4897959183673469,0.1764705882352941,0.1764705882352941,0.2677165354330709,0.0,0,0,0,0.0,0.1666666666666666,0.0602663056282614,0.0,0.0,0,0,S1-264163570,S2-49662831,0
0.5172413793103449,0.5172413793103449,0.175,0.175,0.1764705882352941,0.0,0,0,0,0.0,0.1428571428571428,0.051364954423544,0.0,0.0,0,0,S1-264163570,S2-280443108,0
0.4897959183673469,0.4897959183673469,0.1764705882352941,0.1764705882352941,0.4025157232704403,0.0,0,0,0,0.0,0.1666666666666666,0.0594130381802666,0.0416666666666666,0.0416666666666666,0,0,S1-264163570,S2-403499157,0
0.3571428571428571,0.3571428571428571,0.0232558139534883,0.0232558139534883,0.1487603305785124,0.0,0,0,0,0.0,0.1111111111111111,0.0448888450682693,0.0,0.0,0,0,S1-726645061,S2-985634342,0
0.5423728813559322,0.5423728813559322,0.0975609756097561,0.0975609756097561,0.2975206611570248,0.0,0,0,0,0.0,0.25,0.0994998463979432,0.0,0.0,0,0,S1-726645061,S2-268691746,0
0.4642857142857143,0.4642857142857143,0.1282051282051282,0.1282051282051282,0.1833333333333333,0.0,0,0,0,0.0,0.25,0.1166497612670469,0.0,0.0,1,0,S1-726645061,S2-723492714,0
0.4126984126984127,0.4126984126984127,0.02,0.02,0.2905982905982906,0.0,0,0,0,0.0,0.1111111111111111,0.0462565999577364,0.0,0.0,0,0,S1-726645061,S2-687348070,0
0.3384615384615385,0.3384615384615385,0.04,0.04,0.2298850574712643,0.0,0,0,0,0.0,0.1,0.0423801673365453,0.0,0.0,0,0,S1-726645061,S2-416028570,0
0.4761904761904761,0.4761904761904761,0.0625,0.0625,0.3174603174603174,0.0,0,0,0,0.0,0.25,0.0917077577701865,0.0,0.0,0,0,S1-978120807,S2-331954526,0
0.0869565217391304,0.0869565217391304,0.0178571428571428,0.0178571428571428,0.2769230769230769,0.0,0,0,0,0.0,0.1111111111111111,0.031609441873029,0.0,0.0,0,0,S1-978120807,S2-418208254,0
0.4411764705882353,0.4411764705882353,0.0181818181818181,0.0181818181818181,0.3793103448275862,0.0,0,0,0,0.0,0.1111111111111111,0.0298092373562302,0.0,0.0,0,0,S1-978120807,S2-267722345,0
0.24,0.24,0.0169491525423728,0.0169491525423728,0.2424242424242424,0.0,0,0,0,0.0,0.0833333333333333,0.0223139733903347,0.0,0.0,0,0,S1-978120807,S2-869993077,0
0.3333333333333333,0.3333333333333333,0.0208333333333333,0.0208333333333333,0.3076923076923077,0.0,0,0,0,0.0,0.125,0.0318436860634672,0.0,0.0,0,0,S1-978120807,S2-360689061,0
0.4864864864864865,0.4864864864864865,0.1923076923076923,0.1923076923076923,0.2366863905325443,0.0,0,0,0,0.0,0.3333333333333333,0.1079439552571018,0.0,0.0,0,0,S1-2820639,S2-395271825,0
0.5614035087719298,0.5614035087719298,0.15,0.15,0.1746031746031746,0.0,0,0,0,0.0,0.125,0.0497542179438789,0.0,0.0,0,0,S1-2820639,S2-286059043,0
0.4827586206896552,0.4827586206896552,0.1707317073170731,0.1707317073170731,0.2878787878787879,0.0,0,0,0,0.0,0.1428571428571428,0.050382445458761,0.0,0.0,0,0,S1-2820639,S2-104315701,0
0.4918032786885246,0.4918032786885246,0.2439024390243902,0.2439024390243902,0.2419354838709677,0.0,0,0,0,0.0,0.3333333333333333,0.095003274132398,0.0,0.0,0,0,S1-2820639,S2-244864021,0
0.4210526315789473,0.4210526315789473,0.1034482758620689,0.1034482758620689,0.2266666666666666,0.0,0,0,0,0.0,0.125,0.046099162129077,0.0476190476190476,0.0476190476190476,0,0,S1-2820639,S2-82336999,0
0.4347826086956521,0.4347826086956521,0.0909090909090909,0.0909090909090909,0.1842105263157894,0.0,0,0,0,0.0,0.1428571428571428,0.1113751473722185,0.0,0.0,0,0,S1-628535606,S2-580924847,0
0.5,0.5,0.1666666666666666,0.1666666666666666,0.2941176470588235,0.0,0,0,0,0.0,0.25,0.1827637956939344,0.0,0.0,1,0,S1-628535606,S2-704375062,0
0.3673469387755102,0.3673469387755102,0.0833333333333333,0.0833333333333333,0.3902439024390244,0.0,0,0,0,0.0,0.1428571428571428,0.1217490235870604,0.0714285714285714,0.0714285714285714,0,0,S1-628535606,S2-858639259,0
0.4651162790697674,0.4651162790697674,0.0967741935483871,0.0967741935483871,0.3055555555555556,0.0,0,0,0,0.0,0.1666666666666666,0.1234446245379495,0.0,0.0,0,0,S1-628535606,S2-510623544,0
0.392156862745098,0.392156862745098,0.0789473684210526,0.0789473684210526,0.1866666666666666,0.0,0,0,0,0.0,0.1428571428571428,0.1145248078415645,0.0,0.0,0,0,S1-628535606,S2-16873798,0
0.0,0.6585365853658537,0.0,0.1166666666666666,0.6415094339622641,1.0,4,1,4,1.0,0.0,0.0,1.0,1.0,1,0,S1-695179945,S2-188277280,1
0.3947368421052631,0.3947368421052631,0.087719298245614,0.087719298245614,0.2337662337662337,0.0,0,0,0,0.0,0.1111111111111111,0.1235717011916892,0.0,0.0,0,0,S1-695179945,S2-832659124,0
0.3846153846153846,0.3846153846153846,0.1818181818181818,0.1818181818181818,0.24,0.0,0,0,0,0.0,0.2857142857142857,0.0909564207258177,0.0,0.0,0,0,S1-695179945,S2-173957330,0
0.6756756756756757,0.6756756756756757,0.3260869565217391,0.3260869565217391,0.2105263157894736,0.0,0,0,0,0.0,0.2857142857142857,0.1202779450652179,0.0,0.0,0,0,S1-695179945,S2-816989315,0
0.4931506849315068,0.4931506849315068,0.25,0.25,0.3925233644859813,0.2,1,1,2,0.0,0.2857142857142857,0.101233600124743,0.0,0.0,0,0,S1-695179945,S2-210159109,0
0.4411764705882353,0.4411764705882353,0.1489361702127659,0.1489361702127659,0.25,0.0,0,0,0,0.0,0.125,0.0456743185088342,0.0,0.0,0,0,S1-695179945,S2-867393619,0
0.5,0.5,0.1428571428571428,0.1428571428571428,0.4,0.0,0,0,0,0.0,0.2,0.2327293966493161,0.0,0.0,0,0,S1-491839212,S2-258999394,0
0.5217391304347826,0.5217391304347826,0.2142857142857142,0.2142857142857142,0.3272727272727272,0.0,0,0,0,0.0,0.3333333333333333,0.3723628139539202,0.0,0.0,0,0,S1-491839212,S2-58857912,0
0.4444444444444444,0.4444444444444444,0.12,0.12,0.1403508771929824,0.0,0,0,0,0.0,0.2,0.2259808341831401,0.0,0.0,1,0,S1-491839212,S2-968416263,0
0.375,0.375,0.1666666666666666,0.1666666666666666,0.3272727272727272,0.0,0,0,0,0.0,0.25,0.3178528055294968,0.0,0.0,1,0,S1-491839212,S2-551682928,0
0.5217391304347826,0.5217391304347826,0.2142857142857142,0.2142857142857142,0.0,0.0,0,0,0,0.0,0.3333333333333333,0.2896416126870052,0.0,0.0,0,1,S1-491839212,S2-503956565,0
0.5416666666666666,0.5416666666666666,0.1470588235294117,0.1470588235294117,0.2809917355371901,0.3333333333333333,1,1,1,0.0,0.1666666666666666,0.0574972856849506,0.0,0.0,0,0,S1-508823400,S2-640374635,0
0.44,0.44,0.1388888888888889,0.1388888888888889,0.2666666666666666,0.0,0,0,0,0.0,0.1666666666666666,0.0441693155493496,0.0,0.0,0,0,S1-508823400,S2-331585237,0
0.4150943396226415,0.4150943396226415,0.1282051282051282,0.1282051282051282,0.2786885245901639,0.0,0,0,0,0.0,0.1666666666666666,0.054910553660217,0.0,0.0,0,0,S1-508823400,S2-191282645,0
0.6785714285714286,0.6785714285714286,0.3529411764705882,0.3529411764705882,0.4786324786324786,0.0,0,0,0,0.0,0.3333333333333333,0.0935277713326864,0.1538461538461538,0.1538461538461538,1,0,S1-508823400,S2-261701530,0
0.5714285714285714,0.5714285714285714,0.1521739130434782,0.1521739130434782,0.2568807339449541,0.0,0,0,0,0.0,0.1428571428571428,0.0426991847038194,0.0,0.0,0,0,S1-508823400,S2-520536911,0
0.5106382978723404,0.5106382978723404,0.0277777777777777,0.0277777777777777,0.282051282051282,0.0,0,0,0,0.0,0.1428571428571428,0.0503719710734657,0.0,0.0,1,0,S1-489691585,S2-709337610,0
0.2916666666666667,0.2916666666666667,0.0263157894736842,0.0263157894736842,0.1686746987951807,0.0,0,0,0,0.0,0.1666666666666666,0.0677043421403958,0.0,0.0,1,0,S1-489691585,S2-443701884,0
0.4444444444444444,0.4444444444444444,0.0294117647058823,0.0294117647058823,0.2619047619047619,0.0,0,0,0,0.0,0.1428571428571428,0.047325843546568,0.0833333333333333,0.0833333333333333,0,0,S1-489691585,S2-76189258,0
0.3636363636363636,0.3636363636363636,0.0294117647058823,0.0294117647058823,0.2631578947368421,0.0,0,0,0,0.0,0.1666666666666666,0.0587510320798131,0.0,0.0,0,0,S1-489691585,S2-379505774,0
0.2807017543859649,0.2807017543859649,0.0526315789473684,0.0526315789473684,0.4130434782608695,0.0,0,0,0,0.0,0.1428571428571428,0.0428792789856246,0.0,0.0,1,0,S1-489691585,S2-444276474,0
0.4230769230769231,0.4230769230769231,0.131578947368421,0.131578947368421,0.2205882352941176,0.0,0,0,0,0.0,0.1666666666666666,0.1586298401572521,0.0,0.0,0,0,S1-948070214,S2-37251549,0
0.5128205128205128,0.5128205128205128,0.1923076923076923,0.1923076923076923,0.2148760330578512,0.0,0,0,0,0.0,0.2,0.1669635177084404,0.0,0.0,0,0,S1-948070214,S2-822732917,0
0.392156862745098,0.392156862745098,0.1351351351351351,0.1351351351351351,0.2608695652173913,0.0,0,0,0,0.0,0.1666666666666666,0.1673873466096804,0.0,0.0,0,0,S1-948070214,S2-905528847,0
0.5625,0.5625,0.25,0.25,0.2615384615384615,0.0,0,0,0,0.0,0.25,0.2119059524186549,0.0526315789473684,0.0526315789473684,0,0,S1-948070214,S2-366878307,0
0.392156862745098,0.392156862745098,0.1351351351351351,0.1351351351351351,0.2280701754385964,0.0,0,0,0,0.0,0.1666666666666666,0.1494492412482295,0.0,0.0,0,0,S1-948070214,S2-621961918,0
0.4347826086956521,0.4347826086956521,0.0571428571428571,0.0571428571428571,0.4383561643835616,0.0,0,0,0,0.0,0.1666666666666666,0.1021216047730479,0.0833333333333333,0.0833333333333333,0,0,S1-722194164,S2-24569010,0
0.5365853658536586,0.5365853658536586,0.0666666666666666,0.0666666666666666,0.25,0.0,0,0,0,0.0,0.1666666666666666,0.0962456068468725,0.0,0.0,0,0,S1-722194164,S2-926915714,0
0.4615384615384615,0.4615384615384615,0.0714285714285714,0.0714285714285714,0.3611111111111111,0.0,0,0,0,0.0,0.2,0.1140868997598281,0.0,0.0,0,0,S1-722194164,S2-592694791,0
0.3043478260869565,0.3043478260869565,0.0606060606060606,0.0606060606060606,0.360655737704918,0.0,0,0,0,0.0,0.1666666666666666,0.080573798413879,0.0,0.0,0,0,S1-722194164,S2-98227356,0
0.3333333333333333,0.3333333333333333,0.054054054054054,0.054054054054054,0.2424242424242424,0.0,0,0,0,0.0,0.1666666666666666,0.0893122840948616,0.0,0.0,1,0,S1-722194164,S2-769288315,0
0.509090909090909,0.509090909090909,0.1538461538461538,0.1538461538461538,0.2465753424657534,0.0,0,0,0,0.0,0.1428571428571428,0.0531807159034984,0.0,0.0,0,0,S1-411741340,S2-335692422,0
0.4307692307692308,0.4307692307692308,0.125,0.125,0.2608695652173913,0.0,0,0,0,0.0,0.125,0.0504289954227754,0.0,0.0,0,0,S1-411741340,S2-239194132,0
0.3703703703703703,0.3703703703703703,0.125,0.125,0.2818791946308724,0.0,0,0,0,0.0,0.1666666666666666,0.0559787176368188,0.0,0.0,0,0,S1-411741340,S2-321505289,0
0.5714285714285714,0.5714285714285714,0.18,0.18,0.4444444444444444,0.0,0,0,0,0.0,0.125,0.0435992462221922,0.1052631578947368,0.1052631578947368,0,0,S1-411741340,S2-526495995,0
0.7301587301587301,0.7301587301587301,0.358974358974359,0.358974358974359,0.1374045801526717,0.0,0,0,0,0.0,0.3333333333333333,0.1106137438263592,0.0,0.0,0,0,S1-411741340,S2-490777873,0
0.5660377358490566,0.5660377358490566,0.1944444444444444,0.1944444444444444,0.4081632653061224,0.0,0,0,0,0.0,0.1428571428571428,0.0543564099675011,0.0909090909090909,0.0909090909090908,0,0,S1-984063589,S2-379401013,0
0.3859649122807017,0.3859649122807017,0.119047619047619,0.119047619047619,0.2803738317757009,0.0,0,0,0,0.0,0.1428571428571428,0.0510416596702002,0.0,0.0,0,0,S1-984063589,S2-408366868,0
0.6470588235294118,0.6470588235294118,0.3571428571428571,0.3571428571428571,0.4642857142857143,0.0,0,0,0,0.0,0.2857142857142857,0.1098290648347006,0.1111111111111111,0.111111111111111,0,0,S1-984063589,S2-874468311,0
0.7272727272727273,0.6666666666666666,0.3529411764705882,0.2727272727272727,0.4487179487179487,0.0,0,0,0,0.0,0.4,0.1985535403980616,0.0833333333333333,0.0833333333333333,1,0,S1-984063589,S2-904814484,0
0.4406779661016949,0.4406779661016949,0.1136363636363636,0.1136363636363636,0.1818181818181818,0.0,0,0,0,0.0,0.1428571428571428,0.0631333985665497,0.0,0.0,0,0,S1-984063589,S2-435578029,0
0.3076923076923077,0.3076923076923077,0.0192307692307692,0.0192307692307692,0.2121212121212121,0.0,0,0,0,0.0,0.1111111111111111,0.0329823220651379,0.0833333333333333,0.0833333333333333,0,0,S1-200188182,S2-366922209,0
0.1363636363636363,0.1363636363636363,0.0294117647058823,0.0294117647058823,0.16,0.0,0,0,0,0.0,0.1666666666666666,0.0529184189223974,0.0,0.0,0,0,S1-200188182,S2-891078320,0
0.4067796610169492,0.4067796610169492,0.0434782608695652,0.0434782608695652,0.1311475409836065,0.0,0,0,0,0.0,0.125,0.0371296567248626,0.0,0.0,0,0,S1-200188182,S2-795907054,0
0.3214285714285714,0.3214285714285714,0.0227272727272727,0.0227272727272727,0.2535211267605634,0.0,0,0,0,0.0,0.125,0.0760811712705094,0.0,0.0,0,0,S1-200188182,S2-24740502,0
0.3333333333333333,0.3333333333333333,0.015625,0.015625,0.24,0.0,0,0,0,0.0,0.1,0.0320347565806257,0.0,0.0,0,0,S1-200188182,S2-411849140,0
0.2857142857142857,0.2857142857142857,0.1333333333333333,0.1333333333333333,0.125,0.0,0,0,0,0.0,0.2,0.2691381578810794,0.0,0.0,0,0,S1-419205217,S2-327854822,0
0.2352941176470588,0.2352941176470588,0.1025641025641025,0.1025641025641025,0.1212121212121212,0.0,0,0,0,0.0,0.2,0.2531036064614033,0.0,0.0,1,0,S1-419205217,S2-982004297,0
0.4,0.4,0.1,0.1,0.2456140350877192,0.0,0,0,0,0.0,0.1428571428571428,0.049233031770019,0.0,0.0,0,0,S1-237535578,S2-759231140,0
0.5714285714285714,0.5714285714285714,0.1041666666666666,0.1041666666666666,0.2795698924731182,0.0,0,0,0,0.0,0.1428571428571428,0.0531711070301302,0.0,0.0,0,0,S1-237535578,S2-50930109,0
0.3934426229508196,0.3934426229508196,0.1063829787234042,0.1063829787234042,0.2333333333333333,0.0,0,0,0,0.0,0.1666666666666666,0.0605070336660999,0.0,0.0,1,0,S1-237535578,S2-347693910,0
0.4358974358974359,0.4358974358974359,0.1,0.1,0.35,0.0,0,0,0,0.0,0.125,0.0478621372362118,0.0,0.0,0,0,S1-237535578,S2-702070746,0
0.6301369863013698,0.6301369863013698,0.22,0.22,0.1818181818181818,0.0,0,0,0,0.0,0.2857142857142857,0.1047928995243149,0.0,0.0,0,0,S1-237535578,S2-386508249,0
0.4126984126984127,0.4126984126984127,0.1063829787234042,0.1063829787234042,0.3076923076923077,0.0,0,0,0,0.0,0.125,0.0450185102259394,0.0,0.0,0,0,S1-16383097,S2-278115032,0
0.7272727272727273,0.7272727272727273,0.3023255813953488,0.3023255813953488,0.2627737226277372,0.0,0,0,0,0.0,0.3333333333333333,0.1104699020587534,0.0,0.0,0,0,S1-16383097,S2-441158784,0
0.4347826086956521,0.4347826086956521,0.1153846153846153,0.1153846153846153,0.1166666666666666,0.0,0,0,0,0.0,0.125,0.0495696394096952,0.0,0.0,0,0,S1-16383097,S2-560951999,0
0.5573770491803278,0.5573770491803278,0.3076923076923077,0.3076923076923077,0.0,0.0,0,0,0,0.0,0.3333333333333333,0.1209444414894802,0.0,0.0,0,1,S1-16383097,S2-258730821,0
0.6363636363636364,0.6363636363636364,0.3095238095238095,0.3095238095238095,0.2535211267605634,0.0,0,0,0,0.0,0.2857142857142857,0.0883647766599955,0.0,0.0,0,0,S1-16383097,S2-16314614,0
0.4528301886792453,0.4528301886792453,0.2162162162162162,0.2162162162162162,0.0,0.0,0,0,0,0.0,0.2,0.2014871643767194,0.0,0.0,0,1,S1-349877360,S2-689329503,0
0.6511627906976745,0.6511627906976745,0.3461538461538461,0.3461538461538461,0.2312925170068027,0.0,0,0,0,0.0,0.2,0.1575006285294427,0.0,0.0,0,0,S1-349877360,S2-807605983,0
0.5652173913043478,0.5652173913043478,0.2666666666666666,0.2666666666666666,0.1654135338345864,0.0,0,0,0,0.0,0.2,0.1799552145345259,0.0,0.0,0,0,S1-349877360,S2-892946995,0
0.6153846153846154,0.6153846153846154,0.3333333333333333,0.3333333333333333,0.1692307692307692,0.0,0,0,0,0.0,0.25,0.1784739245394278,0.0,0.0,0,0,S1-349877360,S2-637005420,0
0.6896551724137931,0.6190476190476191,0.5,0.3076923076923077,0.1935483870967742,0.0,0,0,0,0.0,0.5,0.3272341777147859,0.0,0.0,1,0,S1-349877360,S2-740889258,0
0.5882352941176471,0.5882352941176471,0.2272727272727272,0.2272727272727272,0.3174603174603174,0.0,0,0,0,0.0,0.25,0.2198699427772243,0.0,0.0,0,0,S1-235027629,S2-525175518,0
0.6451612903225806,0.6451612903225806,0.2631578947368421,0.2631578947368421,0.34375,0.0,0,0,0,0.0,0.25,0.2612577040168323,0.0,0.0,0,0,S1-235027629,S2-966126558,0
0.4444444444444444,0.4444444444444444,0.1515151515151515,0.1515151515151515,0.3466666666666667,0.0,0,0,0,0.0,0.25,0.208063688499884,0.0,0.0,0,0,S1-235027629,S2-993107908,0
0.5365853658536586,0.5365853658536586,0.1785714285714285,0.1785714285714285,0.081081081081081,0.0,0,0,0,0.0,0.2,0.1656477011553156,0.0,0.0,0,0,S1-235027629,S2-528542733,0
0.5555555555555556,0.5555555555555556,0.2083333333333333,0.2083333333333333,0.2950819672131147,0.0,0,0,0,0.0,0.25,0.1785941218315173,0.0,0.0,0,0,S1-235027629,S2-940005694,0
0.25,0.25,0.0555555555555555,0.0555555555555555,0.1739130434782608,0.0,0,0,0,0.0,0.1666666666666666,0.0499510771165218,0.0,0.0,0,0,S1-546553221,S2-209320719,0
0.3661971830985915,0.3661971830985915,0.0178571428571428,0.0178571428571428,0.0,0.0,0,0,0,0.0,0.1111111111111111,0.0458148314961005,0.0,0.0,0,1,S1-546553221,S2-305829019,0
0.36,0.36,0.0263157894736842,0.0263157894736842,0.1875,0.0,0,0,0,0.0,0.1428571428571428,0.0441161323863317,0.0,0.0,0,0,S1-546553221,S2-343501791,0
0.2962962962962963,0.2962962962962963,0.0238095238095238,0.0238095238095238,0.3333333333333333,0.0,0,0,0,0.0,0.1428571428571428,0.0486505000311957,0.0,0.0,0,0,S1-546553221,S2-802775739,0
0.4545454545454545,0.4545454545454545,0.0303030303030303,0.0303030303030303,0.0,0.0,0,0,0,0.0,0.1666666666666666,0.0496591625066534,0.0,0.0,0,1,S1-546553221,S2-71777139,0
0.6285714285714286,0.6285714285714286,0.2857142857142857,0.2857142857142857,0.128,0.0,0,0,0,0.0,0.2,0.1294251975793937,0.0,0.0,0,0,S1-473031691,S2-284389076,0
0.4651162790697674,0.4651162790697674,0.1724137931034483,0.1724137931034483,0.2708333333333333,0.0,0,0,0,0.0,0.1666666666666666,0.1172088261348925,0.0,0.0,0,0,S1-473031691,S2-419492386,0
0.4761904761904761,0.4761904761904761,0.1724137931034483,0.1724137931034483,0.3013698630136986,0.0,0,0,0,0.0,0.2,0.126499430193188,0.0,0.0,0,0,S1-473031691,S2-358665602,0
0.4390243902439024,0.4390243902439024,0.1785714285714285,0.1785714285714285,0.1818181818181818,0.0,0,0,0,0.0,0.2,0.1364765377625561,0.0,0.0,0,0,S1-473031691,S2-535371149,0
0.6111111111111112,0.6111111111111112,0.217391304347826,0.217391304347826,0.2091503267973856,0.0,0,0,0,0.0,0.2,0.1181676984844938,0.0,0.0,0,0,S1-473031691,S2-190376125,0
0.4230769230769231,0.4230769230769231,0.0476190476190476,0.0476190476190476,0.2647058823529412,0.0,0,0,0,0.0,0.2,0.1293600466086198,0.1,0.1,0,0,S1-424648001,S2-235816582,0
0.4489795918367347,0.4489795918367347,0.0512820512820512,0.0512820512820512,0.2580645161290322,0.0,0,0,0,0.0,0.2,0.116973236626643,0.0,0.0,1,0,S1-424648001,S2-828819520,0
0.3214285714285714,0.3214285714285714,0.0681818181818181,0.0681818181818181,0.2461538461538461,0.0,0,0,0,0.0,0.1666666666666666,0.1199663218242674,0.0,0.0,0,0,S1-424648001,S2-144370074,0
0.3829787234042553,0.3829787234042553,0.0833333333333333,0.0833333333333333,0.1379310344827586,0.0,0,0,0,0.0,0.2,0.1575437647025515,0.0,0.0,0,0,S1-424648001,S2-780131339,0
0.4444444444444444,0.4444444444444444,0.1212121212121212,0.1212121212121212,0.3582089552238806,0.0,0,0,0,0.0,0.2,0.1230419172397516,0.1111111111111111,0.1111111111111111,0,0,S1-424648001,S2-474327813,0
0.4242424242424242,0.4242424242424242,0.0434782608695652,0.0434782608695652,0.2372881355932203,0.0,0,0,0,0.0,0.1666666666666666,0.0819619925950886,0.0,0.0,0,0,S1-496945280,S2-484838771,0
0.4827586206896552,0.4827586206896552,0.1052631578947368,0.1052631578947368,0.3706896551724138,0.0,0,0,0,0.0,0.2,0.09833179212941,0.0555555555555555,0.0555555555555555,0,0,S1-496945280,S2-227189733,0
0.4,0.4,0.0588235294117647,0.0588235294117647,0.1229050279329608,0.0,0,0,0,0.0,0.1666666666666666,0.0921376686569333,0.0714285714285714,0.0714285714285714,0,0,S1-496945280,S2-569901340,0
0.4210526315789473,0.4210526315789473,0.0434782608695652,0.0434782608695652,0.2588235294117647,0.0,0,0,0,0.0,0.2,0.1033028258157137,0.037037037037037,0.037037037037037,0,0,S1-496945280,S2-591193857,0
0.3703703703703703,0.3703703703703703,0.0555555555555555,0.0555555555555555,0.2617801047120419,0.0,0,0,0,0.0,0.2,0.0890676343448349,0.0,0.0,0,0,S1-496945280,S2-56309474,0
0.4444444444444444,0.4444444444444444,0.0416666666666666,0.0416666666666666,0.3448275862068966,0.0,0,0,0,0.0,0.1111111111111111,0.0541564393045163,0.0909090909090909,0.0909090909090909,1,0,S1-144429105,S2-725419484,0
0.3733333333333333,0.3733333333333333,0.0166666666666666,0.0166666666666666,0.1639344262295081,0.0,0,0,0,0.0,0.1,0.0556698860887265,0.0,0.0,0,0,S1-144429105,S2-273673165,0
0.2909090909090909,0.2909090909090909,0.0238095238095238,0.0238095238095238,0.2622950819672131,0.0,0,0,0,0.0,0.125,0.0660806357017813,0.0,0.0,0,0,S1-144429105,S2-976148413,0
0.2647058823529412,0.2647058823529412,0.0188679245283018,0.0188679245283018,0.3548387096774194,0.0,0,0,0,0.0,0.1,0.056573356780528,0.0,0.0,0,0,S1-144429105,S2-415650310,0
0.3103448275862069,0.3103448275862069,0.0222222222222222,0.0222222222222222,0.2857142857142857,0.0,0,0,0,0.0,0.125,0.0668012609251075,0.0,0.0,0,0,S1-144429105,S2-427260671,0
0.5641025641025641,0.5641025641025641,0.0666666666666666,0.0666666666666666,0.2807017543859649,0.0,0,0,0,0.0,0.25,0.0651302044965816,0.0,0.0,0,0,S1-291230458,S2-372652350,0
0.5106382978723404,0.5106382978723404,0.0555555555555555,0.0555555555555555,0.1739130434782608,0.0,0,0,0,0.0,0.1666666666666666,0.045547696349548,0.0,0.0,0,0,S1-291230458,S2-263666800,0
0.3571428571428571,0.3571428571428571,0.0227272727272727,0.0227272727272727,0.1,0.0,0,0,0,0.0,0.1428571428571428,0.0402075693133263,0.0,0.0,1,0,S1-291230458,S2-141172698,0
0.391304347826087,0.391304347826087,0.0571428571428571,0.0571428571428571,0.0,0.0,0,0,0,0.0,0.1666666666666666,0.0464062092057858,0.0,0.0,0,1,S1-291230458,S2-303342988,0
0.4324324324324324,0.4324324324324324,0.0357142857142857,0.0357142857142857,0.3461538461538461,0.0,0,0,0,0.0,0.2,0.0552309889335097,0.0,0.0,0,0,S1-291230458,S2-799291838,0
0.3673469387755102,0.3673469387755102,0.0256410256410256,0.0256410256410256,0.1978021978021978,0.0,0,0,0,0.0,0.1666666666666666,0.0586399364457963,0.0,0.0,0,0,S1-942010454,S2-216568703,0
0.391304347826087,0.391304347826087,0.0277777777777777,0.0277777777777777,0.2247191011235955,0.0,0,0,0,0.0,0.1666666666666666,0.0550214350804185,0.0,0.0,1,0,S1-942010454,S2-446530625,0
0.3157894736842105,0.3157894736842105,0.0217391304347826,0.0217391304347826,0.3218390804597701,0.0,0,0,0,0.0,0.1428571428571428,0.0380504103545278,0.0,0.0,0,0,S1-942010454,S2-340489094,0
0.5,0.5,0.1219512195121951,0.1219512195121951,0.1860465116279069,0.0,0,0,0,0.0,0.1428571428571428,0.0471909061925586,0.0,0.0,0,0,S1-942010454,S2-690135892,0
0.4137931034482758,0.4137931034482758,0.025,0.025,0.1875,0.0,0,0,0,0.0,0.1666666666666666,0.0496741960214451,0.0,0.0,0,0,S1-942010454,S2-377641113,0
0.1860465116279069,0.1860465116279069,0.064516129032258,0.064516129032258,0.3235294117647059,0.0,0,0,0,0.0,0.1428571428571428,0.1001335870904151,0.0,0.0,0,0,S1-434606158,S2-806171685,0
0.4680851063829787,0.4680851063829787,0.0588235294117647,0.0588235294117647,0.3174603174603174,0.0,0,0,0,0.0,0.125,0.1082275588665865,0.0,0.0,0,0,S1-434606158,S2-31639686,0
0.3728813559322034,0.3728813559322034,0.0444444444444444,0.0444444444444444,0.0,0.0,0,0,0,0.0,0.125,0.0826383876616768,0.0,0.0,0,1,S1-434606158,S2-745810793,0
0.360655737704918,0.360655737704918,0.0444444444444444,0.0444444444444444,0.3666666666666666,0.0,0,0,0,0.0,0.1111111111111111,0.071977925343516,0.0,0.0,0,0,S1-434606158,S2-196501023,0
0.4642857142857143,0.4642857142857143,0.073170731707317,0.073170731707317,0.4054054054054054,0.0,0,0,0,0.0,0.25,0.1743474371934018,0.1,0.1,0,0,S1-434606158,S2-802260852,0
0.3673469387755102,0.3673469387755102,0.054054054054054,0.054054054054054,0.4516129032258064,0.0,0,0,0,0.0,0.1428571428571428,0.0441927655161827,0.0,0.0,0,0,S1-361942672,S2-201968637,0
0.4,0.4,0.0512820512820512,0.0512820512820512,0.3076923076923077,0.0,0,0,0,0.0,0.1666666666666666,0.0494833992635516,0.0,0.0,0,0,S1-361942672,S2-7951292,0
0.4074074074074074,0.4074074074074074,0.0476190476190476,0.0476190476190476,0.0769230769230769,0.0,0,0,0,0.0,0.1428571428571428,0.0441487131259354,0.0,0.0,0,0,S1-361942672,S2-894862123,0
0.25,0.25,0.0392156862745098,0.0392156862745098,0.2571428571428571,0.0,0,0,0,0.0,0.125,0.0449395086371064,0.0,0.0,0,0,S1-361942672,S2-305775719,0
0.3478260869565217,0.3478260869565217,0.0277777777777777,0.0277777777777777,0.3076923076923077,0.0,0,0,0,0.0,0.1666666666666666,0.0507252729088279,0.0,0.0,0,0,S1-361942672,S2-559982541,0
0.5185185185185185,0.5185185185185185,0.0232558139534883,0.0232558139534883,0.2318840579710145,0.0,0,0,0,0.0,0.1428571428571428,0.0512203740931109,0.0,0.0,0,0,S1-622623094,S2-570260257,0
0.2448979591836734,0.2448979591836734,0.0256410256410256,0.0256410256410256,0.3943661971830985,0.0,0,0,0,0.0,0.1666666666666666,0.0527630993776878,0.0909090909090909,0.0909090909090909,0,0,S1-622623094,S2-620103842,0
0.3793103448275862,0.3793103448275862,0.0909090909090909,0.0909090909090909,0.2413793103448276,0.0,0,0,0,0.0,0.1428571428571428,0.0508765808252104,0.0,0.0,0,0,S1-622623094,S2-281167505,0
0.2622950819672131,0.2622950819672131,0.02,0.02,0.3125,0.0,0,0,0,0.0,0.1428571428571428,0.0465687894862276,0.0,0.0,1,0,S1-622623094,S2-546567175,0
0.32,0.32,0.025,0.025,0.3448275862068966,0.0,0,0,0,0.0,0.1666666666666666,0.0548715323838505,0.0,0.0,0,0,S1-622623094,S2-593842806,0
0.3809523809523809,0.3809523809523809,0.03125,0.03125,0.3548387096774194,0.0,0,0,0,0.0,0.2,0.0730750214229945,0.1111111111111111,0.1111111111111111,0,0,S1-509369968,S2-466835209,0
0.490566037735849,0.490566037735849,0.075,0.075,0.2424242424242424,0.0,0,0,0,0.0,0.1666666666666666,0.0595941462149895,0.0,0.0,0,0,S1-509369968,S2-690677343,0
0.3555555555555555,0.3555555555555555,0.0285714285714285,0.0285714285714285,0.3235294117647059,0.0,0,0,0,0.0,0.2,0.0812955622916687,0.0,0.0,0,0,S1-509369968,S2-783862779,0
0.358974358974359,0.358974358974359,0.0344827586206896,0.0344827586206896,0.2372881355932203,0.0,0,0,0,0.0,0.2,0.0779527232294036,0.0,0.0,0,0,S1-509369968,S2-971924,0
0.238095238095238,0.238095238095238,0.032258064516129,0.032258064516129,0.3333333333333333,0.0,0,0,0,0.0,0.1666666666666666,0.0662682596253715,0.0,0.0,0,0,S1-509369968,S2-987023108,0
0.45,0.45,0.032258064516129,0.032258064516129,0.2068965517241379,0.0,0,0,0,0.0,0.2,0.0703198039717242,0.0,0.0,0,0,S1-162868364,S2-10990833,0
0.375,0.375,0.0263157894736842,0.0263157894736842,0.3529411764705882,0.0,0,0,0,0.0,0.1666666666666666,0.0748995425982207,0.0,0.0,1,0,S1-162868364,S2-428831891,0
0.4736842105263157,0.4736842105263157,0.1111111111111111,0.1111111111111111,0.4590163934426229,0.0,0,0,0,0.0,0.2,0.072652988474867,0.1,0.1,0,0,S1-162868364,S2-465992679,0
0.4285714285714285,0.4285714285714285,0.05,0.05,0.2264150943396226,0.0,0,0,0,0.0,0.25,0.0809077853999002,0.0,0.0,0,0,S1-162868364,S2-707388820,0
0.3529411764705882,0.3529411764705882,0.0454545454545454,0.0454545454545454,0.196078431372549,0.0,0,0,0,0.0,0.25,0.0924217106949643,0.0,0.0,0,0,S1-162868364,S2-1411324,0
0.2978723404255319,0.2978723404255319,0.088235294117647,0.088235294117647,0.4941176470588235,0.0,0,0,0,0.0,0.1428571428571428,0.1463917539114183,0.1666666666666666,0.1666666666666666,0,0,S1-756184526,S2-443178543,0
0.75,0.75,0.4285714285714285,0.4285714285714285,0.2539682539682539,0.0,0,0,0,0.0,0.6,0.4992176992424614,0.0,0.0,0,0,S1-756184526,S2-545093932,0
0.5416666666666666,0.5416666666666666,0.027027027027027,0.027027027027027,0.2682926829268293,0.0,0,0,0,0.0,0.1428571428571428,0.0745745606326801,0.0,0.0,0,0,S1-756184526,S2-951706003,0
0.2857142857142857,0.2857142857142857,0.0227272727272727,0.0227272727272727,0.3333333333333333,0.0,0,0,0,0.0,0.125,0.0484558002867267,0.0,0.0,0,0,S1-756184526,S2-908962117,0
0.5142857142857142,0.5142857142857142,0.0833333333333333,0.0833333333333333,0.2926829268292683,0.0,0,0,0,0.0,0.1666666666666666,0.0692325486832889,0.0,0.0,1,0,S1-756184526,S2-545026531,0
0.5263157894736842,0.5263157894736842,0.24,0.24,0.2539682539682539,0.0,0,0,0,0.0,0.25,0.2926153054984645,0.0,0.0,0,0,S1-505907550,S2-497683641,0
0.4444444444444444,0.4444444444444444,0.1578947368421052,0.1578947368421052,0.3235294117647059,0.0,0,0,0,0.0,0.1666666666666666,0.157636636724437,0.0,0.0,0,0,S1-505907550,S2-58438228,0
0.4736842105263157,0.4736842105263157,0.24,0.24,0.2258064516129032,0.0,0,0,0,0.0,0.25,0.2538521903194694,0.0,0.0,0,0,S1-505907550,S2-17648668,0
0.5333333333333333,0.5333333333333333,0.1935483870967742,0.1935483870967742,0.2985074626865671,0.0,0,0,0,0.0,0.2,0.2018839547729113,0.0,0.0,0,0,S1-505907550,S2-218554948,0
0.4705882352941176,0.4705882352941176,0.1621621621621621,0.1621621621621621,0.3529411764705882,0.0,0,0,0,0.0,0.2,0.2310294734663757,0.0,0.0,0,0,S1-505907550,S2-671396424,0
0.4848484848484848,0.4848484848484848,0.1739130434782608,0.1739130434782608,0.1904761904761904,0.0,0,0,0,0.0,0.125,0.09716624787421,0.0,0.0,1,0,S1-369544943,S2-588004289,0
0.4912280701754385,0.4912280701754385,0.2051282051282051,0.2051282051282051,0.3278688524590163,0.0,0,0,0,0.0,0.1428571428571428,0.0783819971938149,0.1,0.1,0,0,S1-369544943,S2-223094290,0
0.4857142857142857,0.4857142857142857,0.1702127659574468,0.1702127659574468,0.0,0.0,0,0,0,0.0,0.1428571428571428,0.1092132903322879,0.0,0.0,0,1,S1-369544943,S2-966569344,0
0.4117647058823529,0.4117647058823529,0.1666666666666666,0.1666666666666666,0.3050847457627119,0.0,0,0,0,0.0,0.125,0.098280264811747,0.0,0.0,0,0,S1-369544943,S2-431990505,0
0.5531914893617021,0.5531914893617021,0.2580645161290322,0.2580645161290322,0.2641509433962264,0.0,0,0,0,0.0,0.2,0.1697923490634248,0.0,0.0,0,0,S1-369544943,S2-963593928,0
0.3389830508474576,0.3389830508474576,0.119047619047619,0.119047619047619,0.0,0.0,0,0,0,0.0,0.1428571428571428,0.1355420415815035,0.0,0.0,0,1,S1-621607897,S2-926396350,0
0.5128205128205128,0.5128205128205128,0.24,0.24,0.24,0.0,0,0,0,0.0,0.25,0.139897202388512,0.0,0.0,0,0,S1-621607897,S2-487011346,0
0.4590163934426229,0.4590163934426229,0.1621621621621621,0.1621621621621621,0.174757281553398,0.0,0,0,0,0.0,0.1666666666666666,0.0893239991284745,0.0,0.0,0,0,S1-621607897,S2-957748528,0
0.2622950819672131,0.2622950819672131,0.1363636363636363,0.1363636363636363,0.2828282828282828,0.0,0,0,0,0.0,0.1428571428571428,0.0729042970341774,0.0,0.0,0,0,S1-621607897,S2-625054480,0
0.631578947368421,0.631578947368421,0.3043478260869565,0.3043478260869565,0.0,0.0,0,0,0,0.0,0.25,0.1156872980053255,0.0,0.0,0,1,S1-621607897,S2-81870778,0
0.4912280701754385,0.4912280701754385,0.2307692307692307,0.2307692307692307,0.3243243243243243,0.0,0,0,0,0.0,0.1666666666666666,0.1862665515877545,0.0588235294117647,0.0588235294117647,1,0,S1-366418998,S2-167572212,0
0.8,0.8,0.45,0.45,0.2166666666666666,0.0,0,0,0,0.0,0.3333333333333333,0.2541071244348442,0.0,0.0,0,0,S1-366418998,S2-702483271,0
0.717948717948718,0.717948717948718,0.375,0.375,0.2975206611570248,0.0,0,0,0,0.0,0.3333333333333333,0.215904789993918,0.0,0.0,0,0,S1-366418998,S2-205821610,0
0.5652173913043478,0.5652173913043478,0.1875,0.1875,0.3458646616541353,0.0,0,0,0,0.0,0.2,0.3288721256724599,0.0,0.0,0,0,S1-366418998,S2-431192649,0
0.3548387096774194,0.3548387096774194,0.2619047619047619,0.2619047619047619,0.2522522522522522,0.0,0,0,0,0.0,0.1666666666666666,0.1740602620258635,0.0,0.0,0,0,S1-366418998,S2-457642891,0
0.3181818181818182,0.3181818181818182,0.1612903225806451,0.1612903225806451,0.2469135802469135,0.0,0,0,0,0.0,0.2,0.3240174836111593,0.0,0.0,0,0,S1-766331481,S2-770140109,0
0.4516129032258064,0.4516129032258064,0.2,0.2,0.1851851851851851,0.0,0,0,0,0.0,0.25,0.3524391182909743,0.0,0.0,0,0,S1-766331481,S2-2948149,0
0.5142857142857142,0.5142857142857142,0.217391304347826,0.217391304347826,0.4642857142857143,0.0,0,0,0,0.0,0.25,0.2760385142726334,0.0,0.0,0,0,S1-766331481,S2-160381723,0
0.5853658536585366,0.5853658536585366,0.1785714285714285,0.1785714285714285,0.2727272727272727,0.0,0,0,0,0.0,0.2,0.2571307857328476,0.0,0.0,0,0,S1-766331481,S2-766644907,0
0.4888888888888889,0.4888888888888889,0.15625,0.15625,0.3548387096774194,0.0,0,0,0,0.0,0.2,0.2514976325195165,0.0,0.0,0,0,S1-766331481,S2-531951088,0
0.6268656716417911,0.6268656716417911,0.2727272727272727,0.2727272727272727,0.0983606557377049,0.0,0,0,0,0.0,0.2857142857142857,0.1005148600253739,0.0,0.0,0,0,S1-847187523,S2-252156394,0
0.4150943396226415,0.4150943396226415,0.131578947368421,0.131578947368421,0.2112676056338028,0.0,0,0,0,0.0,0.1428571428571428,0.0522515764161451,0.0,0.0,0,0,S1-847187523,S2-673979567,0
0.5454545454545454,0.5454545454545454,0.2857142857142857,0.2857142857142857,0.2686567164179104,0.0,0,0,0,0.0,0.25,0.0981865308523246,0.0952380952380952,0.0952380952380952,0,0,S1-847187523,S2-458525684,0
0.5405405405405406,0.5405405405405406,0.173076923076923,0.173076923076923,0.3,0.0,0,0,0,0.0,0.1,0.0415448481849042,0.0454545454545454,0.0454545454545454,0,0,S1-847187523,S2-420936026,0
0.5569620253164557,0.5569620253164557,0.2181818181818181,0.2181818181818181,0.4242424242424242,0.1666666666666666,1,1,1,0.0,0.25,0.0982881822986955,0.1153846153846153,0.1153846153846153,0,0,S1-847187523,S2-77107800,0
0.44,0.44,0.0256410256410256,0.0256410256410256,0.3262411347517731,0.0,0,0,0,0.0,0.1428571428571428,0.0609084369800309,0.05,0.0499999999999999,0,0,S1-607621688,S2-938054832,0
0.6341463414634146,0.6341463414634146,0.1923076923076923,0.1923076923076923,0.2978723404255319,0.0,0,0,0,0.0,0.3333333333333333,0.1369544455080614,0.0476190476190476,0.0476190476190476,0,0,S1-607621688,S2-869000123,0
0.4848484848484848,0.4848484848484848,0.0434782608695652,0.0434782608695652,0.32,0.0,0,0,0,0.0,0.1666666666666666,0.0592089394669961,0.0833333333333333,0.0833333333333333,1,0,S1-607621688,S2-356613819,0
0.4705882352941176,0.4705882352941176,0.0256410256410256,0.0256410256410256,0.3597122302158273,0.0,0,0,0,0.0,0.125,0.0514221890053073,0.0476190476190476,0.0476190476190476,0,0,S1-607621688,S2-446039848,0
0.5909090909090909,0.5909090909090909,0.0303030303030303,0.0303030303030303,0.3712574850299401,0.0,0,0,0,0.0,0.1428571428571428,0.0566448459311541,0.0416666666666666,0.0416666666666666,0,0,S1-607621688,S2-640940637,0
0.6875,0.6875,0.3,0.3,0.2222222222222222,0.0,0,0,0,0.0,0.25,0.0856783830010881,0.0,0.0,1,0,S1-402366232,S2-972219702,0
0.5882352941176471,0.5882352941176471,0.3333333333333333,0.3333333333333333,0.1714285714285714,0.0,0,0,0,0.0,0.2857142857142857,0.0873266517259493,0.0,0.0,0,0,S1-402366232,S2-808051542,0
0.6181818181818182,0.6181818181818182,0.1578947368421052,0.1578947368421052,0.34375,0.0,0,0,0,0.0,0.125,0.0414139590642025,0.0555555555555555,0.0555555555555555,0,0,S1-402366232,S2-334719343,0
0.4166666666666667,0.4166666666666667,0.1515151515151515,0.1515151515151515,0.2763157894736842,0.0,0,0,0,0.0,0.1428571428571428,0.0532097791554907,0.05,0.0499999999999999,1,0,S1-402366232,S2-928483387,0
0.5757575757575758,0.5757575757575758,0.2857142857142857,0.2857142857142857,0.1692307692307692,0.0,0,0,0,0.0,0.25,0.0918934227332212,0.0,0.0,0,0,S1-402366232,S2-574216519,0
0.3255813953488372,0.3255813953488372,0.0303030303030303,0.0303030303030303,0.2909090909090909,0.0,0,0,0,0.0,0.1666666666666666,0.0626655224038972,0.0,0.0,0,0,S1-448606757,S2-511177805,0
0.4583333333333333,0.4583333333333333,0.0263157894736842,0.0263157894736842,0.1851851851851851,0.0,0,0,0,0.0,0.1666666666666666,0.0589392307966244,0.0,0.0,0,0,S1-448606757,S2-559659257,0
0.5846153846153846,0.5846153846153846,0.1956521739130435,0.1956521739130435,0.1839080459770115,0.0,0,0,0,0.0,0.1428571428571428,0.1793072656762483,0.0,0.0,0,0,S1-448606757,S2-644606151,0
0.4262295081967213,0.4262295081967213,0.0408163265306122,0.0408163265306122,0.2608695652173913,0.0,0,0,0,0.0,0.1428571428571428,0.0610416761676574,0.0,0.0,0,0,S1-448606757,S2-560630594,0
0.417910447761194,0.417910447761194,0.0980392156862745,0.0980392156862745,0.2816901408450704,0.0,0,0,0,0.0,0.125,0.1260117179979123,0.0,0.0,0,0,S1-448606757,S2-228515145,0
0.4363636363636363,0.4363636363636363,0.1538461538461538,0.1538461538461538,0.2407407407407407,0.0,0,0,0,0.0,0.1428571428571428,0.0529616737457734,0.0,0.0,0,0,S1-912855728,S2-840637471,0
0.4814814814814814,0.4814814814814814,0.1578947368421052,0.1578947368421052,0.3694267515923566,0.0,0,0,0,0.0,0.1428571428571428,0.0436474375672725,0.0476190476190476,0.0476190476190476,0,0,S1-912855728,S2-601720783,0
0.4285714285714285,0.4285714285714285,0.15,0.15,0.1666666666666666,0.0,0,0,0,0.0,0.1428571428571428,0.0439387769762505,0.0,0.0,0,0,S1-912855728,S2-105645585,0
0.3611111111111111,0.3611111111111111,0.1132075471698113,0.1132075471698113,0.4230769230769231,0.0,0,0,0,0.0,0.1111111111111111,0.0407485876971099,0.1538461538461538,0.1538461538461538,0,0,S1-912855728,S2-374460637,0
0.4482758620689655,0.4482758620689655,0.1707317073170731,0.1707317073170731,0.1071428571428571,0.0,0,0,0,0.0,0.1428571428571428,0.0479515640854088,0.0,0.0,0,0,S1-912855728,S2-460058923,0
0.6,0.6,0.1351351351351351,0.1351351351351351,0.1971830985915492,0.0,0,0,0,0.0,0.2,0.1623952903142682,0.0,0.0,0,0,S1-949657622,S2-935759438,0
0.4897959183673469,0.4897959183673469,0.1428571428571428,0.1428571428571428,0.1764705882352941,0.0,0,0,0,0.0,0.1666666666666666,0.1419913989847699,0.0,0.0,0,0,S1-949657622,S2-370818886,0
0.4888888888888889,0.4888888888888889,0.15625,0.15625,0.1971830985915492,0.0,0,0,0,0.0,0.2,0.1446777266111511,0.0,0.0,0,0,S1-949657622,S2-333532534,0
0.4705882352941176,0.4705882352941176,0.2826086956521739,0.2826086956521739,0.2481751824817518,0.0,0,0,0,0.0,0.1666666666666666,0.1091232725434228,0.0,0.0,0,0,S1-949657622,S2-50747688,0
0.5797101449275363,0.5797101449275363,0.2,0.2,0.1592920353982301,0.0,0,0,0,0.0,0.1428571428571428,0.0867764472298244,0.0,0.0,0,0,S1-949657622,S2-809386295,0
0.6923076923076923,0.6923076923076923,0.4,0.4,0.1525423728813559,0.0,0,0,0,0.0,0.3333333333333333,0.1002563994504775,0.0,0.0,0,0,S1-185701127,S2-679638927,0
0.2121212121212121,0.2121212121212121,0.1,0.1,0.3511450381679389,0.0,0,0,0,0.0,0.1428571428571428,0.04730817878529,0.0,0.0,0,0,S1-185701127,S2-827132162,0
0.4210526315789473,0.4210526315789473,0.1162790697674418,0.1162790697674418,0.2542372881355932,0.0,0,0,0,0.0,0.1666666666666666,0.0493771014303849,0.0,0.0,0,0,S1-185701127,S2-90531864,0
0.6774193548387096,0.6774193548387096,0.3076923076923077,0.3076923076923077,0.3309352517985611,0.0,0,0,0,0.0,0.2857142857142857,0.0913931189814482,0.05,0.0499999999999999,1,0,S1-185701127,S2-149188745,0
0.5384615384615384,0.5384615384615384,0.1666666666666666,0.1666666666666666,0.2802547770700637,0.0,0,0,0,0.0,0.1428571428571428,0.0497298425017264,0.0,0.0,0,0,S1-185701127,S2-515051949,0
0.3404255319148936,0.3404255319148936,0.0277777777777777,0.0277777777777777,0.0792079207920792,0.0,0,0,0,0.0,0.1428571428571428,0.0477205100923862,0.0,0.0,0,0,S1-620903013,S2-809240735,0
0.1666666666666666,0.1666666666666666,0.0384615384615384,0.0384615384615384,0.3764705882352941,0.0,0,0,0,0.0,0.1666666666666666,0.0670115793668593,0.0416666666666666,0.0416666666666666,0,0,S1-620903013,S2-647818663,0
0.4090909090909091,0.4090909090909091,0.03125,0.03125,0.101010101010101,0.0,0,0,0,0.0,0.125,0.048068264104177,0.0,0.0,0,0,S1-620903013,S2-793590849,0
0.5,0.5,0.027027027027027,0.027027027027027,0.2285714285714285,0.0,0,0,0,0.0,0.1428571428571428,0.0700485906447912,0.0,0.0,0,0,S1-620903013,S2-614419131,0
0.5,0.5,0.1818181818181818,0.1818181818181818,0.2105263157894736,0.0,0,0,0,0.0,0.3333333333333333,0.1338914250600756,0.0,0.0,0,0,S1-620903013,S2-131052563,0
0.4102564102564102,0.4102564102564102,0.2,0.2,0.1666666666666666,0.0,0,0,0,0.0,0.2,0.1311514178266733,0.0,0.0,0,0,S1-132546739,S2-134982374,0
0.4848484848484848,0.4848484848484848,0.238095238095238,0.238095238095238,0.3829787234042553,0.0,0,0,0,0.0,0.25,0.2217783882157439,0.1111111111111111,0.1111111111111111,0,0,S1-132546739,S2-652160731,0
0.6206896551724138,0.6206896551724138,0.2941176470588235,0.2941176470588235,0.3928571428571428,0.0,0,0,0,0.0,0.25,0.2288023098776483,0.0,0.0,0,0,S1-132546739,S2-874418557,0
0.4186046511627907,0.4186046511627907,0.1666666666666666,0.1666666666666666,0.2439024390243902,0.0,0,0,0,0.0,0.2,0.1925851091260565,0.0,0.0,0,0,S1-132546739,S2-393613738,0
0.4102564102564102,0.4102564102564102,0.1923076923076923,0.1923076923076923,0.5423728813559322,0.0,0,0,0,0.0,0.2,0.1988177907958522,0.1,0.1,0,0,S1-132546739,S2-321373584,0
0.4878048780487805,0.4878048780487805,0.032258064516129,0.032258064516129,0.2711864406779661,0.0,0,0,0,0.0,0.1666666666666666,0.0451130972873717,0.0,0.0,0,0,S1-819531198,S2-534215438,0
0.3333333333333333,0.3333333333333333,0.03125,0.03125,0.3478260869565217,0.0,0,0,0,0.0,0.1666666666666666,0.0481866092382494,0.1428571428571428,0.1428571428571428,0,0,S1-819531198,S2-607166133,0
0.125,0.125,0.027027027027027,0.027027027027027,0.2758620689655172,0.0,0,0,0,0.0,0.1428571428571428,0.042945744102872,0.0,0.0,0,0,S1-819531198,S2-347137998,0
0.3265306122448979,0.3265306122448979,0.0256410256410256,0.0256410256410256,0.3076923076923077,0.0,0,0,0,0.0,0.1666666666666666,0.0576132895593647,0.0,0.0,0,0,S1-819531198,S2-895791781,0
0.3902439024390244,0.3902439024390244,0.0333333333333333,0.0333333333333333,0.0,0.0,0,0,0,0.0,0.1666666666666666,0.0495967541743443,0.0,0.0,0,1,S1-819531198,S2-496237718,0
0.7719298245614035,0.7719298245614035,0.3428571428571428,0.3428571428571428,0.2571428571428571,0.0,0,0,0,0.0,0.3333333333333333,0.1100091781258523,0.0454545454545454,0.0454545454545454,1,0,S1-87702457,S2-582917614,0
0.4,0.4,0.1111111111111111,0.1111111111111111,0.2658227848101265,0.0,0,0,0,0.0,0.1428571428571428,0.0417828451528303,0.0,0.0,0,0,S1-87702457,S2-441944200,0
0.6440677966101694,0.6440677966101694,0.3243243243243243,0.3243243243243243,0.1751824817518248,0.0,0,0,0,0.0,0.3333333333333333,0.1220311582738379,0.0,0.0,0,0,S1-87702457,S2-121787294,0
0.4680851063829787,0.4680851063829787,0.1515151515151515,0.1515151515151515,0.1269841269841269,0.0,0,0,0,0.0,0.1666666666666666,0.0602478869849233,0.0,0.0,0,0,S1-87702457,S2-848402258,0
0.4,0.4,0.2068965517241379,0.2068965517241379,0.1768707482993197,0.0,0,0,0,0.0,0.1666666666666666,0.1178264508238593,0.0,0.0,0,0,S1-87702457,S2-618523911,0
0.6376811594202898,0.6376811594202898,0.2826086956521739,0.2826086956521739,0.2040816326530612,0.0,0,0,0,0.0,0.3333333333333333,0.1231786953038191,0.0,0.0,0,0,S1-424174916,S2-441965851,0
0.631578947368421,0.631578947368421,0.3428571428571428,0.3428571428571428,0.2097902097902098,0.0,0,0,0,0.0,0.3333333333333333,0.1581395487016935,0.0,0.0,0,0,S1-424174916,S2-978457497,0
0.3728813559322034,0.3728813559322034,0.1578947368421052,0.1578947368421052,0.3503649635036496,0.0,0,0,0,0.0,0.1666666666666666,0.0630401995336338,0.1,0.0999999999999999,0,0,S1-424174916,S2-321892045,0
0.5866666666666667,0.5866666666666667,0.2115384615384615,0.2115384615384615,0.036697247706422,0.0,0,0,0,0.0,0.125,0.0460194000750027,0.0,0.0,0,0,S1-424174916,S2-720446678,0
0.4912280701754385,0.4912280701754385,0.1162790697674418,0.1162790697674418,0.3364485981308411,0.0,0,0,0,0.0,0.1666666666666666,0.0551286272415295,0.0,0.0,0,0,S1-424174916,S2-74492939,0
0.5789473684210527,0.5789473684210527,0.24,0.24,0.1818181818181818,0.0,0,0,0,0.0,0.25,0.1845409565498939,0.0,0.0,1,0,S1-635650940,S2-773842687,0
0.5714285714285714,0.5714285714285714,0.2857142857142857,0.2857142857142857,0.1894736842105263,0.0,0,0,0,0.0,0.25,0.2200080501475314,0.0,0.0,0,0,S1-635650940,S2-997778507,0
0.5142857142857142,0.5142857142857142,0.2727272727272727,0.2727272727272727,0.3764705882352941,0.0,0,0,0,0.0,0.25,0.2347134568910247,0.0769230769230769,0.0769230769230769,0,0,S1-635650940,S2-431548634,0
0.6666666666666666,0.6666666666666666,0.4,0.4,0.2025316455696202,0.0,0,0,0,0.0,0.3333333333333333,0.264694392322505,0.0,0.0,0,0,S1-635650940,S2-604022348,0
0.3508771929824561,0.3508771929824561,0.15,0.15,0.1686746987951807,0.0,0,0,0,0.0,0.2,0.1818821676080536,0.0,0.0,0,0,S1-635650940,S2-497566188,0
0.5714285714285714,0.5714285714285714,0.173076923076923,0.173076923076923,0.4222222222222222,0.0,0,0,0,0.0,0.1666666666666666,0.1064534062916404,0.0769230769230769,0.0769230769230769,0,0,S1-109563751,S2-685124806,0
0.4444444444444444,0.4444444444444444,0.2,0.2,0.2935779816513761,0.0,0,0,0,0.0,0.2,0.1202083054793568,0.0,0.0,0,0,S1-109563751,S2-812082065,0
0.6666666666666666,0.6666666666666666,0.2647058823529412,0.2647058823529412,0.3478260869565217,0.0,0,0,0,0.0,0.2,0.130676943416143,0.0,0.0,0,0,S1-109563751,S2-328717116,0
0.6274509803921569,0.6274509803921569,0.2647058823529412,0.2647058823529412,0.1276595744680851,0.0,0,0,0,0.0,0.2,0.1420406074057212,0.0,0.0,0,0,S1-109563751,S2-139722365,0
0.4615384615384615,0.4615384615384615,0.2571428571428571,0.2571428571428571,0.2028985507246377,0.0,0,0,0,0.0,0.2,0.1293516319140774,0.0,0.0,1,0,S1-109563751,S2-443776019,0
0.4848484848484848,0.4848484848484848,0.0384615384615384,0.0384615384615384,0.2580645161290322,0.0,0,0,0,0.0,0.1111111111111111,0.0438618648898461,0.0,0.0,1,0,S1-343147728,S2-386076620,0
0.08,0.08,0.0161290322580645,0.0161290322580645,0.2,0.0,0,0,0,0.0,0.1111111111111111,0.0402670776295895,0.0,0.0,0,0,S1-343147728,S2-931516212,0
0.5070422535211268,0.5070422535211268,0.0925925925925925,0.0925925925925925,0.1967213114754098,0.0,0,0,0,0.0,0.1111111111111111,0.0372035932986028,0.0,0.0,0,0,S1-343147728,S2-44648666,0
0.2711864406779661,0.2711864406779661,0.0888888888888888,0.0888888888888888,0.2903225806451613,0.0,0,0,0,0.0,0.1428571428571428,0.1381348731437602,0.0,0.0,0,0,S1-343147728,S2-763689965,0
0.3214285714285714,0.3214285714285714,0.0227272727272727,0.0227272727272727,0.4516129032258064,0.0,0,0,0,0.0,0.125,0.0451364646380858,0.0,0.0,0,0,S1-343147728,S2-220316387,0
0.5714285714285714,0.5714285714285714,0.2857142857142857,0.2857142857142857,0.2159090909090909,0.0,0,0,0,0.0,0.2,0.213167145665307,0.0,0.0,0,0,S1-445980274,S2-846807873,0
0.2985074626865671,0.2985074626865671,0.1224489795918367,0.1224489795918367,0.3026315789473684,0.0,0,0,0,0.0,0.125,0.1322766072504089,0.0,0.0,0,0,S1-445980274,S2-334526165,0
0.6060606060606061,0.6060606060606061,0.3,0.3,0.2727272727272727,0.0,0,0,0,0.0,0.25,0.1949440567452292,0.0,0.0,0,0,S1-445980274,S2-457153319,0
0.4081632653061224,0.4081632653061224,0.1875,0.1875,0.25,0.0,0,0,0,0.0,0.1428571428571428,0.1553288290693326,0.0,0.0,0,0,S1-445980274,S2-156590543,0
0.5128205128205128,0.5128205128205128,0.25,0.25,0.3151515151515151,0.0,0,0,0,0.0,0.1666666666666666,0.1814359944494967,0.0,0.0,0,0,S1-445980274,S2-425266798,0
0.375,0.375,0.054054054054054,0.054054054054054,0.2545454545454545,0.0,0,0,0,0.0,0.1666666666666666,0.0697568053607665,0.1,0.1,0,0,S1-945702783,S2-599572278,0
0.4193548387096774,0.4193548387096774,0.0625,0.0625,0.1967213114754098,0.0,0,0,0,0.0,0.125,0.0631917422421145,0.0,0.0,0,0,S1-945702783,S2-356627500,0
0.3793103448275862,0.3793103448275862,0.0434782608695652,0.0434782608695652,0.2903225806451613,0.0,0,0,0,0.0,0.1428571428571428,0.059889250681378,0.0,0.0,0,0,S1-945702783,S2-823860184,0
0.3333333333333333,0.3333333333333333,0.0377358490566037,0.0377358490566037,0.3050847457627119,0.0,0,0,0,0.0,0.125,0.0680846240470687,0.0,0.0,0,0,S1-945702783,S2-999469023,0
0.4897959183673469,0.4897959183673469,0.0526315789473684,0.0526315789473684,0.3636363636363636,0.0,0,0,0,0.0,0.1666666666666666,0.0827231226302993,0.0,0.0,0,0,S1-945702783,S2-210341230,0
0.4545454545454545,0.4545454545454545,0.2558139534883721,0.2558139534883721,0.2040816326530612,0.0,0,0,0,0.0,0.25,0.0779130969588828,0.0,0.0,0,0,S1-824031871,S2-801349596,0
0.5757575757575758,0.5757575757575758,0.2857142857142857,0.2857142857142857,0.1875,0.0,0,0,0,0.0,0.2857142857142857,0.098260670971773,0.0,0.0,0,0,S1-824031871,S2-436282991,0
0.6,0.6,0.3243243243243243,0.3243243243243243,0.2580645161290322,0.0,0,0,0,0.0,0.2857142857142857,0.0857511893128476,0.0,0.0,0,0,S1-824031871,S2-907293419,0
0.5,0.5,0.1538461538461538,0.1538461538461538,0.3333333333333333,0.0,0,0,0,0.0,0.125,0.0400598428882509,0.0476190476190476,0.0476190476190476,0,0,S1-824031871,S2-620754855,0
0.4444444444444444,0.4444444444444444,0.1578947368421052,0.1578947368421052,0.3410852713178294,0.0,0,0,0,0.0,0.1428571428571428,0.0445031989841814,0.0476190476190476,0.0476190476190476,0,0,S1-824031871,S2-105199287,0
1.0,1.0,1.0,1.0,0.3428571428571428,0.0,0,0,0,0.0,1.0,1.0,0.0,0.0,0,0,S1-970782152,S2-4497605,0
0.5084745762711864,0.5084745762711864,0.225,0.225,0.1574803149606299,0.0,0,0,0,0.0,0.1428571428571428,0.1597233516807383,0.0,0.0,0,0,S1-419596800,S2-921274176,0
0.5581395348837209,0.5581395348837209,0.064516129032258,0.064516129032258,0.1186440677966101,0.0,0,0,0,0.0,0.1666666666666666,0.0734531173543726,0.0,0.0,0,0,S1-419596800,S2-497025062,0
0.6792452830188679,0.6792452830188679,0.2,0.2,0.2,0.0,0,0,0,0.0,0.3333333333333333,0.1678784379892308,0.0,0.0,0,0,S1-419596800,S2-300930387,0
0.4736842105263157,0.4736842105263157,0.0357142857142857,0.0357142857142857,0.34375,0.0,0,0,0,0.0,0.1666666666666666,0.0645065108246752,0.0,0.0,0,0,S1-419596800,S2-608588013,0
0.5357142857142857,0.5357142857142857,0.2432432432432432,0.2432432432432432,0.0869565217391304,0.0,0,0,0,0.0,0.1428571428571428,0.158531083390131,0.0,0.0,0,0,S1-419596800,S2-774645248,0
0.3272727272727272,0.3272727272727272,0.048780487804878,0.048780487804878,0.3225806451612903,0.0,0,0,0,0.0,0.1111111111111111,0.0943987579779577,0.0,0.0,0,0,S1-703950292,S2-126440452,0
0.4230769230769231,0.4230769230769231,0.0857142857142857,0.0857142857142857,0.28125,0.0,0,0,0,0.0,0.2,0.1217509826504061,0.0,0.0,0,0,S1-703950292,S2-374466826,0
0.3555555555555555,0.3555555555555555,0.03125,0.03125,0.2666666666666666,0.0,0,0,0,0.0,0.1111111111111111,0.099099453756026,0.0,0.0,0,0,S1-703950292,S2-537060773,0
0.3636363636363636,0.3636363636363636,0.03125,0.03125,0.3018867924528302,0.0,0,0,0,0.0,0.125,0.0843727965091888,0.0,0.0,0,0,S1-703950292,S2-411268293,0
0.44,0.44,0.0277777777777777,0.0277777777777777,0.4745762711864407,0.0,0,0,0,0.0,0.1,0.0778688665334293,0.1111111111111111,0.1111111111111111,0,0,S1-703950292,S2-564163111,0
0.1132075471698113,0.1132075471698113,0.0238095238095238,0.0238095238095238,0.3235294117647059,0.0,0,0,0,0.0,0.1428571428571428,0.0659270863602011,0.0,0.0,1,0,S1-772116613,S2-402347072,0
0.4642857142857143,0.4642857142857143,0.0952380952380952,0.0952380952380952,0.5,0.0,0,0,0,0.0,0.1428571428571428,0.1416952403719047,0.1111111111111111,0.1111111111111111,0,0,S1-772116613,S2-284782663,0
0.6538461538461539,0.6538461538461539,0.4827586206896552,0.4827586206896552,0.3076923076923077,0.0,0,0,0,0.0,0.4,0.4589777667778656,0.0,0.0,0,0,S1-772116613,S2-912659784,0
0.4657534246575342,0.4657534246575342,0.0754716981132075,0.0754716981132075,0.1818181818181818,0.0,0,0,0,0.0,0.1111111111111111,0.1002717772141253,0.0,0.0,0,0,S1-772116613,S2-611063349,0
0.3384615384615385,0.3384615384615385,0.0192307692307692,0.0192307692307692,0.2857142857142857,0.0,0,0,0,0.0,0.1111111111111111,0.0464297962331149,0.0,0.0,0,0,S1-772116613,S2-469556797,0
0.4390243902439024,0.4390243902439024,0.032258064516129,0.032258064516129,0.3076923076923077,0.0,0,0,0,0.0,0.1666666666666666,0.0437096937267495,0.0,0.0,0,0,S1-633779655,S2-976773324,0
0.4285714285714285,0.4285714285714285,0.03125,0.03125,0.490566037735849,0.0,0,0,0,0.0,0.1666666666666666,0.0408540064767215,0.1111111111111111,0.1111111111111111,1,0,S1-633779655,S2-856076363,0
0.4,0.4,0.0256410256410256,0.0256410256410256,0.3214285714285714,0.0,0,0,0,0.0,0.1428571428571428,0.0519947283376567,0.0,0.0,0,0,S1-633779655,S2-688425898,0
0.3448275862068966,0.3448275862068966,0.025,0.025,0.2916666666666667,0.0,0,0,0,0.0,0.1666666666666666,0.0460447238814032,0.0,0.0,0,0,S1-633779655,S2-313501849,0
0.4166666666666667,0.4166666666666667,0.0256410256410256,0.0256410256410256,0.2295081967213114,0.0,0,0,0,0.0,0.2,0.0495520625000106,0.0,0.0,0,0,S1-633779655,S2-938142025,0
0.2272727272727272,0.2272727272727272,0.03125,0.03125,0.2077922077922078,0.0,0,0,0,0.0,0.125,0.0877914232156542,0.0,0.0,0,0,S1-684670838,S2-19963334,0
0.3829787234042553,0.3829787234042553,0.0294117647058823,0.0294117647058823,0.4146341463414634,0.0,0,0,0,0.0,0.1111111111111111,0.0804151599201051,0.0,0.0,0,0,S1-684670838,S2-965138583,0
0.5306122448979592,0.5306122448979592,0.0909090909090909,0.0909090909090909,0.3544303797468354,0.0,0,0,0,0.0,0.2857142857142857,0.1756210474145923,0.0,0.0,0,0,S1-684670838,S2-993197951,0
0.4313725490196078,0.4313725490196078,0.088235294117647,0.088235294117647,0.2558139534883721,0.0,0,0,0,0.0,0.2222222222222222,0.1401152378294699,0.0,0.0,0,0,S1-684670838,S2-704772009,0
0.2926829268292683,0.2926829268292683,0.0344827586206896,0.0344827586206896,0.2823529411764706,0.0,0,0,0,0.0,0.125,0.0843621561245053,0.0,0.0,0,0,S1-684670838,S2-650805897,0
0.5581395348837209,0.5581395348837209,0.2222222222222222,0.2222222222222222,0.7175572519083969,0.0,0,0,0,0.0,0.6,0.5106816497655063,0.7272727272727273,0.7272727272727273,0,0,S1-214715648,S2-667154458,1
0.4090909090909091,0.4090909090909091,0.0303030303030303,0.0303030303030303,0.2264150943396226,0.0,0,0,0,0.0,0.1428571428571428,0.0516142775633548,0.0,0.0,0,0,S1-214715648,S2-779677072,0
0.391304347826087,0.391304347826087,0.1290322580645161,0.1290322580645161,0.2684563758389262,0.0,0,0,0,0.0,0.2857142857142857,0.1198719777057065,0.05,0.0499999999999999,0,0,S1-214715648,S2-697665921,0
0.32,0.32,0.0263157894736842,0.0263157894736842,0.2083333333333333,0.0,0,0,0,0.0,0.125,0.0448651450328502,0.0,0.0,0,0,S1-214715648,S2-296250406,0
0.3728813559322034,0.3728813559322034,0.0217391304347826,0.0217391304347826,0.1059602649006622,0.0,0,0,0,0.0,0.125,0.0531850168479006,0.0,0.0,0,0,S1-214715648,S2-802075529,0
0.4827586206896552,0.4827586206896552,0.0217391304347826,0.0217391304347826,0.1458333333333333,0.0,0,0,0,0.0,0.125,0.053938201192194,0.0,0.0,0,0,S1-214715648,S2-607897017,0
0.5357142857142857,0.5357142857142857,0.15,0.15,0.2857142857142857,0.0,0,0,0,0.0,0.1428571428571428,0.1164289471828071,0.0,0.0,0,0,S1-55012814,S2-878267787,0
0.4477611940298507,0.4477611940298507,0.1224489795918367,0.1224489795918367,0.3225806451612903,0.0,0,0,0,0.0,0.1111111111111111,0.0973047050171569,0.0,0.0,1,0,S1-55012814,S2-681413652,0
0.5666666666666667,0.5666666666666667,0.225,0.225,0.3225806451612903,0.0,0,0,0,0.0,0.125,0.1206872901740281,0.0,0.0,0,0,S1-55012814,S2-288991362,0
0.3835616438356164,0.3835616438356164,0.1320754716981132,0.1320754716981132,0.2692307692307692,0.0,0,0,0,0.0,0.1111111111111111,0.1009051350357953,0.0,0.0,0,0,S1-55012814,S2-329838482,0
0.2903225806451613,0.2903225806451613,0.1395348837209302,0.1395348837209302,0.2448979591836734,0.0,0,0,0,0.0,0.125,0.0938939988769383,0.0,0.0,0,0,S1-55012814,S2-473865102,0
0.4137931034482758,0.4137931034482758,0.05,0.05,0.2745098039215686,0.0,0,0,0,0.0,0.2,0.1973494968740652,0.0,0.0,0,0,S1-300816717,S2-763598263,0
0.3720930232558139,0.3720930232558139,0.1333333333333333,0.1333333333333333,0.4242424242424242,0.0,0,0,0,0.0,0.2,0.2082311948356596,0.0,0.0,0,0,S1-300816717,S2-46566895,0
0.5,0.5,0.0625,0.0625,0.3137254901960784,0.0,0,0,0,0.0,0.25,0.3190119825764176,0.0,0.0,0,0,S1-300816717,S2-448394183,0
0.3870967741935484,0.3870967741935484,0.0434782608695652,0.0434782608695652,0.0975609756097561,0.0,0,0,0,0.0,0.25,0.2578803939581892,0.0,0.0,0,0,S1-300816717,S2-277187656,0
0.5833333333333334,0.5833333333333334,0.2857142857142857,0.2857142857142857,0.3076923076923077,0.0,0,0,0,0.0,0.3333333333333333,0.2964797003929194,0.0,0.0,0,0,S1-300816717,S2-83303115,0
0.3673469387755102,0.3673469387755102,0.027027027027027,0.027027027027027,0.3582089552238806,0.0,0,0,0,0.0,0.1666666666666666,0.0525634453606022,0.0,0.0,0,0,S1-915105366,S2-24159451,0
0.6545454545454545,0.6545454545454545,0.303030303030303,0.303030303030303,0.4193548387096774,0.0,0,0,0,0.0,0.3333333333333333,0.2446037931342312,0.0,0.0,0,0,S1-915105366,S2-135958336,0
0.2448979591836734,0.2448979591836734,0.027027027027027,0.027027027027027,0.3,0.0,0,0,0,0.0,0.1666666666666666,0.0578301559660985,0.0,0.0,0,0,S1-915105366,S2-205097249,0
0.3278688524590163,0.3278688524590163,0.0425531914893617,0.0425531914893617,0.0,0.0,0,0,0,0.0,0.1666666666666666,0.0488421172733076,0.0,0.0,0,1,S1-915105366,S2-845155025,0
0.109090909090909,0.109090909090909,0.024390243902439,0.024390243902439,0.2898550724637681,0.0,0,0,0,0.0,0.125,0.0408779420895945,0.0,0.0,0,0,S1-915105366,S2-180496412,0
0.5,0.5,0.0434782608695652,0.0434782608695652,0.2372881355932203,0.0,0,0,0,0.0,0.2,0.0657790167273617,0.0,0.0,1,0,S1-262016083,S2-407208246,0
0.3333333333333333,0.3333333333333333,0.037037037037037,0.037037037037037,0.3636363636363636,0.0,0,0,0,0.0,0.2,0.0695896991287481,0.0,0.0,0,0,S1-262016083,S2-486281718,0
0.3125,0.3125,0.0434782608695652,0.0434782608695652,0.1967213114754098,0.0,0,0,0,0.0,0.2,0.0664130371872129,0.0,0.0,0,0,S1-262016083,S2-784457349,0
0.3396226415094339,0.3396226415094339,0.0238095238095238,0.0238095238095238,0.3137254901960784,0.0,0,0,0,0.0,0.1428571428571428,0.0496984015189548,0.0,0.0,0,0,S1-262016083,S2-674544095,0
0.4571428571428571,0.4571428571428571,0.0384615384615384,0.0384615384615384,0.2745098039215686,0.0,0,0,0,0.0,0.2,0.0655316094898206,0.0,0.0,0,0,S1-262016083,S2-120970477,0
0.3636363636363636,0.3636363636363636,0.0232558139534883,0.0232558139534883,0.3529411764705882,0.0,0,0,0,0.0,0.1666666666666666,0.0509111209490965,0.0,0.0,0,0,S1-269759643,S2-938960342,0
0.2352941176470588,0.2352941176470588,0.024390243902439,0.024390243902439,0.0,0.0,0,0,0,0.0,0.1666666666666666,0.0460310533558422,0.0,0.0,0,1,S1-269759643,S2-553194767,0
0.3137254901960784,0.3137254901960784,0.025,0.025,0.3278688524590163,0.0,0,0,0,0.0,0.1428571428571428,0.0413024691392133,0.0,0.0,0,0,S1-269759643,S2-483235908,0
0.5,0.5,0.0512820512820512,0.0512820512820512,0.21875,0.0,0,0,0,0.0,0.1666666666666666,0.0582809446239667,0.0,0.0,0,0,S1-269759643,S2-626769518,0
0.5490196078431373,0.5490196078431373,0.1052631578947368,0.1052631578947368,0.2539682539682539,0.0,0,0,0,0.0,0.1666666666666666,0.0535522739123178,0.0,0.0,0,0,S1-269759643,S2-867714376,0
0.2926829268292683,0.2926829268292683,0.0333333333333333,0.0333333333333333,0.1944444444444444,0.0,0,0,0,0.0,0.1666666666666666,0.0383482869975593,0.0,0.0,1,0,S1-929755353,S2-467521062,0
0.5405405405405406,0.5405405405405406,0.037037037037037,0.037037037037037,0.2666666666666666,0.0,0,0,0,0.0,0.1666666666666666,0.0431432771264075,0.0,0.0,0,0,S1-929755353,S2-439127618,0
0.5263157894736842,0.5263157894736842,0.0357142857142857,0.0357142857142857,0.3,0.0,0,0,0,0.0,0.1666666666666666,0.0392631980043062,0.0,0.0,1,0,S1-929755353,S2-912916813,0
0.360655737704918,0.360655737704918,0.0454545454545454,0.0454545454545454,0.2571428571428571,0.0,0,0,0,0.0,0.1428571428571428,0.0406334849477963,0.0,0.0,0,0,S1-929755353,S2-781149967,0
0.3225806451612903,0.3225806451612903,0.0454545454545454,0.0454545454545454,0.2388059701492537,0.0,0,0,0,0.0,0.2,0.0481717168134046,0.0,0.0,0,0,S1-929755353,S2-845379475,0
0.3809523809523809,0.3809523809523809,0.1538461538461538,0.1538461538461538,0.2597402597402597,0.0,0,0,0,0.0,0.5,0.49920114693505,0.0,0.0,0,0,S1-947075175,S2-124100500,0
0.5777777777777777,0.5777777777777777,0.3703703703703703,0.3703703703703703,0.2191780821917808,0.0,0,0,0,0.0,0.25,0.2641137683664417,0.0,0.0,0,0,S1-947075175,S2-531239688,0
0.5384615384615384,0.5384615384615384,0.1176470588235294,0.1176470588235294,0.1818181818181818,0.0,0,0,0,0.0,0.3333333333333333,0.3349505529510255,0.0,0.0,0,0,S1-947075175,S2-980940119,0
0.717948717948718,0.717948717948718,0.4545454545454545,0.4545454545454545,0.4266666666666667,0.0,0,0,0,0.0,0.3333333333333333,0.3325696340964035,0.1,0.1,1,0,S1-947075175,S2-45575080,0
0.5185185185185185,0.5185185185185185,0.1111111111111111,0.1111111111111111,0.2769230769230769,0.0,0,0,0,0.0,0.3333333333333333,0.2997258539909797,0.0,0.0,0,0,S1-947075175,S2-385083686,0
0.64,0.64,0.1428571428571428,0.1428571428571428,0.3098591549295774,0.0,0,0,0,0.0,0.25,0.2683743886801158,0.0,0.0,0,0,S1-613331251,S2-425055778,0
0.45,0.45,0.16,0.16,0.2826086956521739,0.0,0,0,0,0.0,0.1428571428571428,0.1766629300096087,0.0,0.0,0,0,S1-613331251,S2-39529826,0
0.4,0.4,0.054054054054054,0.054054054054054,0.21875,0.0,0,0,0,0.0,0.1428571428571428,0.1540023483118592,0.0,0.0,0,0,S1-613331251,S2-290925791,0
0.6,0.6,0.2222222222222222,0.2222222222222222,0.24,0.0,0,0,0,0.0,0.25,0.3052791780592502,0.0,0.0,0,0,S1-613331251,S2-926272270,0
0.5,0.5,0.25,0.25,0.2894736842105263,0.0,0,0,0,0.0,0.1666666666666666,0.2151238643519181,0.0,0.0,0,0,S1-613331251,S2-409650987,0
0.5714285714285714,0.5714285714285714,0.1489361702127659,0.1489361702127659,0.247191011235955,0.0,0,0,0,0.0,0.125,0.1009027257793014,0.0,0.0,0,0,S1-242725844,S2-205661528,0
0.52,0.52,0.1875,0.1875,0.2,0.0,0,0,0,0.0,0.1666666666666666,0.1405601226677741,0.0,0.0,0,0,S1-242725844,S2-765361928,0
0.5230769230769231,0.5230769230769231,0.1590909090909091,0.1590909090909091,0.3235294117647059,0.0,0,0,0,0.0,0.125,0.110358000713666,0.0,0.0,0,0,S1-242725844,S2-287043865,0
0.5806451612903226,0.5806451612903226,0.1860465116279069,0.1860465116279069,0.1639344262295081,0.0,0,0,0,0.0,0.1666666666666666,0.2282179334089687,0.0,0.0,0,0,S1-242725844,S2-957102702,0
0.4266666666666667,0.4266666666666667,0.125,0.125,0.4507042253521127,0.0,0,0,0,0.0,0.1428571428571428,0.1482061385422122,0.1,0.1,0,0,S1-242725844,S2-100117042,0
0.5555555555555556,0.5555555555555556,0.1282051282051282,0.1282051282051282,0.2155688622754491,0.0,0,0,0,0.0,0.3333333333333333,0.1313045908144674,0.0,0.0,0,0,S1-122654163,S2-969959857,0
0.4,0.4,0.0606060606060606,0.0606060606060606,0.348993288590604,0.2,1,1,1,0.0,0.3333333333333333,0.1478002326625939,0.0454545454545454,0.0454545454545454,0,0,S1-122654163,S2-733339259,0
0.4897959183673469,0.4897959183673469,0.1176470588235294,0.1176470588235294,0.2,0.0,0,0,0,0.0,0.2857142857142857,0.1397402538954463,0.0,0.0,0,0,S1-122654163,S2-283112567,0
0.4313725490196078,0.4313725490196078,0.0256410256410256,0.0256410256410256,0.2608695652173913,0.0,0,0,0,0.0,0.125,0.0506362375374951,0.0555555555555555,0.0555555555555555,0,0,S1-122654163,S2-275925720,0
0.358974358974359,0.358974358974359,0.0689655172413793,0.0689655172413793,0.3236994219653179,0.0,0,0,0,0.0,0.2,0.090647949349154,0.0344827586206896,0.0344827586206896,0,0,S1-122654163,S2-531141698,0
0.3934426229508196,0.3934426229508196,0.0208333333333333,0.0208333333333333,0.1769911504424778,0.0,0,0,0,0.0,0.1111111111111111,0.0455126608208057,0.0,0.0,0,0,S1-559873839,S2-298039589,0
0.3809523809523809,0.3809523809523809,0.03125,0.03125,0.2037037037037037,0.0,0,0,0,0.0,0.1666666666666666,0.0693568256180407,0.0,0.0,0,0,S1-559873839,S2-47843568,0
0.35,0.35,0.0333333333333333,0.0333333333333333,0.2278481012658227,0.0,0,0,0,0.0,0.1666666666666666,0.0835690364570982,0.0384615384615384,0.0384615384615384,0,0,S1-559873839,S2-860146658,0
0.5714285714285714,0.5714285714285714,0.1904761904761904,0.1904761904761904,0.189873417721519,0.0,0,0,0,0.0,0.3333333333333333,0.1515758286143502,0.0,0.0,0,0,S1-559873839,S2-896591769,0
0.5,0.5,0.027027027027027,0.027027027027027,0.1843971631205673,0.0,0,0,0,0.0,0.1428571428571428,0.0795276931512646,0.0,0.0,0,0,S1-559873839,S2-898306750,0
0.3561643835616438,0.3561643835616438,0.0338983050847457,0.0338983050847457,0.2711864406779661,0.0,0,0,0,0.0,0.125,0.0440148971477095,0.0,0.0,0,0,S1-636713832,S2-744196606,0
0.2769230769230769,0.2769230769230769,0.0588235294117647,0.0588235294117647,0.3018867924528302,0.0,0,0,0,0.0,0.1428571428571428,0.0538816189010267,0.1111111111111111,0.1111111111111111,0,0,S1-636713832,S2-166587563,0
0.345679012345679,0.345679012345679,0.078125,0.078125,0.4363636363636363,0.0,0,0,0,0.0,0.125,0.0391261056105528,0.1111111111111111,0.1111111111111111,0,0,S1-636713832,S2-158198822,0
0.4067796610169492,0.4067796610169492,0.0425531914893617,0.0425531914893617,0.2666666666666666,0.0,0,0,0,0.0,0.1666666666666666,0.0704919711264791,0.0,0.0,1,0,S1-636713832,S2-818182180,0
0.4523809523809524,0.4523809523809524,0.0634920634920634,0.0634920634920634,0.3333333333333333,0.0,0,0,0,0.0,0.125,0.0428375628000772,0.0,0.0,0,0,S1-636713832,S2-172122533,0
0.6486486486486487,0.6486486486486487,0.2,0.2,0.2117647058823529,0.0,0,0,0,0.0,0.25,0.2812147007820736,0.0,0.0,0,0,S1-934905213,S2-699973533,0
0.4081632653061224,0.4081632653061224,0.1666666666666666,0.1666666666666666,0.0,0.0,0,0,0,0.0,0.2,0.1899175367870828,0.0,0.0,0,1,S1-934905213,S2-682651194,0
0.68,0.68,0.3870967741935484,0.3870967741935484,0.2133333333333333,0.0,0,0,0,0.0,0.25,0.2072128876798911,0.0,0.0,0,0,S1-934905213,S2-48050677,0
0.4081632653061224,0.4081632653061224,0.1666666666666666,0.1666666666666666,0.2752293577981651,0.0,0,0,0,0.0,0.25,0.1881640117925246,0.0,0.0,0,0,S1-934905213,S2-108006839,0
0.6538461538461539,0.6538461538461539,0.375,0.375,0.3296703296703296,0.0,0,0,0,0.0,0.2,0.1703291661634633,0.0,0.0,0,0,S1-934905213,S2-245623690,0
0.6666666666666666,0.6666666666666666,0.3428571428571428,0.3428571428571428,0.1677419354838709,0.0,0,0,0,0.0,0.3333333333333333,0.0929530517878984,0.0,0.0,1,0,S1-770772828,S2-813821167,0
0.5507246376811594,0.5507246376811594,0.2608695652173913,0.2608695652173913,0.0,0.0,0,0,0,0.0,0.2857142857142857,0.0876971955553565,0.0,0.0,0,1,S1-770772828,S2-439860786,0
0.6415094339622641,0.6415094339622641,0.2285714285714285,0.2285714285714285,0.2191780821917808,0.3333333333333333,1,1,1,0.0,0.1428571428571428,0.0464409258267408,0.0416666666666666,0.0416666666666666,0,0,S1-770772828,S2-125826468,0
0.6551724137931034,0.6551724137931034,0.3333333333333333,0.3333333333333333,0.2517482517482518,0.0,0,0,0,0.0,0.3333333333333333,0.0907655025400355,0.0,0.0,0,0,S1-770772828,S2-643421267,0
0.6461538461538462,0.6461538461538462,0.3170731707317073,0.3170731707317073,0.2857142857142857,0.0,0,0,0,0.0,0.2857142857142857,0.073012956447488,0.037037037037037,0.037037037037037,0,0,S1-770772828,S2-24922007,0
0.4761904761904761,0.4761904761904761,0.1034482758620689,0.1034482758620689,0.3015873015873015,0.0,0,0,0,0.0,0.1428571428571428,0.0823904763561678,0.0,0.0,0,0,S1-280892857,S2-409818790,0
0.28,0.28,0.0526315789473684,0.0526315789473684,0.2465753424657534,0.0,0,0,0,0.0,0.1428571428571428,0.0860539853815431,0.0,0.0,0,0,S1-280892857,S2-813540200,0
0.5853658536585366,0.5853658536585366,0.1481481481481481,0.1481481481481481,0.2295081967213114,0.0,0,0,0,0.0,0.3333333333333333,0.1698266005121045,0.0,0.0,0,0,S1-280892857,S2-424953715,0
0.4761904761904761,0.4761904761904761,0.0333333333333333,0.0333333333333333,0.2242990654205607,0.0,0,0,0,0.0,0.1428571428571428,0.0782400850193713,0.0,0.0,0,0,S1-280892857,S2-56174844,0
0.3404255319148936,0.3404255319148936,0.0333333333333333,0.0333333333333333,0.2150537634408602,0.0,0,0,0,0.0,0.1666666666666666,0.0849474178704507,0.0,0.0,0,0,S1-280892857,S2-215173585,0
0.4285714285714285,0.4285714285714285,0.119047619047619,0.119047619047619,0.2767295597484276,0.0,0,0,0,0.0,0.1666666666666666,0.0536024228510045,0.0,0.0,0,0,S1-89857733,S2-449031084,0
0.5797101449275363,0.5797101449275363,0.2954545454545454,0.2954545454545454,0.2211055276381909,0.0,0,0,0,0.0,0.2857142857142857,0.0974058077336781,0.0,0.0,0,0,S1-89857733,S2-547111951,0
0.6885245901639344,0.6885245901639344,0.3421052631578947,0.3421052631578947,0.2317073170731707,0.0,0,0,0,0.0,0.3333333333333333,0.1248900612872332,0.0,0.0,0,0,S1-89857733,S2-332182764,0
0.6,0.6,0.3243243243243243,0.3243243243243243,0.2176165803108808,0.0,0,0,0,0.0,0.2857142857142857,0.1025251816540449,0.0,0.0,0,0,S1-89857733,S2-234896641,0
0.5070422535211268,0.5070422535211268,0.2857142857142857,0.2857142857142857,0.176,0.0,0,0,0,0.0,0.2857142857142857,0.0998379747004658,0.0,0.0,0,0,S1-89857733,S2-326022513,0
0.3720930232558139,0.3720930232558139,0.1666666666666666,0.1666666666666666,0.1767955801104972,0.0,0,0,0,0.0,0.2,0.1739357024386241,0.0,0.0,0,0,S1-439036513,S2-116028112,0
0.4761904761904761,0.4761904761904761,0.1785714285714285,0.1785714285714285,0.1886792452830188,0.0,0,0,0,0.0,0.1666666666666666,0.1563609964096278,0.0,0.0,0,0,S1-439036513,S2-141540579,0
0.5882352941176471,0.5882352941176471,0.2272727272727272,0.2272727272727272,0.3278688524590163,0.0,0,0,0,0.0,0.25,0.2047718639727055,0.0,0.0,0,0,S1-439036513,S2-747534346,0
0.425531914893617,0.425531914893617,0.1515151515151515,0.1515151515151515,0.3357664233576642,0.0,0,0,0,0.0,0.1666666666666666,0.1572381420503175,0.0,0.0,0,0,S1-439036513,S2-670607049,0
0.3773584905660377,0.3773584905660377,0.1470588235294117,0.1470588235294117,0.2054794520547945,0.0,0,0,0,0.0,0.2,0.1990468408859972,0.0,0.0,0,0,S1-439036513,S2-91162568,0
0.3636363636363636,0.3636363636363636,0.03125,0.03125,0.0,0.0,0,0,0,0.0,0.1428571428571428,0.0444150584430844,0.0,0.0,0,1,S1-684162990,S2-340847301,0
0.4230769230769231,0.4230769230769231,0.025,0.025,0.1333333333333333,0.0,0,0,0,0.0,0.125,0.0446188663825548,0.0,0.0,0,0,S1-684162990,S2-757979022,0
0.5483870967741935,0.5483870967741935,0.0869565217391304,0.0869565217391304,0.2962962962962963,0.0,0,0,0,0.0,0.1111111111111111,0.0329824632543205,0.1111111111111111,0.1111111111111111,0,0,S1-684162990,S2-850851186,0
0.3448275862068966,0.3448275862068966,0.0227272727272727,0.0227272727272727,0.1818181818181818,0.0,0,0,0,0.0,0.125,0.0411327331535828,0.0,0.0,0,0,S1-684162990,S2-227038328,0
0.1071428571428571,0.1071428571428571,0.0227272727272727,0.0227272727272727,0.4210526315789473,0.0,0,0,0,0.0,0.125,0.040091896677553,0.1,0.1,0,0,S1-684162990,S2-95126803,0
0.4878048780487805,0.4878048780487805,0.2222222222222222,0.2222222222222222,0.2191780821917808,0.0,0,0,0,0.0,0.2,0.1708829962827365,0.0,0.0,0,0,S1-31348196,S2-208273867,0
0.5945945945945946,0.5945945945945946,0.2,0.2,0.3050847457627119,0.0,0,0,0,0.0,0.25,0.1923461679673223,0.0,0.0,0,0,S1-31348196,S2-977849217,0
0.425531914893617,0.425531914893617,0.1176470588235294,0.1176470588235294,0.1785714285714285,0.0,0,0,0,0.0,0.1666666666666666,0.1600984911119838,0.0,0.0,0,0,S1-31348196,S2-216989197,0
0.4590163934426229,0.4590163934426229,0.1333333333333333,0.1333333333333333,0.3428571428571428,0.0,0,0,0,0.0,0.1428571428571428,0.1096986484869782,0.0909090909090909,0.0909090909090909,1,0,S1-31348196,S2-981248572,0
0.5161290322580645,0.5161290322580645,0.1555555555555555,0.1555555555555555,0.1643835616438356,0.0,0,0,0,0.0,0.1428571428571428,0.1454730198601495,0.0,0.0,0,0,S1-31348196,S2-641695955,0
0.5283018867924528,0.5283018867924528,0.1282051282051282,0.1282051282051282,0.3148148148148148,0.0,0,0,0,0.0,0.1666666666666666,0.0460287985694078,0.0,0.0,0,0,S1-949267241,S2-914708788,0
0.6511627906976745,0.6511627906976745,0.1724137931034483,0.1724137931034483,0.2678571428571428,0.0,0,0,0,0.0,0.1666666666666666,0.0423769476360047,0.0,0.0,0,0,S1-949267241,S2-897631078,0
0.5818181818181818,0.5818181818181818,0.1219512195121951,0.1219512195121951,0.3291139240506329,0.0,0,0,0,0.0,0.1666666666666666,0.050197836730654,0.0,0.0,1,0,S1-949267241,S2-905511230,0
0.52,0.52,0.1388888888888889,0.1388888888888889,0.2459016393442623,0.0,0,0,0,0.0,0.1666666666666666,0.0470442144193742,0.0,0.0,0,0,S1-949267241,S2-163562817,0
0.5263157894736842,0.5263157894736842,0.1162790697674418,0.1162790697674418,0.3937007874015748,0.0,0,0,0,0.0,0.1666666666666666,0.0401885993007968,0.0526315789473684,0.0526315789473684,0,0,S1-949267241,S2-910051279,0
0.6875,0.6875,0.3,0.3,0.287037037037037,0.0,0,0,0,0.0,0.3333333333333333,0.110360029715054,0.0,0.0,0,0,S1-275146707,S2-402833662,0
0.5128205128205128,0.5128205128205128,0.2181818181818181,0.2181818181818181,0.2758620689655172,0.0,0,0,0,0.0,0.2857142857142857,0.1045260732936837,0.0,0.0,0,0,S1-275146707,S2-345070913,0
0.5172413793103449,0.5172413793103449,0.1162790697674418,0.1162790697674418,0.348314606741573,0.0,0,0,0,0.0,0.1666666666666666,0.0541737952737839,0.0,0.0,0,0,S1-275146707,S2-302419169,0
0.4333333333333333,0.4333333333333333,0.108695652173913,0.108695652173913,0.0875,0.0,0,0,0,0.0,0.1666666666666666,0.0503269656248391,0.0,0.0,0,0,S1-275146707,S2-57560836,0
0.410958904109589,0.410958904109589,0.087719298245614,0.087719298245614,0.1142857142857142,0.0,0,0,0,0.0,0.1428571428571428,0.0555819770339781,0.0,0.0,0,0,S1-275146707,S2-967937124,0
0.5714285714285714,0.5714285714285714,0.1219512195121951,0.1219512195121951,0.3308270676691729,0.0,0,0,0,0.0,0.1428571428571428,0.053985939809763,0.0,0.0,0,0,S1-758029867,S2-596850939,0
0.21875,0.21875,0.1276595744680851,0.1276595744680851,0.2127659574468085,0.0,0,0,0,0.0,0.125,0.0474916816942384,0.0,0.0,0,0,S1-758029867,S2-120668937,0
0.4,0.4,0.0975609756097561,0.0975609756097561,0.1739130434782608,0.0,0,0,0,0.0,0.1428571428571428,0.144352547342144,0.0,0.0,1,0,S1-758029867,S2-298033247,0
0.6376811594202898,0.6376811594202898,0.3571428571428571,0.3571428571428571,0.2237762237762237,0.0,0,0,0,0.0,0.2857142857142857,0.1098579733704814,0.0,0.0,0,0,S1-758029867,S2-10068244,0
0.547945205479452,0.547945205479452,0.2448979591836734,0.2448979591836734,0.3166666666666666,0.0,0,0,0,0.0,0.25,0.0928596566028433,0.0,0.0,0,0,S1-758029867,S2-921274499,0
0.5357142857142857,0.5357142857142857,0.3333333333333333,0.3333333333333333,0.1666666666666666,0.0,0,0,0,0.0,0.1666666666666666,0.1472854737989595,0.0,0.0,0,0,S1-516306199,S2-478914877,0
0.4651162790697674,0.4651162790697674,0.1333333333333333,0.1333333333333333,0.0769230769230769,0.0,0,0,0,0.0,0.2,0.1828602253880643,0.1111111111111111,0.1111111111111111,0,0,S1-516306199,S2-994473025,0
0.4074074074074074,0.4074074074074074,0.1282051282051282,0.1282051282051282,0.2181818181818181,0.0,0,0,0,0.0,0.1666666666666666,0.177475490075224,0.0,0.0,1,0,S1-516306199,S2-695837182,0
0.490566037735849,0.490566037735849,0.2571428571428571,0.2571428571428571,0.2340425531914893,0.0,0,0,0,0.0,0.2,0.1333092177341066,0.0,0.0,0,0,S1-516306199,S2-741354047,0
0.4923076923076923,0.4923076923076923,0.2162162162162162,0.2162162162162162,0.32,0.0,0,0,0,0.0,0.1428571428571428,0.1261881014494243,0.0,0.0,0,0,S1-516306199,S2-473210890,0
0.3636363636363636,0.3636363636363636,0.0416666666666666,0.0416666666666666,0.2647058823529412,0.0,0,0,0,0.0,0.2,0.0627269061436558,0.0,0.0,0,0,S1-948469712,S2-962517063,0
0.2666666666666666,0.2666666666666666,0.0204081632653061,0.0204081632653061,0.2142857142857142,0.0,0,0,0,0.0,0.1428571428571428,0.0386299584630645,0.0,0.0,0,0,S1-948469712,S2-856480464,0
0.3157894736842105,0.3157894736842105,0.0344827586206896,0.0344827586206896,0.2769230769230769,0.0,0,0,0,0.0,0.2,0.0753305778590506,0.0,0.0,0,0,S1-948469712,S2-614151004,0
0.2142857142857142,0.2142857142857142,0.0526315789473684,0.0526315789473684,0.3582089552238806,0.0,0,0,0,0.0,0.2,0.0666721339382091,0.0,0.0,0,0,S1-948469712,S2-705557169,0
0.3809523809523809,0.3809523809523809,0.0303030303030303,0.0303030303030303,0.2903225806451613,0.0,0,0,0,0.0,0.2,0.0621027377978002,0.0,0.0,0,0,S1-948469712,S2-273664851,0
0.4285714285714285,0.4285714285714285,0.1724137931034483,0.1724137931034483,0.1159420289855072,0.0,0,0,0,0.0,0.2,0.1511032408409,0.0,0.0,0,0,S1-475918590,S2-969099005,0
0.4615384615384615,0.4615384615384615,0.131578947368421,0.131578947368421,0.2666666666666666,0.0,0,0,0,0.0,0.1666666666666666,0.1431034620302207,0.0,0.0,0,0,S1-475918590,S2-509256741,0
0.3492063492063492,0.3492063492063492,0.1304347826086956,0.1304347826086956,0.2539682539682539,0.0,0,0,0,0.0,0.125,0.1030819620342086,0.0,0.0,0,0,S1-475918590,S2-616456390,0
0.4814814814814814,0.4814814814814814,0.1578947368421052,0.1578947368421052,0.2758620689655172,0.0,0,0,0,0.0,0.1666666666666666,0.1332699953093024,0.0,0.0,0,0,S1-475918590,S2-752286908,0
0.5098039215686274,0.5098039215686274,0.1666666666666666,0.1666666666666666,0.2465753424657534,0.0,0,0,0,0.0,0.1666666666666666,0.1483315462400915,0.0,0.0,0,0,S1-475918590,S2-514822327,0
0.4150943396226415,0.4150943396226415,0.0232558139534883,0.0232558139534883,0.2456140350877192,0.0,0,0,0,0.0,0.1666666666666666,0.0582443040337223,0.1,0.1,0,0,S1-661479218,S2-387699350,0
0.3529411764705882,0.3529411764705882,0.024390243902439,0.024390243902439,0.4745762711864407,0.0,0,0,0,0.0,0.1666666666666666,0.0523342641933525,0.0,0.0,0,0,S1-661479218,S2-447527788,0
0.3673469387755102,0.3673469387755102,0.0256410256410256,0.0256410256410256,0.2258064516129032,0.0,0,0,0,0.0,0.1666666666666666,0.0487235338948614,0.0,0.0,0,0,S1-661479218,S2-117572206,0
0.3728813559322034,0.3728813559322034,0.0208333333333333,0.0208333333333333,0.2142857142857142,0.0,0,0,0,0.0,0.1428571428571428,0.0485293843733526,0.0,0.0,0,0,S1-661479218,S2-995054291,0
0.3448275862068966,0.3448275862068966,0.0212765957446808,0.0212765957446808,0.21875,0.0,0,0,0,0.0,0.1428571428571428,0.0569294288728548,0.0,0.0,0,0,S1-661479218,S2-922992764,0
0.5666666666666667,0.5666666666666667,0.108695652173913,0.108695652173913,0.175438596491228,0.0,0,0,0,0.0,0.1666666666666666,0.1398326240002092,0.0,0.0,0,0,S1-832907659,S2-998750643,0
0.3582089552238806,0.3582089552238806,0.1632653061224489,0.1632653061224489,0.4406779661016949,0.0,0,0,0,0.0,0.1428571428571428,0.152480681758621,0.0,0.0,0,0,S1-832907659,S2-51937755,0
0.5454545454545454,0.5454545454545454,0.2432432432432432,0.2432432432432432,0.3050847457627119,0.0,0,0,0,0.0,0.1666666666666666,0.1894067144542117,0.0,0.0,1,0,S1-832907659,S2-756065363,0
0.5416666666666666,0.5416666666666666,0.2580645161290322,0.2580645161290322,0.1311475409836065,0.0,0,0,0,0.0,0.2,0.2463896748930966,0.0,0.0,0,0,S1-832907659,S2-551627072,0
0.625,0.625,0.1702127659574468,0.1702127659574468,0.3389830508474576,0.0,0,0,0,0.0,0.1666666666666666,0.1740498189103605,0.0,0.0,0,0,S1-832907659,S2-325623765,0
0.4705882352941176,0.4705882352941176,0.0833333333333333,0.0833333333333333,0.2608695652173913,0.0,0,0,0,0.0,0.2,0.0981530120359965,0.0,0.0,1,0,S1-494229928,S2-411703061,0
0.3181818181818182,0.3181818181818182,0.0588235294117647,0.0588235294117647,0.1758241758241758,0.0,0,0,0,0.0,0.2,0.1230573381715176,0.0,0.0,0,0,S1-494229928,S2-449200613,0
0.4,0.4,0.0666666666666666,0.0666666666666666,0.0,0.0,0,0,0,0.0,0.2,0.0989979537384188,0.0,0.0,0,1,S1-494229928,S2-9662497,0
0.3448275862068966,0.3448275862068966,0.0454545454545454,0.0454545454545454,0.2528735632183908,0.0,0,0,0,0.0,0.1428571428571428,0.0847908463347321,0.0,0.0,0,0,S1-494229928,S2-965631748,0
0.4117647058823529,0.4117647058823529,0.1304347826086956,0.1304347826086956,0.32,0.0,0,0,0,0.0,0.2,0.1014246628494867,0.0,0.0,0,0,S1-494229928,S2-489965798,0
0.4081632653061224,0.4081632653061224,0.0263157894736842,0.0263157894736842,0.3304347826086956,0.0,0,0,0,0.0,0.1428571428571428,0.0659227301186013,0.0588235294117647,0.0588235294117647,0,0,S1-327546569,S2-647757722,0
0.4081632653061224,0.4081632653061224,0.1176470588235294,0.1176470588235294,0.3111111111111111,0.0,0,0,0,0.0,0.2857142857142857,0.1149530135015004,0.0526315789473684,0.0526315789473684,0,0,S1-327546569,S2-310374511,0
0.4102564102564102,0.4102564102564102,0.0344827586206896,0.0344827586206896,0.180327868852459,0.0,0,0,0,0.0,0.1666666666666666,0.0708190865755031,0.0,0.0,1,0,S1-327546569,S2-70034896,0
0.5909090909090909,0.5909090909090909,0.0303030303030303,0.0303030303030303,0.3355704697986577,0.0,0,0,0,0.0,0.1428571428571428,0.0599531653254221,0.05,0.0499999999999999,0,0,S1-327546569,S2-163610014,0
0.4210526315789473,0.4210526315789473,0.04,0.04,0.1636363636363636,0.3333333333333333,1,1,1,0.0,0.1666666666666666,0.0655649811055512,0.0,0.0,0,0,S1-327546569,S2-186453060,0
0.5185185185185185,0.5185185185185185,0.2162162162162162,0.2162162162162162,0.1833333333333333,0.0,0,0,0,0.0,0.1666666666666666,0.1454205729517145,0.0,0.0,0,0,S1-705632806,S2-821320066,0
0.6363636363636364,0.6363636363636364,0.2857142857142857,0.2857142857142857,0.2204724409448819,0.0,0,0,0,0.0,0.2,0.1537761178861103,0.0476190476190476,0.0476190476190476,0,0,S1-705632806,S2-15094373,0
0.5777777777777777,0.5777777777777777,0.125,0.125,0.1587301587301587,0.0,0,0,0,0.0,0.1666666666666666,0.1156912624040314,0.0,0.0,0,0,S1-705632806,S2-80601450,0
0.4888888888888889,0.4888888888888889,0.1212121212121212,0.1212121212121212,0.1889763779527559,0.0,0,0,0,0.0,0.2,0.1329758425067088,0.0,0.0,0,0,S1-705632806,S2-428794986,0
0.5217391304347826,0.5217391304347826,0.088235294117647,0.088235294117647,0.1052631578947368,0.0,0,0,0,0.0,0.1666666666666666,0.0925209832588714,0.0,0.0,0,0,S1-705632806,S2-684030010,0
0.3703703703703703,0.3703703703703703,0.1025641025641025,0.1025641025641025,0.3333333333333333,0.0,0,0,0,0.0,0.125,0.1691225210258674,0.0,0.0,0,0,S1-312568916,S2-76928943,0
0.3692307692307692,0.3692307692307692,0.1489361702127659,0.1489361702127659,0.2894736842105263,0.0,0,0,0,0.0,0.2857142857142857,0.1359933678817057,0.0,0.0,1,0,S1-312568916,S2-352991857,0
0.2985074626865671,0.2985074626865671,0.0588235294117647,0.0588235294117647,0.0579710144927536,0.0,0,0,0,0.0,0.1111111111111111,0.0423877936548794,0.0,0.0,1,0,S1-312568916,S2-823799724,0
0.1917808219178082,0.1917808219178082,0.0169491525423728,0.0169491525423728,0.2816901408450704,0.0,0,0,0,0.0,0.1,0.0384084161891266,0.0,0.0,0,0,S1-312568916,S2-764713035,0
0.3478260869565217,0.3478260869565217,0.1176470588235294,0.1176470588235294,0.1967213114754098,0.0,0,0,0,0.0,0.1111111111111111,0.0676934551978833,0.0,0.0,0,0,S1-312568916,S2-290330398,0
0.3333333333333333,0.3333333333333333,0.037037037037037,0.037037037037037,0.0,0.0,0,0,0,0.0,0.2,0.0498518513829559,0.0,0.0,0,1,S1-238510563,S2-134786728,0
0.3636363636363636,0.3636363636363636,0.0294117647058823,0.0294117647058823,0.3076923076923077,0.0,0,0,0,0.0,0.1666666666666666,0.0524218059221218,0.0,0.0,0,0,S1-238510563,S2-872811710,0
0.375,0.375,0.0263157894736842,0.0263157894736842,0.2258064516129032,0.0,0,0,0,0.0,0.1666666666666666,0.046628342020208,0.0,0.0,0,0,S1-238510563,S2-328087625,0
0.2666666666666666,0.2666666666666666,0.0606060606060606,0.0606060606060606,0.3157894736842105,0.0,0,0,0,0.0,0.1428571428571428,0.0526030458796603,0.0,0.0,0,0,S1-238510563,S2-702711349,0
0.4,0.4,0.0303030303030303,0.0303030303030303,0.3214285714285714,0.0,0,0,0,0.0,0.125,0.0366153359309863,0.1111111111111111,0.1111111111111111,0,0,S1-238510563,S2-841028739,0
0.3859649122807017,0.3859649122807017,0.1428571428571428,0.1428571428571428,0.2033898305084746,0.0,0,0,0,0.0,0.1666666666666666,0.1410471650190414,0.0,0.0,0,0,S1-960588220,S2-281474997,0
0.5161290322580645,0.5161290322580645,0.1590909090909091,0.1590909090909091,0.360655737704918,0.0,0,0,0,0.0,0.1428571428571428,0.1573360613934565,0.0,0.0,0,0,S1-960588220,S2-805542087,0
0.5853658536585366,0.5853658536585366,0.2592592592592592,0.2592592592592592,0.3636363636363636,0.0,0,0,0,0.0,0.25,0.2193611851639164,0.0,0.0,0,0,S1-960588220,S2-532077776,0
0.5581395348837209,0.5581395348837209,0.2,0.2,0.2647058823529412,0.0,0,0,0,0.0,0.25,0.1920839099621933,0.0,0.0,0,0,S1-960588220,S2-437668353,0
0.5185185185185185,0.5185185185185185,0.1538461538461538,0.1538461538461538,0.2295081967213114,0.0,0,0,0,0.0,0.1666666666666666,0.1539299913591275,0.0,0.0,0,0,S1-960588220,S2-573767331,0
0.3225806451612903,0.3225806451612903,0.1,0.1,0.1739130434782608,0.0,0,0,0,0.0,0.2,0.0559552959628716,0.0,0.0,0,0,S1-691836374,S2-340596995,0
0.3888888888888889,0.3888888888888889,0.037037037037037,0.037037037037037,0.2222222222222222,0.0,0,0,0,0.0,0.2,0.0534161680931971,0.0,0.0,0,0,S1-691836374,S2-7194237,0
0.4444444444444444,0.4444444444444444,0.037037037037037,0.037037037037037,0.1891891891891892,0.0,0,0,0,0.0,0.2,0.0581550819843678,0.0,0.0,0,0,S1-691836374,S2-645004667,0
0.3703703703703703,0.3703703703703703,0.0526315789473684,0.0526315789473684,0.208955223880597,0.0,0,0,0,0.0,0.25,0.0653721694820359,0.0,0.0,0,0,S1-691836374,S2-477139090,0
0.2857142857142857,0.2857142857142857,0.03125,0.03125,0.2795698924731182,0.0,0,0,0,0.0,0.1666666666666666,0.0524759771829043,0.0,0.0,1,0,S1-691836374,S2-989511509,0
0.3870967741935484,0.3870967741935484,0.0434782608695652,0.0434782608695652,0.2285714285714285,0.0,0,0,0,0.0,0.25,0.0846341628516501,0.0909090909090909,0.0909090909090909,0,0,S1-223494807,S2-8864337,0
0.4,0.4,0.025,0.025,0.3870967741935484,0.0,0,0,0,0.0,0.1666666666666666,0.0611751068724425,0.0,0.0,0,0,S1-223494807,S2-465632655,0
0.1111111111111111,0.1111111111111111,0.0227272727272727,0.0227272727272727,0.3103448275862069,0.0,0,0,0,0.0,0.1666666666666666,0.0493749603349828,0.1818181818181818,0.1818181818181818,0,0,S1-223494807,S2-998750643,0
0.3773584905660377,0.3773584905660377,0.0476190476190476,0.0476190476190476,0.2647058823529412,0.0,0,0,0,0.0,0.1666666666666666,0.0623202835927538,0.0,0.0,0,0,S1-223494807,S2-404808832,0
0.3043478260869565,0.3043478260869565,0.027027027027027,0.027027027027027,0.28125,0.0,0,0,0,0.0,0.2,0.0807383293019503,0.0,0.0,0,0,S1-223494807,S2-688170720,0
0.4375,0.4375,0.15,0.15,0.2352941176470588,0.0,0,0,0,0.0,0.1666666666666666,0.1836415657625111,0.0,0.0,0,0,S1-72184102,S2-948713964,0
0.4285714285714285,0.4285714285714285,0.1764705882352941,0.1764705882352941,0.2142857142857142,0.0,0,0,0,0.0,0.2,0.2510770175078037,0.0,0.0,0,0,S1-72184102,S2-342620452,0
0.4,0.4,0.1304347826086956,0.1304347826086956,0.2608695652173913,0.0,0,0,0,0.0,0.1666666666666666,0.1954662181946469,0.0,0.0,0,0,S1-72184102,S2-385607903,0
0.4210526315789473,0.4210526315789473,0.12,0.12,0.2142857142857142,0.0,0,0,0,0.0,0.1666666666666666,0.2115522445329659,0.0,0.0,0,0,S1-72184102,S2-28598847,0
0.5,0.5,0.2142857142857142,0.2142857142857142,0.25,0.0,0,0,0,0.0,0.25,0.2381371748277561,0.0,0.0,0,0,S1-72184102,S2-297846109,0
0.5098039215686274,0.5098039215686274,0.1388888888888889,0.1388888888888889,0.4137931034482758,0.0,0,0,0,0.0,0.1428571428571428,0.1137998163415852,0.0,0.0,0,0,S1-302443570,S2-253226297,0
0.4561403508771929,0.4561403508771929,0.119047619047619,0.119047619047619,0.2022471910112359,0.0,0,0,0,0.0,0.1428571428571428,0.1072088026559076,0.0,0.0,0,0,S1-302443570,S2-806176428,0
0.4727272727272727,0.4727272727272727,0.125,0.125,0.4081632653061224,0.0,0,0,0,0.0,0.1428571428571428,0.1142042009955556,0.0,0.0,0,0,S1-302443570,S2-64190827,0
0.2978723404255319,0.2978723404255319,0.1935483870967742,0.1935483870967742,0.0784313725490196,0.0,0,0,0,0.0,0.1666666666666666,0.1189914159271047,0.0,0.0,0,0,S1-302443570,S2-419442714,0
0.5333333333333333,0.5333333333333333,0.2413793103448276,0.2413793103448276,0.2127659574468085,0.0,0,0,0,0.0,0.4,0.4469269598762335,0.0,0.0,0,0,S1-302443570,S2-632056567,0
0.4,0.4,0.0476190476190476,0.0476190476190476,0.2686567164179104,0.0,0,0,0,0.0,0.2,0.067226336494881,0.0,0.0,0,0,S1-434653254,S2-536311621,0
0.4516129032258064,0.4516129032258064,0.0454545454545454,0.0454545454545454,0.4516129032258064,0.0,0,0,0,0.0,0.2,0.0549576940649761,0.1111111111111111,0.1111111111111111,0,0,S1-434653254,S2-101663824,0
0.4313725490196078,0.4313725490196078,0.024390243902439,0.024390243902439,0.4137931034482758,0.0,0,0,0,0.0,0.1666666666666666,0.0497583477748718,0.0,0.0,0,0,S1-434653254,S2-759202208,0
0.4705882352941176,0.4705882352941176,0.04,0.04,0.2424242424242424,0.0,0,0,0,0.0,0.2,0.0648827400396036,0.0,0.0,0,0,S1-434653254,S2-911676239,0
0.5142857142857142,0.5142857142857142,0.04,0.04,0.3076923076923077,0.0,0,0,0,0.0,0.2,0.0615853960736036,0.0,0.0,0,0,S1-434653254,S2-345140923,0
0.5348837209302325,0.5348837209302325,0.2857142857142857,0.2857142857142857,0.124223602484472,0.0,0,0,0,0.0,0.2857142857142857,0.1093555765388675,0.0,0.0,0,0,S1-823756114,S2-348975730,0
0.4444444444444444,0.4444444444444444,0.1612903225806451,0.1612903225806451,0.1418439716312056,0.0,0,0,0,0.0,0.1666666666666666,0.0651140806487115,0.05,0.0499999999999999,0,0,S1-823756114,S2-632041315,0
0.6181818181818182,0.6181818181818182,0.3636363636363636,0.3636363636363636,0.2439024390243902,0.0,0,0,0,0.0,0.3333333333333333,0.1277727443140218,0.037037037037037,0.037037037037037,0,0,S1-823756114,S2-358837268,0
0.5625,0.5625,0.1555555555555555,0.1555555555555555,0.2878787878787879,0.0,0,0,0,0.0,0.125,0.0461516674826028,0.05,0.0499999999999999,0,0,S1-823756114,S2-889810114,0
0.6666666666666666,0.6666666666666666,0.3529411764705882,0.3529411764705882,0.267379679144385,0.0,0,0,0,0.0,0.2857142857142857,0.1068914641506273,0.0416666666666666,0.0416666666666666,0,0,S1-823756114,S2-535432254,0
0.3404255319148936,0.3404255319148936,0.0588235294117647,0.0588235294117647,0.2727272727272727,0.0,0,0,0,0.0,0.1428571428571428,0.0442679516378244,0.0,0.0,0,0,S1-221803886,S2-614633565,0
0.2666666666666666,0.2666666666666666,0.0285714285714285,0.0285714285714285,0.2686567164179104,0.0,0,0,0,0.0,0.1666666666666666,0.0592891298613003,0.0,0.0,0,0,S1-221803886,S2-674212082,0
0.4583333333333333,0.4583333333333333,0.027027027027027,0.027027027027027,0.2941176470588235,0.0,0,0,0,0.0,0.1428571428571428,0.0419763371608819,0.0,0.0,0,0,S1-221803886,S2-728272369,0
0.2758620689655172,0.2758620689655172,0.0434782608695652,0.0434782608695652,0.2424242424242424,0.0,0,0,0,0.0,0.1428571428571428,0.0469696009459091,0.0,0.0,0,0,S1-221803886,S2-122244394,0
0.32,0.32,0.0526315789473684,0.0526315789473684,0.3582089552238806,0.0,0,0,0,0.0,0.1428571428571428,0.0425066652133786,0.0,0.0,0,0,S1-221803886,S2-60516926,0
0.425531914893617,0.425531914893617,0.0277777777777777,0.0277777777777777,0.3103448275862069,0.0,0,0,0,0.0,0.1666666666666666,0.0600148187938214,0.0,0.0,0,0,S1-667597349,S2-902514120,0
0.3157894736842105,0.3157894736842105,0.0714285714285714,0.0714285714285714,0.2686567164179104,0.0,0,0,0,0.0,0.2,0.0664743900950983,0.0,0.0,0,0,S1-667597349,S2-130027829,0
0.3846153846153846,0.3846153846153846,0.0238095238095238,0.0238095238095238,0.303030303030303,0.0,0,0,0,0.0,0.1666666666666666,0.0690495004579177,0.0,0.0,0,0,S1-667597349,S2-970651271,0
0.2641509433962264,0.2641509433962264,0.0232558139534883,0.0232558139534883,0.2121212121212121,0.0,0,0,0,0.0,0.1666666666666666,0.0678985081655732,0.0,0.0,0,0,S1-667597349,S2-631521974,0
0.4285714285714285,0.4285714285714285,0.0294117647058823,0.0294117647058823,0.2333333333333333,0.0,0,0,0,0.0,0.25,0.0762312838001308,0.0,0.0,0,0,S1-667597349,S2-389863793,0
0.2631578947368421,0.2631578947368421,0.0357142857142857,0.0357142857142857,0.3428571428571428,0.0,0,0,0,0.0,0.1666666666666666,0.0620545485093248,0.0,0.0,0,0,S1-511913930,S2-563590478,0
0.3255813953488372,0.3255813953488372,0.032258064516129,0.032258064516129,0.2545454545454545,0.0,0,0,0,0.0,0.125,0.0518628319247662,0.0,0.0,0,0,S1-511913930,S2-860446818,0
0.4705882352941176,0.4705882352941176,0.04,0.04,0.3050847457627119,0.0,0,0,0,0.0,0.2,0.0674275544775575,0.0,0.0,0,0,S1-511913930,S2-439111519,0
0.3157894736842105,0.3157894736842105,0.0357142857142857,0.0357142857142857,0.2758620689655172,0.0,0,0,0,0.0,0.1666666666666666,0.0606776907202906,0.0,0.0,1,0,S1-511913930,S2-803601652,0
0.4571428571428571,0.4571428571428571,0.0384615384615384,0.0384615384615384,0.2,0.0,0,0,0,0.0,0.2,0.0903559531799008,0.0,0.0,0,0,S1-511913930,S2-116771117,0
0.3773584905660377,0.3773584905660377,0.0238095238095238,0.0238095238095238,0.28125,0.0,0,0,0,0.0,0.1428571428571428,0.0517086802980175,0.0,0.0,0,0,S1-391448154,S2-426945415,0
0.4848484848484848,0.4848484848484848,0.0416666666666666,0.0416666666666666,0.4594594594594595,0.0,0,0,0,0.0,0.2,0.065686254142508,0.0909090909090909,0.0909090909090909,0,0,S1-391448154,S2-846306239,0
0.4,0.4,0.054054054054054,0.054054054054054,0.2816901408450704,0.0,0,0,0,0.0,0.125,0.0364367315486037,0.0,0.0,0,0,S1-391448154,S2-615406054,0
0.3829787234042553,0.3829787234042553,0.027027027027027,0.027027027027027,0.2121212121212121,0.0,0,0,0,0.0,0.1666666666666666,0.049670222325463,0.0,0.0,0,0,S1-391448154,S2-184852057,0
0.3902439024390244,0.3902439024390244,0.03125,0.03125,0.1904761904761904,0.0,0,0,0,0.0,0.2,0.0845780930030156,0.0,0.0,1,0,S1-391448154,S2-722296000,0
0.5106382978723404,0.5106382978723404,0.0285714285714285,0.0285714285714285,0.3333333333333333,0.0,0,0,0,0.0,0.1428571428571428,0.0498534303498119,0.0,0.0,0,0,S1-989876418,S2-9548791,0
0.4137931034482758,0.4137931034482758,0.0930232558139534,0.0930232558139534,0.4210526315789473,0.0,0,0,0,0.0,0.125,0.1079089183642652,0.0,0.0,0,0,S1-989876418,S2-898911648,0
0.4583333333333333,0.4583333333333333,0.027027027027027,0.027027027027027,0.2962962962962963,0.0,0,0,0,0.0,0.1428571428571428,0.0489717684379076,0.0,0.0,0,0,S1-989876418,S2-989792480,0
0.4390243902439024,0.4390243902439024,0.0666666666666666,0.0666666666666666,0.4193548387096774,0.0,0,0,0,0.0,0.1666666666666666,0.0620441346968467,0.0,0.0,0,0,S1-989876418,S2-919896803,0
0.1304347826086956,0.1304347826086956,0.0277777777777777,0.0277777777777777,0.3214285714285714,0.0,0,0,0,0.0,0.1666666666666666,0.0524113282534502,0.0,0.0,1,0,S1-989876418,S2-813063237,0
0.3018867924528302,0.3018867924528302,0.025,0.025,0.3043478260869565,0.0,0,0,0,0.0,0.125,0.0464606033822785,0.0,0.0,0,0,S1-721721262,S2-522932425,0
0.5185185185185185,0.5185185185185185,0.075,0.075,0.2352941176470588,0.0,0,0,0,0.0,0.125,0.0446101909634041,0.1111111111111111,0.1111111111111111,0,0,S1-721721262,S2-50049609,0
0.3142857142857143,0.3142857142857143,0.0363636363636363,0.0363636363636363,0.3272727272727272,0.0,0,0,0,0.0,0.1,0.035891811223483,0.0,0.0,0,0,S1-721721262,S2-125905488,0
0.375,0.375,0.088235294117647,0.088235294117647,0.4074074074074074,0.0,0,0,0,0.0,0.125,0.0480214885133495,0.1111111111111111,0.1111111111111111,0,0,S1-721721262,S2-825869316,0
0.360655737704918,0.360655737704918,0.0204081632653061,0.0204081632653061,0.1785714285714285,0.0,0,0,0,0.0,0.125,0.0460344705434829,0.0,0.0,0,0,S1-721721262,S2-981631442,0
0.5490196078431373,0.5490196078431373,0.1351351351351351,0.1351351351351351,0.3225806451612903,0.0,0,0,0,0.0,0.1666666666666666,0.1890965094135526,0.0,0.0,0,0,S1-459742987,S2-842320893,0
0.4347826086956521,0.4347826086956521,0.15625,0.15625,0.2068965517241379,0.0,0,0,0,0.0,0.1666666666666666,0.2011636071920817,0.0,0.0,0,0,S1-459742987,S2-510236354,0
0.4,0.4,0.1842105263157894,0.1842105263157894,0.3278688524590163,0.0,0,0,0,0.0,0.1428571428571428,0.1424133962793071,0.0,0.0,0,0,S1-459742987,S2-291459119,0
0.4680851063829787,0.4680851063829787,0.1515151515151515,0.1515151515151515,0.2461538461538461,0.0,0,0,0,0.0,0.1666666666666666,0.1957087466254067,0.0,0.0,0,0,S1-459742987,S2-999502310,0
0.4642857142857143,0.4642857142857143,0.1891891891891892,0.1891891891891892,0.2622950819672131,0.0,0,0,0,0.0,0.1428571428571428,0.1699798993079129,0.0,0.0,0,0,S1-459742987,S2-893619739,0
0.5573770491803278,0.5573770491803278,0.2857142857142857,0.2857142857142857,0.264367816091954,0.0,0,0,0,0.0,0.3333333333333333,0.1300515887060207,0.0434782608695652,0.0434782608695652,0,0,S1-40537017,S2-184438804,0
0.631578947368421,0.631578947368421,0.3428571428571428,0.3428571428571428,0.4079601990049751,0.0,0,0,0,0.0,0.3333333333333333,0.1430755634856546,0.1538461538461538,0.1538461538461538,1,0,S1-40537017,S2-442028055,0
0.6551724137931034,0.6551724137931034,0.3714285714285714,0.3714285714285714,0.2944162436548223,0.0,0,0,0,0.0,0.3333333333333333,0.1350873229515813,0.0869565217391304,0.0869565217391304,0,0,S1-40537017,S2-275710720,0
0.5769230769230769,0.5769230769230769,0.3125,0.3125,0.2469135802469135,0.0,0,0,0,0.0,0.3333333333333333,0.1223275734237664,0.0,0.0,0,0,S1-40537017,S2-418775869,0
0.6037735849056604,0.6037735849056604,0.34375,0.34375,0.1183431952662721,0.0,0,0,0,0.0,0.3333333333333333,0.144683860903232,0.0,0.0,0,0,S1-40537017,S2-227451682,0
0.4166666666666667,0.4166666666666667,0.054054054054054,0.054054054054054,0.25,0.0,0,0,0,0.0,0.1666666666666666,0.1908580101381041,0.0,0.0,0,0,S1-484248349,S2-404808832,0
0.3720930232558139,0.3720930232558139,0.0606060606060606,0.0606060606060606,0.34375,0.0,0,0,0,0.0,0.2,0.1770569739496399,0.0,0.0,0,0,S1-484248349,S2-496322946,0
0.6,0.6,0.2105263157894736,0.2105263157894736,0.2033898305084746,0.0,0,0,0,0.0,0.25,0.2081831544943212,0.0,0.0,0,0,S1-484248349,S2-823508201,0
0.4571428571428571,0.4571428571428571,0.1739130434782608,0.1739130434782608,0.2545454545454545,0.0,0,0,0,0.0,0.2,0.1562676102083512,0.0,0.0,1,0,S1-484248349,S2-817663282,0
0.5142857142857142,0.5142857142857142,0.1739130434782608,0.1739130434782608,0.3076923076923077,0.0,0,0,0,0.0,0.2,0.1913598957773319,0.0,0.0,0,0,S1-484248349,S2-375734217,0
0.3684210526315789,0.3684210526315789,0.0344827586206896,0.0344827586206896,0.3461538461538461,0.0,0,0,0,0.0,0.2,0.0612668609409255,0.0,0.0,0,0,S1-506604742,S2-48382745,0
0.4210526315789473,0.4210526315789473,0.074074074074074,0.074074074074074,0.3157894736842105,0.0,0,0,0,0.0,0.1666666666666666,0.046805281331288,0.0,0.0,0,0,S1-506604742,S2-439127618,0
0.3478260869565217,0.3478260869565217,0.0571428571428571,0.0571428571428571,0.3846153846153846,0.0,0,0,0,0.0,0.1666666666666666,0.0490429862850982,0.0,0.0,0,0,S1-506604742,S2-200977389,0
0.4,0.4,0.08,0.08,0.2857142857142857,0.0,0,0,0,0.0,0.2,0.0517689387804285,0.0,0.0,0,0,S1-506604742,S2-48963502,0
0.3888888888888889,0.3888888888888889,0.037037037037037,0.037037037037037,0.2033898305084746,0.0,0,0,0,0.0,0.2,0.0571529632736579,0.0,0.0,0,0,S1-506604742,S2-768706815,0
0.5633802816901409,0.5633802816901409,0.2448979591836734,0.2448979591836734,0.2439024390243902,0.0,0,0,0,0.0,0.3333333333333333,0.0853308622916263,0.0,0.0,0,0,S1-954436551,S2-686180731,0
0.5263157894736842,0.5263157894736842,0.2692307692307692,0.2692307692307692,0.1945945945945946,0.0,0,0,0,0.0,0.3333333333333333,0.0950314553979345,0.0,0.0,1,0,S1-954436551,S2-460356932,0
0.6060606060606061,0.6060606060606061,0.1666666666666666,0.1666666666666666,0.0,0.0,0,0,0,0.0,0.1428571428571428,0.0390284215446527,0.0,0.0,0,1,S1-954436551,S2-41446613,0
0.6333333333333333,0.6333333333333333,0.3157894736842105,0.3157894736842105,0.0727272727272727,0.0,0,0,0,0.0,0.3333333333333333,0.102647905338516,0.0,0.0,0,0,S1-954436551,S2-914180464,0
0.5230769230769231,0.5230769230769231,0.1702127659574468,0.1702127659574468,0.3010752688172043,0.0,0,0,0,0.0,0.1428571428571428,0.0460849613370372,0.0,0.0,0,0,S1-954436551,S2-635160704,0
0.5,0.5,0.2142857142857142,0.2142857142857142,0.1830065359477124,0.0,0,0,0,0.0,0.1428571428571428,0.1914109115701589,0.0,0.0,0,0,S1-342735299,S2-613289210,0
0.6285714285714286,0.6285714285714286,0.2857142857142857,0.2857142857142857,0.3243243243243243,0.0,0,0,0,0.0,0.2,0.200253834613679,0.0,0.0,0,0,S1-342735299,S2-325441670,0
0.5128205128205128,0.5128205128205128,0.2608695652173913,0.2608695652173913,0.2993197278911564,0.0,0,0,0,0.0,0.1428571428571428,0.1864125522695454,0.04,0.0399999999999999,0,0,S1-342735299,S2-455703324,0
0.6,0.6,0.0476190476190476,0.0476190476190476,0.1636363636363636,0.0,0,0,0,0.0,0.2,0.3024372220459191,0.0,0.0,0,0,S1-342735299,S2-285915845,0
0.4230769230769231,0.4230769230769231,0.2413793103448276,0.2413793103448276,0.1958041958041958,0.0,0,0,0,0.0,0.1666666666666666,0.1970610668191072,0.0,0.0,0,0,S1-342735299,S2-292077262,0
0.4838709677419355,0.4838709677419355,0.1333333333333333,0.1333333333333333,0.2087912087912088,0.0,0,0,0,0.0,0.125,0.0569533459163627,0.0,0.0,0,0,S1-571434104,S2-410170278,0
0.375,0.375,0.1515151515151515,0.1515151515151515,0.2222222222222222,0.0,0,0,0,0.0,0.1428571428571428,0.0556050538013353,0.05,0.0499999999999999,0,0,S1-571434104,S2-632041315,0
0.5230769230769231,0.5230769230769231,0.125,0.125,0.2,0.0,0,0,0,0.0,0.125,0.0547333331389192,0.0,0.0,0,0,S1-571434104,S2-931481524,0
0.4727272727272727,0.4727272727272727,0.1538461538461538,0.1538461538461538,0.3505154639175257,0.0,0,0,0,0.0,0.1428571428571428,0.054312313516593,0.1071428571428571,0.1071428571428571,0,0,S1-571434104,S2-586047930,0
0.3870967741935484,0.3870967741935484,0.238095238095238,0.238095238095238,0.2158273381294964,0.0,0,0,0,0.0,0.1428571428571428,0.0468749074166905,0.0,0.0,0,0,S1-571434104,S2-698003351,0
0.48,0.48,0.1714285714285714,0.1714285714285714,0.3448275862068966,0.0,0,0,0,0.0,0.1666666666666666,0.1757445156983612,0.0,0.0,0,0,S1-549789461,S2-217146842,0
0.4736842105263157,0.4736842105263157,0.3181818181818182,0.3181818181818182,0.4193548387096774,0.0,0,0,0,0.0,0.2,0.207926916627245,0.0,0.0,0,0,S1-549789461,S2-42284542,0
0.4285714285714285,0.4285714285714285,0.1794871794871795,0.1794871794871795,0.3389830508474576,0.0,0,0,0,0.0,0.1428571428571428,0.1176813827506473,0.0,0.0,0,0,S1-549789461,S2-908962117,0
0.3829787234042553,0.3829787234042553,0.21875,0.21875,0.3283582089552239,0.0,0,0,0,0.0,0.2,0.1904938372653619,0.0,0.0,0,0,S1-549789461,S2-355605961,0
0.5217391304347826,0.5217391304347826,0.2,0.2,0.3278688524590163,0.0,0,0,0,0.0,0.1666666666666666,0.1760183528958108,0.0,0.0,0,0,S1-549789461,S2-630221771,0
0.5185185185185185,0.5185185185185185,0.1578947368421052,0.1578947368421052,0.1739130434782608,0.0,0,0,0,0.0,0.1428571428571428,0.0597890921182585,0.0,0.0,0,0,S1-664729349,S2-492775246,0
0.6551724137931034,0.6551724137931034,0.3333333333333333,0.3333333333333333,0.28,0.0,0,0,0,0.0,0.3333333333333333,0.0983818465102575,0.0,0.0,0,0,S1-664729349,S2-55842670,0
0.3333333333333333,0.3333333333333333,0.2564102564102564,0.2564102564102564,0.3235294117647059,0.0,0,0,0,0.0,0.2857142857142857,0.0969607395487836,0.05,0.0499999999999999,0,0,S1-664729349,S2-27123985,0
0.4528301886792453,0.4528301886792453,0.131578947368421,0.131578947368421,0.3333333333333333,0.0,0,0,0,0.0,0.1428571428571428,0.0513202876274901,0.0,0.0,1,0,S1-664729349,S2-107599668,0
0.490566037735849,0.490566037735849,0.131578947368421,0.131578947368421,0.2900763358778626,0.0,0,0,0,0.0,0.1428571428571428,0.0481116103792697,0.0,0.0,0,0,S1-664729349,S2-421389689,0
0.5,0.5,0.1111111111111111,0.1111111111111111,0.3174603174603174,0.0,0,0,0,0.0,0.2,0.1710538998884795,0.0,0.0,1,0,S1-481652414,S2-847076055,0
0.75,0.75,0.5161290322580645,0.5161290322580645,0.2153846153846154,0.0,0,0,0,0.0,0.4,0.4491939798925054,0.0,0.0,0,0,S1-481652414,S2-829703729,0
0.5217391304347826,0.5217391304347826,0.1875,0.1875,0.3783783783783784,0.0,0,0,0,0.0,0.2,0.1720787946688091,0.0,0.0,0,0,S1-481652414,S2-860570502,0
0.2580645161290322,0.2580645161290322,0.0833333333333333,0.0833333333333333,0.3896103896103896,0.0,0,0,0,0.0,0.1428571428571428,0.1215998757628232,0.0714285714285714,0.0714285714285714,0,0,S1-481652414,S2-69883486,0
0.46875,0.46875,0.1428571428571428,0.1428571428571428,0.2622950819672131,0.0,0,0,0,0.0,0.2,0.1603584229775146,0.0,0.0,1,0,S1-481652414,S2-13797002,0
0.5818181818181818,0.5818181818181818,0.25,0.25,0.2657342657342657,0.0,0,0,0,0.0,0.1666666666666666,0.0646050888148542,0.0555555555555555,0.0555555555555555,0,0,S1-273826809,S2-602534523,0
0.4444444444444444,0.4444444444444444,0.125,0.125,0.2424242424242424,0.0,0,0,0,0.0,0.1666666666666666,0.0537006859172507,0.0,0.0,0,0,S1-273826809,S2-981517288,0
0.5531914893617021,0.5531914893617021,0.1515151515151515,0.1515151515151515,0.2631578947368421,0.0,0,0,0,0.0,0.1666666666666666,0.0439312376809305,0.0,0.0,0,0,S1-273826809,S2-624912550,0
0.5079365079365079,0.5079365079365079,0.1304347826086956,0.1304347826086956,0.2337662337662337,0.0,0,0,0,0.0,0.1428571428571428,0.0439163699470242,0.0,0.0,0,0,S1-273826809,S2-41240352,0
0.5882352941176471,0.5882352941176471,0.2352941176470588,0.2352941176470588,0.2935779816513761,0.0,0,0,0,0.0,0.1666666666666666,0.0470341352342006,0.0769230769230769,0.0769230769230769,0,0,S1-273826809,S2-665688056,0
0.3870967741935484,0.3870967741935484,0.1111111111111111,0.1111111111111111,0.217391304347826,0.0,0,0,0,0.0,0.125,0.1505067665406344,0.0,0.0,0,0,S1-529441491,S2-602682809,0
0.3636363636363636,0.3636363636363636,0.0588235294117647,0.0588235294117647,0.217391304347826,0.0,0,0,0,0.0,0.1111111111111111,0.0908945698924126,0.0,0.0,0,0,S1-529441491,S2-803102347,0
0.4477611940298507,0.4477611940298507,0.0576923076923076,0.0576923076923076,0.1707317073170731,0.0,0,0,0,0.0,0.1111111111111111,0.1147026919576566,0.0,0.0,0,0,S1-529441491,S2-404374006,0
0.4406779661016949,0.4406779661016949,0.1162790697674418,0.1162790697674418,0.2592592592592592,0.0,0,0,0,0.0,0.125,0.1677215705559996,0.0,0.0,0,0,S1-529441491,S2-328840353,0
0.392156862745098,0.392156862745098,0.0789473684210526,0.0789473684210526,0.1904761904761904,0.0,0,0,0,0.0,0.1428571428571428,0.1210161494699887,0.0,0.0,0,0,S1-529441491,S2-899963654,0
0.3703703703703703,0.3703703703703703,0.024390243902439,0.024390243902439,0.3157894736842105,0.0,0,0,0,0.0,0.1111111111111111,0.0340062307375188,0.0,0.0,0,0,S1-216883494,S2-577133785,0
0.2950819672131147,0.2950819672131147,0.0425531914893617,0.0425531914893617,0.3448275862068966,0.0,0,0,0,0.0,0.1111111111111111,0.0329918410772106,0.0,0.0,0,0,S1-216883494,S2-606783663,0
0.3793103448275862,0.3793103448275862,0.0222222222222222,0.0222222222222222,0.3728813559322034,0.0,0,0,0,0.0,0.1111111111111111,0.0324050256299843,0.0,0.0,0,0,S1-216883494,S2-901948399,0
0.5098039215686274,0.5098039215686274,0.0256410256410256,0.0256410256410256,0.3870967741935484,0.0,0,0,0,0.0,0.125,0.0435557998017486,0.0,0.0,0,0,S1-216883494,S2-666013661,0
0.3673469387755102,0.3673469387755102,0.0571428571428571,0.0571428571428571,0.2608695652173913,0.0,0,0,0,0.0,0.125,0.1155518118470054,0.0,0.0,0,0,S1-216883494,S2-721659614,0
0.4761904761904761,0.4761904761904761,0.2045454545454545,0.2045454545454545,0.2083333333333333,0.0,0,0,0,0.0,0.1428571428571428,0.129386422059627,0.0,0.0,1,0,S1-546325650,S2-744465230,0
0.7368421052631579,0.7368421052631579,0.3714285714285714,0.3714285714285714,0.0,0.0,0,0,0,0.0,0.4,0.4842303862168671,0.0,0.0,0,1,S1-546325650,S2-222897099,0
0.6206896551724138,0.6206896551724138,0.2368421052631578,0.2368421052631578,0.2790697674418604,0.0,0,0,0,0.0,0.1428571428571428,0.1367655194026307,0.0,0.0,0,0,S1-546325650,S2-594607876,0
0.5517241379310345,0.5517241379310345,0.225,0.225,0.2,0.0,0,0,0,0.0,0.1666666666666666,0.1707746619753408,0.0,0.0,0,0,S1-546325650,S2-33560328,0
0.6229508196721312,0.6229508196721312,0.2682926829268293,0.2682926829268293,0.21875,0.0,0,0,0,0.0,0.1666666666666666,0.1825251916735486,0.0,0.0,0,0,S1-546325650,S2-273086785,0
0.4081632653061224,0.4081632653061224,0.1388888888888889,0.1388888888888889,0.4371584699453552,0.0,0,0,0,0.0,0.2,0.1951656381859863,0.125,0.1249999999999999,0,0,S1-120947315,S2-806107001,0
0.6,0.6,0.2222222222222222,0.2222222222222222,0.3037974683544304,0.0,0,0,0,0.0,0.2,0.1794372601894099,0.04,0.0399999999999999,0,0,S1-120947315,S2-402669821,0
0.5,0.5,0.1666666666666666,0.1666666666666666,0.272108843537415,0.0,0,0,0,0.0,0.25,0.2939020259855008,0.0,0.0,0,0,S1-120947315,S2-970352127,0
0.4864864864864865,0.4864864864864865,0.1538461538461538,0.1538461538461538,0.3271028037383177,0.0,0,0,0,0.0,0.25,0.2173386219973817,0.0967741935483871,0.096774193548387,0,0,S1-120947315,S2-593445143,0
0.45,0.45,0.1481481481481481,0.1481481481481481,0.4371584699453552,0.0,0,0,0,0.0,0.2,0.2489072652338774,0.125,0.1249999999999999,0,0,S1-120947315,S2-201040866,0
0.358974358974359,0.358974358974359,0.0344827586206896,0.0344827586206896,0.3265306122448979,0.0,0,0,0,0.0,0.1666666666666666,0.055404565201704,0.0,0.0,0,0,S1-529137899,S2-524112838,0
0.4186046511627907,0.4186046511627907,0.09375,0.09375,0.2352941176470588,0.0,0,0,0,0.0,0.2,0.0575333376625133,0.0,0.0,1,0,S1-529137899,S2-81582302,0
0.4375,0.4375,0.0416666666666666,0.0416666666666666,0.0983606557377049,0.0,0,0,0,0.0,0.25,0.0725635516323618,0.0,0.0,0,0,S1-529137899,S2-686435096,0
0.4390243902439024,0.4390243902439024,0.032258064516129,0.032258064516129,0.4590163934426229,0.0,0,0,0,0.0,0.1666666666666666,0.0462101224521358,0.1111111111111111,0.1111111111111111,0,0,S1-529137899,S2-919494113,0
0.3333333333333333,0.3333333333333333,0.027027027027027,0.027027027027027,0.2539682539682539,0.0,0,0,0,0.0,0.1428571428571428,0.0508410417642595,0.0,0.0,0,0,S1-529137899,S2-105913255,0
0.5333333333333333,0.5333333333333333,0.15625,0.15625,0.3492063492063492,0.0,0,0,0,0.0,0.2,0.2046275010939112,0.1,0.1,0,0,S1-854218548,S2-971293504,0
0.631578947368421,0.631578947368421,0.1923076923076923,0.1923076923076923,0.1785714285714285,0.0,0,0,0,0.0,0.25,0.2581764717346029,0.0,0.0,0,0,S1-854218548,S2-55693914,0
0.4444444444444444,0.4444444444444444,0.15625,0.15625,0.1866666666666666,0.0,0,0,0,0.0,0.2,0.1610971041404282,0.0,0.0,0,0,S1-854218548,S2-566796445,0
0.6206896551724138,0.6206896551724138,0.2777777777777778,0.2777777777777778,0.3561643835616438,0.0,0,0,0,0.0,0.3333333333333333,0.3267867367885248,0.0,0.0,0,0,S1-854218548,S2-758590607,0
0.6666666666666666,0.6666666666666666,0.2631578947368421,0.2631578947368421,0.3214285714285714,0.0,0,0,0,0.0,0.3333333333333333,0.3146458820209213,0.0,0.0,0,0,S1-854218548,S2-449352973,0
0.1463414634146341,0.1463414634146341,0.03125,0.03125,0.3103448275862069,0.0,0,0,0,0.0,0.2,0.0651312756166984,0.0,0.0,0,0,S1-775196546,S2-38420760,0
0.4242424242424242,0.4242424242424242,0.0909090909090909,0.0909090909090909,0.25,0.0,0,0,0,0.0,0.2,0.0762081751907176,0.0,0.0,0,0,S1-775196546,S2-382573687,0
0.4324324324324324,0.4324324324324324,0.0357142857142857,0.0357142857142857,0.0,0.0,0,0,0,0.0,0.2,0.0587282891063961,0.0,0.0,0,1,S1-775196546,S2-801234759,0
0.3809523809523809,0.3809523809523809,0.03125,0.03125,0.3174603174603174,0.0,0,0,0,0.0,0.1666666666666666,0.0458707327004603,0.0,0.0,0,0,S1-775196546,S2-449116066,0
0.35,0.35,0.0333333333333333,0.0333333333333333,0.3939393939393939,0.0,0,0,0,0.0,0.1666666666666666,0.051599190804222,0.1,0.1,0,0,S1-775196546,S2-559424906,0
0.3384615384615385,0.3384615384615385,0.1224489795918367,0.1224489795918367,0.1300813008130081,0.0,0,0,0,0.0,0.1428571428571428,0.0449446094115204,0.0,0.0,0,0,S1-918470320,S2-250732105,0
0.7857142857142857,0.7857142857142857,0.4375,0.4375,0.2893081761006289,0.0,0,0,0,0.0,0.3333333333333333,0.3126100125360037,0.0,0.0,0,0,S1-918470320,S2-240944662,0
0.5901639344262295,0.5901639344262295,0.3076923076923077,0.3076923076923077,0.3380281690140845,0.0,0,0,0,0.0,0.3333333333333333,0.1122439066635281,0.0,0.0,0,0,S1-918470320,S2-481994051,0
0.4337349397590361,0.4337349397590361,0.0769230769230769,0.0769230769230769,0.2097902097902098,0.0,0,0,0,0.0,0.125,0.0456565346563349,0.0,0.0,0,0,S1-918470320,S2-739118929,0
0.676923076923077,0.676923076923077,0.3095238095238095,0.3095238095238095,0.3333333333333333,0.0,0,0,0,0.0,0.3333333333333333,0.1450562069563459,0.0526315789473684,0.0526315789473684,0,0,S1-918470320,S2-10602259,0
0.4,0.4,0.0256410256410256,0.0256410256410256,0.2631578947368421,0.0,0,0,0,0.0,0.1666666666666666,0.0616016385880195,0.0,0.0,0,0,S1-57473501,S2-134577319,0
0.48,0.48,0.0256410256410256,0.0256410256410256,0.2769230769230769,0.0,0,0,0,0.0,0.2,0.0771512203474114,0.0,0.0,0,0,S1-57473501,S2-993041640,0
0.4186046511627907,0.4186046511627907,0.0625,0.0625,0.3384615384615385,0.0,0,0,0,0.0,0.2,0.0607492994151904,0.0,0.0,0,0,S1-57473501,S2-212566296,0
0.4390243902439024,0.4390243902439024,0.032258064516129,0.032258064516129,0.1904761904761904,0.0,0,0,0,0.0,0.2,0.0680180217381784,0.0,0.0,0,0,S1-57473501,S2-62163525,0
0.4333333333333333,0.4333333333333333,0.0416666666666666,0.0416666666666666,0.2222222222222222,0.0,0,0,0,0.0,0.1666666666666666,0.0597991284658265,0.0,0.0,0,0,S1-57473501,S2-116506836,0
0.5,0.5,0.1428571428571428,0.1428571428571428,0.2295081967213114,0.0,0,0,0,0.0,0.2,0.1989811025528242,0.0,0.0,0,0,S1-42978774,S2-287236088,0
0.6206896551724138,0.6206896551724138,0.2941176470588235,0.2941176470588235,0.0784313725490196,0.0,0,0,0,0.0,0.25,0.2362810811358113,0.1111111111111111,0.1111111111111111,0,0,S1-42978774,S2-881452548,0
0.6666666666666666,0.6666666666666666,0.4375,0.4375,0.1111111111111111,0.0,0,0,0,0.0,0.25,0.274664009624005,0.0,0.0,0,0,S1-42978774,S2-875654390,0
0.5882352941176471,0.5882352941176471,0.1739130434782608,0.1739130434782608,0.3214285714285714,0.0,0,0,0,0.0,0.25,0.2798374151184795,0.0,0.0,0,0,S1-42978774,S2-200183852,0
0.5333333333333333,0.5333333333333333,0.2777777777777778,0.2777777777777778,0.2142857142857142,0.0,0,0,0,0.0,0.25,0.2491440092815544,0.0,0.0,0,0,S1-42978774,S2-783742216,0
1.0,1.0,1.0,1.0,0.928,0.0,0,0,0,0.0,1.0,1.0,0.7,0.7000000000000001,0,0,S1-487452734,S2-257972580,1
0.3174603174603174,0.3174603174603174,0.02,0.02,0.2526315789473684,0.0,0,0,0,0.0,0.1111111111111111,0.0344839892385687,0.0,0.0,0,0,S1-487452734,S2-684442532,0
0.3013698630136986,0.3013698630136986,0.0517241379310344,0.0517241379310344,0.1954887218045112,0.0,0,0,0,0.0,0.1111111111111111,0.0372709008018559,0.0,0.0,0,0,S1-487452734,S2-997253638,0
0.2641509433962264,0.2641509433962264,0.048780487804878,0.048780487804878,0.2061855670103092,0.0,0,0,0,0.0,0.1428571428571428,0.0488134784621079,0.0,0.0,0,0,S1-487452734,S2-492836642,0
0.3287671232876712,0.3287671232876712,0.0344827586206896,0.0344827586206896,0.2479338842975206,0.0,0,0,0,0.0,0.1,0.0353450128214671,0.0,0.0,0,0,S1-487452734,S2-49984870,0
0.3214285714285714,0.3214285714285714,0.0222222222222222,0.0222222222222222,0.3125,0.0,0,0,0,0.0,0.1428571428571428,0.0425923949326678,0.0769230769230769,0.0769230769230769,0,0,S1-487452734,S2-18771302,0
0.4680851063829787,0.4680851063829787,0.1515151515151515,0.1515151515151515,0.1568627450980392,0.0,0,0,0,0.0,0.1666666666666666,0.0520016879671949,0.0,0.0,0,0,S1-999063329,S2-964246343,0
0.6461538461538462,0.6461538461538462,0.2790697674418604,0.2790697674418604,0.0,0.0,0,0,0,0.0,0.3333333333333333,0.1456565281657675,0.0,0.0,0,1,S1-999063329,S2-639689399,0
0.7142857142857143,0.7142857142857143,0.3529411764705882,0.3529411764705882,0.2,0.0,0,0,0,0.0,0.3333333333333333,0.1148643541295213,0.0,0.0,0,0,S1-999063329,S2-246374149,0
0.5277777777777778,0.5277777777777778,0.25,0.25,0.1739130434782608,0.0,0,0,0,0.0,0.2857142857142857,0.0938377541568952,0.0,0.0,0,0,S1-999063329,S2-462197319,0
0.4838709677419355,0.4838709677419355,0.238095238095238,0.238095238095238,0.2745098039215686,0.0,0,0,0,0.0,0.3333333333333333,0.1312945731231601,0.0,0.0,0,0,S1-999063329,S2-949772451,0
0.5365853658536586,0.5365853658536586,0.2142857142857142,0.2142857142857142,0.3389830508474576,0.0,0,0,0,0.0,0.25,0.2110871855207726,0.0,0.0,0,0,S1-28278850,S2-151554019,0
0.5625,0.5625,0.0869565217391304,0.0869565217391304,0.3333333333333333,0.0,0,0,0,0.0,0.25,0.2865129144594845,0.0,0.0,0,0,S1-28278850,S2-359768883,0
0.6,0.6,0.32,0.32,0.3896103896103896,0.0,0,0,0,0.0,0.25,0.1892621926509335,0.0,0.0,0,0,S1-28278850,S2-423210686,0
0.5,0.5,0.1818181818181818,0.1818181818181818,0.3939393939393939,0.0,0,0,0,0.0,0.1666666666666666,0.1945160261961617,0.0,0.0,1,0,S1-28278850,S2-400067282,0
0.5789473684210527,0.5789473684210527,0.25,0.25,0.2727272727272727,0.0,0,0,0,0.0,0.2,0.1961974979937527,0.0,0.0,1,0,S1-28278850,S2-388804873,0
0.4528301886792453,0.4528301886792453,0.1538461538461538,0.1538461538461538,0.2666666666666666,0.0,0,0,0,0.0,0.2,0.1054152151894013,0.0,0.0,0,0,S1-396980960,S2-745372292,0
0.4651162790697674,0.4651162790697674,0.2592592592592592,0.2592592592592592,0.0895522388059701,0.0,0,0,0,0.0,0.1666666666666666,0.115246000109604,0.0,0.0,0,0,S1-396980960,S2-11021943,0
0.5238095238095238,0.5238095238095238,0.2142857142857142,0.2142857142857142,0.2898550724637681,0.0,0,0,0,0.0,0.25,0.1149162537864916,0.0,0.0,0,0,S1-396980960,S2-514835775,0
0.5789473684210527,0.5789473684210527,0.2916666666666667,0.2916666666666667,0.3513513513513513,0.0,0,0,0,0.0,0.25,0.1357566248731967,0.0,0.0,0,0,S1-396980960,S2-316380934,0
0.5925925925925926,0.5925925925925926,0.4,0.4,0.2666666666666666,0.0,0,0,0,0.0,0.3333333333333333,0.1606493667642375,0.0,0.0,0,0,S1-396980960,S2-329632644,0
0.5517241379310345,0.5517241379310345,0.1578947368421052,0.1578947368421052,0.175438596491228,0.0,0,0,0,0.0,0.25,0.2334032625961029,0.0,0.0,0,0,S1-883492372,S2-418890126,0
0.625,0.625,0.2105263157894736,0.2105263157894736,0.135593220338983,0.0,0,0,0,0.0,0.2,0.2074171860285713,0.0,0.0,0,0,S1-883492372,S2-359437654,0
0.4117647058823529,0.4117647058823529,0.1304347826086956,0.1304347826086956,0.2686567164179104,0.0,0,0,0,0.0,0.2,0.1950401003933254,0.0,0.0,0,0,S1-883492372,S2-499619183,0
0.4117647058823529,0.4117647058823529,0.125,0.125,0.125,0.0,0,0,0,0.0,0.25,0.2433426537897002,0.0,0.0,0,0,S1-883492372,S2-997470615,0
0.4117647058823529,0.4117647058823529,0.1304347826086956,0.1304347826086956,0.1764705882352941,0.0,0,0,0,0.0,0.2,0.1829528476657338,0.0,0.0,0,0,S1-883492372,S2-467891936,0
0.5405405405405406,0.5405405405405406,0.1923076923076923,0.1923076923076923,0.2875,0.0,0,0,0,0.0,0.1111111111111111,0.0369242903322835,0.0416666666666666,0.0416666666666666,0,0,S1-155457876,S2-185842439,0
0.3768115942028985,0.3768115942028985,0.0943396226415094,0.0943396226415094,0.2297297297297297,0.0,0,0,0,0.0,0.125,0.0444351074970519,0.1,0.0999999999999999,0,0,S1-155457876,S2-278123685,0
0.4482758620689655,0.4482758620689655,0.1463414634146341,0.1463414634146341,0.3236994219653179,0.0,0,0,0,0.0,0.125,0.050292592617515,0.0,0.0,0,0,S1-155457876,S2-688511806,0
0.4406779661016949,0.4406779661016949,0.1136363636363636,0.1136363636363636,0.2767295597484276,0.0,0,0,0,0.0,0.1428571428571428,0.0458507856414694,0.0434782608695652,0.0434782608695652,1,0,S1-155457876,S2-170834471,0
0.282051282051282,0.282051282051282,0.081967213114754,0.081967213114754,0.2,0.0,0,0,0,0.0,0.1111111111111111,0.0441496948023045,0.0,0.0,0,0,S1-155457876,S2-684706091,0
0.4590163934426229,0.4590163934426229,0.119047619047619,0.119047619047619,0.2592592592592592,0.0,0,0,0,0.0,0.2,0.0883178853116233,0.0,0.0,0,0,S1-117107134,S2-729897351,0
0.4745762711864407,0.4745762711864407,0.0975609756097561,0.0975609756097561,0.3442622950819672,0.0,0,0,0,0.0,0.125,0.0751367585295888,0.0,0.0,0,0,S1-117107134,S2-559888139,0
0.3928571428571428,0.3928571428571428,0.0465116279069767,0.0465116279069767,0.1666666666666666,0.0,0,0,0,0.0,0.2857142857142857,0.1314903323858597,0.0,0.0,0,0,S1-117107134,S2-565217049,0
0.4782608695652174,0.4782608695652174,0.1290322580645161,0.1290322580645161,0.2178217821782178,0.0,0,0,0,0.0,0.2857142857142857,0.1253988131503581,0.0,0.0,0,0,S1-117107134,S2-914638135,0
0.4067796610169492,0.4067796610169492,0.0454545454545454,0.0454545454545454,0.086021505376344,0.0,0,0,0,0.0,0.1111111111111111,0.044244106503144,0.0,0.0,0,0,S1-117107134,S2-949609589,0
0.3548387096774194,0.3548387096774194,0.0666666666666666,0.0666666666666666,0.3859649122807017,0.0,0,0,0,0.0,0.1428571428571428,0.0594150772352049,0.1,0.1,0,0,S1-209121151,S2-538184111,0
0.5142857142857142,0.5142857142857142,0.0384615384615384,0.0384615384615384,0.2580645161290322,0.0,0,0,0,0.0,0.2,0.0580156471761204,0.0,0.0,0,0,S1-209121151,S2-190359002,0
0.32,0.32,0.0256410256410256,0.0256410256410256,0.3076923076923077,0.0,0,0,0,0.0,0.1666666666666666,0.0505470022863641,0.0,0.0,0,0,S1-209121151,S2-512540505,0
0.4615384615384615,0.4615384615384615,0.0769230769230769,0.0769230769230769,0.3389830508474576,0.0,0,0,0,0.0,0.1428571428571428,0.04205729049954,0.0,0.0,0,0,S1-209121151,S2-192243228,0
0.375,0.375,0.0555555555555555,0.0555555555555555,0.2711864406779661,0.0,0,0,0,0.0,0.1428571428571428,0.0474699027811093,0.0,0.0,0,0,S1-209121151,S2-156600091,0
0.5964912280701754,0.5964912280701754,0.3428571428571428,0.3428571428571428,0.2769230769230769,0.0,0,0,0,0.0,0.3333333333333333,0.1215653515361133,0.0,0.0,0,0,S1-690455252,S2-493250458,0
0.6551724137931034,0.6551724137931034,0.3333333333333333,0.3333333333333333,0.4,0.0,0,0,0,0.0,0.3333333333333333,0.1431137100999207,0.0833333333333333,0.0833333333333333,0,0,S1-690455252,S2-877245825,0
0.6461538461538462,0.6461538461538462,0.2857142857142857,0.2857142857142857,0.2095238095238095,0.0,0,0,0,0.0,0.2857142857142857,0.1076368839289737,0.0,0.0,0,0,S1-690455252,S2-872784557,0
0.5106382978723404,0.5106382978723404,0.1515151515151515,0.1515151515151515,0.3389830508474576,0.0,0,0,0,0.0,0.1666666666666666,0.057607523119186,0.0,0.0,0,0,S1-690455252,S2-621769052,0
0.5666666666666667,0.5666666666666667,0.3243243243243243,0.3243243243243243,0.1904761904761904,0.0,0,0,0,0.0,0.2857142857142857,0.094977002153148,0.0,0.0,0,0,S1-690455252,S2-544069373,0
0.3636363636363636,0.3636363636363636,0.04,0.04,0.2769230769230769,0.0,0,0,0,0.0,0.25,0.0661372201842244,0.0,0.0,0,0,S1-828056863,S2-542695416,0
0.4067796610169492,0.4067796610169492,0.0416666666666666,0.0416666666666666,0.2711864406779661,0.0,0,0,0,0.0,0.1666666666666666,0.0425054337636431,0.0909090909090909,0.0909090909090909,0,0,S1-828056863,S2-882091356,0
0.3673469387755102,0.3673469387755102,0.025,0.025,0.3508771929824561,0.0,0,0,0,0.0,0.2,0.0520323071459197,0.0,0.0,0,0,S1-828056863,S2-351559824,0
0.35,0.35,0.032258064516129,0.032258064516129,0.2608695652173913,0.0,0,0,0,0.0,0.2,0.049499896527784,0.0,0.0,0,0,S1-828056863,S2-21108745,0
0.3783783783783784,0.3783783783783784,0.0357142857142857,0.0357142857142857,0.2933333333333333,0.0,0,0,0,0.0,0.2,0.0510445284209254,0.0,0.0,0,0,S1-828056863,S2-47792029,0
0.4363636363636363,0.4363636363636363,0.0227272727272727,0.0227272727272727,0.2222222222222222,0.0,0,0,0,0.0,0.1428571428571428,0.0431334537944011,0.0,0.0,0,0,S1-879045948,S2-944853638,0
0.1224489795918367,0.1224489795918367,0.0263157894736842,0.0263157894736842,0.3076923076923077,0.0,0,0,0,0.0,0.1428571428571428,0.044022411444212,0.0,0.0,0,0,S1-879045948,S2-388212979,0
0.4186046511627907,0.4186046511627907,0.0303030303030303,0.0303030303030303,0.3389830508474576,0.0,0,0,0,0.0,0.1666666666666666,0.0501641721272707,0.0,0.0,1,0,S1-879045948,S2-973519327,0
0.4230769230769231,0.4230769230769231,0.024390243902439,0.024390243902439,0.1694915254237288,0.0,0,0,0,0.0,0.1428571428571428,0.0366002261949392,0.0,0.0,0,0,S1-879045948,S2-205386241,0
0.2909090909090909,0.2909090909090909,0.0227272727272727,0.0227272727272727,0.2758620689655172,0.0,0,0,0,0.0,0.1428571428571428,0.0393886504748351,0.0,0.0,0,0,S1-879045948,S2-368623790,0
0.2333333333333333,0.2333333333333333,0.0869565217391304,0.0869565217391304,0.2295081967213114,0.0,0,0,0,0.0,0.1428571428571428,0.1218161307682063,0.0,0.0,0,0,S1-258046712,S2-279415508,0
0.4444444444444444,0.4444444444444444,0.0975609756097561,0.0975609756097561,0.2068965517241379,0.0,0,0,0,0.0,0.1666666666666666,0.1694705538581576,0.0,0.0,1,0,S1-258046712,S2-191185076,0
0.5,0.5,0.1739130434782608,0.1739130434782608,0.2333333333333333,0.0,0,0,0,0.0,0.1428571428571428,0.1204840092357289,0.0,0.0,0,0,S1-258046712,S2-330340269,0
0.3272727272727272,0.3272727272727272,0.0697674418604651,0.0697674418604651,0.3636363636363636,0.0,0,0,0,0.0,0.1666666666666666,0.1061931235637001,0.0,0.0,0,0,S1-258046712,S2-695955535,0
0.3333333333333333,0.3333333333333333,0.0588235294117647,0.0588235294117647,0.3492063492063492,0.0,0,0,0,0.0,0.1111111111111111,0.0617291597539883,0.1111111111111111,0.1111111111111111,0,0,S1-258046712,S2-869749926,0
0.8787878787878788,0.8787878787878788,0.9230769230769232,0.9230769230769232,0.9387755102040816,1.0,1,1,3,0.0,1.0,1.0,1.0,1.0,0,0,S1-311056260,S2-639505346,1
0.4927536231884058,0.4927536231884058,0.2083333333333333,0.2083333333333333,0.188235294117647,0.0,0,0,0,0.0,0.2857142857142857,0.0845852753795556,0.0,0.0,0,0,S1-311056260,S2-261849952,0
0.6896551724137931,0.6896551724137931,0.3333333333333333,0.3333333333333333,0.2803738317757009,0.0,0,0,0,0.0,0.3333333333333333,0.1033945908273821,0.0,0.0,0,0,S1-311056260,S2-983785059,0
0.4528301886792453,0.4528301886792453,0.1282051282051282,0.1282051282051282,0.2456140350877192,0.0,0,0,0,0.0,0.1666666666666666,0.0537510278213331,0.0,0.0,0,0,S1-311056260,S2-655317822,0
0.3773584905660377,0.3773584905660377,0.1282051282051282,0.1282051282051282,0.1176470588235294,0.0,0,0,0,0.0,0.1666666666666666,0.0611370357373907,0.0,0.0,0,0,S1-311056260,S2-335289219,0
0.4561403508771929,0.4561403508771929,0.175,0.175,0.2745098039215686,0.0,0,0,0,0.0,0.1428571428571428,0.0453665592784214,0.0,0.0,0,0,S1-311056260,S2-363862307,0
0.5925925925925926,0.5925925925925926,0.1891891891891892,0.1891891891891892,0.28,0.0,0,0,0,0.0,0.1428571428571428,0.1582481283859779,0.0,0.0,1,0,S1-550367593,S2-926027524,0
0.5,0.5,0.1666666666666666,0.1666666666666666,0.3333333333333333,0.0,0,0,0,0.0,0.2,0.1759652816683703,0.0,0.0,0,0,S1-550367593,S2-387746385,0
0.4137931034482758,0.4137931034482758,0.1162790697674418,0.1162790697674418,0.2258064516129032,0.0,0,0,0,0.0,0.1428571428571428,0.1629943901825047,0.0,0.0,0,0,S1-550367593,S2-893010320,0
0.4528301886792453,0.4528301886792453,0.1025641025641025,0.1025641025641025,0.2195121951219512,0.0,0,0,0,0.0,0.1428571428571428,0.1614445832025065,0.0,0.0,0,0,S1-550367593,S2-209561815,0
0.6363636363636364,0.6363636363636364,0.2413793103448276,0.2413793103448276,0.3050847457627119,0.0,0,0,0,0.0,0.2,0.1872800249343942,0.0,0.0,0,0,S1-550367593,S2-677804342,0
0.5,0.5,0.2083333333333333,0.2083333333333333,0.2028985507246377,0.0,0,0,0,0.0,0.25,0.3076106811159386,0.0,0.0,0,0,S1-888749614,S2-527033110,0
0.4406779661016949,0.4406779661016949,0.1428571428571428,0.1428571428571428,0.2352941176470588,0.0,0,0,0,0.0,0.1666666666666666,0.179518940769634,0.0,0.0,0,0,S1-956479481,S2-25878969,0
0.4074074074074074,0.4074074074074074,0.131578947368421,0.131578947368421,0.1666666666666666,0.0,0,0,0,0.0,0.1666666666666666,0.1834946726123314,0.0,0.0,0,0,S1-956479481,S2-219548729,0
0.5909090909090909,0.5909090909090909,0.2592592592592592,0.2592592592592592,0.2790697674418604,0.0,0,0,0,0.0,0.2,0.1986037814046789,0.0,0.0,0,0,S1-956479481,S2-863834473,0
0.3272727272727272,0.3272727272727272,0.1,0.1,0.2622950819672131,0.0,0,0,0,0.0,0.1666666666666666,0.134241097646017,0.0,0.0,0,0,S1-956479481,S2-460003161,0
0.3829787234042553,0.3829787234042553,0.1212121212121212,0.1212121212121212,0.1851851851851851,0.0,0,0,0,0.0,0.2,0.1957196386302128,0.0,0.0,0,0,S1-956479481,S2-722663237,0
0.4642857142857143,0.4642857142857143,0.175,0.175,0.2142857142857142,0.0,0,0,0,0.0,0.1666666666666666,0.1417655482758406,0.0416666666666666,0.0416666666666666,0,0,S1-570019816,S2-550409247,0
0.4782608695652174,0.4782608695652174,0.2258064516129032,0.2258064516129032,0.2580645161290322,0.0,0,0,0,0.0,0.2,0.1460174904699784,0.0,0.0,0,0,S1-570019816,S2-881842940,0
0.5161290322580645,0.5161290322580645,0.1818181818181818,0.1818181818181818,0.1836734693877551,0.0,0,0,0,0.0,0.1428571428571428,0.1182077047460826,0.0,0.0,0,0,S1-570019816,S2-175789420,0
0.3823529411764705,0.3823529411764705,0.1632653061224489,0.1632653061224489,0.2222222222222222,0.0,0,0,0,0.0,0.1428571428571428,0.1217765095976639,0.0,0.0,0,0,S1-570019816,S2-385569092,0
0.4583333333333333,0.4583333333333333,0.2121212121212121,0.2121212121212121,0.1956521739130435,0.0,0,0,0,0.0,0.2,0.1420051596147357,0.0,0.0,0,0,S1-570019816,S2-862752033,0
0.2926829268292683,0.2926829268292683,0.032258064516129,0.032258064516129,0.3278688524590163,0.0,0,0,0,0.0,0.1666666666666666,0.0481678042329225,0.0,0.0,0,0,S1-367034939,S2-300268528,0
0.4324324324324324,0.4324324324324324,0.0357142857142857,0.0357142857142857,0.125,0.0,0,0,0,0.0,0.2,0.0623409794389489,0.0,0.0,1,0,S1-367034939,S2-314078965,0
0.2307692307692307,0.2307692307692307,0.024390243902439,0.024390243902439,0.3389830508474576,0.0,0,0,0,0.0,0.1428571428571428,0.0416758371922072,0.0,0.0,0,0,S1-367034939,S2-587749943,0
0.1463414634146341,0.1463414634146341,0.03125,0.03125,0.2962962962962963,0.0,0,0,0,0.0,0.2,0.0464009164553411,0.0,0.0,0,0,S1-367034939,S2-402896666,0
0.4545454545454545,0.4545454545454545,0.0714285714285714,0.0714285714285714,0.1379310344827586,0.0,0,0,0,0.0,0.25,0.0641232348940174,0.0,0.0,0,0,S1-367034939,S2-897071167,0
0.3703703703703703,0.3703703703703703,0.0232558139534883,0.0232558139534883,0.3,0.0,0,0,0,0.0,0.1428571428571428,0.0619762525875882,0.0,0.0,0,0,S1-935363185,S2-582731905,0
0.4642857142857143,0.4642857142857143,0.0227272727272727,0.0227272727272727,0.3380281690140845,0.0,0,0,0,0.0,0.125,0.0532365164760539,0.0,0.0,0,0,S1-935363185,S2-684212653,0
0.3846153846153846,0.3846153846153846,0.0769230769230769,0.0769230769230769,0.3492063492063492,0.0,0,0,0,0.0,0.1428571428571428,0.0667741174050959,0.0,0.0,0,0,S1-935363185,S2-286315108,0
0.3666666666666666,0.3666666666666666,0.0212765957446808,0.0212765957446808,0.2580645161290322,0.0,0,0,0,0.0,0.1111111111111111,0.0410939933318882,0.0,0.0,0,0,S1-935363185,S2-203983532,0
0.5507246376811594,0.5507246376811594,0.1632653061224489,0.1632653061224489,0.2903225806451613,0.0,0,0,0,0.0,0.1111111111111111,0.1229098663932157,0.0,0.0,0,0,S1-935363185,S2-145204119,0
0.5365853658536586,0.5365853658536586,0.2,0.2,0.1846153846153846,0.0,0,0,0,0.0,0.125,0.1130107861589502,0.0,0.0,0,0,S1-708304519,S2-109968191,0
0.1875,0.1875,0.0434782608695652,0.0434782608695652,0.2580645161290322,0.0,0,0,0,0.0,0.2,0.1767639678732915,0.0,0.0,0,0,S1-708304519,S2-52735273,0
0.4705882352941176,0.4705882352941176,0.25,0.25,0.5517241379310345,0.0,0,0,0,0.0,0.1666666666666666,0.1439695171370018,0.1111111111111111,0.1111111111111111,0,0,S1-708304519,S2-309543912,0
0.3636363636363636,0.3636363636363636,0.1,0.1,0.2857142857142857,0.0,0,0,0,0.0,0.125,0.1414750297024009,0.0,0.0,0,0,S1-708304519,S2-709994826,0
0.2941176470588235,0.2941176470588235,0.0416666666666666,0.0416666666666666,0.5161290322580645,0.0,0,0,0,0.0,0.1666666666666666,0.1651280231923716,0.25,0.25,0,0,S1-708304519,S2-872149441,0
0.5555555555555556,0.5555555555555556,0.0833333333333333,0.0833333333333333,1.0,1.0,1,1,2,0.0,0.0,0.0,1.0,1.0,0,0,S1-408396709,S2-761758468,1
0.5,0.5,0.05,0.05,0.3132530120481928,0.0,0,0,0,0.0,0.25,0.2580211261675,0.0,0.0,0,0,S1-408396709,S2-639024445,0
0.3870967741935484,0.3870967741935484,0.0454545454545454,0.0454545454545454,0.1791044776119403,0.0,0,0,0,0.0,0.2,0.2013769547670126,0.0,0.0,0,0,S1-408396709,S2-517929064,0
0.3428571428571428,0.3428571428571428,0.0384615384615384,0.0384615384615384,0.2368421052631578,0.0,0,0,0,0.0,0.2,0.1726763000828545,0.0,0.0,0,0,S1-408396709,S2-420671866,0
0.3783783783783784,0.3783783783783784,0.0357142857142857,0.0357142857142857,0.3428571428571428,0.0,0,0,0,0.0,0.2,0.2327827965105615,0.0,0.0,0,0,S1-408396709,S2-741639927,0
0.3076923076923077,0.3076923076923077,0.0333333333333333,0.0333333333333333,0.21875,0.0,0,0,0,0.0,0.2,0.1455742398811933,0.0,0.0,0,0,S1-408396709,S2-797861282,0
0.2033898305084746,0.2033898305084746,0.1333333333333333,0.1333333333333333,0.2153846153846154,0.0,0,0,0,0.0,0.2,0.1847205862837444,0.0,0.0,0,0,S1-206563895,S2-17316521,0
0.625,0.625,0.4705882352941176,0.4705882352941176,0.2985074626865671,0.0,0,0,0,0.0,0.3333333333333333,0.3842326856244595,0.0,0.0,0,0,S1-206563895,S2-314070805,0
0.4878048780487805,0.4878048780487805,0.1379310344827586,0.1379310344827586,0.3684210526315789,0.0,0,0,0,0.0,0.2,0.1774574552438195,0.0,0.0,0,0,S1-206563895,S2-735788494,0
0.3333333333333333,0.3333333333333333,0.16,0.16,0.1764705882352941,0.0,0,0,0,0.0,0.25,0.2303648225212939,0.0,0.0,0,0,S1-206563895,S2-974798786,0
0.3478260869565217,0.3478260869565217,0.1176470588235294,0.1176470588235294,0.2461538461538461,0.0,0,0,0,0.0,0.2,0.1802335004927884,0.0,0.0,0,0,S1-206563895,S2-177988756,0
0.5769230769230769,0.5769230769230769,0.1351351351351351,0.1351351351351351,0.3076923076923077,0.0,0,0,0,0.0,0.1428571428571428,0.0604934302341265,0.0555555555555555,0.0555555555555555,0,0,S1-801436330,S2-110601145,0
0.4313725490196078,0.4313725490196078,0.1351351351351351,0.1351351351351351,0.2905027932960894,0.25,1,1,1,0.0,0.1666666666666666,0.0566298958255422,0.0357142857142857,0.0357142857142857,0,0,S1-801436330,S2-553838667,0
0.5454545454545454,0.5454545454545454,0.1578947368421052,0.1578947368421052,0.2394366197183098,0.0,0,0,0,0.0,0.125,0.0496927929259905,0.0434782608695652,0.0434782608695652,0,0,S1-801436330,S2-18633864,0
0.723404255319149,0.6206896551724138,0.4615384615384615,0.3428571428571428,0.25,0.0,0,0,0,0.0,0.4,0.1761354191973212,0.0714285714285714,0.0714285714285714,1,0,S1-801436330,S2-711928545,0
0.5454545454545454,0.5454545454545454,0.125,0.125,0.1981981981981982,0.0,0,0,0,0.0,0.1428571428571428,0.0491856658189125,0.0,0.0,1,0,S1-801436330,S2-458097277,0
0.4,0.4,0.2,0.2,0.3728813559322034,0.0,0,0,0,0.0,0.1428571428571428,0.2061615895104241,0.0,0.0,0,0,S1-12393721,S2-720113818,0
0.5,0.5,0.1363636363636363,0.1363636363636363,0.2727272727272727,0.0,0,0,0,0.0,0.25,0.2958797477431464,0.0,0.0,0,0,S1-12393721,S2-304404558,0
0.4210526315789473,0.4210526315789473,0.16,0.16,0.2545454545454545,0.0,0,0,0,0.0,0.1666666666666666,0.231026815620026,0.0,0.0,0,0,S1-12393721,S2-247083967,0
0.5,0.5,0.1363636363636363,0.1363636363636363,0.3188405797101449,0.0,0,0,0,0.0,0.25,0.2958797477431464,0.0,0.0,0,0,S1-12393721,S2-483453128,0
0.5714285714285714,0.5714285714285714,0.1666666666666666,0.1666666666666666,0.3225806451612903,0.0,0,0,0,0.0,0.25,0.3047235338924487,0.0,0.0,0,0,S1-12393721,S2-110084330,0
0.9428571428571428,0.9428571428571428,0.9032258064516128,0.9032258064516128,0.9523809523809524,1.0,1,1,4,1.0,0.8,0.9136557263809936,0.6666666666666666,0.6666666666666667,0,0,S1-521511308,S2-487620522,1
0.7397260273972602,0.7397260273972602,0.5897435897435898,0.5897435897435898,0.9523809523809524,1.0,1,1,4,1.0,0.5,0.4475726916070644,0.6666666666666666,0.6666666666666667,0,0,S1-521511308,S2-751866437,1
0.3137254901960784,0.3137254901960784,0.025,0.025,0.1967213114754098,0.0,0,0,0,0.0,0.1428571428571428,0.0504203120731588,0.0,0.0,0,0,S1-521511308,S2-931070798,0
0.40625,0.40625,0.0192307692307692,0.0192307692307692,0.3333333333333333,0.0,0,0,0,0.0,0.125,0.0381292154068566,0.0,0.0,0,0,S1-521511308,S2-286435563,0
0.3846153846153846,0.3846153846153846,0.024390243902439,0.024390243902439,0.1492537313432835,0.0,0,0,0,0.0,0.1428571428571428,0.0501058148835485,0.0,0.0,0,0,S1-521511308,S2-856768948,0
0.2857142857142857,0.2857142857142857,0.0172413793103448,0.0172413793103448,0.2580645161290322,0.0,0,0,0,0.0,0.125,0.0433688176079563,0.0,0.0,0,0,S1-521511308,S2-615525274,0
0.1666666666666666,0.1666666666666666,0.0208333333333333,0.0208333333333333,0.2424242424242424,0.0,0,0,0,0.0,0.125,0.0464440631212924,0.0,0.0,0,0,S1-521511308,S2-206826872,0
0.3404255319148936,0.3404255319148936,0.027027027027027,0.027027027027027,0.360655737704918,0.0,0,0,0,0.0,0.1666666666666666,0.0560994262772338,0.1111111111111111,0.1111111111111111,0,0,S1-446341682,S2-458706754,0
0.3265306122448979,0.3265306122448979,0.03125,0.03125,0.4126984126984127,0.0,0,0,0,0.0,0.2,0.0657219901545717,0.0,0.0,0,0,S1-446341682,S2-828947992,0
0.2641509433962264,0.2641509433962264,0.05,0.05,0.1666666666666666,0.0,0,0,0,0.0,0.125,0.0432206134294219,0.0,0.0,0,0,S1-446341682,S2-884001566,0
0.3414634146341463,0.3414634146341463,0.032258064516129,0.032258064516129,0.4,0.0,0,0,0,0.0,0.1666666666666666,0.0539292269903885,0.0,0.0,0,0,S1-446341682,S2-934482689,0
0.3265306122448979,0.3265306122448979,0.0256410256410256,0.0256410256410256,0.28125,0.0,0,0,0,0.0,0.1666666666666666,0.0540948185473021,0.0,0.0,0,0,S1-446341682,S2-920451983,0
0.2181818181818181,0.2181818181818181,0.0232558139534883,0.0232558139534883,0.2461538461538461,0.0,0,0,0,0.0,0.125,0.0440083126028233,0.0,0.0,0,0,S1-524316514,S2-510361505,0
0.3636363636363636,0.3636363636363636,0.0294117647058823,0.0294117647058823,0.2461538461538461,0.0,0,0,0,0.0,0.1666666666666666,0.0647531846425621,0.0,0.0,1,0,S1-524316514,S2-707039857,0
0.4230769230769231,0.4230769230769231,0.05,0.05,0.2058823529411764,0.0,0,0,0,0.0,0.1428571428571428,0.0617457444819951,0.0,0.0,0,0,S1-524316514,S2-197066094,0
0.3255813953488372,0.3255813953488372,0.032258064516129,0.032258064516129,0.2424242424242424,0.0,0,0,0,0.0,0.125,0.0508424427953368,0.0833333333333333,0.0833333333333333,0,0,S1-524316514,S2-687524234,0
0.1153846153846153,0.1153846153846153,0.024390243902439,0.024390243902439,0.1967213114754098,0.0,0,0,0,0.0,0.1428571428571428,0.0620082792530935,0.0,0.0,0,0,S1-524316514,S2-495663971,0
0.3508771929824561,0.3508771929824561,0.0212765957446808,0.0212765957446808,0.3283582089552239,0.0,0,0,0,0.0,0.1666666666666666,0.0757527691499935,0.0,0.0,0,0,S1-866813430,S2-898057563,0
0.3333333333333333,0.3333333333333333,0.0277777777777777,0.0277777777777777,0.2758620689655172,0.0,0,0,0,0.0,0.125,0.0518711227490341,0.1111111111111111,0.1111111111111111,0,0,S1-866813430,S2-170894125,0
0.2916666666666667,0.2916666666666667,0.027027027027027,0.027027027027027,0.3461538461538461,0.0,0,0,0,0.0,0.1666666666666666,0.074882799266177,0.0,0.0,0,0,S1-866813430,S2-965794187,0
0.3137254901960784,0.3137254901960784,0.0512820512820512,0.0512820512820512,0.25,0.0,0,0,0,0.0,0.1428571428571428,0.0530473733246149,0.0,0.0,0,0,S1-866813430,S2-486113213,0
0.3529411764705882,0.3529411764705882,0.04,0.04,0.2857142857142857,0.0,0,0,0,0.0,0.2,0.0853360724478626,0.0,0.0,0,0,S1-866813430,S2-505691011,0
0.4782608695652174,0.4782608695652174,0.2258064516129032,0.2258064516129032,0.2985074626865671,0.0,0,0,0,0.0,0.2,0.2171445578756569,0.0,0.0,0,0,S1-866560305,S2-742504519,0
0.631578947368421,0.631578947368421,0.28,0.28,0.2333333333333333,0.0,0,0,0,0.0,0.3333333333333333,0.2606759338916686,0.0,0.0,0,0,S1-866560305,S2-230726834,0
0.5581395348837209,0.5581395348837209,0.25,0.25,0.4067796610169492,0.0,0,0,0,0.0,0.2,0.1918977360148638,0.0,0.0,0,0,S1-866560305,S2-210444709,0
0.5454545454545454,0.5454545454545454,0.2333333333333333,0.2333333333333333,0.1860465116279069,0.0,0,0,0,0.0,0.25,0.2085836564692547,0.0,0.0,0,0,S1-866560305,S2-449031084,0
0.40625,0.40625,0.1489361702127659,0.1489361702127659,0.417910447761194,0.0,0,0,0,0.0,0.1666666666666666,0.1525860954715659,0.0,0.0,0,0,S1-866560305,S2-731749110,0
0.3684210526315789,0.3684210526315789,0.2,0.2,0.0983606557377049,0.0,0,0,0,0.0,0.2,0.1610641626880077,0.0,0.0,0,0,S1-797757663,S2-348620386,0
0.5625,0.5625,0.25,0.25,0.4,0.0,0,0,0,0.0,0.25,0.2097332428919491,0.0833333333333333,0.0833333333333333,0,0,S1-797757663,S2-245080452,0
0.5714285714285714,0.5714285714285714,0.1785714285714285,0.1785714285714285,0.0,0.0,0,0,0,0.0,0.1666666666666666,0.1626863398512127,0.0,0.0,0,1,S1-797757663,S2-580655420,0
0.5454545454545454,0.5454545454545454,0.1904761904761904,0.1904761904761904,0.2068965517241379,0.0,0,0,0,0.0,0.2,0.2458942400041392,0.0,0.0,0,0,S1-797757663,S2-893000310,0
0.28,0.28,0.1388888888888889,0.1388888888888889,0.3157894736842105,0.0,0,0,0,0.0,0.1666666666666666,0.1525995308460277,0.1,0.1,0,0,S1-797757663,S2-887626124,0
0.3333333333333333,0.3333333333333333,0.03125,0.03125,0.2816901408450704,0.0,0,0,0,0.0,0.1666666666666666,0.0600343997882071,0.0,0.0,0,0,S1-381372493,S2-267681396,0
0.3529411764705882,0.3529411764705882,0.0434782608695652,0.0434782608695652,0.2985074626865671,0.0,0,0,0,0.0,0.1428571428571428,0.0444589107333492,0.0,0.0,0,0,S1-381372493,S2-712299464,0
0.4897959183673469,0.4897959183673469,0.054054054054054,0.054054054054054,0.3478260869565217,0.0,0,0,0,0.0,0.1428571428571428,0.043171993729225,0.0,0.0,0,0,S1-381372493,S2-934478951,0
0.3783783783783784,0.3783783783783784,0.0357142857142857,0.0357142857142857,0.3720930232558139,0.0,0,0,0,0.0,0.2,0.0604322059431447,0.0714285714285714,0.0714285714285714,0,0,S1-381372493,S2-217188577,0
0.3888888888888889,0.3888888888888889,0.037037037037037,0.037037037037037,0.2608695652173913,0.0,0,0,0,0.0,0.2,0.0593396304196017,0.0,0.0,0,0,S1-381372493,S2-721593458,0
0.6046511627906976,0.6046511627906976,0.3333333333333333,0.3333333333333333,0.2972972972972973,0.0,0,0,0,0.0,0.25,0.2257341191726712,0.0,0.0,0,0,S1-575519335,S2-140192013,0
0.6341463414634146,0.6341463414634146,0.36,0.36,0.3389830508474576,0.0,0,0,0,0.0,0.25,0.2301484104267054,0.1,0.1,0,0,S1-575519335,S2-815313281,0
0.6,0.6,0.2727272727272727,0.2727272727272727,0.3076923076923077,0.0,0,0,0,0.0,0.2,0.1950291455547104,0.0,0.0,0,0,S1-575519335,S2-449717582,0
0.7368421052631579,0.7368421052631579,0.391304347826087,0.391304347826087,0.3448275862068966,0.0,0,0,0,0.0,0.3333333333333333,0.2471371139832216,0.0,0.0,0,0,S1-575519335,S2-569534268,0
0.6976744186046512,0.6976744186046512,0.3461538461538461,0.3461538461538461,0.2857142857142857,0.0,0,0,0,0.0,0.2,0.1883333854060899,0.0,0.0,0,0,S1-575519335,S2-170263663,0
0.5454545454545454,0.5454545454545454,0.1538461538461538,0.1538461538461538,0.2622950819672131,0.0,0,0,0,0.0,0.25,0.2920327749480727,0.0,0.0,0,0,S1-376262970,S2-358098763,0
0.4102564102564102,0.4102564102564102,0.1071428571428571,0.1071428571428571,0.3142857142857143,0.0,0,0,0,0.0,0.2,0.2483314935625926,0.0,0.0,0,0,S1-376262970,S2-408860888,0
0.6153846153846154,0.6153846153846154,0.1764705882352941,0.1764705882352941,0.1791044776119403,0.0,0,0,0,0.0,0.3333333333333333,0.3472251855250751,0.0,0.0,0,0,S1-376262970,S2-247873418,0
0.5714285714285714,0.5714285714285714,0.1578947368421052,0.1578947368421052,0.2077922077922078,0.0,0,0,0,0.0,0.3333333333333333,0.2807377941242577,0.0,0.0,0,0,S1-376262970,S2-735844123,0
0.3636363636363636,0.3636363636363636,0.0967741935483871,0.0967741935483871,0.3287671232876712,0.0,0,0,0,0.0,0.1428571428571428,0.1587444993390896,0.0769230769230769,0.0769230769230769,0,0,S1-376262970,S2-374225408,0
