raw_name_seq,translit_name_seq,raw_name_3gram,translit_name_3gram,addr_seq,addr_numeric_jaccard,addr_numeric_shared_count,addr_numeric_any_overlap,addr_numeric_longest_match,addr_numeric_postal_overlap,name_jaccard,name_tfidf_overlap,addr_jaccard,addr_tfidf_overlap,cross_script,addr_missing,s1_id,s2_id,label
0.5,0.5,0.28,0.28,0.2647058823529412,0.0,0,0,0,0.0,0.2,0.15742019119425152,0.0,0.0,0,0,S1-424976769,S2-387847255,0
0.5555555555555556,0.5555555555555556,0.2727272727272727,0.2727272727272727,0.2585034013605442,0.0,0,0,0,0.0,0.2,0.18913893288639966,0.0,0.0,0,0,S1-424976769,S2-856506633,0
0.625,0.625,0.3157894736842105,0.3157894736842105,0.2911392405063291,0.0,0,0,0,0.0,0.25,0.21223644876035683,0.08695652173913043,0.08695652173913042,0,0,S1-424976769,S2-91031785,0
0.6896551724137931,0.6896551724137931,0.375,0.375,0.2896551724137931,0.3333333333333333,1,1,1,0.0,0.25,0.20051933546163164,0.08695652173913043,0.08695652173913042,0,0,S1-424976769,S2-712735476,0
0.6666666666666666,0.6666666666666666,0.35294117647058826,0.35294117647058826,0.275,0.0,0,0,0,0.0,0.25,0.22794669584559382,0.041666666666666664,0.04166666666666666,0,0,S1-424976769,S2-181741966,0
0.37209302325581395,0.37209302325581395,0.03125,0.03125,0.2571428571428571,0.0,0,0,0,0.0,0.16666666666666666,0.05226406064545609,0.0,0.0,0,0,S1-505333132,S2-976415077,0
0.32558139534883723,0.32558139534883723,0.030303030303030304,0.030303030303030304,0.31746031746031744,0.0,0,0,0,0.0,0.16666666666666666,0.05735225521101216,0.0,0.0,0,0,S1-505333132,S2-71190839,0
0.46808510638297873,0.46808510638297873,0.15151515151515152,0.15151515151515152,0.43636363636363634,0.0,0,0,0,0.0,0.16666666666666666,0.1896659002554413,0.1,0.10000000000000002,0,0,S1-505333132,S2-286323090,0
0.21818181818181817,0.21818181818181817,0.046511627906976744,0.046511627906976744,0.24615384615384617,0.0,0,0,0,0.0,0.14285714285714285,0.057132927317708436,0.0,0.0,0,0,S1-505333132,S2-831786901,0
0.43333333333333335,0.43333333333333335,0.021739130434782608,0.021739130434782608,0.24324324324324326,0.0,0,0,0,0.0,0.125,0.04082854538042952,0.0,0.0,0,0,S1-505333132,S2-268981301,0
0.43243243243243246,0.43243243243243246,0.037037037037037035,0.037037037037037035,0.1935483870967742,0.0,0,0,0,0.0,0.2,0.061122426898161344,0.0,0.0,0,0,S1-643535950,S2-813477897,0
0.2962962962962963,0.2962962962962963,0.02857142857142857,0.02857142857142857,0.31746031746031744,0.0,0,0,0,0.0,0.14285714285714285,0.03628743352875052,0.0,0.0,0,0,S1-643535950,S2-236863185,0
0.5142857142857142,0.5142857142857142,0.041666666666666664,0.041666666666666664,0.2692307692307692,0.0,0,0,0,0.0,0.16666666666666666,0.04870843064057522,0.0,0.0,0,0,S1-643535950,S2-685617505,0
0.5238095238095238,0.5238095238095238,0.10714285714285714,0.10714285714285714,0.26229508196721313,0.0,0,0,0,0.0,0.14285714285714285,0.04014383545939844,0.0,0.0,1,0,S1-643535950,S2-154112181,0
0.5263157894736842,0.5263157894736842,0.07692307692307693,0.07692307692307693,0.27692307692307694,0.0,0,0,0,0.0,0.16666666666666666,0.050653323897307194,0.0,0.0,1,0,S1-643535950,S2-571134730,0
0.509090909090909,0.509090909090909,0.1891891891891892,0.1891891891891892,0.31746031746031744,0.0,0,0,0,0.0,0.16666666666666666,0.18254867909651343,0.0,0.0,0,0,S1-105568631,S2-626769518,0
0.5084745762711864,0.5084745762711864,0.1951219512195122,0.1951219512195122,0.3018867924528302,0.0,0,0,0,0.0,0.14285714285714285,0.15677867051505695,0.0,0.0,0,0,S1-105568631,S2-560762978,0
0.5423728813559322,0.5423728813559322,0.225,0.225,0.0,0.0,0,0,0,0.0,0.14285714285714285,0.1479062625506999,0.0,0.0,0,1,S1-105568631,S2-884371582,0
0.7733333333333333,0.7733333333333333,0.5,0.5,0.3389830508474576,0.0,0,0,0,0.0,0.5,0.5241598427251472,0.0,0.0,0,0,S1-105568631,S2-619580854,0
0.5614035087719298,0.5614035087719298,0.23076923076923078,0.23076923076923078,0.25,0.0,0,0,0,0.0,0.16666666666666666,0.18073185506099898,0.0,0.0,0,0,S1-105568631,S2-827355914,0
0.5128205128205128,0.5128205128205128,0.24,0.24,0.15625,0.0,0,0,0,0.0,0.25,0.13129062842081,0.0,0.0,0,0,S1-315874798,S2-672653294,0
0.6,0.6,0.2222222222222222,0.2222222222222222,0.12698412698412698,0.0,0,0,0,0.0,0.25,0.15067126649901783,0.0,0.0,0,0,S1-315874798,S2-29016966,0
0.5,0.5,0.17647058823529413,0.17647058823529413,0.2641509433962264,0.0,0,0,0,0.0,0.2,0.15034315398404963,0.0,0.0,0,0,S1-315874798,S2-224980295,0
0.5945945945945946,0.5945945945945946,0.25,0.25,0.13836477987421383,0.0,0,0,0,0.0,0.25,0.15538912801647276,0.0,0.0,0,0,S1-315874798,S2-888030033,0
0.4897959183673469,0.4897959183673469,0.17142857142857143,0.17142857142857143,0.3352601156069364,0.0,0,0,0,0.0,0.2,0.10520776683237741,0.0,0.0,0,0,S1-315874798,S2-981517288,0
0.3880597014925373,0.3880597014925373,0.1590909090909091,0.1590909090909091,0.27586206896551724,0.5,1,1,1,0.0,0.14285714285714285,0.14052383680948566,0.07142857142857142,0.07142857142857142,0,0,S1-586699005,S2-850723975,0
0.45161290322580644,0.45161290322580644,0.1590909090909091,0.1590909090909091,0.1509433962264151,0.0,0,0,0,0.0,0.14285714285714285,0.13989083547447775,0.0,0.0,0,0,S1-586699005,S2-248406797,0
0.56,0.56,0.3125,0.3125,0.13793103448275862,0.0,0,0,0,0.0,0.25,0.30020010028704425,0.0,0.0,0,0,S1-586699005,S2-718248627,0
0.4782608695652174,0.4782608695652174,0.1875,0.1875,0.2647058823529412,0.0,0,0,0,0.0,0.25,0.22299936369488252,0.0,0.0,0,0,S1-586699005,S2-670032365,0
0.32653061224489793,0.32653061224489793,0.17647058823529413,0.17647058823529413,0.21238938053097345,0.0,0,0,0,0.0,0.2,0.19919697606541287,0.0,0.0,0,0,S1-586699005,S2-332758205,0
0.2962962962962963,0.2962962962962963,0.04878048780487805,0.04878048780487805,0.14035087719298245,0.0,0,0,0,0.0,0.125,0.09851305353058382,0.0,0.0,1,0,S1-47773771,S2-109139827,0
0.35294117647058826,0.35294117647058826,0.025,0.025,0.22580645161290322,0.0,0,0,0,0.0,0.14285714285714285,0.05677710873342739,0.0,0.0,0,0,S1-47773771,S2-357707338,0
0.6792452830188679,0.6792452830188679,0.2571428571428571,0.2571428571428571,0.3404255319148936,0.0,0,0,0,0.0,0.16666666666666666,0.1965151478845294,0.0,0.0,0,0,S1-47773771,S2-505433019,0
0.4074074074074074,0.4074074074074074,0.04878048780487805,0.04878048780487805,0.4,0.0,0,0,0,0.0,0.125,0.060824163175471714,0.09090909090909091,0.09090909090909093,0,0,S1-47773771,S2-623890679,0
0.5,0.5,0.05,0.05,0.2692307692307692,0.0,0,0,0,0.0,0.14285714285714285,0.06852178493926886,0.0,0.0,1,0,S1-47773771,S2-730525828,0
0.45,0.45,0.13333333333333333,0.13333333333333333,0.5405405405405406,0.0,0,0,0,0.0,0.1111111111111111,0.09031010788651612,0.09090909090909091,0.09090909090909093,0,0,S1-874660306,S2-482029242,0
0.5142857142857142,0.5142857142857142,0.1568627450980392,0.1568627450980392,0.4857142857142857,0.0,0,0,0,0.0,0.14285714285714285,0.10480946312463175,0.09090909090909091,0.09090909090909093,0,0,S1-874660306,S2-778833449,0
0.4722222222222222,0.4722222222222222,0.19607843137254902,0.19607843137254902,0.29508196721311475,0.0,0,0,0,0.0,0.125,0.08107751318801135,0.0,0.0,0,0,S1-874660306,S2-312525128,0
0.34375,0.34375,0.06,0.06,0.35294117647058826,0.0,0,0,0,0.0,0.125,0.06919565307023165,0.0,0.0,0,0,S1-874660306,S2-519936480,0
0.5274725274725275,0.5274725274725275,0.12857142857142856,0.12857142857142856,0.2465753424657534,0.0,0,0,0,0.0,0.1111111111111111,0.08136039408975515,0.0,0.0,1,0,S1-874660306,S2-704071681,0
0.5217391304347826,0.5217391304347826,0.1935483870967742,0.1935483870967742,0.2153846153846154,0.0,0,0,0,0.0,0.16666666666666666,0.20458583507220907,0.0,0.0,0,0,S1-615771798,S2-320764306,0
0.7391304347826086,0.7391304347826086,0.37037037037037035,0.37037037037037035,0.1875,0.0,0,0,0,0.0,0.4,0.445163180636396,0.1,0.10000000000000002,0,0,S1-615771798,S2-807921212,0
0.4444444444444444,0.4444444444444444,0.1935483870967742,0.1935483870967742,0.1875,0.0,0,0,0,0.0,0.2,0.2189784520730046,0.0,0.0,0,0,S1-615771798,S2-300411492,0
0.4888888888888889,0.4888888888888889,0.2,0.2,0.12987012987012986,0.0,0,0,0,0.0,0.16666666666666666,0.1642734065238782,0.0,0.0,0,0,S1-615771798,S2-46302968,0
0.5405405405405406,0.5405405405405406,0.25,0.25,0.2,0.0,0,0,0,0.0,0.25,0.258564052400128,0.0,0.0,0,0,S1-615771798,S2-370507866,0
0.36,0.36,0.025,0.025,0.3333333333333333,0.0,0,0,0,0.0,0.16666666666666666,0.061901336473587934,0.0,0.0,0,0,S1-205963340,S2-869122704,0
0.4074074074074074,0.4074074074074074,0.047619047619047616,0.047619047619047616,0.2222222222222222,0.0,0,0,0,0.0,0.14285714285714285,0.05481318370934988,0.0,0.0,0,0,S1-205963340,S2-2643710,0
0.25,0.25,0.02631578947368421,0.02631578947368421,0.2857142857142857,0.0,0,0,0,0.0,0.16666666666666666,0.07387870614158915,0.0,0.0,0,0,S1-205963340,S2-975414164,0
0.3548387096774194,0.3548387096774194,0.02,0.02,0.13114754098360656,0.0,0,0,0,0.0,0.125,0.03862861588689487,0.0,0.0,0,0,S1-205963340,S2-160239712,0
0.40816326530612246,0.40816326530612246,0.02631578947368421,0.02631578947368421,0.3,0.0,0,0,0,0.0,0.16666666666666666,0.05400225761289289,0.0,0.0,0,0,S1-205963340,S2-952725337,0
0.4927536231884058,0.4927536231884058,0.14285714285714285,0.14285714285714285,0.3076923076923077,0.0,0,0,0,0.0,0.125,0.04373268626024692,0.0,0.0,0,0,S1-107415535,S2-544317455,0
0.25806451612903225,0.25806451612903225,0.1111111111111111,0.1111111111111111,0.0,0.0,0,0,0,0.0,0.14285714285714285,0.09122785531819814,0.0,0.0,0,1,S1-107415535,S2-109860534,0
0.6410256410256411,0.6410256410256411,0.23076923076923078,0.23076923076923078,0.20253164556962025,0.0,0,0,0,0.0,0.25,0.09682304366931914,0.0,0.0,0,0,S1-107415535,S2-657172695,0
0.38961038961038963,0.38961038961038963,0.26,0.26,0.20689655172413793,0.0,0,0,0,0.0,0.2857142857142857,0.094987886857135,0.0,0.0,0,0,S1-107415535,S2-956344710,0
0.463768115942029,0.463768115942029,0.16666666666666666,0.16666666666666666,0.22448979591836735,0.0,0,0,0,0.0,0.2857142857142857,0.12953227466562034,0.0,0.0,0,0,S1-107415535,S2-567640086,0
0.3076923076923077,0.3076923076923077,0.024390243902439025,0.024390243902439025,0.32727272727272727,0.0,0,0,0,0.0,0.14285714285714285,0.056538960915152064,0.0,0.0,1,0,S1-895408600,S2-287386425,0
0.358974358974359,0.358974358974359,0.034482758620689655,0.034482758620689655,0.41509433962264153,0.0,0,0,0,0.0,0.16666666666666666,0.052774535282947246,0.0,0.0,0,0,S1-895408600,S2-915159558,0
0.3673469387755102,0.3673469387755102,0.02702702702702703,0.02702702702702703,0.2222222222222222,0.0,0,0,0,0.0,0.14285714285714285,0.04762237081442743,0.0,0.0,0,0,S1-895408600,S2-702776679,0
0.2711864406779661,0.2711864406779661,0.021739130434782608,0.021739130434782608,0.4262295081967213,0.0,0,0,0,0.0,0.1111111111111111,0.04123781062510213,0.09090909090909091,0.09090909090909093,0,0,S1-895408600,S2-224869315,0
0.28,0.28,0.02564102564102564,0.02564102564102564,0.3492063492063492,0.0,0,0,0,0.0,0.14285714285714285,0.042956966929554134,0.0,0.0,0,0,S1-895408600,S2-448317577,0
0.47058823529411764,0.47058823529411764,0.05555555555555555,0.05555555555555555,0.28125,0.0,0,0,0,0.0,0.16666666666666666,0.052022522017879456,0.0,0.0,0,0,S1-754942845,S2-823885525,0
0.33962264150943394,0.33962264150943394,0.029411764705882353,0.029411764705882353,0.0,0.0,0,0,0,0.0,0.16666666666666666,0.04076749003144907,0.0,0.0,0,1,S1-754942845,S2-975926217,0
0.25,0.25,0.024390243902439025,0.024390243902439025,0.26666666666666666,0.0,0,0,0,0.0,0.14285714285714285,0.03596764571281728,0.0,0.0,0,0,S1-754942845,S2-441603142,0
0.3,0.3,0.038461538461538464,0.038461538461538464,0.3333333333333333,0.0,0,0,0,0.0,0.16666666666666666,0.048026837932766554,0.0,0.0,0,0,S1-754942845,S2-646659894,0
0.3076923076923077,0.3076923076923077,0.038461538461538464,0.038461538461538464,0.0,0.0,0,0,0,0.0,0.2,0.053827320873209766,0.0,0.0,0,1,S1-754942845,S2-783946790,0
0.4,0.4,0.16129032258064516,0.16129032258064516,0.27586206896551724,0.0,0,0,0,0.0,0.16666666666666666,0.12461025385681293,0.0,0.0,0,0,S1-263067907,S2-834074674,0
0.36363636363636365,0.36363636363636365,0.09523809523809523,0.09523809523809523,0.2641509433962264,0.0,0,0,0,0.0,0.16666666666666666,0.12076866670336439,0.0,0.0,0,0,S1-263067907,S2-888066186,0
0.2909090909090909,0.2909090909090909,0.1282051282051282,0.1282051282051282,0.25742574257425743,0.0,0,0,0,0.0,0.14285714285714285,0.1019205325665529,0.0,0.0,0,0,S1-263067907,S2-468431592,0
0.35555555555555557,0.35555555555555557,0.125,0.125,0.14814814814814814,0.0,0,0,0,0.0,0.16666666666666666,0.10812752031497407,0.0,0.0,0,0,S1-263067907,S2-755277810,0
0.44,0.44,0.10810810810810811,0.10810810810810811,0.2608695652173913,0.0,0,0,0,0.0,0.16666666666666666,0.10396132019217971,0.0,0.0,0,0,S1-263067907,S2-403207315,0
0.4444444444444444,0.4444444444444444,0.125,0.125,0.36220472440944884,0.0,0,0,0,0.0,0.16666666666666666,0.05586038660723687,0.0,0.0,0,0,S1-638404069,S2-80631267,0
0.44776119402985076,0.44776119402985076,0.09615384615384616,0.09615384615384616,0.323943661971831,0.0,0,0,0,0.0,0.14285714285714285,0.046059723228036545,0.0,0.0,0,0,S1-638404069,S2-169959831,0
0.4727272727272727,0.4727272727272727,0.12195121951219512,0.12195121951219512,0.3974358974358974,0.0,0,0,0,0.0,0.16666666666666666,0.057642566756104546,0.043478260869565216,0.04347826086956521,0,0,S1-638404069,S2-855938309,0
0.56,0.56,0.16666666666666666,0.16666666666666666,0.24561403508771928,0.0,0,0,0,0.0,0.2,0.05085450218367786,0.0,0.0,0,0,S1-638404069,S2-850097546,0
0.5882352941176471,0.5882352941176471,0.16216216216216217,0.16216216216216217,0.2014388489208633,0.0,0,0,0,0.0,0.2,0.15270034747886466,0.0,0.0,0,0,S1-638404069,S2-87277273,0
0.3492063492063492,0.3492063492063492,0.1276595744680851,0.1276595744680851,0.22018348623853212,0.0,0,0,0,0.0,0.14285714285714285,0.053288463654839184,0.0,0.0,0,0,S1-742910577,S2-763175784,0
0.30434782608695654,0.30434782608695654,0.15625,0.15625,0.22950819672131148,0.0,0,0,0,0.0,0.16666666666666666,0.05843500753756333,0.0,0.0,0,0,S1-742910577,S2-283164414,0
0.6129032258064516,0.6129032258064516,0.3076923076923077,0.3076923076923077,0.12903225806451613,0.0,0,0,0,0.0,0.2857142857142857,0.12248856643415966,0.0,0.0,0,0,S1-742910577,S2-3134678,0
0.5,0.5,0.13513513513513514,0.13513513513513514,0.19834710743801653,0.0,0,0,0,0.0,0.14285714285714285,0.04961601967733995,0.0,0.0,0,0,S1-742910577,S2-108627124,0
0.3870967741935484,0.3870967741935484,0.10638297872340426,0.10638297872340426,0.2222222222222222,0.0,0,0,0,0.0,0.14285714285714285,0.05897703213876403,0.0,0.0,0,0,S1-742910577,S2-498775043,0
0.5,0.5,0.13953488372093023,0.13953488372093023,0.2545454545454545,0.0,0,0,0,0.0,0.125,0.18059181197885804,0.0,0.0,0,0,S1-905733846,S2-707953662,0
0.4864864864864865,0.4864864864864865,0.16666666666666666,0.16666666666666666,0.5396825396825397,0.5,1,1,3,0.0,0.16666666666666666,0.26839278329913885,0.2222222222222222,0.22222222222222227,0,0,S1-905733846,S2-750703828,0
0.5405405405405406,0.5405405405405406,0.16666666666666666,0.16666666666666666,0.15584415584415584,0.0,0,0,0,0.0,0.16666666666666666,0.2554220570030971,0.0,0.0,0,0,S1-905733846,S2-586461123,0
0.6285714285714286,0.6285714285714286,0.2857142857142857,0.2857142857142857,0.17142857142857143,0.0,0,0,0,0.0,0.2,0.2567160316208349,0.0,0.0,0,0,S1-905733846,S2-457914536,0
0.7567567567567568,0.7567567567567568,0.38095238095238093,0.38095238095238093,0.2894736842105263,0.0,0,0,0,0.0,0.3333333333333333,0.3084604566378633,0.0,0.0,1,0,S1-85137538,S2-292970864,0
0.358974358974359,0.358974358974359,0.23809523809523808,0.23809523809523808,0.14084507042253522,0.0,0,0,0,0.0,0.3333333333333333,0.2942461363741177,0.0,0.0,0,0,S1-85137538,S2-837347994,0
0.7741935483870968,0.7741935483870968,0.5333333333333333,0.5333333333333333,0.42857142857142855,0.0,0,0,0,0.0,0.3333333333333333,0.30878211068673383,0.09090909090909091,0.09090909090909093,1,0,S1-85137538,S2-866289116,0
0.42424242424242425,0.42424242424242425,0.25,0.25,0.27692307692307694,0.0,0,0,0,0.0,0.3333333333333333,0.32061992346727836,0.0,0.0,1,0,S1-85137538,S2-115470309,0
0.6,0.6,0.34782608695652173,0.34782608695652173,0.2413793103448276,0.0,0,0,0,0.0,0.25,0.23803275914058497,0.0,0.0,0,0,S1-85137538,S2-981113222,0
0.35555555555555557,0.35555555555555557,0.058823529411764705,0.058823529411764705,0.3137254901960784,0.0,0,0,0,0.0,0.16666666666666666,0.11582497791428953,0.1,0.10000000000000002,0,0,S1-539879230,S2-176152440,0
0.4375,0.4375,0.14285714285714285,0.14285714285714285,0.38095238095238093,0.0,0,0,0,0.0,0.2,0.15183534191934644,0.0,0.0,0,0,S1-539879230,S2-853833844,0
0.16,0.16,0.05405405405405406,0.05405405405405406,0.3050847457627119,0.0,0,0,0,0.0,0.14285714285714285,0.11019946211653671,0.0,0.0,0,0,S1-539879230,S2-100371698,0
0.21621621621621623,0.21621621621621623,0.07692307692307693,0.07692307692307693,0.2962962962962963,0.0,0,0,0,0.0,0.16666666666666666,0.10980479094119645,0.0,0.0,1,0,S1-539879230,S2-383760149,0
0.36363636363636365,0.36363636363636365,0.08695652173913043,0.08695652173913043,0.2903225806451613,0.0,0,0,0,0.0,0.2,0.10974436178339915,0.0,0.0,0,0,S1-539879230,S2-46875757,0
0.3018867924528302,0.3018867924528302,0.024390243902439025,0.024390243902439025,0.3283582089552239,0.0,0,0,0,0.0,0.14285714285714285,0.04782768589782409,0.0,0.0,0,0,S1-716830359,S2-517476293,0
0.45454545454545453,0.45454545454545453,0.038461538461538464,0.038461538461538464,0.0,0.0,0,0,0,0.0,0.125,0.043286729982144785,0.0,0.0,0,1,S1-716830359,S2-312069173,0
0.3333333333333333,0.3333333333333333,0.02702702702702703,0.02702702702702703,0.25,0.0,0,0,0,0.0,0.16666666666666666,0.05528479517287008,0.0,0.0,0,0,S1-716830359,S2-796056399,0
0.34285714285714286,0.34285714285714286,0.03571428571428571,0.03571428571428571,0.3384615384615385,0.0,0,0,0,0.0,0.125,0.03937982714464662,0.0,0.0,0,0,S1-716830359,S2-341881704,0
0.3582089552238806,0.3582089552238806,0.018518518518518517,0.018518518518518517,0.2857142857142857,0.0,0,0,0,0.0,0.125,0.03893099217872892,0.0,0.0,0,0,S1-716830359,S2-930648048,0
0.4186046511627907,0.4186046511627907,0.13793103448275862,0.13793103448275862,0.33962264150943394,0.0,0,0,0,0.0,0.3333333333333333,0.14488940836500452,0.0,0.0,0,0,S1-738693243,S2-210806234,0
0.5454545454545454,0.5454545454545454,0.030303030303030304,0.030303030303030304,0.2597402597402597,0.0,0,0,0,0.0,0.14285714285714285,0.05705868861722568,0.09090909090909091,0.09090909090909093,0,0,S1-738693243,S2-305299303,0
0.5641025641025641,0.5641025641025641,0.16,0.16,0.3684210526315789,0.0,0,0,0,0.0,0.3333333333333333,0.15697764360741984,0.0625,0.06249999999999999,0,0,S1-738693243,S2-855032588,0
0.4,0.4,0.030303030303030304,0.030303030303030304,0.26804123711340205,0.0,0,0,0,0.0,0.125,0.056357716303351554,0.0,0.0,0,0,S1-738693243,S2-286059043,0
0.47619047619047616,0.47619047619047616,0.23076923076923078,0.23076923076923078,0.18055555555555555,0.0,0,0,0,0.0,0.3333333333333333,0.15799576897299222,0.0,0.0,0,0,S1-738693243,S2-913670294,0
0.18181818181818182,0.18181818181818182,0.041666666666666664,0.041666666666666664,0.18867924528301888,0.0,0,0,0,0.0,0.2,0.059468939783872445,0.0,0.0,0,0,S1-630422386,S2-955374431,0
0.45714285714285713,0.45714285714285713,0.04,0.04,0.24242424242424243,0.0,0,0,0,0.0,0.16666666666666666,0.05186661526548589,0.0,0.0,0,0,S1-630422386,S2-435580000,0
0.3137254901960784,0.3137254901960784,0.02564102564102564,0.02564102564102564,0.3492063492063492,0.0,0,0,0,0.0,0.125,0.03986286924748792,0.0,0.0,0,0,S1-630422386,S2-919479351,0
0.3684210526315789,0.3684210526315789,0.03571428571428571,0.03571428571428571,0.4918032786885246,0.0,0,0,0,0.0,0.16666666666666666,0.049034737856453424,0.1,0.10000000000000002,0,0,S1-630422386,S2-716078621,0
0.47058823529411764,0.47058823529411764,0.041666666666666664,0.041666666666666664,0.0,0.0,0,0,0,0.0,0.16666666666666666,0.05455234968008321,0.0,0.0,0,1,S1-630422386,S2-560840189,0
0.4444444444444444,0.4444444444444444,0.04,0.04,0.1,0.0,0,0,0,0.0,0.125,0.03599658849075621,0.0,0.0,0,0,S1-59400420,S2-908497387,0
0.36065573770491804,0.36065573770491804,0.04081632653061224,0.04081632653061224,0.20689655172413793,0.0,0,0,0,0.0,0.14285714285714285,0.037547532547364135,0.1,0.10000000000000002,0,0,S1-59400420,S2-26267225,0
0.3076923076923077,0.3076923076923077,0.023809523809523808,0.023809523809523808,0.29850746268656714,0.0,0,0,0,0.0,0.16666666666666666,0.04440534514500279,0.0,0.0,0,0,S1-59400420,S2-265461303,0
0.13043478260869565,0.13043478260869565,0.02702702702702703,0.02702702702702703,0.1935483870967742,0.0,0,0,0,0.0,0.2,0.046475229226100916,0.0,0.0,0,0,S1-59400420,S2-380671598,0
0.41935483870967744,0.41935483870967744,0.08333333333333333,0.08333333333333333,0.3333333333333333,0.0,0,0,0,0.0,0.14285714285714285,0.04157268408296736,0.09090909090909091,0.09090909090909093,0,0,S1-59400420,S2-560080134,0
0.48,0.48,0.16666666666666666,0.16666666666666666,0.29508196721311475,0.0,0,0,0,0.0,0.2,0.15686117892788548,0.0,0.0,0,0,S1-879877635,S2-825643327,0
0.5106382978723404,0.5106382978723404,0.21875,0.21875,0.25,0.0,0,0,0,0.0,0.2,0.12878943665709472,0.0,0.0,0,0,S1-879877635,S2-439928572,0
0.4444444444444444,0.4444444444444444,0.2,0.2,0.19801980198019803,0.0,0,0,0,0.0,0.2,0.1691821001601151,0.0,0.0,0,0,S1-879877635,S2-544794102,0
0.4074074074074074,0.4074074074074074,0.15384615384615385,0.15384615384615385,0.23853211009174313,0.0,0,0,0,0.0,0.16666666666666666,0.14070239400640816,0.0,0.0,0,0,S1-879877635,S2-925427025,0
0.5806451612903226,0.5806451612903226,0.3333333333333333,0.3333333333333333,0.21052631578947367,0.0,0,0,0,0.0,0.25,0.16241850541767347,0.0,0.0,0,0,S1-879877635,S2-141384953,0
0.4,0.4,0.14285714285714285,0.14285714285714285,0.2518518518518518,0.0,0,0,0,0.0,0.14285714285714285,0.04540556505062808,0.0,0.0,0,0,S1-610149670,S2-851573434,0
0.5,0.5,0.16666666666666666,0.16666666666666666,0.2222222222222222,0.0,0,0,0,0.0,0.16666666666666666,0.04235596013769509,0.0,0.0,0,0,S1-610149670,S2-633358240,0
0.5283018867924528,0.5283018867924528,0.13157894736842105,0.13157894736842105,0.2,0.0,0,0,0,0.0,0.14285714285714285,0.03878456984084495,0.0,0.0,0,0,S1-610149670,S2-507833510,0
0.6415094339622641,0.6415094339622641,0.4,0.4,0.3055555555555556,0.0,0,0,0,0.0,0.3333333333333333,0.1080494300545977,0.0,0.0,0,0,S1-610149670,S2-79915961,0
0.56,0.56,0.14285714285714285,0.14285714285714285,0.3114754098360656,0.0,0,0,0,0.0,0.14285714285714285,0.046185360612713146,0.0,0.0,0,0,S1-610149670,S2-889780521,0
0.4666666666666667,0.4666666666666667,0.21052631578947367,0.21052631578947367,0.4,0.0,0,0,0,0.0,0.25,0.2258253833971012,0.0,0.0,1,0,S1-320200542,S2-787034299,0
0.5333333333333333,0.5333333333333333,0.21052631578947367,0.21052631578947367,0.33766233766233766,0.0,0,0,0,0.0,0.25,0.2676590369040714,0.0,0.0,0,0,S1-320200542,S2-413410627,0
0.5,0.5,0.19047619047619047,0.19047619047619047,0.15873015873015872,0.0,0,0,0,0.0,0.25,0.21035133431184333,0.0,0.0,0,0,S1-320200542,S2-918418392,0
0.38095238095238093,0.38095238095238093,0.13793103448275862,0.13793103448275862,0.14736842105263157,0.0,0,0,0,0.0,0.16666666666666666,0.1881365956907458,0.0,0.0,0,0,S1-320200542,S2-417235965,0
0.5,0.5,0.2222222222222222,0.2222222222222222,0.2535211267605634,0.0,0,0,0,0.0,0.3333333333333333,0.2705422165946314,0.08333333333333333,0.08333333333333334,0,0,S1-320200542,S2-160821957,0
0.5818181818181818,0.5818181818181818,0.1282051282051282,0.1282051282051282,0.3275862068965517,0.0,0,0,0,0.0,0.14285714285714285,0.05274020236409187,0.0,0.0,1,0,S1-927467834,S2-29640550,0
0.6666666666666666,0.6666666666666666,0.425,0.425,0.3382352941176471,0.0,0,0,0,0.0,0.5,0.21011523204770913,0.0,0.0,0,0,S1-927467834,S2-223641316,0
0.5666666666666667,0.5666666666666667,0.11363636363636363,0.11363636363636363,0.21359223300970873,0.0,0,0,0,0.0,0.125,0.04161674169972528,0.0,0.0,0,0,S1-927467834,S2-183433521,0
0.5925925925925926,0.5925925925925926,0.15789473684210525,0.15789473684210525,0.0,0.0,0,0,0,0.0,0.14285714285714285,0.05365989247980159,0.0,0.0,0,1,S1-927467834,S2-152632978,0
0.4583333333333333,0.4583333333333333,0.14705882352941177,0.14705882352941177,0.14583333333333334,0.0,0,0,0,0.0,0.16666666666666666,0.056825005159302756,0.0,0.0,0,0,S1-927467834,S2-950381919,0
0.7450980392156863,0.7450980392156863,0.41379310344827586,0.41379310344827586,0.23404255319148937,0.0,0,0,0,0.0,0.3333333333333333,0.14269240628968255,0.0,0.0,0,0,S1-991226123,S2-684324047,0
0.6545454545454545,0.6545454545454545,0.36363636363636365,0.36363636363636365,0.07246376811594203,0.0,0,0,0,0.0,0.3333333333333333,0.13135757742843493,0.0,0.0,0,0,S1-991226123,S2-697753844,0
0.3466666666666667,0.3466666666666667,0.08620689655172414,0.08620689655172414,0.29931972789115646,0.0,0,0,0,0.0,0.1111111111111111,0.0339211536018337,0.0,0.0,0,0,S1-991226123,S2-385677886,0
0.5882352941176471,0.5882352941176471,0.1388888888888889,0.1388888888888889,0.3087248322147651,0.0,0,0,0,0.0,0.14285714285714285,0.056171068641861256,0.0,0.0,0,0,S1-991226123,S2-144365595,0
0.6779661016949152,0.6779661016949152,0.32432432432432434,0.32432432432432434,0.30120481927710846,0.0,0,0,0,0.0,0.3333333333333333,0.13701990376782852,0.0,0.0,0,0,S1-991226123,S2-8497900,0
0.43902439024390244,0.43902439024390244,0.06666666666666667,0.06666666666666667,0.2857142857142857,0.0,0,0,0,0.0,0.2,0.10462563474826615,0.0,0.0,1,0,S1-481281376,S2-152413868,0
0.35555555555555557,0.35555555555555557,0.06060606060606061,0.06060606060606061,0.33962264150943394,0.0,0,0,0,0.0,0.14285714285714285,0.06946220111659328,0.0,0.0,0,0,S1-481281376,S2-942937106,0
0.34782608695652173,0.34782608695652173,0.05714285714285714,0.05714285714285714,0.16,0.0,0,0,0,0.0,0.16666666666666666,0.0804669913484197,0.0,0.0,0,0,S1-481281376,S2-323238176,0
0.358974358974359,0.358974358974359,0.06896551724137931,0.06896551724137931,0.37735849056603776,0.0,0,0,0,0.0,0.2,0.12748089542916205,0.0,0.0,0,0,S1-481281376,S2-64759494,0
0.4,0.4,0.08,0.08,0.0,0.0,0,0,0,0.0,0.2,0.09720226070593489,0.0,0.0,0,1,S1-481281376,S2-285488411,0
1.0,1.0,1.0,1.0,0.898876404494382,1.0,1,1,4,1.0,1.0,1.0,0.7777777777777778,0.7777777777777778,0,0,S1-210849781,S2-845708664,1
0.27450980392156865,0.27450980392156865,0.07692307692307693,0.07692307692307693,0.2857142857142857,0.0,0,0,0,0.0,0.16666666666666666,0.07759888295143005,0.0,0.0,0,0,S1-210849781,S2-64630333,0
0.3902439024390244,0.3902439024390244,0.06451612903225806,0.06451612903225806,0.26506024096385544,0.0,0,0,0,0.0,0.2,0.08758323996543606,0.07142857142857142,0.07142857142857142,1,0,S1-210849781,S2-931564582,0
0.36666666666666664,0.36666666666666664,0.02127659574468085,0.02127659574468085,0.367816091954023,0.0,0,0,0,0.0,0.125,0.04276697838849155,0.0,0.0,0,0,S1-210849781,S2-583490143,0
0.4782608695652174,0.4782608695652174,0.1935483870967742,0.1935483870967742,0.34146341463414637,0.0,0,0,0,0.0,0.16666666666666666,0.11766163102188251,0.0,0.0,0,0,S1-210849781,S2-348499671,0
0.2631578947368421,0.2631578947368421,0.034482758620689655,0.034482758620689655,0.3333333333333333,0.0,0,0,0,0.0,0.2,0.09334379690413536,0.0,0.0,0,0,S1-210849781,S2-161129978,0
0.3684210526315789,0.3684210526315789,0.15384615384615385,0.15384615384615385,0.2727272727272727,0.0,0,0,0,0.0,0.2,0.15596518178062369,0.0,0.0,0,0,S1-844896591,S2-937624711,0
0.3283582089552239,0.3283582089552239,0.07692307692307693,0.07692307692307693,0.26262626262626265,0.0,0,0,0,0.0,0.125,0.12745381078530482,0.0,0.0,0,0,S1-844896591,S2-317871764,0
0.4074074074074074,0.4074074074074074,0.0975609756097561,0.0975609756097561,0.3384615384615385,0.0,0,0,0,0.0,0.16666666666666666,0.16978401804269871,0.0,0.0,0,0,S1-844896591,S2-653681517,0
0.3018867924528302,0.3018867924528302,0.1,0.1,0.2028985507246377,0.0,0,0,0,0.0,0.16666666666666666,0.1194017097364965,0.0,0.0,0,0,S1-844896591,S2-87778259,0
0.4,0.4,0.07547169811320754,0.07547169811320754,0.36619718309859156,0.0,0,0,0,0.0,0.1111111111111111,0.13299795781959287,0.0,0.0,0,0,S1-844896591,S2-710080674,0
0.35,0.35,0.03333333333333333,0.03333333333333333,0.3125,0.0,0,0,0,0.0,0.2,0.2332589188666041,0.0,0.0,0,0,S1-705083256,S2-601276521,0
0.5454545454545454,0.5454545454545454,0.3333333333333333,0.3333333333333333,0.2571428571428571,0.0,0,0,0,0.0,0.3333333333333333,0.10736126171424343,0.0,0.0,1,0,S1-705083256,S2-518555797,0
0.5357142857142857,0.5357142857142857,0.3235294117647059,0.3235294117647059,0.2916666666666667,0.0,0,0,0,0.0,0.3333333333333333,0.12021828607863473,0.0,0.0,0,0,S1-705083256,S2-640216869,0
0.5294117647058824,0.5294117647058824,0.27906976744186046,0.27906976744186046,0.4968944099378882,0.2,1,1,1,0.0,0.25,0.09008673702849444,0.2,0.19999999999999996,0,0,S1-705083256,S2-412777702,0
0.6984126984126984,0.6984126984126984,0.3,0.3,0.3546099290780142,0.0,0,0,0,0.0,0.3333333333333333,0.11906503529596675,0.045454545454545456,0.04545454545454544,0,0,S1-705083256,S2-433227175,0
0.31746031746031744,0.31746031746031744,0.10638297872340426,0.10638297872340426,0.18487394957983194,0.0,0,0,0,0.0,0.125,0.044669821739173825,0.0,0.0,0,0,S1-109593962,S2-257371108,0
0.5428571428571428,0.5428571428571428,0.2553191489361702,0.2553191489361702,0.1925925925925926,0.0,0,0,0,0.0,0.2857142857142857,0.11225430640990275,0.0,0.0,0,0,S1-109593962,S2-559823127,0
0.4230769230769231,0.4230769230769231,0.13513513513513514,0.13513513513513514,0.1188118811881188,0.0,0,0,0,0.0,0.14285714285714285,0.05411314004224849,0.0,0.0,0,0,S1-109593962,S2-27742230,0
0.6551724137931034,0.6551724137931034,0.3333333333333333,0.3333333333333333,0.2676056338028169,0.0,0,0,0,0.0,0.3333333333333333,0.133820856822062,0.0,0.0,0,0,S1-109593962,S2-845908863,0
0.3673469387755102,0.3673469387755102,0.14285714285714285,0.14285714285714285,0.18840579710144928,0.0,0,0,0,0.0,0.16666666666666666,0.061815032523268906,0.0,0.0,0,0,S1-109593962,S2-943046043,0
0.13333333333333333,0.13333333333333333,0.027777777777777776,0.027777777777777776,0.16,0.0,0,0,0,0.0,0.2,0.06626042069521229,0.0,0.0,0,0,S1-971293452,S2-416826232,0
0.2857142857142857,0.2857142857142857,0.030303030303030304,0.030303030303030304,0.23728813559322035,0.0,0,0,0,0.0,0.2,0.06721530421586958,0.0,0.0,0,0,S1-971293452,S2-192953345,0
0.45161290322580644,0.45161290322580644,0.045454545454545456,0.045454545454545456,0.2857142857142857,0.0,0,0,0,0.0,0.2,0.0723902638863889,0.0,0.0,0,0,S1-971293452,S2-493038484,0
0.38461538461538464,0.38461538461538464,0.05555555555555555,0.05555555555555555,0.3728813559322034,0.0,0,0,0,0.0,0.25,0.08151915399646249,0.0,0.0,0,0,S1-971293452,S2-787309075,0
0.42105263157894735,0.42105263157894735,0.034482758620689655,0.034482758620689655,0.0,0.0,0,0,0,0.0,0.2,0.05431869140697369,0.0,0.0,0,1,S1-971293452,S2-865691824,0
0.47058823529411764,0.47058823529411764,0.16666666666666666,0.16666666666666666,0.3464566929133858,0.0,0,0,0,0.0,0.16666666666666666,0.1340676372784825,0.047619047619047616,0.04761904761904761,0,0,S1-681160793,S2-883436763,0
0.7777777777777778,0.7777777777777778,0.5517241379310345,0.5517241379310345,0.2923076923076923,0.0,0,0,0,0.0,0.4,0.3559416550067324,0.0,0.0,1,0,S1-681160793,S2-545674695,0
0.4888888888888889,0.4888888888888889,0.15625,0.15625,0.09523809523809523,0.0,0,0,0,0.0,0.2,0.19276611165310306,0.0,0.0,0,0,S1-681160793,S2-541636548,0
0.6216216216216216,0.6216216216216216,0.36363636363636365,0.36363636363636365,0.15204678362573099,0.0,0,0,0,0.0,0.3333333333333333,0.2919748054290976,0.17391304347826086,0.17391304347826084,0,0,S1-681160793,S2-598322271,0
0.509090909090909,0.509090909090909,0.12195121951219512,0.12195121951219512,0.20833333333333334,0.0,0,0,0,0.0,0.16666666666666666,0.12093576217529682,0.0,0.0,0,0,S1-681160793,S2-222195968,0
0.5454545454545454,0.5454545454545454,0.18181818181818182,0.18181818181818182,0.2545454545454545,0.0,0,0,0,0.0,0.25,0.24477432222440162,0.0,0.0,0,0,S1-59474645,S2-672054842,0
0.45454545454545453,0.45454545454545453,0.125,0.125,0.2711864406779661,0.0,0,0,0,0.0,0.2,0.17917098730548514,0.0,0.0,0,0,S1-59474645,S2-417090507,0
0.6451612903225806,0.6451612903225806,0.19047619047619047,0.19047619047619047,0.0,0.0,0,0,0,0.0,0.3333333333333333,0.2736885627479184,0.0,0.0,1,1,S1-59474645,S2-966985435,0
0.46153846153846156,0.46153846153846156,0.25,0.25,0.14925373134328357,0.0,0,0,0,0.0,0.3333333333333333,0.2195151878477922,0.0,0.0,0,0,S1-59474645,S2-371501898,0
0.41025641025641024,0.41025641025641024,0.15384615384615385,0.15384615384615385,0.0,0.0,0,0,0,0.0,0.2,0.16298011751791805,0.0,0.0,0,1,S1-59474645,S2-215090832,0
0.43636363636363634,0.43636363636363634,0.023255813953488372,0.023255813953488372,0.34782608695652173,0.0,0,0,0,0.0,0.125,0.03508865653949615,0.0,0.0,0,0,S1-321648485,S2-893385935,0
0.4444444444444444,0.4444444444444444,0.04081632653061224,0.04081632653061224,0.21818181818181817,0.0,0,0,0,0.0,0.1111111111111111,0.03176481782743279,0.0,0.0,0,0,S1-321648485,S2-10847918,0
0.43478260869565216,0.43478260869565216,0.027777777777777776,0.027777777777777776,0.39344262295081966,0.0,0,0,0,0.0,0.16666666666666666,0.053141170915845096,0.0,0.0,0,0,S1-321648485,S2-936788611,0
0.4262295081967213,0.4262295081967213,0.041666666666666664,0.041666666666666664,0.14035087719298245,0.0,0,0,0,0.0,0.125,0.036843083499435984,0.0,0.0,0,0,S1-321648485,S2-179512080,0
0.26666666666666666,0.26666666666666666,0.02857142857142857,0.02857142857142857,0.2711864406779661,0.0,0,0,0,0.0,0.16666666666666666,0.06432277794138079,0.0,0.0,0,0,S1-321648485,S2-269909391,0
0.2857142857142857,0.2857142857142857,0.02564102564102564,0.02564102564102564,0.358974358974359,0.0,0,0,0,0.0,0.16666666666666666,0.061837918602127846,0.0,0.0,0,0,S1-117525650,S2-936629782,0
0.2564102564102564,0.2564102564102564,0.03571428571428571,0.03571428571428571,0.20512820512820512,0.0,0,0,0,0.0,0.14285714285714285,0.051483328698321874,0.0,0.0,0,0,S1-117525650,S2-723693171,0
0.3333333333333333,0.3333333333333333,0.02564102564102564,0.02564102564102564,0.38235294117647056,0.0,0,0,0,0.0,0.2,0.07337842571585113,0.0,0.0,1,0,S1-117525650,S2-125905754,0
0.32727272727272727,0.32727272727272727,0.046511627906976744,0.046511627906976744,0.0,0.0,0,0,0,0.0,0.14285714285714285,0.043274659794800975,0.0,0.0,0,1,S1-117525650,S2-757259652,0
0.42857142857142855,0.42857142857142855,0.03125,0.03125,0.37142857142857144,0.0,0,0,0,0.0,0.16666666666666666,0.057227912579697615,0.0,0.0,0,0,S1-117525650,S2-276684351,0
0.39215686274509803,0.39215686274509803,0.13513513513513514,0.13513513513513514,0.2831858407079646,0.0,0,0,0,0.0,0.16666666666666666,0.052298637752130395,0.0,0.0,0,0,S1-832050262,S2-541414076,0
0.48,0.48,0.1388888888888889,0.1388888888888889,0.18571428571428572,0.0,0,0,0,0.0,0.16666666666666666,0.0413928020283686,0.0,0.0,0,0,S1-832050262,S2-717871003,0
0.4727272727272727,0.4727272727272727,0.12195121951219512,0.12195121951219512,0.1896551724137931,0.0,0,0,0,0.0,0.16666666666666666,0.06029590638064745,0.0,0.0,0,0,S1-832050262,S2-745610205,0
0.2857142857142857,0.2857142857142857,0.1388888888888889,0.1388888888888889,0.1917808219178082,0.0,0,0,0,0.0,0.2,0.05394842421649987,0.0,0.0,0,0,S1-832050262,S2-236956812,0
0.39215686274509803,0.39215686274509803,0.13513513513513514,0.13513513513513514,0.3142857142857143,0.0,0,0,0,0.0,0.16666666666666666,0.06330064431468488,0.047619047619047616,0.04761904761904761,0,0,S1-832050262,S2-203563265,0
0.47058823529411764,0.47058823529411764,0.04,0.04,0.23157894736842105,0.0,0,0,0,0.0,0.2,0.0761754916682434,0.0,0.0,0,0,S1-416613506,S2-865385001,0
0.43902439024390244,0.43902439024390244,0.03225806451612903,0.03225806451612903,0.16091954022988506,0.0,0,0,0,0.0,0.16666666666666666,0.06889049223081707,0.0,0.0,0,0,S1-416613506,S2-408906304,0
0.43902439024390244,0.43902439024390244,0.03225806451612903,0.03225806451612903,0.19718309859154928,0.0,0,0,0,0.0,0.16666666666666666,0.059249440606511466,0.0,0.0,0,0,S1-416613506,S2-343033405,0
0.43243243243243246,0.43243243243243246,0.037037037037037035,0.037037037037037035,0.18181818181818182,0.0,0,0,0,0.0,0.16666666666666666,0.06224774492601326,0.0,0.0,0,0,S1-416613506,S2-432330352,0
0.5777777777777777,0.5777777777777777,0.1935483870967742,0.1935483870967742,0.14285714285714285,0.0,0,0,0,0.0,0.2,0.16838307529348462,0.0,0.0,0,0,S1-416613506,S2-742045258,0
0.4642857142857143,0.4642857142857143,0.1,0.1,0.2692307692307692,0.0,0,0,0,0.0,0.125,0.06817198026551247,0.1111111111111111,0.11111111111111113,0,0,S1-201953835,S2-182841187,0
0.36923076923076925,0.36923076923076925,0.08333333333333333,0.08333333333333333,0.28,0.0,0,0,0,0.0,0.1111111111111111,0.058186344571489045,0.0,0.0,1,0,S1-201953835,S2-258002872,0
0.37037037037037035,0.37037037037037035,0.025,0.025,0.21052631578947367,0.0,0,0,0,0.0,0.1111111111111111,0.059600682706491576,0.0,0.0,0,0,S1-201953835,S2-666966106,0
0.33962264150943394,0.33962264150943394,0.024390243902439025,0.024390243902439025,0.3448275862068966,0.0,0,0,0,0.0,0.14285714285714285,0.06517351410962506,0.0,0.0,0,0,S1-201953835,S2-872994923,0
0.36923076923076925,0.36923076923076925,0.04,0.04,0.3673469387755102,0.0,0,0,0,0.0,0.1111111111111111,0.05976979005835157,0.0,0.0,0,0,S1-201953835,S2-271588872,0
0.46808510638297873,0.46808510638297873,0.02702702702702703,0.02702702702702703,0.20588235294117646,0.0,0,0,0,0.0,0.16666666666666666,0.0663853188151677,0.0,0.0,0,0,S1-529098208,S2-101845648,0
0.4827586206896552,0.4827586206896552,0.06666666666666667,0.06666666666666667,0.2608695652173913,0.0,0,0,0,0.0,0.14285714285714285,0.054530765038927904,0.0,0.0,0,0,S1-529098208,S2-217865329,0
0.32,0.32,0.05128205128205128,0.05128205128205128,0.14545454545454545,0.0,0,0,0,0.0,0.16666666666666666,0.06292125983815322,0.0,0.0,0,0,S1-529098208,S2-629697746,0
0.36363636363636365,0.36363636363636365,0.029411764705882353,0.029411764705882353,0.24615384615384617,0.0,0,0,0,0.0,0.16666666666666666,0.060877439125523104,0.0,0.0,1,0,S1-529098208,S2-726113822,0
0.417910447761194,0.417910447761194,0.03773584905660377,0.03773584905660377,0.2191780821917808,0.0,0,0,0,0.0,0.125,0.046875591496606805,0.0,0.0,0,0,S1-529098208,S2-785591796,0
0.35714285714285715,0.35714285714285715,0.1111111111111111,0.1111111111111111,0.15384615384615385,0.0,0,0,0,0.0,0.2,0.2237067126932767,0.0,0.0,0,0,S1-613517393,S2-10603410,0
0.6666666666666666,0.6666666666666666,0.2,0.2,0.25301204819277107,0.0,0,0,0,0.0,0.3333333333333333,0.26856822500198513,0.0,0.0,0,0,S1-613517393,S2-659123694,0
0.4827586206896552,0.4827586206896552,0.16666666666666666,0.16666666666666666,0.22429906542056074,0.0,0,0,0,0.0,0.2,0.2453908728781883,0.0,0.0,0,0,S1-613517393,S2-293829884,0
0.26666666666666666,0.26666666666666666,0.09375,0.09375,0.3076923076923077,0.0,0,0,0,0.0,0.14285714285714285,0.1911801968172658,0.0,0.0,0,0,S1-613517393,S2-876373717,0
0.2702702702702703,0.2702702702702703,0.07692307692307693,0.07692307692307693,0.2608695652173913,0.0,0,0,0,0.0,0.16666666666666666,0.18763164618499129,0.05555555555555555,0.055555555555555546,0,0,S1-613517393,S2-288744955,0
0.43902439024390244,0.43902439024390244,0.03125,0.03125,0.417910447761194,0.0,0,0,0,0.0,0.2,0.05784218495130343,0.1111111111111111,0.11111111111111113,0,0,S1-312171728,S2-434964200,0
0.4166666666666667,0.4166666666666667,0.02702702702702703,0.02702702702702703,0.2318840579710145,0.0,0,0,0,0.0,0.14285714285714285,0.04288938533732543,0.0,0.0,0,0,S1-312171728,S2-462393410,0
0.35,0.35,0.03225806451612903,0.03225806451612903,0.24,0.0,0,0,0,0.0,0.2,0.0597873903393673,0.0,0.0,0,0,S1-312171728,S2-586980333,0
0.3142857142857143,0.3142857142857143,0.02,0.02,0.3103448275862069,0.0,0,0,0,0.0,0.125,0.031663505353038135,0.0,0.0,0,0,S1-312171728,S2-2636502,0
0.34285714285714286,0.34285714285714286,0.038461538461538464,0.038461538461538464,0.2318840579710145,0.0,0,0,0,0.0,0.2,0.052230236672724376,0.0,0.0,0,0,S1-312171728,S2-57380853,0
0.625,0.625,0.3793103448275862,0.3793103448275862,0.2909090909090909,0.0,0,0,0,0.0,0.2,0.18559592481225184,0.08,0.07999999999999997,0,0,S1-951159035,S2-503039505,0
0.5769230769230769,0.5769230769230769,0.29411764705882354,0.29411764705882354,0.3076923076923077,0.0,0,0,0,0.0,0.2,0.1847203917026538,0.03571428571428571,0.0357142857142857,0,0,S1-951159035,S2-644850388,0
0.3,0.3,0.03225806451612903,0.03225806451612903,0.25116279069767444,0.0,0,0,0,0.0,0.2,0.24170678136962306,0.0,0.0,0,0,S1-951159035,S2-736205568,0
0.5714285714285714,0.5714285714285714,0.1724137931034483,0.1724137931034483,0.2,0.0,0,0,0,0.0,0.2,0.2842425311658626,0.05263157894736842,0.052631578947368404,0,0,S1-951159035,S2-211198150,0
0.5833333333333334,0.5833333333333334,0.3333333333333333,0.3333333333333333,0.14193548387096774,0.0,0,0,0,0.0,0.2,0.16009749465376627,0.0,0.0,0,0,S1-951159035,S2-482837624,0
0.35,0.35,0.03333333333333333,0.03333333333333333,0.11267605633802817,0.0,0,0,0,0.0,0.16666666666666666,0.04953640280647787,0.0,0.0,0,0,S1-958297307,S2-320313071,0
0.36065573770491804,0.36065573770491804,0.02040816326530612,0.02040816326530612,0.1794871794871795,0.0,0,0,0,0.0,0.125,0.04378605912276642,0.0,0.0,0,0,S1-958297307,S2-685496471,0
0.43902439024390244,0.43902439024390244,0.06666666666666667,0.06666666666666667,0.19753086419753085,0.0,0,0,0,0.0,0.16666666666666666,0.04001042889365075,0.0,0.0,0,0,S1-958297307,S2-277365503,0
0.4444444444444444,0.4444444444444444,0.02857142857142857,0.02857142857142857,0.1917808219178082,0.0,0,0,0,0.0,0.16666666666666666,0.04370280257339013,0.0,0.0,1,0,S1-958297307,S2-876109019,0
0.42424242424242425,0.42424242424242425,0.041666666666666664,0.041666666666666664,0.1518987341772152,0.0,0,0,0,0.0,0.2,0.05280238001572554,0.0,0.0,0,0,S1-958297307,S2-283165890,0
0.6037735849056604,0.6037735849056604,0.13157894736842105,0.13157894736842105,0.2839506172839506,0.0,0,0,0,0.0,0.14285714285714285,0.04531674164645831,0.043478260869565216,0.04347826086956521,0,0,S1-907412145,S2-421332191,0
0.3793103448275862,0.3793103448275862,0.11627906976744186,0.11627906976744186,0.25773195876288657,0.0,0,0,0,0.0,0.14285714285714285,0.054158849259726576,0.0,0.0,0,0,S1-907412145,S2-205109237,0
0.5454545454545454,0.5454545454545454,0.2857142857142857,0.2857142857142857,0.09722222222222222,0.0,0,0,0,0.0,0.3333333333333333,0.1180422977363715,0.0,0.0,1,0,S1-907412145,S2-626400872,0
0.6923076923076923,0.6923076923076923,0.2727272727272727,0.2727272727272727,0.2331288343558282,0.0,0,0,0,0.0,0.14285714285714285,0.051864500469897594,0.0,0.0,0,0,S1-907412145,S2-888988528,0
0.5581395348837209,0.5581395348837209,0.1724137931034483,0.1724137931034483,0.16161616161616163,0.0,0,0,0,0.0,0.16666666666666666,0.05383915163940715,0.0,0.0,0,0,S1-907412145,S2-108610091,0
0.5263157894736842,0.5263157894736842,0.18181818181818182,0.18181818181818182,0.17857142857142858,0.0,0,0,0,0.0,0.3333333333333333,0.2931151175936796,0.0,0.0,0,0,S1-975588880,S2-284676645,0
0.375,0.375,0.09090909090909091,0.09090909090909091,0.41379310344827586,0.0,0,0,0,0.0,0.2,0.2561074748154499,0.1,0.10000000000000002,0,0,S1-975588880,S2-650817671,0
0.2857142857142857,0.2857142857142857,0.08333333333333333,0.08333333333333333,0.5,0.0,0,0,0,0.0,0.16666666666666666,0.19330875067916897,0.1111111111111111,0.11111111111111113,0,0,S1-975588880,S2-539983756,0
0.43478260869565216,0.43478260869565216,0.14285714285714285,0.14285714285714285,0.36666666666666664,0.0,0,0,0,0.0,0.25,0.26710824500325436,0.0,0.0,0,0,S1-975588880,S2-982282180,0
0.3157894736842105,0.3157894736842105,0.07407407407407407,0.07407407407407407,0.17857142857142858,0.0,0,0,0,0.0,0.16666666666666666,0.1502777880874203,0.0,0.0,0,0,S1-975588880,S2-283572298,0
0.3492063492063492,0.3492063492063492,0.09090909090909091,0.09090909090909091,0.189873417721519,0.0,0,0,0,0.0,0.16666666666666666,0.16578880919546402,0.0,0.0,0,0,S1-447519365,S2-339051804,0
0.5925925925925926,0.5925925925925926,0.16666666666666666,0.16666666666666666,0.26506024096385544,0.0,0,0,0,0.0,0.3333333333333333,0.23290812984611145,0.0,0.0,0,0,S1-447519365,S2-106370688,0
0.5517241379310345,0.5517241379310345,0.15,0.15,0.17391304347826086,0.0,0,0,0,0.0,0.3333333333333333,0.2774807613614691,0.0,0.0,0,0,S1-447519365,S2-434859212,0
0.5142857142857142,0.5142857142857142,0.12,0.12,0.21428571428571427,0.0,0,0,0,0.0,0.25,0.204064445910766,0.0,0.0,0,0,S1-447519365,S2-994273839,0
0.3684210526315789,0.3684210526315789,0.1111111111111111,0.1111111111111111,0.2185792349726776,0.0,0,0,0,0.0,0.2,0.17440562366184198,0.04,0.03999999999999999,0,0,S1-447519365,S2-20699984,0
0.3783783783783784,0.3783783783783784,0.12,0.12,0.22950819672131148,0.0,0,0,0,0.0,0.16666666666666666,0.12732418083214697,0.0,0.0,0,0,S1-490725588,S2-287678517,0
0.5,0.5,0.12903225806451613,0.12903225806451613,0.2641509433962264,0.0,0,0,0,0.0,0.16666666666666666,0.1494920913065823,0.0,0.0,0,0,S1-490725588,S2-21901695,0
0.4782608695652174,0.4782608695652174,0.12121212121212122,0.12121212121212122,0.2962962962962963,0.0,0,0,0,0.0,0.16666666666666666,0.1827911361225547,0.0,0.0,0,0,S1-490725588,S2-122158071,0
0.5777777777777777,0.5777777777777777,0.2,0.2,0.14545454545454545,0.0,0,0,0,0.0,0.16666666666666666,0.20046585594518945,0.0,0.0,0,0,S1-490725588,S2-228055183,0
0.36,0.36,0.10810810810810811,0.10810810810810811,0.2807017543859649,0.0,0,0,0,0.0,0.16666666666666666,0.16540226211032322,0.0,0.0,0,0,S1-490725588,S2-44201685,0
0.4888888888888889,0.4888888888888889,0.2413793103448276,0.2413793103448276,0.14583333333333334,0.0,0,0,0,0.0,0.16666666666666666,0.20207793931236298,0.0,0.0,0,0,S1-297380975,S2-341849445,0
0.7096774193548387,0.7096774193548387,0.3888888888888889,0.3888888888888889,0.21621621621621623,0.0,0,0,0,0.0,0.3333333333333333,0.2890674904452829,0.0,0.0,0,0,S1-297380975,S2-478316150,0
0.5217391304347826,0.5217391304347826,0.22580645161290322,0.22580645161290322,0.2857142857142857,0.0,0,0,0,0.0,0.2,0.1970238699116582,0.0,0.0,0,0,S1-297380975,S2-146464048,0
0.6666666666666666,0.6666666666666666,0.3181818181818182,0.3181818181818182,0.0,0.0,0,0,0,0.0,0.25,0.26567055878360735,0.0,0.0,0,1,S1-297380975,S2-629377847,0
0.5555555555555556,0.5555555555555556,0.3333333333333333,0.3333333333333333,0.2909090909090909,0.0,0,0,0,0.0,0.2,0.15610194852821066,0.0,0.0,0,0,S1-297380975,S2-306581120,0
0.4727272727272727,0.4727272727272727,0.04878048780487805,0.04878048780487805,0.25396825396825395,0.0,0,0,0,0.0,0.2857142857142857,0.11195339792339527,0.0,0.0,0,0,S1-383740360,S2-109898615,0
0.4230769230769231,0.4230769230769231,0.025,0.025,0.26666666666666666,0.0,0,0,0,0.0,0.125,0.06064870236750183,0.0,0.0,0,0,S1-383740360,S2-810583772,0
0.14634146341463414,0.14634146341463414,0.03225806451612903,0.03225806451612903,0.3235294117647059,0.0,0,0,0,0.0,0.16666666666666666,0.061446867351738224,0.09090909090909091,0.09090909090909093,0,0,S1-383740360,S2-702273799,0
0.37735849056603776,0.37735849056603776,0.025,0.025,0.15625,0.0,0,0,0,0.0,0.125,0.05736021706562366,0.0,0.0,0,0,S1-383740360,S2-682345764,0
0.375,0.375,0.05555555555555555,0.05555555555555555,0.19047619047619047,0.0,0,0,0,0.0,0.14285714285714285,0.04498395088681271,0.0,0.0,0,0,S1-383740360,S2-289801416,0
0.43243243243243246,0.43243243243243246,0.07692307692307693,0.07692307692307693,0.4117647058823529,0.0,0,0,0,0.0,0.16666666666666666,0.21215600405340815,0.0,0.0,0,0,S1-387997909,S2-650805897,0
0.47619047619047616,0.47619047619047616,0.13793103448275862,0.13793103448275862,0.3,0.0,0,0,0,0.0,0.16666666666666666,0.18996921360451724,0.0,0.0,0,0,S1-387997909,S2-924029353,0
0.5531914893617021,0.5531914893617021,0.12121212121212122,0.12121212121212122,0.21428571428571427,0.0,0,0,0,0.0,0.14285714285714285,0.15969652929006642,0.0,0.0,0,0,S1-387997909,S2-494069861,0
0.5,0.5,0.2222222222222222,0.2222222222222222,0.34615384615384615,0.0,0,0,0,0.0,0.125,0.16085042865101595,0.0,0.0,0,0,S1-387997909,S2-763221117,0
0.44,0.44,0.1111111111111111,0.1111111111111111,0.3157894736842105,0.0,0,0,0,0.0,0.14285714285714285,0.14627919403982162,0.0,0.0,0,0,S1-387997909,S2-307908876,0
0.37037037037037035,0.37037037037037035,0.046511627906976744,0.046511627906976744,0.4444444444444444,0.0,0,0,0,0.0,0.16666666666666666,0.05839884025624854,0.0,0.0,0,0,S1-961045042,S2-152277568,0
0.3333333333333333,0.3333333333333333,0.02631578947368421,0.02631578947368421,0.2608695652173913,0.0,0,0,0,0.0,0.16666666666666666,0.07327274850405076,0.0,0.0,0,0,S1-961045042,S2-670791513,0
0.4126984126984127,0.4126984126984127,0.0392156862745098,0.0392156862745098,0.12903225806451613,0.0,0,0,0,0.0,0.14285714285714285,0.06093784809594904,0.0,0.0,0,0,S1-961045042,S2-774639762,0
0.2727272727272727,0.2727272727272727,0.058823529411764705,0.058823529411764705,0.3380281690140845,0.0,0,0,0,0.0,0.2,0.07731517926201857,0.0,0.0,0,0,S1-961045042,S2-675493056,0
0.3283582089552239,0.3283582089552239,0.037037037037037035,0.037037037037037035,0.35294117647058826,0.0,0,0,0,0.0,0.125,0.043913405938525565,0.1,0.10000000000000002,0,0,S1-961045042,S2-658087964,0
0.5,0.5,0.28205128205128205,0.28205128205128205,0.17567567567567569,0.0,0,0,0,0.0,0.3333333333333333,0.1476800555617843,0.08695652173913043,0.08695652173913042,1,0,S1-599612665,S2-612664296,0
0.5538461538461539,0.5538461538461539,0.2926829268292683,0.2926829268292683,0.26506024096385544,0.0,0,0,0,0.0,0.3333333333333333,0.11595080552880561,0.03571428571428571,0.0357142857142857,0,0,S1-599612665,S2-563821149,0
0.5833333333333334,0.5833333333333334,0.18181818181818182,0.18181818181818182,0.35064935064935066,0.0,0,0,0,0.0,0.16666666666666666,0.07157483704735026,0.04,0.03999999999999999,0,0,S1-599612665,S2-335876974,0
0.52,0.52,0.1388888888888889,0.1388888888888889,0.19310344827586207,0.0,0,0,0,0.0,0.16666666666666666,0.06594217119196114,0.0,0.0,0,0,S1-599612665,S2-238797588,0
0.42105263157894735,0.42105263157894735,0.11904761904761904,0.11904761904761904,0.3194444444444444,0.0,0,0,0,0.0,0.14285714285714285,0.0501889470291062,0.0,0.0,0,0,S1-599612665,S2-309883270,0
0.5757575757575758,0.5757575757575758,0.19148936170212766,0.19148936170212766,0.1780821917808219,0.0,0,0,0,0.0,0.14285714285714285,0.14702650206286483,0.04,0.03999999999999999,0,0,S1-749145371,S2-604636877,0
0.5185185185185185,0.5185185185185185,0.21621621621621623,0.21621621621621623,0.1864406779661017,0.0,0,0,0,0.0,0.16666666666666666,0.11909624043356185,0.0,0.0,0,0,S1-749145371,S2-95182609,0
0.3888888888888889,0.3888888888888889,0.16981132075471697,0.16981132075471697,0.18803418803418803,0.0,0,0,0,0.0,0.14285714285714285,0.10736804293220575,0.0,0.0,0,0,S1-749145371,S2-243290350,0
0.5079365079365079,0.5079365079365079,0.20454545454545456,0.20454545454545456,0.23529411764705882,0.0,0,0,0,0.0,0.14285714285714285,0.10461499048962125,0.0,0.0,0,0,S1-749145371,S2-376624651,0
0.5454545454545454,0.5454545454545454,0.20512820512820512,0.20512820512820512,0.23423423423423423,0.0,0,0,0,0.0,0.2,0.1310174726884456,0.0,0.0,0,0,S1-749145371,S2-77415236,0
0.6666666666666666,0.6666666666666666,0.3170731707317073,0.3170731707317073,0.1787709497206704,0.0,0,0,0,0.0,0.2857142857142857,0.09198637890473137,0.0,0.0,0,0,S1-426267364,S2-704807309,0
0.8421052631578947,0.8421052631578947,0.5,0.5,0.3225806451612903,0.0,0,0,0,0.0,0.2857142857142857,0.2614826863562715,0.0,0.0,0,0,S1-426267364,S2-989003508,0
0.5063291139240507,0.5063291139240507,0.18518518518518517,0.18518518518518517,0.2698412698412698,0.0,0,0,0,0.0,0.25,0.0919125900562186,0.0,0.0,0,0,S1-426267364,S2-757345219,0
0.5862068965517241,0.5862068965517241,0.15,0.15,0.26277372262773724,0.0,0,0,0,0.0,0.125,0.046210394138149286,0.0,0.0,0,0,S1-426267364,S2-725453467,0
0.43636363636363634,0.43636363636363634,0.1282051282051282,0.1282051282051282,0.2204724409448819,0.0,0,0,0,0.0,0.14285714285714285,0.051997720386910216,0.0,0.0,0,0,S1-426267364,S2-50611860,0
0.43478260869565216,0.43478260869565216,0.2127659574468085,0.2127659574468085,0.2,0.0,0,0,0,0.0,0.2857142857142857,0.09514218962730811,0.0,0.0,0,0,S1-230376371,S2-602771038,0
0.5806451612903226,0.5806451612903226,0.3076923076923077,0.3076923076923077,0.1694915254237288,0.0,0,0,0,0.0,0.2857142857142857,0.0934086137851164,0.0,0.0,0,0,S1-230376371,S2-829108318,0
0.43137254901960786,0.43137254901960786,0.13513513513513514,0.13513513513513514,0.36363636363636365,0.0,0,0,0,0.0,0.16666666666666666,0.06110088147582874,0.09090909090909091,0.09090909090909088,0,0,S1-230376371,S2-848878443,0
0.5531914893617021,0.5531914893617021,0.15151515151515152,0.15151515151515152,0.17333333333333334,0.0,0,0,0,0.0,0.16666666666666666,0.06269347701232873,0.0,0.0,0,0,S1-230376371,S2-363791215,0
0.43478260869565216,0.43478260869565216,0.15625,0.15625,0.26666666666666666,0.0,0,0,0,0.0,0.16666666666666666,0.05708008882523923,0.0,0.0,0,0,S1-230376371,S2-934719868,0
0.46511627906976744,0.46511627906976744,0.030303030303030304,0.030303030303030304,0.1702127659574468,0.0,0,0,0,0.0,0.16666666666666666,0.04552591960581285,0.0,0.0,0,0,S1-369312486,S2-586980333,0
0.41025641025641024,0.41025641025641024,0.034482758620689655,0.034482758620689655,0.2,0.0,0,0,0,0.0,0.16666666666666666,0.0461423454289049,0.0,0.0,0,0,S1-369312486,S2-461613991,0
0.15789473684210525,0.15789473684210525,0.03571428571428571,0.03571428571428571,0.3050847457627119,0.0,0,0,0,0.0,0.16666666666666666,0.04665046065312636,0.0,0.0,0,0,S1-369312486,S2-241417026,0
0.25,0.25,0.027777777777777776,0.027777777777777776,0.2807017543859649,0.0,0,0,0,0.0,0.125,0.03717439180213571,0.0,0.0,0,0,S1-369312486,S2-594299706,0
0.46808510638297873,0.46808510638297873,0.027777777777777776,0.027777777777777776,0.20689655172413793,0.0,0,0,0,0.0,0.14285714285714285,0.04261781865406429,0.0,0.0,0,0,S1-369312486,S2-436214857,0
0.5283018867924528,0.5283018867924528,0.2,0.2,0.3380281690140845,0.0,0,0,0,0.0,0.2857142857142857,0.3477890424296698,0.0,0.0,0,0,S1-900831254,S2-858300322,0
0.696969696969697,0.696969696969697,0.2857142857142857,0.2857142857142857,0.32,0.0,0,0,0,0.0,0.25,0.2082933156704316,0.0,0.0,0,0,S1-900831254,S2-975124888,0
0.6666666666666666,0.6666666666666666,0.3076923076923077,0.3076923076923077,0.35294117647058826,0.0,0,0,0,0.0,0.25,0.21362424260071478,0.0,0.0,0,0,S1-900831254,S2-392954635,0
0.3582089552238806,0.3582089552238806,0.058823529411764705,0.058823529411764705,0.18604651162790697,0.0,0,0,0,0.0,0.1111111111111111,0.084189173322504,0.0,0.0,0,0,S1-900831254,S2-758912046,0
0.3333333333333333,0.3333333333333333,0.043478260869565216,0.043478260869565216,0.2962962962962963,0.0,0,0,0,0.0,0.1111111111111111,0.08160490082442137,0.0,0.0,0,0,S1-900831254,S2-443882647,0
0.5,0.5,0.19444444444444445,0.19444444444444445,0.1095890410958904,0.0,0,0,0,0.0,0.16666666666666666,0.14816568422790372,0.0,0.0,0,0,S1-385892098,S2-460545987,0
0.55,0.55,0.28,0.28,0.4126984126984127,0.0,0,0,0,0.0,0.2,0.17614712941822863,0.0,0.0,0,0,S1-385892098,S2-781849200,0
0.5714285714285714,0.5714285714285714,0.2222222222222222,0.2222222222222222,0.3389830508474576,0.0,0,0,0,0.0,0.16666666666666666,0.17820859432974046,0.0,0.0,0,0,S1-385892098,S2-157739638,0
0.5238095238095238,0.5238095238095238,0.21428571428571427,0.21428571428571427,0.4067796610169492,0.0,0,0,0,0.0,0.2,0.1728611877778906,0.0,0.0,0,0,S1-385892098,S2-477768147,0
0.5116279069767442,0.5116279069767442,0.20689655172413793,0.20689655172413793,0.2608695652173913,0.0,0,0,0,0.0,0.2,0.1768775176436557,0.0,0.0,0,0,S1-385892098,S2-880446726,0
0.7058823529411765,0.7058823529411765,0.35714285714285715,0.35714285714285715,0.3188405797101449,0.0,0,0,0,0.0,0.2857142857142857,0.11700656211429553,0.047619047619047616,0.04761904761904761,0,0,S1-447656699,S2-880012978,0
0.6440677966101694,0.6440677966101694,0.2564102564102564,0.2564102564102564,0.2748091603053435,0.0,0,0,0,0.0,0.3333333333333333,0.10231460283128509,0.047619047619047616,0.04761904761904761,0,0,S1-447656699,S2-577917555,0
0.7777777777777778,0.7777777777777778,0.43333333333333335,0.43333333333333335,0.22099447513812154,0.0,0,0,0,0.0,0.2857142857142857,0.11519429697464242,0.043478260869565216,0.04347826086956521,0,0,S1-447656699,S2-195958658,0
0.7037037037037037,0.7037037037037037,0.375,0.375,0.3582089552238806,0.0,0,0,0,0.0,0.3333333333333333,0.10553318714734375,0.0,0.0,0,0,S1-447656699,S2-423266141,0
0.5,0.5,0.12195121951219512,0.12195121951219512,0.2441860465116279,0.0,0,0,0,0.0,0.14285714285714285,0.046910176621695686,0.0,0.0,0,0,S1-447656699,S2-903637674,0
0.5666666666666667,0.5666666666666667,0.275,0.275,0.07894736842105263,0.0,0,0,0,0.0,0.16666666666666666,0.14064577158656835,0.0,0.0,0,0,S1-960214248,S2-934692090,0
0.5660377358490566,0.5660377358490566,0.3235294117647059,0.3235294117647059,0.22580645161290322,0.0,0,0,0,0.0,0.2,0.14105709657831433,0.0,0.0,0,0,S1-960214248,S2-566815932,0
0.5483870967741935,0.5483870967741935,0.40540540540540543,0.40540540540540543,0.0,0.0,0,0,0,0.0,0.3333333333333333,0.2784314509389496,0.0,0.0,0,1,S1-960214248,S2-927639722,0
0.6101694915254238,0.6101694915254238,0.2894736842105263,0.2894736842105263,0.17142857142857143,0.0,0,0,0,0.0,0.16666666666666666,0.14285794483544753,0.0,0.0,0,0,S1-960214248,S2-419167424,0
0.6666666666666666,0.6666666666666666,0.4074074074074074,0.4074074074074074,0.1791044776119403,0.0,0,0,0,0.0,0.25,0.15809580468491416,0.0,0.0,0,0,S1-960214248,S2-164987661,0
0.3333333333333333,0.3333333333333333,0.047619047619047616,0.047619047619047616,0.3050847457627119,0.0,0,0,0,0.0,0.2,0.07752609673745942,0.125,0.12500000000000003,0,0,S1-512261431,S2-960276783,0
0.47058823529411764,0.47058823529411764,0.04,0.04,0.07692307692307693,0.0,0,0,0,0.0,0.2,0.07843959176669459,0.125,0.12500000000000003,0,0,S1-512261431,S2-778964854,0
0.4,0.4,0.029411764705882353,0.029411764705882353,0.2571428571428571,0.0,0,0,0,0.0,0.14285714285714285,0.048894506416862486,0.0,0.0,0,0,S1-512261431,S2-140210427,0
0.33962264150943394,0.33962264150943394,0.023809523809523808,0.023809523809523808,0.3333333333333333,0.0,0,0,0,0.0,0.14285714285714285,0.05504116221106322,0.1111111111111111,0.11111111111111113,0,0,S1-512261431,S2-951776045,0
0.32,0.32,0.08108108108108109,0.08108108108108109,0.17647058823529413,0.0,0,0,0,0.0,0.14285714285714285,0.043835699570660386,0.0,0.0,0,0,S1-512261431,S2-802715588,0
0.6829268292682927,0.6829268292682927,0.2692307692307692,0.2692307692307692,0.43636363636363634,0.0,0,0,0,0.0,0.2,0.20586084434662563,0.1111111111111111,0.11111111111111113,0,0,S1-317318785,S2-915213429,0
0.4782608695652174,0.4782608695652174,0.23333333333333334,0.23333333333333334,0.2413793103448276,0.0,0,0,0,0.0,0.16666666666666666,0.17215160960185208,0.0,0.0,0,0,S1-317318785,S2-668740789,0
0.4,0.4,0.15384615384615385,0.15384615384615385,0.26666666666666666,0.0,0,0,0,0.0,0.14285714285714285,0.15375886691976742,0.1,0.10000000000000002,0,0,S1-317318785,S2-154564306,0
0.52,0.52,0.20588235294117646,0.20588235294117646,0.21428571428571427,0.0,0,0,0,0.0,0.16666666666666666,0.17185854834942849,0.1111111111111111,0.11111111111111113,0,0,S1-317318785,S2-819703651,0
0.5454545454545454,0.5454545454545454,0.21428571428571427,0.21428571428571427,0.21212121212121213,0.0,0,0,0,0.0,0.14285714285714285,0.14922456359464048,0.0,0.0,0,0,S1-317318785,S2-640262494,0
0.375,0.375,0.045454545454545456,0.045454545454545456,0.3142857142857143,0.0,0,0,0,0.0,0.16666666666666666,0.05037691852792226,0.09090909090909091,0.09090909090909093,0,0,S1-993609628,S2-253799125,0
0.42105263157894735,0.42105263157894735,0.037037037037037035,0.037037037037037035,0.3333333333333333,0.0,0,0,0,0.0,0.14285714285714285,0.040097114542865187,0.09090909090909091,0.09090909090909093,1,0,S1-993609628,S2-710839555,0
0.35714285714285715,0.35714285714285715,0.05263157894736842,0.05263157894736842,0.06153846153846154,0.0,0,0,0,0.0,0.2,0.06320716284632047,0.0,0.0,0,0,S1-993609628,S2-755569144,0
0.28,0.28,0.02564102564102564,0.02564102564102564,0.208955223880597,0.0,0,0,0,0.0,0.14285714285714285,0.04756616673511359,0.0,0.0,0,0,S1-993609628,S2-721911033,0
0.3448275862068966,0.3448275862068966,0.05,0.05,0.1791044776119403,0.0,0,0,0,0.0,0.2,0.06437559610704226,0.0,0.0,0,0,S1-993609628,S2-630903717,0
0.3333333333333333,0.3333333333333333,0.03125,0.03125,0.25,0.0,0,0,0,0.0,0.16666666666666666,0.05253437808748537,0.0,0.0,0,0,S1-760888492,S2-687479929,0
0.2413793103448276,0.2413793103448276,0.021739130434782608,0.021739130434782608,0.3333333333333333,0.0,0,0,0,0.0,0.125,0.03847129037884954,0.0,0.0,0,0,S1-760888492,S2-702319504,0
0.25,0.25,0.05555555555555555,0.05555555555555555,0.26229508196721313,0.0,0,0,0,0.0,0.14285714285714285,0.0476361317576752,0.0,0.0,0,0,S1-760888492,S2-147357325,0
0.5,0.5,0.05263157894736842,0.05263157894736842,0.3103448275862069,0.0,0,0,0,0.0,0.2,0.058828992629884086,0.0,0.0,1,0,S1-760888492,S2-189369955,0
0.5714285714285714,0.5714285714285714,0.16666666666666666,0.16666666666666666,0.27586206896551724,0.0,0,0,0,0.0,0.25,0.07660094003685897,0.0,0.0,0,0,S1-760888492,S2-59063822,0
0.5185185185185185,0.5185185185185185,0.25,0.25,0.26865671641791045,0.0,0,0,0,0.0,0.25,0.2762501003123503,0.0,0.0,0,0,S1-523975207,S2-120970477,0
0.5,0.5,0.2222222222222222,0.2222222222222222,0.3055555555555556,0.0,0,0,0,0.0,0.3333333333333333,0.2950688738633787,0.0,0.0,1,0,S1-523975207,S2-533312919,0
0.5454545454545454,0.5454545454545454,0.19047619047619047,0.19047619047619047,0.20512820512820512,0.0,0,0,0,0.0,0.2,0.21478658988411242,0.0,0.0,1,0,S1-523975207,S2-57075061,0
0.3888888888888889,0.3888888888888889,0.16666666666666666,0.16666666666666666,0.2247191011235955,0.0,0,0,0,0.0,0.2,0.252907838919735,0.0625,0.06249999999999999,0,0,S1-523975207,S2-248578795,0
0.41025641025641024,0.41025641025641024,0.14814814814814814,0.14814814814814814,0.23684210526315788,0.0,0,0,0,0.0,0.2,0.23506423318864086,0.0,0.0,0,0,S1-523975207,S2-10891223,0
0.47058823529411764,0.47058823529411764,0.04,0.04,0.24675324675324675,0.0,0,0,0,0.0,0.2,0.12377807513334593,0.0,0.0,0,0,S1-223818707,S2-140770419,0
0.5306122448979592,0.5306122448979592,0.18181818181818182,0.18181818181818182,0.18340611353711792,0.0,0,0,0,0.0,0.14285714285714285,0.1645831627794134,0.0,0.0,0,0,S1-223818707,S2-21747376,0
0.17647058823529413,0.17647058823529413,0.04,0.04,0.13445378151260504,0.0,0,0,0,0.0,0.2,0.14275727335095495,0.0,0.0,0,0,S1-223818707,S2-811704506,0
0.56,0.56,0.17647058823529413,0.17647058823529413,0.27932960893854747,0.0,0,0,0,0.0,0.14285714285714285,0.1528306390018136,0.0,0.0,0,0,S1-223818707,S2-499860960,0
0.45714285714285713,0.45714285714285713,0.08,0.08,0.379746835443038,0.0,0,0,0,0.0,0.2,0.1171685399871099,0.1,0.09999999999999998,1,0,S1-223818707,S2-713927990,0
0.36363636363636365,0.36363636363636365,0.06666666666666667,0.06666666666666667,0.4507042253521127,0.0,0,0,0,0.0,0.2,0.0639229912254544,0.08333333333333333,0.08333333333333334,0,0,S1-890009542,S2-89351530,0
0.375,0.375,0.02702702702702703,0.02702702702702703,0.32,0.0,0,0,0,0.0,0.14285714285714285,0.04955624168053417,0.0,0.0,0,0,S1-890009542,S2-957435177,0
0.5294117647058824,0.5294117647058824,0.043478260869565216,0.043478260869565216,0.36363636363636365,0.0,0,0,0,0.0,0.14285714285714285,0.04686935404533183,0.0,0.0,1,0,S1-890009542,S2-184369642,0
0.4897959183673469,0.4897959183673469,0.08823529411764706,0.08823529411764706,0.18181818181818182,0.0,0,0,0,0.0,0.1111111111111111,0.03841314940036226,0.0,0.0,0,0,S1-890009542,S2-193442342,0
0.22727272727272727,0.22727272727272727,0.03125,0.03125,0.21052631578947367,0.0,0,0,0,0.0,0.125,0.04997135194957226,0.0,0.0,0,0,S1-890009542,S2-507837506,0
0.3870967741935484,0.3870967741935484,0.045454545454545456,0.045454545454545456,0.18867924528301888,0.0,0,0,0,0.0,0.2,0.061354635986988496,0.0,0.0,0,0,S1-226099106,S2-917073950,0
0.3783783783783784,0.3783783783783784,0.04,0.04,0.12,0.0,0,0,0,0.0,0.125,0.04071529451067413,0.0,0.0,0,0,S1-226099106,S2-953956842,0
0.49122807017543857,0.49122807017543857,0.09302325581395349,0.09302325581395349,0.25925925925925924,0.0,0,0,0,0.0,0.14285714285714285,0.15297508036174554,0.0,0.0,1,0,S1-226099106,S2-730882667,0
0.28,0.28,0.05263157894736842,0.05263157894736842,0.24489795918367346,0.0,0,0,0,0.0,0.14285714285714285,0.05358719084439638,0.0,0.0,0,0,S1-226099106,S2-289222177,0
0.4583333333333333,0.4583333333333333,0.15151515151515152,0.15151515151515152,0.2,0.0,0,0,0,0.0,0.14285714285714285,0.042695669233047004,0.0,0.0,0,0,S1-226099106,S2-264356042,0
0.4838709677419355,0.4838709677419355,0.10638297872340426,0.10638297872340426,0.23809523809523808,0.3333333333333333,1,1,1,0.0,0.14285714285714285,0.0492397858654981,0.045454545454545456,0.04545454545454544,0,0,S1-928584878,S2-55680295,0
0.42857142857142855,0.42857142857142855,0.11904761904761904,0.11904761904761904,0.28865979381443296,0.25,1,1,1,0.0,0.16666666666666666,0.05904056444238128,0.07692307692307693,0.0769230769230769,0,0,S1-928584878,S2-175848536,0
0.4507042253521127,0.4507042253521127,0.08928571428571429,0.08928571428571429,0.32558139534883723,0.2,1,1,1,0.0,0.14285714285714285,0.0470133770035768,0.06896551724137931,0.06896551724137928,0,0,S1-928584878,S2-329399212,0
0.4675324675324675,0.4675324675324675,0.08196721311475409,0.08196721311475409,0.2639593908629442,0.0,0,0,0,0.0,0.125,0.05110394301598596,0.04,0.03999999999999999,0,0,S1-928584878,S2-486778080,0
0.4166666666666667,0.4166666666666667,0.1509433962264151,0.1509433962264151,0.3018867924528302,0.0,0,0,0,0.0,0.2857142857142857,0.14167810361148997,0.03333333333333333,0.03333333333333332,0,0,S1-928584878,S2-2423540,0
0.5151515151515151,0.5151515151515151,0.125,0.125,0.18823529411764706,0.0,0,0,0,0.0,0.125,0.05100225998233455,0.045454545454545456,0.04545454545454544,0,0,S1-680008372,S2-736616519,0
0.36363636363636365,0.36363636363636365,0.12244897959183673,0.12244897959183673,0.2644628099173554,0.0,0,0,0,0.0,0.14285714285714285,0.0557822650309925,0.0,0.0,0,0,S1-680008372,S2-217193491,0
0.5806451612903226,0.5806451612903226,0.3076923076923077,0.3076923076923077,0.24285714285714285,0.0,0,0,0,0.0,0.3333333333333333,0.1523412720103532,0.0,0.0,0,0,S1-680008372,S2-466494788,0
0.39436619718309857,0.39436619718309857,0.20833333333333334,0.20833333333333334,0.4369747899159664,0.0,0,0,0,0.0,0.2857142857142857,0.10425416057611793,0.05,0.04999999999999999,0,0,S1-680008372,S2-348428910,0
0.6551724137931034,0.6551724137931034,0.34285714285714286,0.34285714285714286,0.1388888888888889,0.0,0,0,0,0.0,0.3333333333333333,0.10445249307636602,0.0,0.0,0,0,S1-680008372,S2-781595386,0
0.5106382978723404,0.5106382978723404,0.08823529411764706,0.08823529411764706,0.2222222222222222,0.0,0,0,0,0.0,0.14285714285714285,0.11922783410875243,0.0,0.0,0,0,S1-239320834,S2-19069446,0
0.47058823529411764,0.47058823529411764,0.13513513513513514,0.13513513513513514,0.4507042253521127,0.0,0,0,0,0.0,0.16666666666666666,0.13244652401834772,0.08333333333333333,0.08333333333333334,0,0,S1-239320834,S2-260375341,0
0.45454545454545453,0.45454545454545453,0.15217391304347827,0.15217391304347827,0.2903225806451613,0.0,0,0,0,0.0,0.25,0.18935011472954622,0.09090909090909091,0.09090909090909093,0,0,S1-239320834,S2-669445124,0
0.6071428571428571,0.6071428571428571,0.25,0.25,0.2153846153846154,0.0,0,0,0,0.0,0.2857142857142857,0.2234835471820195,0.0,0.0,0,0,S1-239320834,S2-924031701,0
0.5,0.5,0.08823529411764706,0.08823529411764706,0.0,0.0,0,0,0,0.0,0.14285714285714285,0.12278612966510032,0.0,0.0,0,1,S1-239320834,S2-822007167,0
0.38596491228070173,0.38596491228070173,0.021739130434782608,0.021739130434782608,0.21212121212121213,0.0,0,0,0,0.0,0.14285714285714285,0.04499382192975634,0.0,0.0,0,0,S1-101629104,S2-454390508,0
0.29508196721311475,0.29508196721311475,0.02,0.02,0.34782608695652173,0.0,0,0,0,0.0,0.14285714285714285,0.04418130505412412,0.0,0.0,0,0,S1-101629104,S2-730034531,0
0.4,0.4,0.06382978723404255,0.06382978723404255,0.14492753623188406,0.0,0,0,0,0.0,0.14285714285714285,0.04223795576493944,0.0,0.0,0,0,S1-101629104,S2-357506387,0
0.3333333333333333,0.3333333333333333,0.02040816326530612,0.02040816326530612,0.22580645161290322,0.0,0,0,0,0.0,0.14285714285714285,0.0364737950841801,0.0,0.0,0,0,S1-101629104,S2-405252307,0
0.3333333333333333,0.3333333333333333,0.02631578947368421,0.02631578947368421,0.4375,0.0,0,0,0,0.0,0.16666666666666666,0.047679093391211146,0.0,0.0,0,0,S1-101629104,S2-341786209,0
0.5555555555555556,0.5555555555555556,0.18181818181818182,0.18181818181818182,0.36129032258064514,0.0,0,0,0,0.0,0.3333333333333333,0.17865425453081868,0.043478260869565216,0.04347826086956521,0,0,S1-851921239,S2-748575802,0
0.5777777777777777,0.5777777777777777,0.029411764705882353,0.029411764705882353,0.40540540540540543,0.0,0,0,0,0.0,0.14285714285714285,0.0708311357754846,0.05,0.04999999999999999,0,0,S1-851921239,S2-735538229,0
0.4090909090909091,0.4090909090909091,0.030303030303030304,0.030303030303030304,0.19117647058823528,0.0,0,0,0,0.0,0.14285714285714285,0.06792539447902872,0.0,0.0,0,0,S1-851921239,S2-77265473,0
0.5142857142857142,0.5142857142857142,0.04,0.04,0.15,0.0,0,0,0,0.0,0.16666666666666666,0.08063407820670394,0.0,0.0,0,0,S1-851921239,S2-455653085,0
0.45714285714285713,0.45714285714285713,0.04,0.04,0.3493975903614458,0.0,0,0,0,0.0,0.16666666666666666,0.06834101454435547,0.0,0.0,0,0,S1-851921239,S2-641839477,0
0.6774193548387096,0.6774193548387096,0.3076923076923077,0.3076923076923077,0.3170731707317073,0.0,0,0,0,0.0,0.2857142857142857,0.09609302568730155,0.0,0.0,0,0,S1-998129023,S2-752874620,0
0.4067796610169492,0.4067796610169492,0.11627906976744186,0.11627906976744186,0.0,0.0,0,0,0,0.0,0.125,0.04938059562225275,0.0,0.0,0,1,S1-998129023,S2-589066831,0
0.38461538461538464,0.38461538461538464,0.18867924528301888,0.18867924528301888,0.23333333333333334,0.0,0,0,0,0.0,0.25,0.09581841737936224,0.0,0.0,1,0,S1-998129023,S2-900987952,0
0.5070422535211268,0.5070422535211268,0.11320754716981132,0.11320754716981132,0.13043478260869565,0.0,0,0,0,0.0,0.1111111111111111,0.044842960079540375,0.05555555555555555,0.055555555555555546,0,0,S1-998129023,S2-855731424,0
0.4230769230769231,0.4230769230769231,0.13513513513513514,0.13513513513513514,0.36220472440944884,0.0,0,0,0,0.0,0.14285714285714285,0.05691611189949747,0.07142857142857142,0.07142857142857142,0,0,S1-998129023,S2-598202687,0
0.3389830508474576,0.3389830508474576,0.0425531914893617,0.0425531914893617,0.16,0.0,0,0,0,0.0,0.14285714285714285,0.03730695015339324,0.0,0.0,0,0,S1-476146328,S2-723577878,0
0.2857142857142857,0.2857142857142857,0.019230769230769232,0.019230769230769232,0.25,0.0,0,0,0,0.0,0.14285714285714285,0.041072008726729246,0.0,0.0,0,0,S1-476146328,S2-81426854,0
0.2727272727272727,0.2727272727272727,0.018518518518518517,0.018518518518518517,0.19047619047619047,0.0,0,0,0,0.0,0.125,0.032429457237051304,0.0,0.0,0,0,S1-476146328,S2-588817119,0
0.3103448275862069,0.3103448275862069,0.06666666666666667,0.06666666666666667,0.20689655172413793,0.0,0,0,0,0.0,0.14285714285714285,0.036856221971432186,0.0,0.0,0,0,S1-476146328,S2-909574740,0
0.32142857142857145,0.32142857142857145,0.022222222222222223,0.022222222222222223,0.24561403508771928,0.0,0,0,0,0.0,0.14285714285714285,0.037003316080211505,0.0,0.0,1,0,S1-476146328,S2-606108952,0
0.36363636363636365,0.36363636363636365,0.029411764705882353,0.029411764705882353,0.3508771929824561,0.0,0,0,0,0.0,0.16666666666666666,0.041121396640300095,0.0,0.0,0,0,S1-966027321,S2-66523922,0
0.10909090909090909,0.10909090909090909,0.023255813953488372,0.023255813953488372,0.21052631578947367,0.0,0,0,0,0.0,0.125,0.03625533230054532,0.0,0.0,0,0,S1-966027321,S2-452031090,0
0.45454545454545453,0.45454545454545453,0.029411764705882353,0.029411764705882353,0.31746031746031744,0.0,0,0,0,0.0,0.16666666666666666,0.04532906724618383,0.0,0.0,0,0,S1-966027321,S2-85754974,0
0.375,0.375,0.043478260869565216,0.043478260869565216,0.27692307692307694,0.0,0,0,0,0.0,0.2,0.04851451174104609,0.0,0.0,0,0,S1-966027321,S2-500903317,0
0.25,0.25,0.06896551724137931,0.06896551724137931,0.37735849056603776,0.0,0,0,0,0.0,0.16666666666666666,0.04049666373938008,0.1111111111111111,0.11111111111111113,0,0,S1-966027321,S2-931295947,0
0.37735849056603776,0.37735849056603776,0.05405405405405406,0.05405405405405406,0.37037037037037035,0.0,0,0,0,0.0,0.1111111111111111,0.030196137046041023,0.1111111111111111,0.11111111111111113,0,0,S1-789405085,S2-314109661,0
0.3389830508474576,0.3389830508474576,0.047619047619047616,0.047619047619047616,0.23529411764705882,0.0,0,0,0,0.0,0.2222222222222222,0.09075331736614085,0.0,0.0,0,0,S1-789405085,S2-254409840,0
0.37037037037037035,0.37037037037037035,0.025,0.025,0.3384615384615385,0.0,0,0,0,0.0,0.125,0.03625782533492265,0.0,0.0,0,0,S1-789405085,S2-458826344,0
0.3870967741935484,0.3870967741935484,0.02127659574468085,0.02127659574468085,0.2413793103448276,0.0,0,0,0,0.0,0.1111111111111111,0.03403005177339012,0.0,0.0,0,0,S1-789405085,S2-825257153,0
0.3235294117647059,0.3235294117647059,0.04,0.04,0.2,0.0,0,0,0,0.0,0.1,0.02999828939873444,0.0,0.0,0,0,S1-789405085,S2-813012025,0
0.5901639344262295,0.5901639344262295,0.16666666666666666,0.16666666666666666,0.19047619047619047,0.0,0,0,0,0.0,0.1111111111111111,0.03763655916385124,0.0,0.0,0,0,S1-159303490,S2-838007406,0
0.4074074074074074,0.4074074074074074,0.1282051282051282,0.1282051282051282,0.0,0.0,0,0,0,0.0,0.14285714285714285,0.04282370954143385,0.0,0.0,0,1,S1-159303490,S2-841743700,0
0.3283582089552239,0.3283582089552239,0.09803921568627451,0.09803921568627451,0.2233502538071066,0.0,0,0,0,0.0,0.125,0.04166200094706946,0.0,0.0,0,0,S1-159303490,S2-81398584,0
0.45901639344262296,0.45901639344262296,0.1590909090909091,0.1590909090909091,0.22093023255813954,0.0,0,0,0,0.0,0.14285714285714285,0.043790249299337065,0.0,0.0,1,0,S1-159303490,S2-975535138,0
0.4727272727272727,0.4727272727272727,0.125,0.125,0.42328042328042326,0.0,0,0,0,0.0,0.14285714285714285,0.050517625054820596,0.15789473684210525,0.15789473684210523,0,0,S1-159303490,S2-852076276,0
0.34146341463414637,0.34146341463414637,0.06666666666666667,0.06666666666666667,0.2641509433962264,0.0,0,0,0,0.0,0.16666666666666666,0.16878495641122243,0.0,0.0,0,0,S1-263027135,S2-89184556,0
0.48,0.48,0.20588235294117646,0.20588235294117646,0.5714285714285714,0.0,0,0,0,0.0,0.16666666666666666,0.14889585561483626,0.25,0.25000000000000006,0,0,S1-263027135,S2-495448687,0
0.47058823529411764,0.47058823529411764,0.1388888888888889,0.1388888888888889,0.3050847457627119,0.0,0,0,0,0.0,0.14285714285714285,0.1353391943182323,0.0,0.0,0,0,S1-263027135,S2-475762872,0
0.5142857142857142,0.5142857142857142,0.22727272727272727,0.22727272727272727,0.2222222222222222,0.0,0,0,0,0.0,0.2,0.18733592768753488,0.0,0.0,0,0,S1-263027135,S2-184914487,0
0.45714285714285713,0.45714285714285713,0.13043478260869565,0.13043478260869565,0.28865979381443296,0.0,0,0,0,0.0,0.16666666666666666,0.1780664085586308,0.0,0.0,0,0,S1-263027135,S2-864905500,0
0.24,0.24,0.05128205128205128,0.05128205128205128,0.5172413793103449,0.0,0,0,0,0.0,0.16666666666666666,0.12618741154615037,0.1111111111111111,0.11111111111111113,0,0,S1-330851545,S2-573905837,0
0.4,0.4,0.08108108108108109,0.08108108108108109,0.36666666666666664,0.0,0,0,0,0.0,0.14285714285714285,0.10156189439429285,0.0,0.0,0,0,S1-330851545,S2-730105794,0
0.3404255319148936,0.3404255319148936,0.05555555555555555,0.05555555555555555,0.20689655172413793,0.0,0,0,0,0.0,0.16666666666666666,0.13896186754530493,0.0,0.0,0,0,S1-330851545,S2-639854377,0
0.3902439024390244,0.3902439024390244,0.06451612903225806,0.06451612903225806,0.29411764705882354,0.0,0,0,0,0.0,0.2,0.15801097449260323,0.0,0.0,0,0,S1-330851545,S2-640442762,0
0.2545454545454545,0.2545454545454545,0.046511627906976744,0.046511627906976744,0.6,0.0,0,0,0,0.0,0.14285714285714285,0.10822578478721584,0.1111111111111111,0.11111111111111113,0,0,S1-330851545,S2-725169997,0
0.38461538461538464,0.38461538461538464,0.17142857142857143,0.17142857142857143,0.36363636363636365,0.0,0,0,0,0.0,0.16666666666666666,0.07327259852372701,0.0,0.0,1,0,S1-744710348,S2-622708113,0
0.4,0.4,0.10638297872340426,0.10638297872340426,0.4057971014492754,0.0,0,0,0,0.0,0.125,0.04367936384990207,0.043478260869565216,0.04347826086956521,0,0,S1-744710348,S2-120899490,0
0.23728813559322035,0.23728813559322035,0.17073170731707318,0.17073170731707318,0.17391304347826086,0.0,0,0,0,0.0,0.16666666666666666,0.05295901240156552,0.0,0.0,0,0,S1-744710348,S2-40198921,0
0.6052631578947368,0.6052631578947368,0.26,0.26,0.2857142857142857,0.0,0,0,0,0.0,0.2857142857142857,0.11640814351655655,0.0,0.0,0,0,S1-744710348,S2-446464109,0
0.5573770491803278,0.5573770491803278,0.13953488372093023,0.13953488372093023,0.32727272727272727,0.0,0,0,0,0.0,0.14285714285714285,0.07216254369768342,0.05263157894736842,0.052631578947368404,0,0,S1-744710348,S2-330454951,0
0.3673469387755102,0.3673469387755102,0.0625,0.0625,0.22058823529411764,0.0,0,0,0,0.0,0.16666666666666666,0.08554124783853591,0.0,0.0,0,0,S1-837399164,S2-824669797,0
0.4878048780487805,0.4878048780487805,0.07142857142857142,0.07142857142857142,0.18032786885245902,0.0,0,0,0,0.0,0.125,0.07073061522483025,0.0,0.0,0,0,S1-837399164,S2-725825839,0
0.3783783783783784,0.3783783783783784,0.07407407407407407,0.07407407407407407,0.1565217391304348,0.0,0,0,0,0.0,0.2,0.10711980028785788,0.0,0.0,0,0,S1-837399164,S2-563768667,0
0.3902439024390244,0.3902439024390244,0.06896551724137931,0.06896551724137931,0.18487394957983194,0.0,0,0,0,0.0,0.16666666666666666,0.10332524539344021,0.0,0.0,0,0,S1-837399164,S2-732342063,0
0.45714285714285713,0.45714285714285713,0.08,0.08,0.4318181818181818,0.0,0,0,0,0.0,0.2,0.11239021448147238,0.04,0.03999999999999999,0,0,S1-837399164,S2-843400244,0
0.5098039215686274,0.5098039215686274,0.2727272727272727,0.2727272727272727,0.29931972789115646,0.0,0,0,0,0.0,0.2,0.17360537764550205,0.045454545454545456,0.04545454545454544,0,0,S1-57235044,S2-332356681,0
0.7027027027027027,0.7027027027027027,0.4090909090909091,0.4090909090909091,0.21153846153846154,0.0,0,0,0,0.0,0.3333333333333333,0.22409068603636623,0.0,0.0,0,0,S1-57235044,S2-573624572,0
0.7647058823529411,0.7647058823529411,0.47368421052631576,0.47368421052631576,0.2517482517482518,0.0,0,0,0,0.0,0.3333333333333333,0.19768599618043692,0.0,0.0,0,0,S1-57235044,S2-284891285,0
0.5185185185185185,0.5185185185185185,0.24324324324324326,0.24324324324324326,0.15584415584415584,0.0,0,0,0,0.0,0.2,0.17586887700088785,0.0,0.0,0,0,S1-57235044,S2-621342457,0
0.5909090909090909,0.5909090909090909,0.38461538461538464,0.38461538461538464,0.12987012987012986,0.0,0,0,0,0.0,0.2,0.164841458749941,0.0,0.0,0,0,S1-57235044,S2-295385994,0
0.4230769230769231,0.4230769230769231,0.02631578947368421,0.02631578947368421,0.24,0.0,0,0,0,0.0,0.1,0.029670371794216936,0.0,0.0,1,0,S1-143919660,S2-254191486,0
0.3466666666666667,0.3466666666666667,0.017241379310344827,0.017241379310344827,0.23376623376623376,0.0,0,0,0,0.0,0.09090909090909091,0.03159998034477194,0.0,0.0,0,0,S1-143919660,S2-15631008,0
0.4074074074074074,0.4074074074074074,0.023809523809523808,0.023809523809523808,0.14285714285714285,0.0,0,0,0,0.0,0.125,0.034000865864106555,0.0,0.0,0,0,S1-143919660,S2-721472717,0
0.42424242424242425,0.42424242424242425,0.0392156862745098,0.0392156862745098,0.2564102564102564,0.0,0,0,0,0.0,0.2222222222222222,0.08315357573280324,0.0,0.0,0,0,S1-143919660,S2-155799493,0
0.3829787234042553,0.3829787234042553,0.02857142857142857,0.02857142857142857,0.2857142857142857,0.0,0,0,0,0.0,0.125,0.037671507550732085,0.0,0.0,0,0,S1-143919660,S2-108762336,0
0.4444444444444444,0.4444444444444444,0.038461538461538464,0.038461538461538464,0.23880597014925373,0.0,0,0,0,0.0,0.16666666666666666,0.06662221568231767,0.0,0.0,1,0,S1-868074583,S2-35165872,0
0.37209302325581395,0.37209302325581395,0.03125,0.03125,0.21212121212121213,0.0,0,0,0,0.0,0.14285714285714285,0.04561530725623258,0.0,0.0,0,0,S1-868074583,S2-666535071,0
0.3333333333333333,0.3333333333333333,0.03125,0.03125,0.15789473684210525,0.0,0,0,0,0.0,0.16666666666666666,0.06477467030133517,0.0,0.0,0,0,S1-868074583,S2-10593232,0
0.2903225806451613,0.2903225806451613,0.020833333333333332,0.020833333333333332,0.38095238095238093,0.0,0,0,0,0.0,0.1111111111111111,0.03999018282347361,0.0,0.0,0,0,S1-868074583,S2-163965683,0
0.3111111111111111,0.3111111111111111,0.030303030303030304,0.030303030303030304,0.208955223880597,0.0,0,0,0,0.0,0.125,0.04889837766627825,0.0,0.0,0,0,S1-868074583,S2-92835928,0
0.46153846153846156,0.46153846153846156,0.025,0.025,0.14925373134328357,0.0,0,0,0,0.0,0.125,0.036457743537098526,0.0,0.0,0,0,S1-924020849,S2-663815970,0
0.35714285714285715,0.35714285714285715,0.022727272727272728,0.022727272727272728,0.3333333333333333,0.0,0,0,0,0.0,0.125,0.033274704821579446,0.0,0.0,0,0,S1-924020849,S2-404132531,0
0.1276595744680851,0.1276595744680851,0.027777777777777776,0.027777777777777776,0.22580645161290322,0.0,0,0,0,0.0,0.14285714285714285,0.041459675035121976,0.0,0.0,0,0,S1-924020849,S2-557111788,0
0.4225352112676056,0.4225352112676056,0.037037037037037035,0.037037037037037035,0.19230769230769232,0.0,0,0,0,0.0,0.1,0.030915950060162328,0.0,0.0,0,0,S1-924020849,S2-125748296,0
0.2727272727272727,0.2727272727272727,0.029411764705882353,0.029411764705882353,0.40625,0.0,0,0,0,0.0,0.16666666666666666,0.04928506063511248,0.1,0.10000000000000002,0,0,S1-924020849,S2-928394694,0
0.6046511627906976,0.6046511627906976,0.030303030303030304,0.030303030303030304,0.33043478260869563,0.0,0,0,0,0.0,0.16666666666666666,0.05447271863059248,0.0,0.0,0,0,S1-44757147,S2-243128815,0
0.5217391304347826,0.5217391304347826,0.12903225806451613,0.12903225806451613,0.24719101123595505,0.0,0,0,0,0.0,0.2857142857142857,0.13431023283943286,0.0,0.0,0,0,S1-44757147,S2-770450171,0
0.5581395348837209,0.5581395348837209,0.03125,0.03125,0.2653061224489796,0.0,0,0,0,0.0,0.14285714285714285,0.056542501251115235,0.0,0.0,0,0,S1-44757147,S2-930836164,0
0.46153846153846156,0.46153846153846156,0.025,0.025,0.3584905660377358,0.0,0,0,0,0.0,0.125,0.05915385379588375,0.0,0.0,0,0,S1-44757147,S2-946564355,0
0.358974358974359,0.358974358974359,0.03571428571428571,0.03571428571428571,0.2077922077922078,0.0,0,0,0,0.0,0.16666666666666666,0.07463020719980867,0.0,0.0,0,0,S1-44757147,S2-551627072,0
0.4,0.4,0.12195121951219512,0.12195121951219512,0.17346938775510204,0.0,0,0,0,0.0,0.16666666666666666,0.05097782827979209,0.03333333333333333,0.03333333333333332,0,0,S1-36093778,S2-358052714,0
0.5423728813559322,0.5423728813559322,0.2894736842105263,0.2894736842105263,0.136986301369863,0.0,0,0,0,0.0,0.3333333333333333,0.11937799702122309,0.043478260869565216,0.04347826086956521,0,0,S1-36093778,S2-9090201,0
0.5151515151515151,0.5151515151515151,0.125,0.125,0.2,0.0,0,0,0,0.0,0.125,0.03775240568484182,0.0,0.0,0,0,S1-36093778,S2-929172133,0
0.6129032258064516,0.6129032258064516,0.3,0.3,0.3352601156069364,0.0,0,0,0,0.0,0.3333333333333333,0.10253763898990714,0.037037037037037035,0.03703703703703702,0,0,S1-36093778,S2-892014687,0
0.39215686274509803,0.39215686274509803,0.13513513513513514,0.13513513513513514,0.2375,0.0,0,0,0,0.0,0.16666666666666666,0.05266954148329385,0.041666666666666664,0.04166666666666666,0,0,S1-36093778,S2-661457224,0
0.36363636363636365,0.36363636363636365,0.023255813953488372,0.023255813953488372,0.20588235294117646,0.0,0,0,0,0.0,0.14285714285714285,0.04183207079573833,0.0,0.0,0,0,S1-737665494,S2-234192211,0
0.4583333333333333,0.4583333333333333,0.027777777777777776,0.027777777777777776,0.28125,0.0,0,0,0,0.0,0.14285714285714285,0.0542998697942826,0.0,0.0,0,0,S1-737665494,S2-531339611,0
0.3,0.3,0.0425531914893617,0.0425531914893617,0.39285714285714285,0.0,0,0,0,0.0,0.14285714285714285,0.05060494640039926,0.0,0.0,0,0,S1-737665494,S2-252681357,0
0.34615384615384615,0.34615384615384615,0.05128205128205128,0.05128205128205128,0.3125,0.0,0,0,0,0.0,0.14285714285714285,0.049005771086369825,0.1,0.10000000000000002,0,0,S1-737665494,S2-853719906,0
0.3829787234042553,0.3829787234042553,0.08823529411764706,0.08823529411764706,0.21818181818181817,0.0,0,0,0,0.0,0.16666666666666666,0.056590008867218954,0.0,0.0,0,0,S1-737665494,S2-915617724,0
0.4,0.4,0.125,0.125,0.2222222222222222,0.0,0,0,0,0.0,0.2,0.21401370460691094,0.0,0.0,0,0,S1-670030836,S2-377354176,0
0.4864864864864865,0.4864864864864865,0.1111111111111111,0.1111111111111111,0.2711864406779661,0.0,0,0,0,0.0,0.25,0.25546965219200835,0.0,0.0,0,0,S1-670030836,S2-871252473,0
0.3902439024390244,0.3902439024390244,0.1,0.1,0.4375,0.0,0,0,0,0.0,0.2,0.2254732569097543,0.1111111111111111,0.11111111111111113,0,0,S1-670030836,S2-410272577,0
0.35,0.35,0.10344827586206896,0.10344827586206896,0.23333333333333334,0.0,0,0,0,0.0,0.2,0.25311165638289845,0.0,0.0,0,0,S1-670030836,S2-930403795,0
0.47368421052631576,0.47368421052631576,0.1111111111111111,0.1111111111111111,0.25,0.0,0,0,0,0.0,0.2,0.2540142484397142,0.0,0.0,0,0,S1-670030836,S2-568364644,0
0.4888888888888889,0.4888888888888889,0.1935483870967742,0.1935483870967742,0.2535211267605634,0.0,0,0,0,0.0,0.2,0.12185658896970125,0.0,0.0,0,0,S1-88817160,S2-850692545,0
0.375,0.375,0.18181818181818182,0.18181818181818182,0.16666666666666666,0.0,0,0,0,0.0,0.16666666666666666,0.12211697301052017,0.0,0.0,0,0,S1-88817160,S2-242145095,0
0.4489795918367347,0.4489795918367347,0.17647058823529413,0.17647058823529413,0.1951219512195122,0.0,0,0,0,0.0,0.16666666666666666,0.1377952619500239,0.0,0.0,0,0,S1-88817160,S2-894749036,0
0.5185185185185185,0.5185185185185185,0.15789473684210525,0.15789473684210525,0.3146067415730337,0.0,0,0,0,0.0,0.14285714285714285,0.10020158336025639,0.0,0.0,0,0,S1-88817160,S2-306887992,0
0.5,0.5,0.18181818181818182,0.18181818181818182,0.30434782608695654,0.0,0,0,0,0.0,0.16666666666666666,0.11067910062169103,0.0,0.0,0,0,S1-88817160,S2-308256803,0
0.40816326530612246,0.40816326530612246,0.02702702702702703,0.02702702702702703,0.0,0.0,0,0,0,0.0,0.125,0.033726664534616944,0.0,0.0,0,1,S1-360475070,S2-92495291,0
0.3404255319148936,0.3404255319148936,0.027777777777777776,0.027777777777777776,0.2127659574468085,0.0,0,0,0,0.0,0.14285714285714285,0.03491030546334546,0.0,0.0,0,0,S1-360475070,S2-191939413,0
0.3548387096774194,0.3548387096774194,0.02040816326530612,0.02040816326530612,0.14035087719298245,0.0,0,0,0,0.0,0.1111111111111111,0.03101576533343182,0.0,0.0,1,0,S1-360475070,S2-821020423,0
0.3181818181818182,0.3181818181818182,0.030303030303030304,0.030303030303030304,0.36619718309859156,0.0,0,0,0,0.0,0.14285714285714285,0.03968107667576277,0.07692307692307693,0.07692307692307693,0,0,S1-360475070,S2-646594637,0
0.34375,0.34375,0.06976744186046512,0.06976744186046512,0.25,0.0,0,0,0,0.0,0.125,0.034816994344498656,0.0,0.0,1,0,S1-360475070,S2-478923597,0
0.5428571428571428,0.5428571428571428,0.2553191489361702,0.2553191489361702,0.208955223880597,0.3333333333333333,1,1,1,0.0,0.2857142857142857,0.09719100204448304,0.0,0.0,1,0,S1-332396561,S2-323945463,0
0.46153846153846156,0.46153846153846156,0.13157894736842105,0.13157894736842105,0.27906976744186046,0.0,0,0,0,0.0,0.16666666666666666,0.04926843923865797,0.0,0.0,0,0,S1-332396561,S2-962690276,0
0.7391304347826086,0.6451612903225806,0.48,0.3157894736842105,0.2733812949640288,0.0,0,0,0,0.0,0.4,0.13666881673918516,0.0,0.0,1,0,S1-332396561,S2-930551729,0
0.6206896551724138,0.6206896551724138,0.2631578947368421,0.2631578947368421,0.37735849056603776,0.0,0,0,0,0.0,0.3333333333333333,0.09620726187959526,0.07407407407407407,0.07407407407407404,0,0,S1-332396561,S2-546659808,0
0.4225352112676056,0.4225352112676056,0.2,0.2,0.27450980392156865,0.0,0,0,0,0.0,0.2857142857142857,0.0781125895137111,0.0,0.0,0,0,S1-332396561,S2-158237013,0
0.43902439024390244,0.43902439024390244,0.03333333333333333,0.03333333333333333,0.13675213675213677,0.0,0,0,0,0.0,0.16666666666666666,0.06626303321566278,0.0,0.0,0,0,S1-8068264,S2-544349540,0
0.4,0.4,0.030303030303030304,0.030303030303030304,0.3132530120481928,0.0,0,0,0,0.0,0.14285714285714285,0.07778470518097409,0.0,0.0,0,0,S1-8068264,S2-708067905,0
0.4090909090909091,0.4090909090909091,0.03125,0.03125,0.0,0.0,0,0,0,0.0,0.14285714285714285,0.07144496578705259,0.0,0.0,0,1,S1-8068264,S2-663399158,0
0.42857142857142855,0.42857142857142855,0.1111111111111111,0.1111111111111111,0.21739130434782608,0.0,0,0,0,0.0,0.2857142857142857,0.18156052989364602,0.0,0.0,0,0,S1-8068264,S2-921624110,0
0.14634146341463414,0.14634146341463414,0.03571428571428571,0.03571428571428571,0.15730337078651685,0.0,0,0,0,0.0,0.16666666666666666,0.0753942944438219,0.0,0.0,0,0,S1-8068264,S2-311560092,0
0.44,0.44,0.05263157894736842,0.05263157894736842,0.38095238095238093,0.0,0,0,0,0.0,0.14285714285714285,0.06033664977829169,0.0,0.0,0,0,S1-573739083,S2-892731107,0
0.48148148148148145,0.48148148148148145,0.047619047619047616,0.047619047619047616,0.3103448275862069,0.0,0,0,0,0.0,0.14285714285714285,0.061912770545811686,0.0,0.0,0,0,S1-573739083,S2-18060352,0
0.45454545454545453,0.45454545454545453,0.06060606060606061,0.06060606060606061,0.3137254901960784,0.0,0,0,0,0.0,0.16666666666666666,0.06609058624484501,0.0,0.0,0,0,S1-573739083,S2-828901433,0
0.3684210526315789,0.3684210526315789,0.07407407407407407,0.07407407407407407,0.3389830508474576,0.0,0,0,0,0.0,0.16666666666666666,0.06399251663015032,0.0,0.0,0,0,S1-573739083,S2-586112434,0
0.4864864864864865,0.4864864864864865,0.037037037037037035,0.037037037037037035,0.40625,0.0,0,0,0,0.0,0.16666666666666666,0.06890127530014113,0.0,0.0,0,0,S1-573739083,S2-150612286,0
0.96,0.96,0.7027027027027027,0.7027027027027027,0.8461538461538461,1.0,2,1,3,0.0,0.6666666666666666,0.4660322951060946,0.8888888888888888,0.888888888888889,0,0,S1-929436188,S2-597692962,1
0.7076923076923077,0.7076923076923077,0.38461538461538464,0.38461538461538464,0.21897810218978103,0.0,0,0,0,0.0,0.5,0.33153868018329935,0.0,0.0,1,0,S1-929436188,S2-597340970,0
0.5405405405405406,0.5405405405405406,0.26,0.26,0.348993288590604,0.0,0,0,0,0.0,0.2857142857142857,0.10070842148641775,0.0,0.0,0,0,S1-929436188,S2-918306650,0
0.5833333333333334,0.5833333333333334,0.26666666666666666,0.26666666666666666,0.20168067226890757,0.0,0,0,0,0.0,0.2857142857142857,0.11581172929140202,0.0625,0.06249999999999999,0,0,S1-929436188,S2-604777900,0
0.6363636363636364,0.6363636363636364,0.2727272727272727,0.2727272727272727,0.3076923076923077,0.0,0,0,0,0.0,0.3333333333333333,0.11751298739776098,0.0,0.0,0,0,S1-929436188,S2-988744744,0
0.6176470588235294,0.6176470588235294,0.26666666666666666,0.26666666666666666,0.23880597014925373,0.0,0,0,0,0.0,0.2857142857142857,0.12024670154961634,0.0,0.0,1,0,S1-929436188,S2-91873253,0
0.717948717948718,0.717948717948718,0.5238095238095238,0.5238095238095238,0.23357664233576642,0.0,0,0,0,0.0,0.25,0.1815486924096791,0.0,0.0,0,0,S1-632500007,S2-43189428,0
0.43333333333333335,0.43333333333333335,0.2894736842105263,0.2894736842105263,0.20915032679738563,0.0,0,0,0,0.0,0.16666666666666666,0.14690281849562378,0.0,0.0,0,0,S1-632500007,S2-994500979,0
0.4375,0.4375,0.2777777777777778,0.2777777777777778,0.3064516129032258,0.0,0,0,0,0.0,0.25,0.1579165366891657,0.0,0.0,0,0,S1-632500007,S2-157169456,0
0.6037735849056604,0.6037735849056604,0.3333333333333333,0.3333333333333333,0.31666666666666665,0.0,0,0,0,0.0,0.2,0.1695074868024659,0.0,0.0,0,0,S1-632500007,S2-578007732,0
0.5384615384615384,0.5384615384615384,0.29411764705882354,0.29411764705882354,0.26900584795321636,0.0,0,0,0,0.0,0.2,0.13764517985389418,0.0,0.0,0,0,S1-632500007,S2-281832582,0
0.52,0.52,0.3,0.3,0.1917808219178082,0.0,0,0,0,0.0,0.2,0.2428604841697996,0.0,0.0,0,0,S1-66627070,S2-77731070,0
0.4745762711864407,0.4745762711864407,0.09523809523809523,0.09523809523809523,0.2535211267605634,0.0,0,0,0,0.0,0.14285714285714285,0.06511371390491648,0.0,0.0,0,0,S1-66627070,S2-520542279,0
0.5490196078431373,0.5490196078431373,0.11764705882352941,0.11764705882352941,0.3302752293577982,0.0,0,0,0,0.0,0.14285714285714285,0.08381716722700094,0.058823529411764705,0.0588235294117647,0,0,S1-66627070,S2-249735038,0
0.5333333333333333,0.5333333333333333,0.13333333333333333,0.13333333333333333,0.30303030303030304,0.0,0,0,0,0.0,0.2,0.11613352153122894,0.0,0.0,0,0,S1-66627070,S2-844841084,0
0.4897959183673469,0.4897959183673469,0.12121212121212122,0.12121212121212122,0.29545454545454547,0.0,0,0,0,0.0,0.16666666666666666,0.0711832361378463,0.0,0.0,0,0,S1-66627070,S2-316175233,0
0.5866666666666667,0.5866666666666667,0.23529411764705882,0.23529411764705882,0.2251655629139073,0.0,0,0,0,0.0,0.25,0.08808097953151045,0.0,0.0,0,0,S1-993942589,S2-542402013,0
0.3684210526315789,0.3684210526315789,0.08333333333333333,0.08333333333333333,0.2571428571428571,0.0,0,0,0,0.0,0.125,0.04578533813732297,0.0,0.0,0,0,S1-993942589,S2-968017609,0
0.5970149253731343,0.5970149253731343,0.2727272727272727,0.2727272727272727,0.3087248322147651,0.0,0,0,0,0.0,0.2857142857142857,0.10814516602141498,0.05263157894736842,0.052631578947368404,0,0,S1-993942589,S2-336028515,0
0.4067796610169492,0.4067796610169492,0.11363636363636363,0.11363636363636363,0.2465753424657534,0.0,0,0,0,0.0,0.14285714285714285,0.041910160198215786,0.05263157894736842,0.052631578947368404,0,0,S1-993942589,S2-142031060,0
0.5555555555555556,0.5555555555555556,0.24489795918367346,0.24489795918367346,0.28,0.0,0,0,0,0.0,0.2857142857142857,0.10008822343003454,0.0,0.0,0,0,S1-993942589,S2-129030071,0
0.3508771929824561,0.3508771929824561,0.11904761904761904,0.11904761904761904,0.14173228346456693,0.0,0,0,0,0.0,0.14285714285714285,0.0582262515542343,0.0,0.0,0,0,S1-749410612,S2-91206576,0
0.5185185185185185,0.5185185185185185,0.1282051282051282,0.1282051282051282,0.0851063829787234,0.0,0,0,0,0.0,0.14285714285714285,0.04928691338783414,0.0,0.0,0,0,S1-749410612,S2-633855726,0
0.7076923076923077,0.7076923076923077,0.27906976744186046,0.27906976744186046,0.24347826086956523,0.0,0,0,0,0.0,0.3333333333333333,0.14666038684795965,0.0,0.0,0,0,S1-749410612,S2-75192126,0
0.2692307692307692,0.2692307692307692,0.16216216216216217,0.16216216216216217,0.17391304347826086,0.0,0,0,0,0.0,0.16666666666666666,0.04939090657017043,0.0,0.0,0,0,S1-749410612,S2-356151586,0
0.45614035087719296,0.45614035087719296,0.11904761904761904,0.11904761904761904,0.16766467065868262,0.0,0,0,0,0.0,0.14285714285714285,0.05763287133132722,0.0,0.0,0,0,S1-749410612,S2-674028684,0
0.5405405405405406,0.5405405405405406,0.2,0.2,0.0,0.0,0,0,0,0.0,0.25,0.17514472798760777,0.0,0.0,0,1,S1-959883662,S2-634927127,0
0.47619047619047616,0.47619047619047616,0.17857142857142858,0.17857142857142858,0.1388888888888889,0.0,0,0,0,0.0,0.2,0.15834234677542278,0.0,0.0,0,0,S1-959883662,S2-629292439,0
0.3673469387755102,0.3673469387755102,0.16129032258064516,0.16129032258064516,0.40816326530612246,0.0,0,0,0,0.0,0.16666666666666666,0.14259625885059907,0.0,0.0,0,0,S1-959883662,S2-685264402,0
0.6666666666666666,0.5517241379310345,0.38461538461538464,0.29411764705882354,0.32075471698113206,0.0,0,0,0,0.0,0.3333333333333333,0.21782744106692314,0.0,0.0,1,0,S1-959883662,S2-830048460,0
0.3137254901960784,0.3137254901960784,0.1388888888888889,0.1388888888888889,0.1782178217821782,0.0,0,0,0,0.0,0.16666666666666666,0.14245556698296732,0.0,0.0,0,0,S1-959883662,S2-750256967,0
0.35714285714285715,0.35714285714285715,0.047619047619047616,0.047619047619047616,0.16494845360824742,0.0,0,0,0,0.0,0.125,0.0446314440161439,0.0,0.0,0,0,S1-855145932,S2-276478634,0
0.37735849056603776,0.37735849056603776,0.04878048780487805,0.04878048780487805,0.24444444444444444,0.0,0,0,0,0.0,0.14285714285714285,0.044560509156642496,0.0,0.0,0,0,S1-855145932,S2-398995743,0
0.5333333333333333,0.5333333333333333,0.09090909090909091,0.09090909090909091,0.21978021978021978,0.0,0,0,0,0.0,0.16666666666666666,0.060532052516033386,0.0,0.0,0,0,S1-855145932,S2-875681520,0
0.4482758620689655,0.4482758620689655,0.06818181818181818,0.06818181818181818,0.2549019607843137,0.0,0,0,0,0.0,0.14285714285714285,0.052886849753483844,0.0,0.0,0,0,S1-855145932,S2-888638901,0
0.38461538461538464,0.38461538461538464,0.024390243902439025,0.024390243902439025,0.21505376344086022,0.0,0,0,0,0.0,0.14285714285714285,0.05171951843702941,0.0,0.0,1,0,S1-855145932,S2-108078597,0
0.4126984126984127,0.4126984126984127,0.04,0.04,0.2857142857142857,0.0,0,0,0,0.0,0.125,0.04092544022428774,0.0,0.0,0,0,S1-15875172,S2-338909980,0
0.46153846153846156,0.46153846153846156,0.025,0.025,0.0,0.0,0,0,0,0.0,0.125,0.047860619118559385,0.0,0.0,0,1,S1-15875172,S2-839433246,0
0.2727272727272727,0.2727272727272727,0.030303030303030304,0.030303030303030304,0.0,0.0,0,0,0,0.0,0.14285714285714285,0.05492611588714295,0.0,0.0,1,1,S1-15875172,S2-858811944,0
0.45901639344262296,0.45901639344262296,0.11363636363636363,0.11363636363636363,0.1702127659574468,0.0,0,0,0,0.0,0.25,0.16556497462667158,0.0,0.0,1,0,S1-15875172,S2-774199285,0
0.417910447761194,0.417910447761194,0.038461538461538464,0.038461538461538464,0.32142857142857145,0.0,0,0,0,0.0,0.1,0.05690689322689555,0.0,0.0,0,0,S1-15875172,S2-480757921,0
0.28,0.28,0.02564102564102564,0.02564102564102564,0.3508771929824561,0.0,0,0,0,0.0,0.16666666666666666,0.052662187836605805,0.1111111111111111,0.11111111111111113,0,0,S1-4754203,S2-792385950,0
0.36363636363636365,0.36363636363636365,0.022727272727272728,0.022727272727272728,0.29411764705882354,0.0,0,0,0,0.0,0.14285714285714285,0.05062514974507941,0.0,0.0,0,0,S1-4754203,S2-412489420,0
0.41025641025641024,0.41025641025641024,0.03333333333333333,0.03333333333333333,0.15873015873015872,0.0,0,0,0,0.0,0.2,0.06107962894671471,0.0,0.0,0,0,S1-4754203,S2-102979514,0
0.40816326530612246,0.40816326530612246,0.05263157894736842,0.05263157894736842,0.3235294117647059,0.0,0,0,0,0.0,0.16666666666666666,0.055080795197371864,0.0,0.0,0,0,S1-4754203,S2-89950184,0
0.5128205128205128,0.5128205128205128,0.06896551724137931,0.06896551724137931,0.2545454545454545,0.0,0,0,0,0.0,0.2,0.07458237156606176,0.0,0.0,1,0,S1-4754203,S2-391549963,0
0.5106382978723404,0.5106382978723404,0.16129032258064516,0.16129032258064516,0.2882882882882883,0.0,0,0,0,0.0,0.16666666666666666,0.05324144865722645,0.0,0.0,0,0,S1-155025322,S2-116133966,0
0.4444444444444444,0.4444444444444444,0.10869565217391304,0.10869565217391304,0.22807017543859648,0.0,0,0,0,0.0,0.14285714285714285,0.05171373874466693,0.0,0.0,0,0,S1-155025322,S2-518741071,0
0.39285714285714285,0.39285714285714285,0.125,0.125,0.38571428571428573,0.0,0,0,0,0.0,0.16666666666666666,0.05414708797150198,0.045454545454545456,0.04545454545454544,0,0,S1-155025322,S2-632370525,0
0.3111111111111111,0.3111111111111111,0.16666666666666666,0.16666666666666666,0.5918367346938775,0.0,0,0,0,0.0,0.2,0.05370594798961298,0.15384615384615385,0.15384615384615385,0,0,S1-155025322,S2-811293101,0
0.4473684210526316,0.4473684210526316,0.125,0.125,0.19047619047619047,0.0,0,0,0,0.0,0.125,0.03306032882449569,0.0,0.0,0,0,S1-155025322,S2-693146061,0
0.40963855421686746,0.40963855421686746,0.09523809523809523,0.09523809523809523,0.38202247191011235,0.0,0,0,0,0.0,0.09090909090909091,0.026084900005400948,0.06666666666666667,0.06666666666666667,0,0,S1-322571285,S2-663575104,0
0.4067796610169492,0.4067796610169492,0.11363636363636363,0.11363636363636363,0.26153846153846155,0.0,0,0,0,0.0,0.14285714285714285,0.041154173979131785,0.0,0.0,0,0,S1-322571285,S2-905585096,0
0.39473684210526316,0.39473684210526316,0.10344827586206896,0.10344827586206896,0.16666666666666666,0.0,0,0,0,0.0,0.1111111111111111,0.039994652639861426,0.0,0.0,0,0,S1-322571285,S2-913370867,0
0.6,0.6,0.2653061224489796,0.2653061224489796,0.5641025641025641,0.0,0,0,0,0.0,0.25,0.08621812502652158,0.125,0.12499999999999999,0,0,S1-322571285,S2-927940270,0
0.5333333333333333,0.5333333333333333,0.13636363636363635,0.13636363636363635,0.4444444444444444,0.0,0,0,0,0.0,0.14285714285714285,0.050308251032709174,0.058823529411764705,0.0588235294117647,0,0,S1-322571285,S2-729001239,0
0.4666666666666667,0.4666666666666667,0.13953488372093023,0.13953488372093023,0.2222222222222222,0.0,0,0,0,0.0,0.125,0.05815171516771195,0.0,0.0,0,0,S1-822968781,S2-496223723,0
0.14285714285714285,0.14285714285714285,0.03225806451612903,0.03225806451612903,0.24242424242424243,0.0,0,0,0,0.0,0.14285714285714285,0.05410117220036981,0.0,0.0,0,0,S1-822968781,S2-64058049,0
0.2608695652173913,0.2608695652173913,0.029411764705882353,0.029411764705882353,0.2391304347826087,0.0,0,0,0,0.0,0.125,0.04433202251551188,0.0,0.0,0,0,S1-822968781,S2-322238940,0
0.2857142857142857,0.2857142857142857,0.02631578947368421,0.02631578947368421,0.23008849557522124,0.0,0,0,0,0.0,0.14285714285714285,0.0707477118157903,0.0,0.0,0,0,S1-822968781,S2-128140277,0
0.23076923076923078,0.23076923076923078,0.027777777777777776,0.027777777777777776,0.2127659574468085,0.0,0,0,0,0.0,0.14285714285714285,0.053696594383960634,0.0,0.0,0,0,S1-822968781,S2-540265081,0
0.48,0.48,0.058823529411764705,0.058823529411764705,0.08333333333333333,0.0,0,0,0,0.0,0.25,0.06957511550917762,0.0,0.0,0,0,S1-378978603,S2-293094184,0
0.1875,0.1875,0.045454545454545456,0.045454545454545456,0.23333333333333334,0.0,0,0,0,0.0,0.16666666666666666,0.04509461300157382,0.0,0.0,0,0,S1-378978603,S2-622735152,0
0.32653061224489793,0.32653061224489793,0.02631578947368421,0.02631578947368421,0.32,0.0,0,0,0,0.0,0.14285714285714285,0.05099601890443625,0.0,0.0,0,0,S1-378978603,S2-91449550,0
0.2222222222222222,0.2222222222222222,0.05555555555555555,0.05555555555555555,0.35294117647058826,0.0,0,0,0,0.0,0.2,0.04786574416895398,0.0,0.0,0,0,S1-378978603,S2-335046880,0
0.43902439024390244,0.43902439024390244,0.04,0.04,0.14492753623188406,0.0,0,0,0,0.0,0.2,0.057834726309137725,0.0,0.0,0,0,S1-378978603,S2-78914846,0
0.3684210526315789,0.3684210526315789,0.03571428571428571,0.03571428571428571,0.3611111111111111,0.0,0,0,0,0.0,0.16666666666666666,0.050825166850258195,0.0,0.0,1,0,S1-919733927,S2-420572254,0
0.36065573770491804,0.36065573770491804,0.041666666666666664,0.041666666666666664,0.2222222222222222,0.0,0,0,0,0.0,0.125,0.038924405989801854,0.0,0.0,0,0,S1-919733927,S2-894260746,0
0.43636363636363634,0.43636363636363634,0.046511627906976744,0.046511627906976744,0.3855421686746988,0.0,0,0,0,0.0,0.14285714285714285,0.04652570558042789,0.0,0.0,0,0,S1-919733927,S2-874757538,0
0.4666666666666667,0.4666666666666667,0.045454545454545456,0.045454545454545456,0.22727272727272727,0.0,0,0,0,0.0,0.25,0.07926710895569623,0.0,0.0,0,0,S1-919733927,S2-740702811,0
0.15384615384615385,0.15384615384615385,0.03333333333333333,0.03333333333333333,0.24096385542168675,0.0,0,0,0,0.0,0.2,0.06097378438160208,0.0,0.0,1,0,S1-919733927,S2-286560424,0
0.4067796610169492,0.4067796610169492,0.02127659574468085,0.02127659574468085,0.34375,0.0,0,0,0,0.0,0.125,0.03575239819553124,0.0,0.0,1,0,S1-797353825,S2-184214559,0
0.37735849056603776,0.37735849056603776,0.024390243902439025,0.024390243902439025,0.18181818181818182,0.0,0,0,0,0.0,0.125,0.034368618303562325,0.0,0.0,0,0,S1-797353825,S2-275667129,0
0.08108108108108109,0.08108108108108109,0.016666666666666666,0.016666666666666666,0.23076923076923078,0.0,0,0,0,0.0,0.1,0.023794543025367976,0.0,0.0,1,0,S1-797353825,S2-241137909,0
0.3225806451612903,0.3225806451612903,0.02,0.02,0.23529411764705882,0.0,0,0,0,0.0,0.125,0.0368134407622532,0.0,0.0,0,0,S1-797353825,S2-208405652,0
0.3333333333333333,0.3333333333333333,0.021739130434782608,0.021739130434782608,0.0,0.0,0,0,0,0.0,0.125,0.03365476200124479,0.0,0.0,0,1,S1-797353825,S2-305970952,0
0.8378378378378378,0.8378378378378378,0.7027027027027027,0.7027027027027027,0.7666666666666667,0.0,0,0,0,0.0,0.8,0.8851939167466305,0.42857142857142855,0.42857142857142866,0,0,S1-574585973,S2-117111824,1
0.4444444444444444,0.4444444444444444,0.1282051282051282,0.1282051282051282,0.1935483870967742,0.0,0,0,0,0.0,0.14285714285714285,0.11153158346796026,0.0,0.0,0,0,S1-574585973,S2-27261847,0
0.34782608695652173,0.34782608695652173,0.09803921568627451,0.09803921568627451,0.2641509433962264,0.0,0,0,0,0.0,0.14285714285714285,0.1197707789215183,0.0,0.0,0,0,S1-574585973,S2-157864406,0
0.36065573770491804,0.36065573770491804,0.1111111111111111,0.1111111111111111,0.3103448275862069,0.0,0,0,0,0.0,0.14285714285714285,0.1238915446056719,0.0,0.0,1,0,S1-574585973,S2-778859023,0
0.4406779661016949,0.4406779661016949,0.11363636363636363,0.11363636363636363,0.23728813559322035,0.0,0,0,0,0.0,0.14285714285714285,0.11067554085433937,0.0,0.0,0,0,S1-574585973,S2-874817662,0
0.39436619718309857,0.39436619718309857,0.09433962264150944,0.09433962264150944,0.28169014084507044,0.0,0,0,0,0.0,0.1,0.13921300298962838,0.0,0.0,0,0,S1-574585973,S2-459591627,0
0.4888888888888889,0.4888888888888889,0.16129032258064516,0.16129032258064516,0.3076923076923077,0.0,0,0,0,0.0,0.16666666666666666,0.06437387566053461,0.05,0.04999999999999999,0,0,S1-157194945,S2-352971789,0
0.5862068965517241,0.5862068965517241,0.11627906976744186,0.11627906976744186,0.5585585585585585,0.0,0,0,0,0.0,0.14285714285714285,0.04724910505975267,0.2857142857142857,0.2857142857142857,0,0,S1-157194945,S2-741811666,0
0.5283018867924528,0.5283018867924528,0.16216216216216217,0.16216216216216217,0.2882882882882883,0.0,0,0,0,0.0,0.14285714285714285,0.07616446672802199,0.0,0.0,0,0,S1-157194945,S2-310528394,0
0.7407407407407407,0.7407407407407407,0.375,0.375,0.2556390977443609,0.0,0,0,0,0.0,0.3333333333333333,0.11293580851723227,0.0,0.0,0,0,S1-157194945,S2-961461976,0
0.22950819672131148,0.22950819672131148,0.10869565217391304,0.10869565217391304,0.16393442622950818,0.0,0,0,0,0.0,0.14285714285714285,0.047319573147385184,0.0,0.0,0,0,S1-157194945,S2-163768250,0
0.4642857142857143,0.4642857142857143,0.11904761904761904,0.11904761904761904,0.17475728155339806,0.0,0,0,0,0.0,0.16666666666666666,0.06427323855269172,0.0,0.0,0,0,S1-25780470,S2-694521142,0
0.6037735849056604,0.6037735849056604,0.19444444444444445,0.19444444444444445,0.0,0.0,0,0,0,0.0,0.14285714285714285,0.06246183935305554,0.0,0.0,0,1,S1-25780470,S2-84830309,0
0.5283018867924528,0.5283018867924528,0.1282051282051282,0.1282051282051282,0.17543859649122806,0.0,0,0,0,0.0,0.16666666666666666,0.05770653787233896,0.0,0.0,0,0,S1-25780470,S2-983332474,0
0.5,0.5,0.11904761904761904,0.11904761904761904,0.16666666666666666,0.0,0,0,0,0.0,0.16666666666666666,0.05045056276916746,0.0,0.0,0,0,S1-25780470,S2-865452478,0
0.5671641791044776,0.5671641791044776,0.26666666666666666,0.26666666666666666,0.2222222222222222,0.0,0,0,0,0.0,0.16666666666666666,0.0585679824417625,0.0,0.0,0,0,S1-25780470,S2-292685720,0
0.8947368421052632,0.8947368421052632,0.8235294117647058,0.8235294117647058,0.8513513513513513,1.0,1,1,1,0.0,0.6666666666666666,0.8664805019075691,0.8571428571428571,0.857142857142857,0,0,S1-45948270,S2-597614345,1
0.5769230769230769,0.5769230769230769,0.05,0.05,0.26666666666666666,0.0,0,0,0,0.0,0.14285714285714285,0.059905430778358214,0.0,0.0,0,0,S1-45948270,S2-193808361,0
0.4,0.4,0.027777777777777776,0.027777777777777776,0.21782178217821782,0.0,0,0,0,0.0,0.2,0.06931436606118603,0.0,0.0,0,0,S1-45948270,S2-208235332,0
0.5416666666666666,0.5416666666666666,0.05405405405405406,0.05405405405405406,0.14285714285714285,0.0,0,0,0,0.0,0.16666666666666666,0.06406629350005855,0.0,0.0,0,0,S1-45948270,S2-186004565,0
0.4878048780487805,0.4878048780487805,0.06451612903225806,0.06451612903225806,0.3687150837988827,0.0,0,0,0,0.0,0.2,0.08598240649474868,0.07407407407407407,0.07407407407407404,0,0,S1-45948270,S2-37944304,0
0.5306122448979592,0.5306122448979592,0.05263157894736842,0.05263157894736842,0.3333333333333333,0.0,0,0,0,0.0,0.16666666666666666,0.06624514239499704,0.0,0.0,0,0,S1-45948270,S2-764796849,0
0.4,0.4,0.08333333333333333,0.08333333333333333,0.18181818181818182,0.0,0,0,0,0.0,0.125,0.17578969660172802,0.0,0.0,0,0,S1-280382449,S2-510495834,0
0.5882352941176471,0.5882352941176471,0.26666666666666666,0.26666666666666666,0.2926829268292683,0.0,0,0,0,0.0,0.5714285714285714,0.6996071720860123,0.0,0.0,0,0,S1-280382449,S2-216744851,0
0.43137254901960786,0.43137254901960786,0.05,0.05,0.32432432432432434,0.0,0,0,0,0.0,0.16666666666666666,0.05968543708562797,0.0,0.0,0,0,S1-355685907,S2-900527689,0
0.37209302325581395,0.37209302325581395,0.029411764705882353,0.029411764705882353,0.32786885245901637,0.0,0,0,0,0.0,0.2,0.06772596226688447,0.0,0.0,0,0,S1-355685907,S2-730605486,0
0.43902439024390244,0.43902439024390244,0.06451612903225806,0.06451612903225806,0.29508196721311475,0.0,0,0,0,0.0,0.2,0.06605935500162682,0.0,0.0,0,0,S1-355685907,S2-25787150,0
0.45,0.45,0.03225806451612903,0.03225806451612903,0.2807017543859649,0.0,0,0,0,0.0,0.2,0.05334032031723289,0.0,0.0,0,0,S1-355685907,S2-990535436,0
0.46153846153846156,0.46153846153846156,0.023809523809523808,0.023809523809523808,0.0,0.0,0,0,0,0.0,0.16666666666666666,0.060416401644263845,0.0,0.0,0,1,S1-355685907,S2-22603403,0
0.2222222222222222,0.2222222222222222,0.10638297872340426,0.10638297872340426,0.14583333333333334,0.0,0,0,0,0.0,0.14285714285714285,0.1348091972094784,0.0,0.0,0,0,S1-981603279,S2-237562710,0
0.47058823529411764,0.47058823529411764,0.1388888888888889,0.1388888888888889,0.3142857142857143,0.0,0,0,0,0.0,0.16666666666666666,0.1490128307395931,0.0,0.0,0,0,S1-981603279,S2-756240267,0
0.40625,0.40625,0.17073170731707318,0.17073170731707318,0.24489795918367346,0.0,0,0,0,0.0,0.125,0.11444472732157478,0.0,0.0,0,0,S1-981603279,S2-532399244,0
0.4,0.4,0.11363636363636363,0.11363636363636363,0.26229508196721313,0.0,0,0,0,0.0,0.14285714285714285,0.14274624756370263,0.0,0.0,0,0,S1-981603279,S2-998664145,0
0.40625,0.40625,0.15217391304347827,0.15217391304347827,0.0,0.0,0,0,0,0.0,0.14285714285714285,0.1146085411772443,0.0,0.0,0,1,S1-981603279,S2-205675068,0
0.4888888888888889,0.4888888888888889,0.058823529411764705,0.058823529411764705,0.26229508196721313,0.0,0,0,0,0.0,0.16666666666666666,0.12350161838055589,0.0,0.0,0,0,S1-442165268,S2-494083839,0
0.5531914893617021,0.5531914893617021,0.11764705882352941,0.11764705882352941,0.3050847457627119,0.0,0,0,0,0.0,0.2,0.1985124796156003,0.0,0.0,0,0,S1-442165268,S2-157050415,0
0.44,0.44,0.05128205128205128,0.05128205128205128,0.3287671232876712,0.0,0,0,0,0.0,0.2,0.13637017480286054,0.0,0.0,0,0,S1-442165268,S2-836755446,0
0.5945945945945946,0.5945945945945946,0.16,0.16,0.2727272727272727,0.0,0,0,0,0.0,0.2,0.13656889257294771,0.0,0.0,0,0,S1-442165268,S2-731611707,0
0.4838709677419355,0.4838709677419355,0.1590909090909091,0.1590909090909091,0.4470588235294118,0.0,0,0,0,0.0,0.14285714285714285,0.12100023516306956,0.08333333333333333,0.08333333333333334,0,0,S1-442165268,S2-595213006,0
0.44,0.44,0.1388888888888889,0.1388888888888889,0.0,0.0,0,0,0,0.0,0.16666666666666666,0.05594166465745988,0.0,0.0,0,1,S1-622519610,S2-624911233,0
0.5581395348837209,0.5581395348837209,0.1724137931034483,0.1724137931034483,0.22764227642276422,0.0,0,0,0,0.0,0.16666666666666666,0.05124443228784975,0.0,0.0,0,0,S1-622519610,S2-588768793,0
0.55,0.55,0.26666666666666666,0.26666666666666666,0.2184873949579832,0.0,0,0,0,0.0,0.3333333333333333,0.10267523356507109,0.0,0.0,1,0,S1-622519610,S2-215687249,0
0.6222222222222222,0.6222222222222222,0.20689655172413793,0.20689655172413793,0.3221476510067114,0.2,1,1,1,0.0,0.14285714285714285,0.049529712696772005,0.09090909090909091,0.09090909090909088,0,0,S1-622519610,S2-190508700,0
0.42857142857142855,0.42857142857142855,0.125,0.125,0.13793103448275862,0.0,0,0,0,0.0,0.14285714285714285,0.054159487813705026,0.0,0.0,0,0,S1-622519610,S2-650345529,0
0.375,0.375,0.14285714285714285,0.14285714285714285,0.25925925925925924,0.0,0,0,0,0.0,0.2,0.14263716264023693,0.0,0.0,0,0,S1-526604791,S2-781730627,0
0.39215686274509803,0.39215686274509803,0.17142857142857143,0.17142857142857143,0.35555555555555557,0.0,0,0,0,0.0,0.14285714285714285,0.11339132442424366,0.125,0.12500000000000003,0,0,S1-526604791,S2-969271086,0
0.5333333333333333,0.5333333333333333,0.15625,0.15625,0.23076923076923078,0.0,0,0,0,0.0,0.2,0.1333426399730352,0.0,0.0,0,0,S1-526604791,S2-72014516,0
0.4878048780487805,0.4878048780487805,0.18518518518518517,0.18518518518518517,0.32727272727272727,0.0,0,0,0,0.0,0.16666666666666666,0.14118339608134417,0.0,0.0,0,0,S1-526604791,S2-565372188,0
0.40816326530612246,0.40816326530612246,0.14285714285714285,0.14285714285714285,0.14285714285714285,0.0,0,0,0,0.0,0.16666666666666666,0.17802257015889825,0.0,0.0,0,0,S1-526604791,S2-927801770,0
0.47058823529411764,0.47058823529411764,0.22857142857142856,0.22857142857142856,0.26666666666666666,0.0,0,0,0,0.0,0.2,0.17937547445421825,0.0,0.0,0,0,S1-135768644,S2-353236672,0
0.3404255319148936,0.3404255319148936,0.027777777777777776,0.027777777777777776,0.36065573770491804,0.0,0,0,0,0.0,0.16666666666666666,0.1590231148545703,0.1,0.10000000000000002,0,0,S1-135768644,S2-334697730,0
0.375,0.375,0.08571428571428572,0.08571428571428572,0.5,0.0,0,0,0,0.0,0.2,0.15953454636694872,0.2222222222222222,0.22222222222222227,0,0,S1-135768644,S2-331971904,0
0.5,0.5,0.32,0.32,0.3728813559322034,0.0,0,0,0,0.0,0.25,0.23805654020719944,0.0,0.0,0,0,S1-135768644,S2-913773680,0
0.4166666666666667,0.4166666666666667,0.05405405405405406,0.05405405405405406,0.35714285714285715,0.0,0,0,0,0.0,0.16666666666666666,0.17170389316935958,0.0,0.0,0,0,S1-135768644,S2-501979662,0
0.4166666666666667,0.4166666666666667,0.14705882352941177,0.14705882352941177,0.2191780821917808,0.0,0,0,0,0.0,0.16666666666666666,0.05480331600475896,0.1,0.10000000000000002,0,0,S1-360488265,S2-737222370,0
0.44,0.44,0.1388888888888889,0.1388888888888889,0.3541666666666667,0.0,0,0,0,0.0,0.16666666666666666,0.07100322615902124,0.08333333333333333,0.08333333333333334,0,0,S1-360488265,S2-605529008,0
0.36923076923076925,0.36923076923076925,0.14893617021276595,0.14893617021276595,0.22916666666666666,0.0,0,0,0,0.0,0.14285714285714285,0.04617430702452005,0.0,0.0,0,0,S1-360488265,S2-928826408,0
0.6428571428571429,0.6428571428571429,0.36363636363636365,0.36363636363636365,0.2912621359223301,0.0,0,0,0,0.0,0.14285714285714285,0.051750349285313524,0.0,0.0,0,0,S1-360488265,S2-766957933,0
0.5,0.5,0.15,0.15,0.2900763358778626,0.0,0,0,0,0.0,0.14285714285714285,0.05989763949471246,0.0,0.0,0,0,S1-360488265,S2-789405074,0
0.43636363636363634,0.43636363636363634,0.09523809523809523,0.09523809523809523,0.2727272727272727,0.0,0,0,0,0.0,0.16666666666666666,0.06978554998472607,0.0,0.0,0,0,S1-505450177,S2-236515616,0
0.33962264150943394,0.33962264150943394,0.07317073170731707,0.07317073170731707,0.21818181818181817,0.0,0,0,0,0.0,0.16666666666666666,0.07202705388496596,0.0,0.0,0,0,S1-505450177,S2-452053515,0
0.39215686274509803,0.39215686274509803,0.025,0.025,0.18181818181818182,0.0,0,0,0,0.0,0.14285714285714285,0.05461973013479793,0.0,0.0,0,0,S1-505450177,S2-977300586,0
0.43636363636363634,0.43636363636363634,0.022727272727272728,0.022727272727272728,0.30303030303030304,0.0,0,0,0,0.0,0.14285714285714285,0.04522730003796531,0.0,0.0,0,0,S1-505450177,S2-723810835,0
0.41509433962264153,0.41509433962264153,0.047619047619047616,0.047619047619047616,0.10909090909090909,0.0,0,0,0,0.0,0.16666666666666666,0.06289472085000572,0.0,0.0,0,0,S1-505450177,S2-486072408,0
0.4722222222222222,0.4722222222222222,0.1111111111111111,0.1111111111111111,0.36942675159235666,0.0,0,0,0,0.0,0.125,0.044138266336472866,0.045454545454545456,0.04545454545454544,0,0,S1-918839632,S2-194980849,0
0.43333333333333335,0.43333333333333335,0.11363636363636363,0.11363636363636363,0.3013698630136986,0.0,0,0,0,0.0,0.14285714285714285,0.04144837547033375,0.0,0.0,1,0,S1-918839632,S2-304914069,0
0.5217391304347826,0.5217391304347826,0.11538461538461539,0.11538461538461539,0.12389380530973451,0.0,0,0,0,0.0,0.125,0.050064959918851494,0.0,0.0,0,0,S1-918839632,S2-479556958,0
0.6571428571428571,0.6571428571428571,0.26666666666666666,0.26666666666666666,0.0,0.0,0,0,0,0.0,0.2222222222222222,0.07553837133509751,0.0,0.0,0,1,S1-918839632,S2-517107904,0
0.5074626865671642,0.5074626865671642,0.10204081632653061,0.10204081632653061,0.2644628099173554,0.0,0,0,0,0.0,0.125,0.04184401714224509,0.0,0.0,0,0,S1-918839632,S2-54997964,0
0.4126984126984127,0.4126984126984127,0.18181818181818182,0.18181818181818182,0.2549019607843137,0.0,0,0,0,0.0,0.14285714285714285,0.08031874441483329,0.0,0.0,0,0,S1-35964220,S2-622776772,0
0.5357142857142857,0.5357142857142857,0.24324324324324326,0.24324324324324326,0.21052631578947367,0.0,0,0,0,0.0,0.16666666666666666,0.13393859129320085,0.0,0.0,0,0,S1-35964220,S2-280362825,0
0.5588235294117647,0.5588235294117647,0.19148936170212766,0.19148936170212766,0.1836734693877551,0.0,0,0,0,0.0,0.14285714285714285,0.10910533066154429,0.0,0.0,0,0,S1-35964220,S2-149217176,0
0.4745762711864407,0.4745762711864407,0.2,0.2,0.0,0.0,0,0,0,0.0,0.14285714285714285,0.09484172812274391,0.0,0.0,0,1,S1-35964220,S2-328352504,0
0.5084745762711864,0.5084745762711864,0.1951219512195122,0.1951219512195122,0.17475728155339806,0.0,0,0,0,0.0,0.16666666666666666,0.1230398760897417,0.0,0.0,0,0,S1-35964220,S2-647367546,0
0.28125,0.28125,0.1276595744680851,0.1276595744680851,0.33962264150943394,0.0,0,0,0,0.0,0.2857142857142857,0.22639524449467066,0.13333333333333333,0.13333333333333333,0,0,S1-338000416,S2-89138628,0
0.35294117647058826,0.35294117647058826,0.09803921568627451,0.09803921568627451,0.3404255319148936,0.0,0,0,0,0.0,0.1111111111111111,0.11953311231210287,0.1,0.09999999999999998,0,0,S1-338000416,S2-631988961,0
0.26865671641791045,0.26865671641791045,0.125,0.125,0.39285714285714285,0.0,0,0,0,0.0,0.25,0.2098116618603709,0.2,0.2,0,0,S1-338000416,S2-465642879,0
0.4155844155844156,0.4155844155844156,0.18518518518518517,0.18518518518518517,0.2903225806451613,0.0,0,0,0,0.0,0.1111111111111111,0.10099210055132327,0.05263157894736842,0.052631578947368404,0,0,S1-338000416,S2-912495655,0
0.14705882352941177,0.14705882352941177,0.01818181818181818,0.01818181818181818,0.2905982905982906,0.0,0,0,0,0.0,0.1111111111111111,0.09403266881930374,0.0,0.0,0,0,S1-338000416,S2-342257437,0
0.5454545454545454,0.5454545454545454,0.23809523809523808,0.23809523809523808,0.4,0.0,0,0,0,0.0,0.25,0.2480932309594968,0.0,0.0,0,0,S1-936580191,S2-805004944,0
0.5625,0.5625,0.25,0.25,0.14705882352941177,0.0,0,0,0,0.0,0.25,0.26336249803075085,0.0,0.0,0,0,S1-936580191,S2-153767892,0
0.5555555555555556,0.5555555555555556,0.21739130434782608,0.21739130434782608,0.30985915492957744,0.0,0,0,0,0.0,0.2,0.2406899340088783,0.0,0.0,0,0,S1-936580191,S2-205654474,0
0.6,0.6,0.19230769230769232,0.19230769230769232,0.1917808219178082,0.0,0,0,0,0.0,0.2,0.1839801428063081,0.0,0.0,0,0,S1-936580191,S2-339877995,0
0.5714285714285714,0.5714285714285714,0.21875,0.21875,0.23728813559322035,0.0,0,0,0,0.0,0.3333333333333333,0.38980109871762575,0.0,0.0,0,0,S1-936580191,S2-634606967,0
0.2857142857142857,0.2857142857142857,0.022727272727272728,0.022727272727272728,0.29508196721311475,0.0,0,0,0,0.0,0.14285714285714285,0.06486388331258587,0.0,0.0,0,0,S1-558752887,S2-232875,0
0.46808510638297873,0.46808510638297873,0.05555555555555555,0.05555555555555555,0.19047619047619047,0.0,0,0,0,0.0,0.16666666666666666,0.06892685576593752,0.0,0.0,0,0,S1-558752887,S2-906281664,0
0.34782608695652173,0.34782608695652173,0.02857142857142857,0.02857142857142857,0.0,0.0,0,0,0,0.0,0.16666666666666666,0.06997429186363519,0.0,0.0,0,1,S1-558752887,S2-319892896,0
0.4090909090909091,0.4090909090909091,0.030303030303030304,0.030303030303030304,0.2903225806451613,0.0,0,0,0,0.0,0.14285714285714285,0.06291390868513207,0.0,0.0,0,0,S1-558752887,S2-19660082,0
0.38461538461538464,0.38461538461538464,0.05,0.05,0.1935483870967742,0.0,0,0,0,0.0,0.14285714285714285,0.043173297804280385,0.1,0.10000000000000002,0,0,S1-558752887,S2-976701827,0
0.43137254901960786,0.43137254901960786,0.13513513513513514,0.13513513513513514,0.0,0.0,0,0,0,0.0,0.16666666666666666,0.17757523208217263,0.0,0.0,0,1,S1-354301488,S2-891740097,0
0.4,0.4,0.047619047619047616,0.047619047619047616,0.15384615384615385,0.0,0,0,0,0.0,0.14285714285714285,0.05562181494941919,0.0,0.0,0,0,S1-354301488,S2-843833365,0
0.3116883116883117,0.3116883116883117,0.03225806451612903,0.03225806451612903,0.3508771929824561,0.0,0,0,0,0.0,0.1,0.03622466847924775,0.0,0.0,0,0,S1-354301488,S2-805306727,0
0.2926829268292683,0.2926829268292683,0.03125,0.03125,0.2711864406779661,0.0,0,0,0,0.0,0.2,0.07727994198711706,0.0,0.0,0,0,S1-354301488,S2-513305886,0
0.3404255319148936,0.3404255319148936,0.02702702702702703,0.02702702702702703,0.22641509433962265,0.0,0,0,0,0.0,0.16666666666666666,0.05762906121643133,0.0,0.0,0,0,S1-354301488,S2-613945467,0
0.5306122448979592,0.5306122448979592,0.14705882352941177,0.14705882352941177,0.32558139534883723,0.0,0,0,0,0.0,0.16666666666666666,0.05509612342022333,0.07142857142857142,0.07142857142857142,0,0,S1-658877778,S2-269854461,0
0.6274509803921569,0.6274509803921569,0.14285714285714285,0.14285714285714285,0.23255813953488372,0.0,0,0,0,0.0,0.16666666666666666,0.06133306565600187,0.0,0.0,0,0,S1-658877778,S2-494156424,0
0.3870967741935484,0.3870967741935484,0.1111111111111111,0.1111111111111111,0.3076923076923077,0.0,0,0,0,0.0,0.14285714285714285,0.04837984023347235,0.07142857142857142,0.07142857142857142,0,0,S1-658877778,S2-278899754,0
0.41379310344827586,0.41379310344827586,0.11904761904761904,0.11904761904761904,0.2857142857142857,0.0,0,0,0,0.0,0.14285714285714285,0.05004200350504412,0.058823529411764705,0.0588235294117647,0,0,S1-658877778,S2-825274870,0
0.4067796610169492,0.4067796610169492,0.11627906976744186,0.11627906976744186,0.09009009009009009,0.0,0,0,0,0.0,0.16666666666666666,0.06047426009426076,0.0,0.0,0,0,S1-658877778,S2-939220493,0
0.41379310344827586,0.41379310344827586,0.06666666666666667,0.06666666666666667,0.2857142857142857,0.0,0,0,0,0.0,0.14285714285714285,0.129535371983484,0.038461538461538464,0.03846153846153845,0,0,S1-88833811,S2-802420113,0
0.5405405405405406,0.5405405405405406,0.2608695652173913,0.2608695652173913,0.0,0.0,0,0,0,0.0,0.2,0.22528983658271493,0.0,0.0,0,1,S1-88833811,S2-823031082,0
0.5128205128205128,0.5128205128205128,0.24,0.24,0.2962962962962963,0.0,0,0,0,0.0,0.2,0.1910165496525284,0.1,0.09999999999999998,0,0,S1-88833811,S2-659598360,0
0.29411764705882354,0.29411764705882354,0.08333333333333333,0.08333333333333333,0.23622047244094488,0.0,0,0,0,0.0,0.2,0.17196684909299842,0.0,0.0,0,0,S1-88833811,S2-584139949,0
0.4444444444444444,0.4444444444444444,0.2,0.2,0.3132530120481928,0.0,0,0,0,0.0,0.16666666666666666,0.19345443726626305,0.0,0.0,0,0,S1-88833811,S2-262376350,0
0.717948717948718,0.717948717948718,0.55,0.55,0.5,0.0,0,0,0,0.0,0.5,0.5921888553194924,0.5714285714285714,0.5714285714285715,0,0,S1-726860670,S2-8703194,1
0.3333333333333333,0.3333333333333333,0.02702702702702703,0.02702702702702703,0.08108108108108109,0.0,0,0,0,0.0,0.16666666666666666,0.05812883147034667,0.0,0.0,0,0,S1-726860670,S2-615508918,0
0.39436619718309857,0.39436619718309857,0.017241379310344827,0.017241379310344827,0.3582089552238806,0.0,0,0,0,0.0,0.1111111111111111,0.04320738082134726,0.0,0.0,0,0,S1-726860670,S2-105631146,0
0.23255813953488372,0.23255813953488372,0.030303030303030304,0.030303030303030304,0.24561403508771928,0.0,0,0,0,0.0,0.16666666666666666,0.06090798362485787,0.0,0.0,0,0,S1-726860670,S2-488545746,0
0.5,0.5,0.11428571428571428,0.11428571428571428,0.24242424242424243,0.0,0,0,0,0.0,0.16666666666666666,0.05541340185914399,0.0,0.0,1,0,S1-726860670,S2-858355166,0
0.38461538461538464,0.38461538461538464,0.025,0.025,0.45454545454545453,0.0,0,0,0,0.0,0.125,0.039208808588858717,0.1,0.10000000000000002,0,0,S1-726860670,S2-705605983,0
0.391304347826087,0.391304347826087,0.09090909090909091,0.09090909090909091,0.1897810218978102,0.0,0,0,0,0.0,0.3333333333333333,0.14863810371410188,0.047619047619047616,0.04761904761904761,0,0,S1-76222476,S2-404279290,0
0.46153846153846156,0.46153846153846156,0.034482758620689655,0.034482758620689655,0.11864406779661017,0.0,0,0,0,0.0,0.16666666666666666,0.07062878117308083,0.0,0.0,0,0,S1-76222476,S2-591266283,0
0.40816326530612246,0.40816326530612246,0.02631578947368421,0.02631578947368421,0.17543859649122806,0.0,0,0,0,0.0,0.14285714285714285,0.04826306110296161,0.0,0.0,0,0,S1-76222476,S2-462327865,0
0.5333333333333333,0.5333333333333333,0.06060606060606061,0.06060606060606061,0.0,0.0,0,0,0,0.0,0.14285714285714285,0.054573112932696496,0.0,0.0,0,1,S1-76222476,S2-87723562,0
0.6511627906976745,0.6511627906976745,0.13793103448275862,0.13793103448275862,0.3609022556390977,0.0,0,0,0,0.0,0.3333333333333333,0.12824482547792637,0.045454545454545456,0.04545454545454544,0,0,S1-76222476,S2-878264708,0
0.13953488372093023,0.13953488372093023,0.030303030303030304,0.030303030303030304,0.2857142857142857,0.0,0,0,0,0.0,0.16666666666666666,0.07093795480728768,0.0,0.0,0,0,S1-199719839,S2-873416829,0
0.3137254901960784,0.3137254901960784,0.05128205128205128,0.05128205128205128,0.0,0.0,0,0,0,0.0,0.14285714285714285,0.06353636090378409,0.0,0.0,0,1,S1-199719839,S2-670084831,0
0.35555555555555557,0.35555555555555557,0.02857142857142857,0.02857142857142857,0.1686746987951807,0.0,0,0,0,0.0,0.16666666666666666,0.058167214188750906,0.0,0.0,0,0,S1-199719839,S2-987233360,0
0.48,0.48,0.02564102564102564,0.02564102564102564,0.3,0.0,0,0,0,0.0,0.14285714285714285,0.04984036141679501,0.0,0.0,0,0,S1-199719839,S2-619273487,0
0.35294117647058826,0.35294117647058826,0.024390243902439025,0.024390243902439025,0.2857142857142857,0.0,0,0,0,0.0,0.16666666666666666,0.059555571731223125,0.0,0.0,0,0,S1-199719839,S2-455960609,0
0.3333333333333333,0.3333333333333333,0.2037037037037037,0.2037037037037037,0.16901408450704225,0.0,0,0,0,0.0,0.2857142857142857,0.10024452953873784,0.0,0.0,0,0,S1-966952251,S2-688944425,0
0.5555555555555556,0.5555555555555556,0.2826086956521739,0.2826086956521739,0.375,0.0,0,0,0,0.0,0.2857142857142857,0.10393297673432372,0.06666666666666667,0.06666666666666667,1,0,S1-966952251,S2-911252875,0
0.45454545454545453,0.45454545454545453,0.10204081632653061,0.10204081632653061,0.3308270676691729,0.0,0,0,0,0.0,0.14285714285714285,0.04302572683037685,0.0,0.0,0,0,S1-966952251,S2-315098068,0
0.41975308641975306,0.41975308641975306,0.1,0.1,0.3352601156069364,0.0,0,0,0,0.0,0.125,0.05018880368049951,0.0,0.0,0,0,S1-966952251,S2-281088083,0
0.44155844155844154,0.44155844155844154,0.12280701754385964,0.12280701754385964,0.19047619047619047,0.0,0,0,0,0.0,0.125,0.03878948787380272,0.0,0.0,0,0,S1-966952251,S2-886514756,0
0.6567164179104478,0.6567164179104478,0.3023255813953488,0.3023255813953488,0.1232876712328767,0.0,0,0,0,0.0,0.2857142857142857,0.09361564900115105,0.0,0.0,0,0,S1-780921055,S2-252637823,0
0.6545454545454545,0.6545454545454545,0.25,0.25,0.2684563758389262,0.0,0,0,0,0.0,0.14285714285714285,0.03888769375861333,0.058823529411764705,0.0588235294117647,0,0,S1-780921055,S2-130755377,0
0.375,0.375,0.10204081632653061,0.10204081632653061,0.29411764705882354,0.0,0,0,0,0.0,0.14285714285714285,0.04867841065902119,0.0,0.0,0,0,S1-780921055,S2-650096155,0
0.39285714285714285,0.39285714285714285,0.11904761904761904,0.11904761904761904,0.20967741935483872,0.0,0,0,0,0.0,0.16666666666666666,0.05786296963854503,0.0,0.0,1,0,S1-780921055,S2-651190084,0
0.38235294117647056,0.38235294117647056,0.20408163265306123,0.20408163265306123,0.20754716981132076,0.0,0,0,0,0.0,0.4,0.12314092431397827,0.0,0.0,0,0,S1-780921055,S2-587438279,0
0.5333333333333333,0.5333333333333333,0.12903225806451613,0.12903225806451613,0.29508196721311475,0.0,0,0,0,0.0,0.14285714285714285,0.14283736214909537,0.0,0.0,0,0,S1-96323101,S2-950453011,0
0.5,0.5,0.12903225806451613,0.12903225806451613,0.22857142857142856,0.0,0,0,0,0.0,0.16666666666666666,0.15648326366365592,0.0,0.0,0,0,S1-96323101,S2-531252778,0
0.2711864406779661,0.2711864406779661,0.11627906976744186,0.11627906976744186,0.29411764705882354,0.0,0,0,0,0.0,0.125,0.12287053046460095,0.0,0.0,0,0,S1-96323101,S2-652071861,0
0.5,0.5,0.19047619047619047,0.19047619047619047,0.25806451612903225,0.0,0,0,0,0.0,0.25,0.20578284202226532,0.0,0.0,0,0,S1-96323101,S2-211891271,0
0.38461538461538464,0.38461538461538464,0.16666666666666666,0.16666666666666666,0.208955223880597,0.0,0,0,0,0.0,0.14285714285714285,0.1444355081813631,0.0,0.0,0,0,S1-96323101,S2-676387300,0
0.09523809523809523,0.09523809523809523,0.0196078431372549,0.0196078431372549,0.18181818181818182,0.0,0,0,0,0.0,0.125,0.05090189386582425,0.0,0.0,0,0,S1-674323954,S2-514194001,0
0.35555555555555557,0.35555555555555557,0.02857142857142857,0.02857142857142857,0.2857142857142857,0.0,0,0,0,0.0,0.16666666666666666,0.0619969505950791,0.0,0.0,0,0,S1-674323954,S2-869927960,0
0.3939393939393939,0.3939393939393939,0.018518518518518517,0.018518518518518517,0.44776119402985076,0.0,0,0,0,0.0,0.125,0.05351687859067775,0.0,0.0,0,0,S1-674323954,S2-273477767,0
0.3111111111111111,0.3111111111111111,0.029411764705882353,0.029411764705882353,0.18461538461538463,0.0,0,0,0,0.0,0.14285714285714285,0.05647205226434816,0.0,0.0,0,0,S1-674323954,S2-76951470,0
0.36,0.36,0.08108108108108109,0.08108108108108109,0.34375,0.0,0,0,0,0.0,0.14285714285714285,0.14553123441433097,0.0,0.0,0,0,S1-674323954,S2-235647481,0
0.4090909090909091,0.4090909090909091,0.09375,0.09375,0.11764705882352941,0.0,0,0,0,0.0,0.16666666666666666,0.1707479067477126,0.0,0.0,0,0,S1-78789684,S2-251767365,0
0.3684210526315789,0.3684210526315789,0.1111111111111111,0.1111111111111111,0.32727272727272727,0.0,0,0,0,0.0,0.2,0.1436996375908079,0.0,0.0,0,0,S1-78789684,S2-407293005,0
0.4090909090909091,0.4090909090909091,0.09090909090909091,0.09090909090909091,0.16666666666666666,0.0,0,0,0,0.0,0.2,0.1903522511901684,0.0,0.0,0,0,S1-78789684,S2-421720666,0
0.2857142857142857,0.2857142857142857,0.11428571428571428,0.11428571428571428,0.24,0.0,0,0,0,0.0,0.14285714285714285,0.12616670328797755,0.0,0.0,0,0,S1-78789684,S2-336937772,0
0.24390243902439024,0.24390243902439024,0.1,0.1,0.48148148148148145,0.0,0,0,0,0.0,0.2,0.1300330291441741,0.1,0.10000000000000002,0,0,S1-78789684,S2-554582702,0
0.5079365079365079,0.5079365079365079,0.13636363636363635,0.13636363636363635,0.18032786885245902,0.0,0,0,0,0.0,0.1111111111111111,0.037912382870231104,0.0,0.0,0,0,S1-338253242,S2-136664450,0
0.38461538461538464,0.38461538461538464,0.13513513513513514,0.13513513513513514,0.2962962962962963,0.0,0,0,0,0.0,0.14285714285714285,0.047923089011622545,0.045454545454545456,0.04545454545454544,0,0,S1-338253242,S2-559674053,0
0.4,0.4,0.07936507936507936,0.07936507936507936,0.288135593220339,0.0,0,0,0,0.0,0.1111111111111111,0.02827758535110792,0.05555555555555555,0.055555555555555546,0,0,S1-338253242,S2-640440140,0
0.5084745762711864,0.5084745762711864,0.13953488372093023,0.13953488372093023,0.16793893129770993,0.0,0,0,0,0.0,0.14285714285714285,0.05216563556338186,0.0,0.0,0,0,S1-338253242,S2-261299810,0
0.5714285714285714,0.5714285714285714,0.2,0.2,0.24285714285714285,0.16666666666666666,1,1,1,0.0,0.3333333333333333,0.10935656628144261,0.09090909090909091,0.09090909090909088,0,0,S1-338253242,S2-856877981,0
0.5925925925925926,0.5925925925925926,0.1794871794871795,0.1794871794871795,0.25,0.0,0,0,0,0.0,0.2,0.08826082922516748,0.0,0.0,0,0,S1-702010060,S2-516430095,0
0.5333333333333333,0.5333333333333333,0.1875,0.1875,0.3103448275862069,0.0,0,0,0,0.0,0.25,0.15057660072060308,0.0,0.0,0,0,S1-702010060,S2-469835694,0
0.4827586206896552,0.4827586206896552,0.14285714285714285,0.14285714285714285,0.36923076923076925,0.0,0,0,0,0.0,0.14285714285714285,0.09457796153773403,0.0,0.0,0,0,S1-702010060,S2-661003912,0
0.4126984126984127,0.4126984126984127,0.125,0.125,0.20512820512820512,0.0,0,0,0,0.0,0.16666666666666666,0.09852931381062346,0.0,0.0,0,0,S1-702010060,S2-861510596,0
0.5238095238095238,0.5238095238095238,0.20689655172413793,0.20689655172413793,0.37037037037037035,0.0,0,0,0,0.0,0.25,0.12461725855225239,0.0,0.0,0,0,S1-702010060,S2-556053150,0
0.4782608695652174,0.4782608695652174,0.2,0.2,0.22972972972972974,0.0,0,0,0,0.0,0.14285714285714285,0.13368281704008717,0.0,0.0,0,0,S1-433691047,S2-888118556,0
0.32786885245901637,0.32786885245901637,0.06521739130434782,0.06521739130434782,0.25301204819277107,0.0,0,0,0,0.0,0.125,0.14258050376813475,0.0,0.0,0,0,S1-433691047,S2-502866969,0
0.5454545454545454,0.5454545454545454,0.15384615384615385,0.15384615384615385,0.21476510067114093,0.0,0,0,0,0.0,0.14285714285714285,0.149648222423688,0.0,0.0,0,0,S1-433691047,S2-468099364,0
0.40816326530612246,0.40816326530612246,0.22580645161290322,0.22580645161290322,0.13157894736842105,0.0,0,0,0,0.0,0.125,0.12731650118185764,0.0,0.0,0,0,S1-433691047,S2-132188747,0
0.2898550724637681,0.2898550724637681,0.11538461538461539,0.11538461538461539,0.26993865030674846,0.0,0,0,0,0.0,0.125,0.10984390525949655,0.0,0.0,0,0,S1-433691047,S2-820530357,0
0.5,0.5,0.14285714285714285,0.14285714285714285,0.22695035460992907,0.0,0,0,0,0.0,0.125,0.04620380111676324,0.0,0.0,0,0,S1-518074091,S2-601688825,0
0.6122448979591837,0.6122448979591837,0.18181818181818182,0.18181818181818182,0.2608695652173913,0.0,0,0,0,0.0,0.14285714285714285,0.05583794467248608,0.11764705882352941,0.1176470588235294,0,0,S1-518074091,S2-410225032,0
0.4782608695652174,0.4782608695652174,0.16129032258064516,0.16129032258064516,0.23170731707317074,0.0,0,0,0,0.0,0.14285714285714285,0.05345610344158959,0.043478260869565216,0.04347826086956521,0,0,S1-518074091,S2-771888503,0
0.7777777777777778,0.7777777777777778,0.41935483870967744,0.41935483870967744,0.2535211267605634,0.0,0,0,0,0.0,0.3333333333333333,0.10369068449133774,0.16666666666666666,0.16666666666666666,0,0,S1-518074091,S2-794501586,0
0.475,0.475,0.23529411764705882,0.23529411764705882,0.21518987341772153,0.0,0,0,0,0.0,0.25,0.08148474221707307,0.0,0.0,0,0,S1-518074091,S2-987241288,0
0.27906976744186046,0.27906976744186046,0.030303030303030304,0.030303030303030304,0.17543859649122806,0.0,0,0,0,0.0,0.16666666666666666,0.051368437041663356,0.0,0.0,0,0,S1-902148031,S2-209716762,0
0.13333333333333333,0.13333333333333333,0.02857142857142857,0.02857142857142857,0.3492063492063492,0.0,0,0,0,0.0,0.16666666666666666,0.04607118349154768,0.0,0.0,0,0,S1-902148031,S2-16210870,0
0.37209302325581395,0.37209302325581395,0.030303030303030304,0.030303030303030304,0.1111111111111111,0.0,0,0,0,0.0,0.16666666666666666,0.05395688516418488,0.0,0.0,0,0,S1-902148031,S2-6821557,0
0.46153846153846156,0.46153846153846156,0.025,0.025,0.0,0.0,0,0,0,0.0,0.14285714285714285,0.04526809235900691,0.0,0.0,0,1,S1-902148031,S2-708568133,0
0.45454545454545453,0.45454545454545453,0.029411764705882353,0.029411764705882353,0.24561403508771928,0.0,0,0,0,0.0,0.16666666666666666,0.04557749260672568,0.0,0.0,0,0,S1-902148031,S2-753286977,0
0.3076923076923077,0.3076923076923077,0.03333333333333333,0.03333333333333333,0.24615384615384617,0.0,0,0,0,0.0,0.2,0.055246668815267345,0.0,0.0,0,0,S1-47083411,S2-929534934,0
0.4878048780487805,0.4878048780487805,0.06666666666666667,0.06666666666666667,0.23333333333333334,0.0,0,0,0,0.0,0.16666666666666666,0.047508473914941465,0.0,0.0,1,0,S1-47083411,S2-193527860,0
0.3,0.3,0.03333333333333333,0.03333333333333333,0.3050847457627119,0.0,0,0,0,0.0,0.16666666666666666,0.04279212152833423,0.0,0.0,1,0,S1-47083411,S2-511424172,0
0.24390243902439024,0.24390243902439024,0.03125,0.03125,0.33962264150943394,0.0,0,0,0,0.0,0.2,0.06523302755742122,0.0,0.0,0,0,S1-47083411,S2-416048895,0
0.4,0.4,0.05128205128205128,0.05128205128205128,0.4444444444444444,0.0,0,0,0,0.0,0.16666666666666666,0.04339220102343244,0.09090909090909091,0.09090909090909093,0,0,S1-47083411,S2-223285706,0
0.5714285714285714,0.5714285714285714,0.21212121212121213,0.21212121212121213,0.38095238095238093,0.0,0,0,0,0.0,0.16666666666666666,0.13871795198199183,0.0,0.0,0,0,S1-334975123,S2-849787980,0
0.43478260869565216,0.43478260869565216,0.23333333333333334,0.23333333333333334,0.23684210526315788,0.0,0,0,0,0.0,0.16666666666666666,0.11669883109130814,0.0,0.0,0,0,S1-334975123,S2-252109540,0
0.52,0.52,0.21212121212121213,0.21212121212121213,0.38235294117647056,0.0,0,0,0,0.0,0.14285714285714285,0.10941889769080504,0.08333333333333333,0.08333333333333334,0,0,S1-334975123,S2-347790872,0
0.5306122448979592,0.5306122448979592,0.21212121212121213,0.21212121212121213,0.12903225806451613,0.0,0,0,0,0.0,0.16666666666666666,0.12424725535261986,0.0,0.0,0,0,S1-334975123,S2-271776126,0
0.5333333333333333,0.5333333333333333,0.23333333333333334,0.23333333333333334,0.3225806451612903,0.0,0,0,0,0.0,0.2,0.14967127520335607,0.0,0.0,0,0,S1-334975123,S2-446585847,0
0.6122448979591837,0.5846153846153846,0.42857142857142855,0.2857142857142857,0.2857142857142857,0.0,0,0,0,0.0,0.4,0.1736365144756263,0.0,0.0,1,0,S1-526056745,S2-675731014,0
0.44,0.44,0.17647058823529413,0.17647058823529413,0.12280701754385964,0.0,0,0,0,0.0,0.14285714285714285,0.0493553758124324,0.0,0.0,0,0,S1-526056745,S2-166160872,0
0.625,0.625,0.2926829268292683,0.2926829268292683,0.0,0.0,0,0,0,0.0,0.2857142857142857,0.10315144466036649,0.0,0.0,1,1,S1-526056745,S2-189859274,0
0.7,0.7,0.32432432432432434,0.32432432432432434,0.27586206896551724,0.0,0,0,0,0.0,0.2857142857142857,0.1121535261305821,0.0,0.0,0,0,S1-526056745,S2-502995441,0
0.5084745762711864,0.5084745762711864,0.14285714285714285,0.14285714285714285,0.22388059701492538,0.0,0,0,0,0.0,0.125,0.048153664948751264,0.0,0.0,0,0,S1-526056745,S2-538437297,0
0.5853658536585366,0.5853658536585366,0.2962962962962963,0.2962962962962963,0.43333333333333335,0.0,0,0,0,0.0,0.3333333333333333,0.28490814410729653,0.0,0.0,0,0,S1-721346891,S2-279121324,0
0.64,0.64,0.2571428571428571,0.2571428571428571,0.2903225806451613,0.0,0,0,0,0.0,0.3333333333333333,0.2247052107393728,0.0,0.0,0,0,S1-721346891,S2-265326366,0
0.64,0.64,0.2647058823529412,0.2647058823529412,0.2153846153846154,0.0,0,0,0,0.0,0.25,0.24334414572942048,0.0,0.0,0,0,S1-721346891,S2-372378403,0
0.4067796610169492,0.4067796610169492,0.18604651162790697,0.18604651162790697,0.1941747572815534,0.0,0,0,0,0.0,0.2,0.20389210452804687,0.0,0.0,0,0,S1-721346891,S2-863616692,0
0.4727272727272727,0.4727272727272727,0.20512820512820512,0.20512820512820512,0.22784810126582278,0.0,0,0,0,0.0,0.2,0.17555050992118518,0.0,0.0,0,0,S1-721346891,S2-61905077,0
0.3673469387755102,0.3673469387755102,0.11428571428571428,0.11428571428571428,0.0,0.0,0,0,0,0.0,0.14285714285714285,0.10093802453304516,0.0,0.0,0,1,S1-434328835,S2-815482866,0
0.3137254901960784,0.3137254901960784,0.07692307692307693,0.07692307692307693,0.19444444444444445,0.0,0,0,0,0.0,0.16666666666666666,0.13617227737706145,0.0,0.0,0,0,S1-434328835,S2-480613394,0
0.2608695652173913,0.2608695652173913,0.09090909090909091,0.09090909090909091,0.3283582089552239,0.0,0,0,0,0.0,0.16666666666666666,0.1500500161489769,0.09090909090909091,0.09090909090909093,0,0,S1-434328835,S2-486273410,0
0.2641509433962264,0.2641509433962264,0.07692307692307693,0.07692307692307693,0.18461538461538463,0.0,0,0,0,0.0,0.125,0.08485434078820465,0.0,0.0,0,0,S1-434328835,S2-414685147,0
0.5333333333333333,0.5333333333333333,0.09375,0.09375,0.25396825396825395,0.0,0,0,0,0.0,0.14285714285714285,0.10732241943511346,0.0,0.0,1,0,S1-434328835,S2-959159683,0
0.4838709677419355,0.4838709677419355,0.20930232558139536,0.20930232558139536,0.2692307692307692,0.0,0,0,0,0.0,0.14285714285714285,0.08748107573450659,0.0,0.0,0,0,S1-128861595,S2-965137319,0
0.4444444444444444,0.4444444444444444,0.022222222222222223,0.022222222222222223,0.32727272727272727,0.0,0,0,0,0.0,0.14285714285714285,0.060165399743209544,0.0,0.0,0,0,S1-128861595,S2-926271762,0
0.5428571428571428,0.5428571428571428,0.1875,0.1875,0.07547169811320754,0.0,0,0,0,0.0,0.14285714285714285,0.08584193222895371,0.0,0.0,0,0,S1-128861595,S2-647263771,0
0.38596491228070173,0.38596491228070173,0.04878048780487805,0.04878048780487805,0.2545454545454545,0.0,0,0,0,0.0,0.125,0.06251295811755699,0.0,0.0,0,0,S1-128861595,S2-384379221,0
0.49122807017543857,0.49122807017543857,0.23076923076923078,0.23076923076923078,0.1791044776119403,0.0,0,0,0,0.0,0.16666666666666666,0.10180872392972032,0.0,0.0,0,0,S1-128861595,S2-80012527,0
0.43636363636363634,0.43636363636363634,0.1,0.1,0.2,0.0,0,0,0,0.0,0.14285714285714285,0.0667001932285429,0.0,0.0,0,0,S1-797777457,S2-407974447,0
0.43137254901960786,0.43137254901960786,0.10810810810810811,0.10810810810810811,0.22857142857142856,0.0,0,0,0,0.0,0.14285714285714285,0.056598521357370694,0.0,0.0,0,0,S1-797777457,S2-88829597,0
0.4,0.4,0.125,0.125,0.25165562913907286,0.0,0,0,0,0.0,0.14285714285714285,0.07565855483663549,0.041666666666666664,0.04166666666666666,0,0,S1-797777457,S2-66448977,0
0.5,0.5,0.21739130434782608,0.21739130434782608,0.21656050955414013,0.0,0,0,0,0.0,0.2,0.09082715480463312,0.0,0.0,0,0,S1-797777457,S2-25752404,0
0.32558139534883723,0.32558139534883723,0.14285714285714285,0.14285714285714285,0.38848920863309355,0.0,0,0,0,0.0,0.125,0.06607871465731531,0.09523809523809523,0.09523809523809522,0,0,S1-797777457,S2-818150166,0
0.45614035087719296,0.45614035087719296,0.15,0.15,0.2727272727272727,0.0,0,0,0,0.0,0.125,0.11288181096203032,0.0,0.0,0,0,S1-927509773,S2-916954408,0
0.4864864864864865,0.4864864864864865,0.2608695652173913,0.2608695652173913,0.36065573770491804,0.0,0,0,0,0.0,0.125,0.09311627359845084,0.1,0.10000000000000002,0,0,S1-927509773,S2-954704943,0
0.23529411764705882,0.23529411764705882,0.10810810810810811,0.10810810810810811,0.32727272727272727,0.0,0,0,0,0.0,0.14285714285714285,0.13492925044654855,0.0,0.0,0,0,S1-927509773,S2-284471986,0
0.5573770491803278,0.5573770491803278,0.21951219512195122,0.21951219512195122,0.38461538461538464,0.0,0,0,0,0.0,0.2857142857142857,0.22549095842778244,0.0,0.0,0,0,S1-927509773,S2-572218763,0
0.3793103448275862,0.3793103448275862,0.11904761904761904,0.11904761904761904,0.4528301886792453,0.0,0,0,0,0.0,0.125,0.13157135206800316,0.0,0.0,0,0,S1-927509773,S2-116363393,0
0.1875,0.1875,0.041666666666666664,0.041666666666666664,0.24561403508771928,0.0,0,0,0,0.0,0.25,0.17593246670573687,0.0,0.0,0,0,S1-663800097,S2-546877084,0
0.35294117647058826,0.35294117647058826,0.04,0.04,0.22916666666666666,0.0,0,0,0,0.0,0.2,0.28815758131661184,0.0,0.0,0,0,S1-663800097,S2-342633714,0
0.6666666666666666,0.6666666666666666,0.21052631578947367,0.21052631578947367,0.2033898305084746,0.0,0,0,0,0.0,0.25,0.2588520209117414,0.0,0.0,0,0,S1-663800097,S2-739154006,0
0.5384615384615384,0.5384615384615384,0.05555555555555555,0.05555555555555555,0.2153846153846154,0.0,0,0,0,0.0,0.25,0.2651540220428113,0.0,0.0,0,0,S1-663800097,S2-392871255,0
0.46153846153846156,0.46153846153846156,0.05555555555555555,0.05555555555555555,0.2903225806451613,0.0,0,0,0,0.0,0.25,0.24473903966900548,0.0,0.0,1,0,S1-663800097,S2-245703038,0
0.5405405405405406,0.5405405405405406,0.038461538461538464,0.038461538461538464,0.32786885245901637,0.0,0,0,0,0.0,0.2,0.05602407512017893,0.0,0.0,0,0,S1-589877025,S2-204289763,0
0.46153846153846156,0.46153846153846156,0.04878048780487805,0.04878048780487805,0.45614035087719296,0.0,0,0,0,0.0,0.16666666666666666,0.05191362372421079,0.0,0.0,0,0,S1-589877025,S2-589796388,0
0.30434782608695654,0.30434782608695654,0.027777777777777776,0.027777777777777776,0.417910447761194,0.0,0,0,0,0.0,0.16666666666666666,0.04561724477918046,0.0,0.0,0,0,S1-589877025,S2-12820479,0
0.358974358974359,0.358974358974359,0.034482758620689655,0.034482758620689655,0.0,0.0,0,0,0,0.0,0.16666666666666666,0.04652270913389211,0.0,0.0,0,1,S1-589877025,S2-646284026,0
0.25,0.25,0.034482758620689655,0.034482758620689655,0.43333333333333335,0.0,0,0,0,0.0,0.14285714285714285,0.04137955687096457,0.0,0.0,0,0,S1-589877025,S2-384773779,0
0.5925925925925926,0.5925925925925926,0.25,0.25,0.21052631578947367,0.0,0,0,0,0.0,0.16666666666666666,0.12305353649093131,0.0,0.0,0,0,S1-447452795,S2-459886370,0
0.56,0.56,0.2727272727272727,0.2727272727272727,0.25806451612903225,0.0,0,0,0,0.0,0.2,0.1410036850031211,0.0,0.0,0,0,S1-447452795,S2-478288242,0
0.5423728813559322,0.5423728813559322,0.23076923076923078,0.23076923076923078,0.29333333333333333,0.0,0,0,0,0.0,0.16666666666666666,0.13569576098387087,0.0,0.0,0,0,S1-447452795,S2-620359775,0
0.2647058823529412,0.2647058823529412,0.04081632653061224,0.04081632653061224,0.25,0.0,0,0,0,0.0,0.125,0.09715977800551882,0.0,0.0,0,0,S1-447452795,S2-348809920,0
0.6,0.6,0.17857142857142858,0.17857142857142858,0.32432432432432434,0.0,0,0,0,0.0,0.25,0.243330901168631,0.0,0.0,1,0,S1-447452795,S2-922011742,0
0.4642857142857143,0.4642857142857143,0.12195121951219512,0.12195121951219512,0.2692307692307692,0.0,0,0,0,0.0,0.14285714285714285,0.060668516957351745,0.0,0.0,0,0,S1-847093601,S2-717816585,0
0.45714285714285713,0.45714285714285713,0.11320754716981132,0.11320754716981132,0.0,0.0,0,0,0,0.0,0.125,0.055026681596390105,0.0,0.0,0,1,S1-847093601,S2-679232263,0
0.46153846153846156,0.46153846153846156,0.10638297872340426,0.10638297872340426,0.2644628099173554,0.0,0,0,0,0.0,0.14285714285714285,0.047951244041687026,0.0,0.0,0,0,S1-847093601,S2-856941269,0
0.5901639344262295,0.5901639344262295,0.3076923076923077,0.3076923076923077,0.19047619047619047,0.0,0,0,0,0.0,0.3333333333333333,0.11428949248900808,0.0,0.0,0,0,S1-847093601,S2-817446290,0
0.6557377049180327,0.6557377049180327,0.34210526315789475,0.34210526315789475,0.2962962962962963,0.0,0,0,0,0.0,0.3333333333333333,0.117232893052922,0.0,0.0,0,0,S1-847093601,S2-211273059,0
0.13333333333333333,0.13333333333333333,0.02857142857142857,0.02857142857142857,0.27692307692307694,0.0,0,0,0,0.0,0.16666666666666666,0.06809885876950701,0.0,0.0,0,0,S1-664355108,S2-819396706,0
0.27906976744186046,0.27906976744186046,0.030303030303030304,0.030303030303030304,0.2903225806451613,0.0,0,0,0,0.0,0.16666666666666666,0.06113275172777594,0.0,0.0,0,0,S1-664355108,S2-223698983,0
0.43478260869565216,0.43478260869565216,0.2,0.2,0.20588235294117646,0.0,0,0,0,0.0,0.14285714285714285,0.07591711911065761,0.0,0.0,0,0,S1-664355108,S2-889575139,0
0.32432432432432434,0.32432432432432434,0.03571428571428571,0.03571428571428571,0.18461538461538463,0.0,0,0,0,0.0,0.2,0.0725393759198662,0.0,0.0,0,0,S1-664355108,S2-478548816,0
0.4444444444444444,0.4444444444444444,0.030303030303030304,0.030303030303030304,0.1794871794871795,0.0,0,0,0,0.0,0.16666666666666666,0.06527813065836129,0.0,0.0,0,0,S1-664355108,S2-676721646,0
0.4772727272727273,0.4772727272727273,0.25925925925925924,0.25925925925925924,0.24390243902439024,0.0,0,0,0,0.0,0.25,0.07828651124083105,0.0,0.0,0,0,S1-349920988,S2-852977673,0
0.6031746031746031,0.6031746031746031,0.3170731707317073,0.3170731707317073,0.3829787234042553,0.0,0,0,0,0.0,0.16666666666666666,0.052794435430801846,0.05555555555555555,0.055555555555555546,0,0,S1-349920988,S2-349717487,0
0.696969696969697,0.696969696969697,0.3023255813953488,0.3023255813953488,0.25,0.0,0,0,0,0.0,0.3333333333333333,0.09615864420741431,0.0,0.0,0,0,S1-349920988,S2-535902883,0
0.5,0.5,0.25,0.25,0.24528301886792453,0.0,0,0,0,0.0,0.3333333333333333,0.11068745377577816,0.0,0.0,0,0,S1-349920988,S2-712998673,0
0.45901639344262296,0.45901639344262296,0.13636363636363635,0.13636363636363635,0.39436619718309857,0.0,0,0,0,0.0,0.125,0.043287700284324056,0.05,0.04999999999999999,0,0,S1-349920988,S2-622033492,0
0.4406779661016949,0.4406779661016949,0.09090909090909091,0.09090909090909091,0.0,0.0,0,0,0,0.0,0.125,0.0939065513354219,0.0,0.0,0,1,S1-341841843,S2-420758182,0
0.4,0.4,0.17073170731707318,0.17073170731707318,0.16129032258064516,0.0,0,0,0,0.0,0.25,0.19248908722784963,0.0,0.0,0,0,S1-341841843,S2-508041378,0
0.2807017543859649,0.2807017543859649,0.09523809523809523,0.09523809523809523,0.20155038759689922,0.0,0,0,0,0.0,0.125,0.10587244242606061,0.0,0.0,0,0,S1-341841843,S2-56934707,0
0.6551724137931034,0.6551724137931034,0.5161290322580645,0.5161290322580645,0.0,0.0,0,0,0,0.0,0.5,0.40915187581079293,0.0,0.0,0,1,S1-341841843,S2-595077757,0
0.4642857142857143,0.4642857142857143,0.0975609756097561,0.0975609756097561,0.30985915492957744,0.0,0,0,0,0.0,0.125,0.10188078974631437,0.0,0.0,0,0,S1-341841843,S2-979052623,0
0.4,0.4,0.05128205128205128,0.05128205128205128,0.1509433962264151,0.0,0,0,0,0.0,0.16666666666666666,0.07850865537975854,0.0,0.0,0,0,S1-99115147,S2-856893850,0
0.15,0.15,0.03225806451612903,0.03225806451612903,0.17142857142857143,0.0,0,0,0,0.0,0.2,0.10613549662470016,0.0,0.0,0,0,S1-99115147,S2-619231027,0
0.5,0.5,0.03225806451612903,0.03225806451612903,0.33663366336633666,0.0,0,0,0,0.0,0.2,0.09219914586666575,0.0,0.0,0,0,S1-99115147,S2-302149562,0
0.5,0.5,0.0625,0.0625,0.24,0.0,0,0,0,0.0,0.16666666666666666,0.0899679511419374,0.0,0.0,0,0,S1-99115147,S2-661366495,0
0.5945945945945946,0.5945945945945946,0.03571428571428571,0.03571428571428571,0.2328767123287671,0.0,0,0,0,0.0,0.2,0.10416007051391726,0.0,0.0,0,0,S1-99115147,S2-253527145,0
0.5,0.5,0.16666666666666666,0.16666666666666666,0.20952380952380953,0.0,0,0,0,0.0,0.16666666666666666,0.06063253989481637,0.0,0.0,0,0,S1-593010888,S2-552912428,0
0.7407407407407407,0.7407407407407407,0.375,0.375,0.25925925925925924,0.0,0,0,0,0.0,0.3333333333333333,0.1057924496822428,0.04,0.03999999999999999,0,0,S1-593010888,S2-32345237,0
0.425531914893617,0.425531914893617,0.15151515151515152,0.15151515151515152,0.21739130434782608,0.0,0,0,0,0.0,0.16666666666666666,0.06794522768803558,0.0,0.0,0,0,S1-593010888,S2-618463009,0
0.4411764705882353,0.4411764705882353,0.14,0.14,0.375,0.0,0,0,0,0.0,0.125,0.048339430578488315,0.047619047619047616,0.04761904761904761,0,0,S1-593010888,S2-463973395,0
0.76,0.76,0.42857142857142855,0.42857142857142855,0.23880597014925373,0.0,0,0,0,0.0,0.3333333333333333,0.12247808727155551,0.0,0.0,1,0,S1-593010888,S2-914915697,0
0.2413793103448276,0.2413793103448276,0.11904761904761904,0.11904761904761904,0.29591836734693877,0.0,0,0,0,0.0,0.14285714285714285,0.056206339020232234,0.10344827586206896,0.10344827586206894,0,0,S1-975975269,S2-801693675,0
0.5151515151515151,0.5151515151515151,0.12244897959183673,0.12244897959183673,0.33986928104575165,0.0,0,0,0,0.0,0.14285714285714285,0.05240602645888036,0.09090909090909091,0.09090909090909088,0,0,S1-975975269,S2-469943910,0
0.7142857142857143,0.7142857142857143,0.35714285714285715,0.35714285714285715,0.1111111111111111,0.0,0,0,0,0.0,0.5,0.3816466272834556,0.0,0.0,0,0,S1-975975269,S2-766864987,0
0.44776119402985076,0.44776119402985076,0.22727272727272727,0.22727272727272727,0.17647058823529413,0.0,0,0,0,0.0,0.2857142857142857,0.10752186827784324,0.0,0.0,0,0,S1-975975269,S2-712194491,0
0.6176470588235294,0.6176470588235294,0.3023255813953488,0.3023255813953488,0.24644549763033174,0.0,0,0,0,0.0,0.2857142857142857,0.089427113184709,0.0625,0.06249999999999997,0,0,S1-975975269,S2-251372743,0
0.34615384615384615,0.34615384615384615,0.04878048780487805,0.04878048780487805,0.2127659574468085,0.0,0,0,0,0.0,0.16666666666666666,0.10602686062360986,0.0,0.0,0,0,S1-585413232,S2-194210743,0
0.5106382978723404,0.5106382978723404,0.05714285714285714,0.05714285714285714,0.2823529411764706,0.0,0,0,0,0.0,0.14285714285714285,0.07625008753325824,0.0,0.0,0,0,S1-585413232,S2-912862712,0
0.3684210526315789,0.3684210526315789,0.07142857142857142,0.07142857142857142,0.2641509433962264,0.0,0,0,0,0.0,0.2,0.13835100044921536,0.0,0.0,0,0,S1-585413232,S2-539205800,0
0.34285714285714286,0.34285714285714286,0.08,0.08,0.24390243902439024,0.0,0,0,0,0.0,0.2,0.13704747322683836,0.0,0.0,0,0,S1-585413232,S2-870692503,0
0.34146341463414637,0.34146341463414637,0.06666666666666667,0.06666666666666667,0.16091954022988506,0.0,0,0,0,0.0,0.16666666666666666,0.09384129346861306,0.0,0.0,0,0,S1-585413232,S2-887075950,0
0.4444444444444444,0.4444444444444444,0.029411764705882353,0.029411764705882353,0.5714285714285714,0.0,0,0,0,0.0,0.14285714285714285,0.05327234614242345,0.2,0.20000000000000004,1,0,S1-481862892,S2-360389832,0
0.34146341463414637,0.34146341463414637,0.03225806451612903,0.03225806451612903,0.3116883116883117,0.0,0,0,0,0.0,0.16666666666666666,0.05278934450206701,0.0,0.0,0,0,S1-481862892,S2-590282656,0
0.41025641025641024,0.41025641025641024,0.14814814814814814,0.14814814814814814,0.2535211267605634,0.0,0,0,0,0.0,0.2,0.136214070645802,0.0,0.0,0,0,S1-481862892,S2-274286024,0
0.3389830508474576,0.3389830508474576,0.021739130434782608,0.021739130434782608,0.3466666666666667,0.0,0,0,0,0.0,0.125,0.03807261084979245,0.0,0.0,0,0,S1-481862892,S2-398129528,0
0.2857142857142857,0.2857142857142857,0.022222222222222223,0.022222222222222223,0.08823529411764706,0.0,0,0,0,0.0,0.14285714285714285,0.044044567179014206,0.0,0.0,0,0,S1-481862892,S2-312232197,0
0.2777777777777778,0.2777777777777778,0.038461538461538464,0.038461538461538464,0.43037974683544306,0.0,0,0,0,0.0,0.16666666666666666,0.0422503375720151,0.07142857142857142,0.07142857142857142,0,0,S1-398427577,S2-121822683,0
0.2553191489361702,0.2553191489361702,0.02857142857142857,0.02857142857142857,0.26666666666666666,0.0,0,0,0,0.0,0.125,0.04514687892501378,0.0,0.0,0,0,S1-398427577,S2-880369011,0
0.3076923076923077,0.3076923076923077,0.034482758620689655,0.034482758620689655,0.2222222222222222,0.0,0,0,0,0.0,0.16666666666666666,0.05428224865908444,0.0,0.0,0,0,S1-398427577,S2-443882647,0
0.42857142857142855,0.42857142857142855,0.05,0.05,0.2391304347826087,0.0,0,0,0,0.0,0.25,0.06651120346844586,0.0,0.0,0,0,S1-398427577,S2-214218003,0
0.3333333333333333,0.3333333333333333,0.037037037037037035,0.037037037037037035,0.17073170731707318,0.0,0,0,0,0.0,0.2,0.0546308755719632,0.0,0.0,0,0,S1-398427577,S2-298446125,0
0.4,0.4,0.125,0.125,0.35294117647058826,0.0,0,0,0,0.0,0.16666666666666666,0.15574551531929334,0.0,0.0,0,0,S1-891013868,S2-61130520,0
0.4444444444444444,0.4444444444444444,0.0975609756097561,0.0975609756097561,0.22580645161290322,0.0,0,0,0,0.0,0.16666666666666666,0.13570931817986007,0.0,0.0,0,0,S1-891013868,S2-108981958,0
0.5652173913043478,0.5652173913043478,0.16129032258064516,0.16129032258064516,0.14285714285714285,0.0,0,0,0,0.0,0.16666666666666666,0.1830772437605633,0.09090909090909091,0.09090909090909093,0,0,S1-891013868,S2-30249982,0
0.5945945945945946,0.5945945945945946,0.25,0.25,0.2857142857142857,0.0,0,0,0,0.0,0.25,0.20668040783836877,0.0,0.0,0,0,S1-891013868,S2-774336115,0
0.5806451612903226,0.5806451612903226,0.2,0.2,0.35294117647058826,0.0,0,0,0,0.0,0.25,0.20740731951056107,0.0,0.0,0,0,S1-891013868,S2-648420391,0
0.6363636363636364,0.6363636363636364,0.27906976744186046,0.27906976744186046,0.34782608695652173,0.0,0,0,0,0.0,0.3333333333333333,0.12527161247716495,0.04,0.03999999999999999,0,0,S1-846680700,S2-853391509,0
0.6101694915254238,0.6101694915254238,0.225,0.225,0.192090395480226,0.0,0,0,0,0.0,0.14285714285714285,0.04312828538214317,0.041666666666666664,0.04166666666666666,0,0,S1-846680700,S2-833193799,0
0.5396825396825397,0.5396825396825397,0.10416666666666667,0.10416666666666667,0.224,0.0,0,0,0,0.0,0.14285714285714285,0.05407763118087788,0.0,0.0,0,0,S1-846680700,S2-248655244,0
0.7647058823529411,0.7647058823529411,0.26666666666666666,0.26666666666666666,0.272108843537415,0.0,0,0,0,0.0,0.3333333333333333,0.14450100102572705,0.0,0.0,1,0,S1-846680700,S2-521706949,0
0.4166666666666667,0.4166666666666667,0.08928571428571429,0.08928571428571429,0.33879781420765026,0.0,0,0,0,0.0,0.125,0.04788837991992817,0.0,0.0,0,0,S1-846680700,S2-843741773,0
0.5185185185185185,0.5185185185185185,0.1891891891891892,0.1891891891891892,0.17857142857142858,0.0,0,0,0,0.0,0.16666666666666666,0.12916273913474977,0.0,0.0,0,0,S1-889479873,S2-613482136,0
0.45161290322580644,0.45161290322580644,0.13043478260869565,0.13043478260869565,0.3384615384615385,0.0,0,0,0,0.0,0.14285714285714285,0.13466103742827495,0.0,0.0,0,0,S1-889479873,S2-888167509,0
0.49056603773584906,0.49056603773584906,0.15789473684210525,0.15789473684210525,0.34375,0.0,0,0,0,0.0,0.16666666666666666,0.1575097663336602,0.0,0.0,0,0,S1-889479873,S2-457957345,0
0.55,0.55,0.23076923076923078,0.23076923076923078,0.2857142857142857,0.0,0,0,0,0.0,0.2,0.1693196718286614,0.0,0.0,0,0,S1-889479873,S2-617313553,0
0.4727272727272727,0.4727272727272727,0.15,0.15,0.36923076923076925,0.0,0,0,0,0.0,0.16666666666666666,0.12754617547813946,0.1,0.10000000000000002,0,0,S1-889479873,S2-406476742,0
0.5263157894736842,0.5263157894736842,0.07407407407407407,0.07407407407407407,0.4,0.0,0,0,0,0.0,0.16666666666666666,0.08232434378698707,0.09090909090909091,0.09090909090909093,0,0,S1-865831463,S2-310847429,0
0.3902439024390244,0.3902439024390244,0.03225806451612903,0.03225806451612903,0.5172413793103449,0.0,0,0,0,0.0,0.16666666666666666,0.06352874362024091,0.1,0.10000000000000002,0,0,S1-865831463,S2-570152222,0
0.21428571428571427,0.21428571428571427,0.15789473684210525,0.15789473684210525,0.2033898305084746,0.0,0,0,0,0.0,0.14285714285714285,0.1303937501234071,0.0,0.0,0,0,S1-865831463,S2-395649892,0
0.36363636363636365,0.36363636363636365,0.041666666666666664,0.041666666666666664,0.42424242424242425,0.0,0,0,0,0.0,0.2,0.06898080269016299,0.0,0.0,0,0,S1-865831463,S2-998895646,0
0.45161290322580644,0.45161290322580644,0.045454545454545456,0.045454545454545456,0.3157894736842105,0.0,0,0,0,0.0,0.2,0.06842319385652995,0.0,0.0,0,0,S1-865831463,S2-626786350,0
0.4489795918367347,0.4489795918367347,0.02702702702702703,0.02702702702702703,0.3384615384615385,0.0,0,0,0,0.0,0.14285714285714285,0.046677632529701904,0.0,0.0,0,0,S1-748000306,S2-555828384,0
0.4090909090909091,0.4090909090909091,0.030303030303030304,0.030303030303030304,0.2909090909090909,0.0,0,0,0,0.0,0.16666666666666666,0.059369317773456824,0.0,0.0,0,0,S1-748000306,S2-676061140,0
0.3333333333333333,0.3333333333333333,0.075,0.075,0.3793103448275862,0.0,0,0,0,0.0,0.14285714285714285,0.055393055013765534,0.0,0.0,0,0,S1-748000306,S2-467472168,0
0.30303030303030304,0.30303030303030304,0.043478260869565216,0.043478260869565216,0.3125,0.0,0,0,0,0.0,0.14285714285714285,0.043794001129073,0.0,0.0,0,0,S1-748000306,S2-525302283,0
0.26229508196721313,0.26229508196721313,0.04878048780487805,0.04878048780487805,0.32142857142857145,0.0,0,0,0,0.0,0.16666666666666666,0.07321251808593406,0.0,0.0,0,0,S1-748000306,S2-784771455,0
0.6666666666666666,0.6666666666666666,0.25,0.25,0.40625,0.0,0,0,0,0.0,0.5,0.4556707897037431,0.0,0.0,1,0,S1-430230415,S2-769303681,0
0.5454545454545454,0.5454545454545454,0.13636363636363635,0.13636363636363635,0.37735849056603776,0.0,0,0,0,0.0,0.2,0.24206860193930604,0.0,0.0,1,0,S1-430230415,S2-213530655,0
0.15151515151515152,0.15151515151515152,0.07317073170731707,0.07317073170731707,0.3333333333333333,0.0,0,0,0,0.0,0.125,0.1676491532926803,0.0,0.0,0,0,S1-430230415,S2-469075541,0
0.5641025641025641,0.5641025641025641,0.2,0.2,0.29508196721311475,0.0,0,0,0,0.0,0.4,0.3292911250921458,0.0,0.0,0,0,S1-430230415,S2-808503723,0
0.5714285714285714,0.5714285714285714,0.17857142857142858,0.17857142857142858,0.3333333333333333,0.0,0,0,0,0.0,0.4,0.36232188627964584,0.0,0.0,0,0,S1-430230415,S2-820792389,0
0.48,0.48,0.12121212121212122,0.12121212121212122,0.26865671641791045,0.0,0,0,0,0.0,0.125,0.04524574205431005,0.0,0.0,0,0,S1-769185722,S2-263909171,0
0.37209302325581395,0.37209302325581395,0.03225806451612903,0.03225806451612903,0.0,0.0,0,0,0,0.0,0.16666666666666666,0.0682970135077791,0.0,0.0,0,1,S1-769185722,S2-641732867,0
0.12244897959183673,0.12244897959183673,0.02702702702702703,0.02702702702702703,0.3283582089552239,0.0,0,0,0,0.0,0.16666666666666666,0.06593503214609878,0.0,0.0,0,0,S1-769185722,S2-932783180,0
0.4444444444444444,0.4444444444444444,0.02127659574468085,0.02127659574468085,0.3466666666666667,0.0,0,0,0,0.0,0.2222222222222222,0.11431000759285584,0.0,0.0,0,0,S1-769185722,S2-45155331,0
0.13043478260869565,0.13043478260869565,0.030303030303030304,0.030303030303030304,0.29508196721311475,0.0,0,0,0,0.0,0.14285714285714285,0.06119253311396773,0.1111111111111111,0.11111111111111113,1,0,S1-769185722,S2-454355317,0
0.3333333333333333,0.3333333333333333,0.03125,0.03125,0.3829787234042553,0.0,0,0,0,0.0,0.16666666666666666,0.06116220932880972,0.0,0.0,0,0,S1-480403125,S2-263940621,0
0.2,0.2,0.02127659574468085,0.02127659574468085,0.22580645161290322,0.0,0,0,0,0.0,0.1111111111111111,0.04049927427819411,0.0,0.0,0,0,S1-480403125,S2-456227028,0
0.4888888888888889,0.4888888888888889,0.06060606060606061,0.06060606060606061,0.23880597014925373,0.0,0,0,0,0.0,0.14285714285714285,0.05243165511697441,0.0,0.0,0,0,S1-480403125,S2-86582064,0
0.43636363636363634,0.43636363636363634,0.02857142857142857,0.02857142857142857,0.13559322033898305,0.0,0,0,0,0.0,0.16666666666666666,0.05992321573351876,0.0,0.0,1,0,S1-480403125,S2-541238007,0
0.509090909090909,0.509090909090909,0.0975609756097561,0.0975609756097561,0.2553191489361702,0.0,0,0,0,0.0,0.14285714285714285,0.05639073106132666,0.0,0.0,0,0,S1-480403125,S2-394998319,0
0.45714285714285713,0.45714285714285713,0.08333333333333333,0.08333333333333333,0.34210526315789475,0.0,0,0,0,0.0,0.16666666666666666,0.06172824239742003,0.0,0.0,0,0,S1-139623363,S2-856284373,0
0.36363636363636365,0.36363636363636365,0.041666666666666664,0.041666666666666664,0.0,0.0,0,0,0,0.0,0.2,0.07448482115380256,0.0,0.0,0,1,S1-139623363,S2-701498184,0
0.15,0.15,0.03333333333333333,0.03333333333333333,0.2647058823529412,0.0,0,0,0,0.0,0.16666666666666666,0.06367674318694069,0.0,0.0,1,0,S1-139623363,S2-854290450,0
0.17647058823529413,0.17647058823529413,0.04,0.04,0.21333333333333335,0.0,0,0,0,0.0,0.2,0.07690387046328646,0.0,0.0,0,0,S1-139623363,S2-550770650,0
0.29411764705882354,0.29411764705882354,0.04,0.04,0.16666666666666666,0.0,0,0,0,0.0,0.2,0.08047019565760831,0.0,0.0,0,0,S1-139623363,S2-730248895,0
1.0,1.0,1.0,1.0,0.8672566371681416,1.0,3,1,2,0.0,1.0,1.0,1.0,1.0,0,0,S1-820791388,S2-442717160,1
0.6285714285714286,0.6285714285714286,0.2553191489361702,0.2553191489361702,0.2692307692307692,0.0,0,0,0,0.0,0.2857142857142857,0.10586539216757651,0.0,0.0,0,0,S1-820791388,S2-141037096,0
0.5675675675675675,0.5675675675675675,0.25,0.25,0.1267605633802817,0.0,0,0,0,0.0,0.2857142857142857,0.09438509359393536,0.0,0.0,0,0,S1-820791388,S2-893664020,0
0.5666666666666667,0.5666666666666667,0.14285714285714285,0.14285714285714285,0.2838709677419355,0.0,0,0,0,0.0,0.1111111111111111,0.04640867624921116,0.0,0.0,0,0,S1-820791388,S2-389800347,0
0.5517241379310345,0.5517241379310345,0.14285714285714285,0.14285714285714285,0.0,0.0,0,0,0,0.0,0.14285714285714285,0.052321238824454996,0.0,0.0,0,1,S1-820791388,S2-412195399,0
0.4406779661016949,0.4406779661016949,0.11363636363636363,0.11363636363636363,0.24427480916030533,0.0,0,0,0,0.0,0.14285714285714285,0.051539521717787404,0.0,0.0,1,0,S1-820791388,S2-145275705,0
0.46153846153846156,0.46153846153846156,0.03571428571428571,0.03571428571428571,0.2857142857142857,0.0,0,0,0,0.0,0.14285714285714285,0.06046742479899098,0.05263157894736842,0.052631578947368404,0,0,S1-77225317,S2-600035624,0
0.4782608695652174,0.4782608695652174,0.02857142857142857,0.02857142857142857,0.2748091603053435,0.0,0,0,0,0.0,0.14285714285714285,0.07035207297552871,0.0,0.0,1,0,S1-77225317,S2-283721932,0
0.6153846153846154,0.6153846153846154,0.03571428571428571,0.03571428571428571,0.24427480916030533,0.0,0,0,0,0.0,0.14285714285714285,0.060467424798990976,0.041666666666666664,0.04166666666666666,0,0,S1-77225317,S2-115402940,0
0.5128205128205128,0.5128205128205128,0.16,0.16,0.21568627450980393,0.0,0,0,0,0.0,0.3333333333333333,0.153166241996452,0.0,0.0,1,0,S1-77225317,S2-630186993,0
0.4117647058823529,0.4117647058823529,0.041666666666666664,0.041666666666666664,0.20754716981132076,0.0,0,0,0,0.0,0.16666666666666666,0.07260689422603431,0.0,0.0,0,0,S1-77225317,S2-591763223,0
0.2564102564102564,0.2564102564102564,0.1111111111111111,0.1111111111111111,0.22535211267605634,0.0,0,0,0,0.0,0.2,0.2598002009978607,0.0,0.0,1,0,S1-601661980,S2-128959896,0
0.47619047619047616,0.47619047619047616,0.18518518518518517,0.18518518518518517,0.24719101123595505,0.0,0,0,0,0.0,0.16666666666666666,0.19779520406337842,0.0,0.0,0,0,S1-601661980,S2-606891597,0
0.6896551724137931,0.6896551724137931,0.375,0.375,0.19444444444444445,0.0,0,0,0,0.0,0.3333333333333333,0.3129274379584583,0.0,0.0,0,0,S1-601661980,S2-688035282,0
0.3684210526315789,0.3684210526315789,0.20833333333333334,0.20833333333333334,0.17777777777777778,0.0,0,0,0,0.0,0.2,0.20758181745173185,0.0,0.0,0,0,S1-601661980,S2-100093454,0
0.3888888888888889,0.3888888888888889,0.22727272727272727,0.22727272727272727,0.3,0.0,0,0,0,0.0,0.2,0.27580356462721917,0.0,0.0,0,0,S1-601661980,S2-467224856,0
0.42857142857142855,0.42857142857142855,0.11904761904761904,0.11904761904761904,0.14583333333333334,0.0,0,0,0,0.0,0.16666666666666666,0.06706819800663706,0.0,0.0,0,0,S1-21170358,S2-918566040,0
0.5714285714285714,0.5714285714285714,0.17391304347826086,0.17391304347826086,0.26356589147286824,0.0,0,0,0,0.0,0.16666666666666666,0.15065312177376353,0.0,0.0,0,0,S1-21170358,S2-676769255,0
0.49122807017543857,0.49122807017543857,0.11627906976744186,0.11627906976744186,0.3333333333333333,0.0,0,0,0,0.0,0.16666666666666666,0.07684271579990357,0.0,0.0,0,0,S1-21170358,S2-681501972,0
0.4528301886792453,0.4528301886792453,0.1282051282051282,0.1282051282051282,0.20155038759689922,0.0,0,0,0,0.0,0.16666666666666666,0.06160003371634342,0.0,0.0,0,0,S1-21170358,S2-340783807,0
0.32432432432432434,0.32432432432432434,0.08771929824561403,0.08771929824561403,0.14285714285714285,0.0,0,0,0,0.0,0.1111111111111111,0.0356111657615709,0.0,0.0,0,0,S1-21170358,S2-842868862,0
0.6153846153846154,0.6153846153846154,0.30434782608695654,0.30434782608695654,0.22641509433962265,0.0,0,0,0,0.0,0.4,0.364899119646864,0.0,0.0,0,0,S1-231859208,S2-577874201,0
0.6923076923076923,0.6923076923076923,0.46153846153846156,0.46153846153846156,0.3137254901960784,0.0,0,0,0,0.0,0.6666666666666666,0.6133772476764305,0.0,0.0,0,0,S1-231859208,S2-178805416,0
0.3783783783783784,0.3783783783783784,0.20833333333333334,0.20833333333333334,0.2909090909090909,0.0,0,0,0,0.0,0.2,0.26109494590754095,0.0,0.0,1,0,S1-231859208,S2-130959680,0
0.65,0.65,0.24,0.24,0.4528301886792453,0.0,0,0,0,0.0,0.4,0.4094957238084251,0.1111111111111111,0.11111111111111113,0,0,S1-231859208,S2-915298636,0
0.7741935483870968,0.7741935483870968,0.35294117647058826,0.35294117647058826,0.28125,0.0,0,0,0,0.0,0.5,0.36759030168323764,0.0,0.0,0,0,S1-231859208,S2-97952955,0
0.5333333333333333,0.5333333333333333,0.05263157894736842,0.05263157894736842,0.22580645161290322,0.0,0,0,0,0.0,0.14285714285714285,0.03881521423628508,0.0,0.0,0,0,S1-191599763,S2-130795275,0
0.2,0.2,0.05,0.05,0.32653061224489793,0.0,0,0,0,0.0,0.16666666666666666,0.04443548897176116,0.0,0.0,0,0,S1-191599763,S2-16851748,0
0.29411764705882354,0.29411764705882354,0.05,0.05,0.26666666666666666,0.0,0,0,0,0.0,0.2,0.05492893877346816,0.0,0.0,0,0,S1-191599763,S2-396453994,0
0.35714285714285715,0.35714285714285715,0.05263157894736842,0.05263157894736842,0.36666666666666664,0.0,0,0,0,0.0,0.2,0.052825769996082426,0.09090909090909091,0.09090909090909093,0,0,S1-191599763,S2-606921512,0
0.1935483870967742,0.1935483870967742,0.047619047619047616,0.047619047619047616,0.16129032258064516,0.0,0,0,0,0.0,0.16666666666666666,0.051586467311344295,0.0,0.0,0,0,S1-191599763,S2-444882610,0
0.5901639344262295,0.5901639344262295,0.16279069767441862,0.16279069767441862,0.3548387096774194,0.0,0,0,0,0.0,0.125,0.09771491263895488,0.0,0.0,0,0,S1-457658065,S2-672519826,0
0.45614035087719296,0.45614035087719296,0.12195121951219512,0.12195121951219512,0.43478260869565216,0.0,0,0,0,0.0,0.125,0.09457799733080899,0.1,0.10000000000000002,0,0,S1-457658065,S2-933434153,0
0.32786885245901637,0.32786885245901637,0.1111111111111111,0.1111111111111111,0.13333333333333333,0.0,0,0,0,0.0,0.125,0.10971934088898262,0.0,0.0,0,0,S1-457658065,S2-324754094,0
0.38461538461538464,0.38461538461538464,0.13513513513513514,0.13513513513513514,0.2545454545454545,0.0,0,0,0,0.0,0.14285714285714285,0.1174094607509215,0.0,0.0,0,0,S1-457658065,S2-282690204,0
0.4,0.4,0.11363636363636363,0.11363636363636363,0.25396825396825395,0.0,0,0,0,0.0,0.125,0.09078218402266666,0.0,0.0,0,0,S1-457658065,S2-179002214,0
0.2962962962962963,0.2962962962962963,0.023255813953488372,0.023255813953488372,0.2535211267605634,0.0,0,0,0,0.0,0.14285714285714285,0.0476879875577114,0.0,0.0,0,0,S1-255090320,S2-982919161,0
0.2564102564102564,0.2564102564102564,0.031746031746031744,0.031746031746031744,0.32,0.0,0,0,0,0.0,0.1111111111111111,0.031529478657607385,0.07142857142857142,0.07142857142857142,0,0,S1-255090320,S2-270858222,0
0.4,0.4,0.046511627906976744,0.046511627906976744,0.14705882352941177,0.0,0,0,0,0.0,0.14285714285714285,0.04364659958598372,0.0,0.0,0,0,S1-255090320,S2-623874049,0
0.38235294117647056,0.38235294117647056,0.03773584905660377,0.03773584905660377,0.37037037037037035,0.0,0,0,0,0.0,0.1,0.028769315027224268,0.0,0.0,0,0,S1-255090320,S2-869993077,0
0.27586206896551724,0.27586206896551724,0.021739130434782608,0.021739130434782608,0.345679012345679,0.0,0,0,0,0.0,0.14285714285714285,0.04895189671268963,0.0,0.0,0,0,S1-255090320,S2-994768938,0
0.4367816091954023,0.4367816091954023,0.1694915254237288,0.1694915254237288,0.3142857142857143,0.0,0,0,0,0.0,0.125,0.0386737308392094,0.0,0.0,0,0,S1-682477366,S2-996245861,0
0.43636363636363634,0.43636363636363634,0.15384615384615385,0.15384615384615385,0.4225352112676056,0.0,0,0,0,0.0,0.14285714285714285,0.0604985636385647,0.09523809523809523,0.09523809523809522,0,0,S1-682477366,S2-716297282,0
0.5151515151515151,0.5151515151515151,0.27906976744186046,0.27906976744186046,0.302158273381295,0.0,0,0,0,0.0,0.2857142857142857,0.1149017645603463,0.0,0.0,0,0,S1-682477366,S2-811357676,0
0.5625,0.5625,0.15217391304347827,0.15217391304347827,0.24528301886792453,0.0,0,0,0,0.0,0.125,0.056332389340966536,0.0,0.0,0,0,S1-682477366,S2-552353812,0
0.4411764705882353,0.4411764705882353,0.2391304347826087,0.2391304347826087,0.41711229946524064,0.0,0,0,0,0.0,0.2857142857142857,0.12039542751514219,0.14285714285714285,0.1428571428571428,0,0,S1-682477366,S2-897625711,0
0.35,0.35,0.10344827586206896,0.10344827586206896,0.3076923076923077,0.0,0,0,0,0.0,0.2,0.14918684429314763,0.0,0.0,0,0,S1-971182940,S2-676317979,0
0.3829787234042553,0.3829787234042553,0.08571428571428572,0.08571428571428572,0.2127659574468085,0.0,0,0,0,0.0,0.16666666666666666,0.20351551460509598,0.0,0.0,0,0,S1-971182940,S2-541316199,0
0.5098039215686274,0.5098039215686274,0.23529411764705882,0.23529411764705882,0.4406779661016949,0.0,0,0,0,0.0,0.4,0.38193183497864985,0.1,0.10000000000000002,0,0,S1-971182940,S2-681990551,0
0.45454545454545453,0.45454545454545453,0.09375,0.09375,0.25,0.0,0,0,0,0.0,0.16666666666666666,0.13559558561898155,0.0,0.0,0,0,S1-971182940,S2-114828616,0
0.3137254901960784,0.3137254901960784,0.07894736842105263,0.07894736842105263,0.4126984126984127,0.0,0,0,0,0.0,0.14285714285714285,0.13231791415743563,0.0,0.0,0,0,S1-971182940,S2-737911479,0
0.2926829268292683,0.2926829268292683,0.03333333333333333,0.03333333333333333,0.1346153846153846,0.0,0,0,0,0.0,0.14285714285714285,0.06310068814496296,0.0,0.0,1,0,S1-632352110,S2-912619097,0
0.5106382978723404,0.5106382978723404,0.027777777777777776,0.027777777777777776,0.32857142857142857,0.0,0,0,0,0.0,0.14285714285714285,0.07178044682496605,0.04,0.03999999999999999,0,0,S1-632352110,S2-988072695,0
0.34782608695652173,0.34782608695652173,0.027777777777777776,0.027777777777777776,0.12429378531073447,0.0,0,0,0,0.0,0.16666666666666666,0.07697471750604201,0.0,0.0,0,0,S1-632352110,S2-208717862,0
0.32432432432432434,0.32432432432432434,0.037037037037037035,0.037037037037037035,0.1391304347826087,0.0,0,0,0,0.0,0.16666666666666666,0.06885371579455717,0.0,0.0,0,0,S1-632352110,S2-549416792,0
0.4117647058823529,0.4117647058823529,0.041666666666666664,0.041666666666666664,0.3157894736842105,0.0,0,0,0,0.0,0.16666666666666666,0.06948525837421955,0.0,0.0,0,0,S1-632352110,S2-892667817,0
0.5238095238095238,0.5238095238095238,0.1724137931034483,0.1724137931034483,0.2937853107344633,0.0,0,0,0,0.0,0.2,0.13305736701645937,0.0,0.0,0,0,S1-55296934,S2-250330856,0
0.3384615384615385,0.3384615384615385,0.11627906976744186,0.11627906976744186,0.3037974683544304,0.0,0,0,0,0.0,0.14285714285714285,0.13961896802488546,0.045454545454545456,0.04545454545454544,0,0,S1-55296934,S2-65180674,0
0.38461538461538464,0.38461538461538464,0.13157894736842105,0.13157894736842105,0.2874251497005988,0.0,0,0,0,0.0,0.16666666666666666,0.10212570150637511,0.038461538461538464,0.03846153846153845,1,0,S1-55296934,S2-336673828,0
0.2978723404255319,0.2978723404255319,0.14705882352941177,0.14705882352941177,0.11764705882352941,0.0,0,0,0,0.0,0.2,0.1268225759713273,0.037037037037037035,0.03703703703703702,0,0,S1-55296934,S2-303376487,0
0.5333333333333333,0.5333333333333333,0.15625,0.15625,0.3013698630136986,0.0,0,0,0,0.0,0.2,0.13356684501203164,0.043478260869565216,0.04347826086956521,0,0,S1-55296934,S2-899801046,0
0.42105263157894735,0.42105263157894735,0.01639344262295082,0.01639344262295082,0.19444444444444445,0.0,0,0,0,0.0,0.1111111111111111,0.03408753810850576,0.0,0.0,0,0,S1-859043162,S2-700966121,0
0.4,0.4,0.023255813953488372,0.023255813953488372,0.3157894736842105,0.0,0,0,0,0.0,0.125,0.039200762740275404,0.0,0.0,0,0,S1-859043162,S2-490834232,0
0.30303030303030304,0.30303030303030304,0.018518518518518517,0.018518518518518517,0.2564102564102564,0.0,0,0,0,0.0,0.125,0.048850308087237844,0.0,0.0,0,0,S1-859043162,S2-74892125,0
0.3793103448275862,0.3793103448275862,0.06521739130434782,0.06521739130434782,0.29508196721311475,0.0,0,0,0,0.0,0.16666666666666666,0.05598565771276468,0.0,0.0,0,0,S1-859043162,S2-244028343,0
0.4,0.4,0.022222222222222223,0.022222222222222223,0.0,0.0,0,0,0,0.0,0.16666666666666666,0.06369110085514187,0.0,0.0,0,1,S1-859043162,S2-978414679,0
0.4230769230769231,0.4230769230769231,0.13157894736842105,0.13157894736842105,0.18666666666666668,0.0,0,0,0,0.0,0.16666666666666666,0.055691614150277,0.0,0.0,0,0,S1-81014244,S2-771930199,0
0.32,0.32,0.1388888888888889,0.1388888888888889,0.26277372262773724,0.0,0,0,0,0.0,0.16666666666666666,0.05882119312903248,0.0,0.0,0,0,S1-81014244,S2-987700787,0
0.5,0.5,0.14705882352941177,0.14705882352941177,0.3076923076923077,0.0,0,0,0,0.0,0.16666666666666666,0.05392344684987538,0.0,0.0,0,0,S1-81014244,S2-601720783,0
0.3728813559322034,0.3728813559322034,0.11627906976744186,0.11627906976744186,0.23357664233576642,0.0,0,0,0,0.0,0.14285714285714285,0.04868201090561041,0.05,0.04999999999999999,0,0,S1-81014244,S2-46897990,0
0.5789473684210527,0.5789473684210527,0.2,0.2,0.15267175572519084,1.0,1,1,1,0.0,0.2,0.07346491278438677,0.0,0.0,0,0,S1-81014244,S2-329629405,0
0.43243243243243246,0.43243243243243246,0.21739130434782608,0.21739130434782608,0.0,0.0,0,0,0,0.0,0.2,0.05986066978323713,0.0,0.0,0,1,S1-427260240,S2-281109896,0
0.39215686274509803,0.39215686274509803,0.14285714285714285,0.14285714285714285,0.16326530612244897,0.0,0,0,0,0.0,0.14285714285714285,0.04591864493536071,0.0,0.0,0,0,S1-427260240,S2-359423178,0
0.3384615384615385,0.3384615384615385,0.10638297872340426,0.10638297872340426,0.4024390243902439,0.0,0,0,0,0.0,0.125,0.04500982341644577,0.08695652173913043,0.08695652173913042,0,0,S1-427260240,S2-610427303,0
0.5116279069767442,0.5116279069767442,0.17857142857142858,0.17857142857142858,0.2047244094488189,0.0,0,0,0,0.0,0.16666666666666666,0.057888089600272016,0.0,0.0,0,0,S1-427260240,S2-527812446,0
0.38461538461538464,0.38461538461538464,0.1388888888888889,0.1388888888888889,0.27972027972027974,0.0,0,0,0,0.0,0.14285714285714285,0.0394450099020946,0.0,0.0,0,0,S1-427260240,S2-444244902,0
0.37735849056603776,0.37735849056603776,0.04878048780487805,0.04878048780487805,0.18867924528301888,0.0,0,0,0,0.0,0.14285714285714285,0.04703399514494605,0.0,0.0,0,0,S1-955060068,S2-894475851,0
0.11538461538461539,0.11538461538461539,0.024390243902439025,0.024390243902439025,0.19672131147540983,0.0,0,0,0,0.0,0.14285714285714285,0.04738792923936491,0.0,0.0,0,0,S1-955060068,S2-981056494,0
0.35294117647058826,0.35294117647058826,0.04,0.04,0.0,0.0,0,0,0,0.0,0.2,0.05332359767774657,0.0,0.0,0,1,S1-955060068,S2-783946790,0
0.3783783783783784,0.3783783783783784,0.037037037037037035,0.037037037037037035,0.3333333333333333,0.0,0,0,0,0.0,0.16666666666666666,0.05284939389044107,0.0,0.0,0,0,S1-955060068,S2-2643710,0
0.5,0.5,0.0625,0.0625,0.2909090909090909,0.0,0,0,0,0.0,0.25,0.07179697592990907,0.0,0.0,0,0,S1-955060068,S2-831095368,0
0.4642857142857143,0.4642857142857143,0.175,0.175,0.21428571428571427,0.0,0,0,0,0.0,0.16666666666666666,0.14951921730476309,0.0,0.0,0,0,S1-755800949,S2-199720346,0
0.4482758620689655,0.4482758620689655,0.17073170731707318,0.17073170731707318,0.42424242424242425,0.0,0,0,0,0.0,0.14285714285714285,0.13460831197339954,0.0,0.0,1,0,S1-755800949,S2-166385937,0
0.5714285714285714,0.5714285714285714,0.21212121212121213,0.21212121212121213,0.20253164556962025,0.0,0,0,0,0.0,0.16666666666666666,0.15109339051764295,0.0,0.0,0,0,S1-755800949,S2-928588719,0
0.48148148148148145,0.48148148148148145,0.15789473684210525,0.15789473684210525,0.3157894736842105,0.0,0,0,0,0.0,0.16666666666666666,0.14384196926007436,0.0,0.0,0,0,S1-755800949,S2-748290286,0
0.4827586206896552,0.4827586206896552,0.2,0.2,0.3728813559322034,0.0,0,0,0,0.0,0.14285714285714285,0.12542144901337746,0.1,0.10000000000000002,0,0,S1-755800949,S2-682017979,0
0.4827586206896552,0.4827586206896552,0.11363636363636363,0.11363636363636363,0.2777777777777778,0.0,0,0,0,0.0,0.16666666666666666,0.07235504877762554,0.0,0.0,0,0,S1-895414321,S2-863080712,0
0.5964912280701754,0.5964912280701754,0.34285714285714286,0.34285714285714286,0.0,0.0,0,0,0,0.0,0.3333333333333333,0.13045812284647662,0.0,0.0,0,1,S1-895414321,S2-840052410,0
0.5151515151515151,0.5151515151515151,0.14583333333333334,0.14583333333333334,0.1232876712328767,0.0,0,0,0,0.0,0.14285714285714285,0.05754159469291352,0.0,0.0,0,0,S1-895414321,S2-834942927,0
0.5769230769230769,0.5769230769230769,0.2,0.2,0.3333333333333333,0.0,0,0,0,0.0,0.14285714285714285,0.0514106197710569,0.0,0.0,0,0,S1-895414321,S2-527259037,0
0.4583333333333333,0.4583333333333333,0.14705882352941177,0.14705882352941177,0.24427480916030533,0.0,0,0,0,0.0,0.16666666666666666,0.054111590668306106,0.0,0.0,0,0,S1-895414321,S2-246427065,0
0.3225806451612903,0.3225806451612903,0.045454545454545456,0.045454545454545456,0.18518518518518517,0.0,0,0,0,0.0,0.2,0.054041525342601815,0.0,0.0,0,0,S1-401761505,S2-631236798,0
0.43902439024390244,0.43902439024390244,0.06666666666666667,0.06666666666666667,0.2692307692307692,0.0,0,0,0,0.0,0.16666666666666666,0.059880883139837054,0.0,0.0,0,0,S1-401761505,S2-596640450,0
0.3333333333333333,0.3333333333333333,0.03125,0.03125,0.38461538461538464,0.0,0,0,0,0.0,0.16666666666666666,0.05730463837537636,0.0,0.0,0,0,S1-401761505,S2-964690160,0
0.38596491228070173,0.38596491228070173,0.021739130434782608,0.021739130434782608,0.27586206896551724,0.0,0,0,0,0.0,0.14285714285714285,0.044524686015469196,0.0,0.0,0,0,S1-401761505,S2-351115999,0
0.5,0.5,0.14285714285714285,0.14285714285714285,0.34375,0.0,0,0,0,0.0,0.2,0.05371883950316996,0.0,0.0,0,0,S1-401761505,S2-206775978,0
0.5106382978723404,0.5106382978723404,0.23333333333333334,0.23333333333333334,0.19230769230769232,0.0,0,0,0,0.0,0.14285714285714285,0.0976035901205828,0.0,0.0,1,0,S1-692123552,S2-928483387,0
0.2702702702702703,0.2702702702702703,0.14814814814814814,0.14814814814814814,0.16666666666666666,0.0,0,0,0,0.0,0.1111111111111111,0.07395368751175863,0.0,0.0,0,0,S1-692123552,S2-171734378,0
0.6,0.6,0.25,0.25,0.21978021978021978,0.0,0,0,0,0.0,0.14285714285714285,0.09235867417870845,0.0,0.0,0,0,S1-692123552,S2-578688456,0
0.38235294117647056,0.38235294117647056,0.12,0.12,0.26229508196721313,0.0,0,0,0,0.0,0.1111111111111111,0.08787715766168729,0.0,0.0,0,0,S1-692123552,S2-241745761,0
0.4897959183673469,0.4897959183673469,0.18181818181818182,0.18181818181818182,0.0,0.0,0,0,0,0.0,0.14285714285714285,0.09394644918661835,0.0,0.0,0,1,S1-692123552,S2-902058489,0
0.4444444444444444,0.4444444444444444,0.1276595744680851,0.1276595744680851,0.18045112781954886,0.0,0,0,0,0.0,0.16666666666666666,0.06136213505674561,0.0,0.0,0,0,S1-767833583,S2-361687150,0
0.3116883116883117,0.3116883116883117,0.18181818181818182,0.18181818181818182,0.21794871794871795,0.0,0,0,0,0.0,0.2857142857142857,0.0928870127491063,0.0,0.0,0,0,S1-767833583,S2-568426230,0
0.45454545454545453,0.45454545454545453,0.25,0.25,0.23170731707317074,0.0,0,0,0,0.0,0.3333333333333333,0.13504551825788466,0.15,0.14999999999999997,0,0,S1-767833583,S2-119513941,0
0.5454545454545454,0.5454545454545454,0.14583333333333334,0.14583333333333334,0.11764705882352941,0.0,0,0,0,0.0,0.14285714285714285,0.05433644067420968,0.0,0.0,0,0,S1-767833583,S2-514683452,0
0.4444444444444444,0.4444444444444444,0.1276595744680851,0.1276595744680851,0.2948717948717949,0.0,0,0,0,0.0,0.16666666666666666,0.05637002306554554,0.0,0.0,0,0,S1-767833583,S2-469943910,0
0.5714285714285714,0.5714285714285714,0.25,0.25,0.176,0.0,0,0,0,0.0,0.25,0.15833758977636272,0.0,0.0,0,0,S1-511400409,S2-445205908,0
0.36363636363636365,0.36363636363636365,0.2,0.2,0.21705426356589147,0.0,0,0,0,0.0,0.2,0.10601635827609499,0.0,0.0,0,0,S1-511400409,S2-611712388,0
0.44,0.44,0.17142857142857143,0.17142857142857143,0.3356643356643357,0.0,0,0,0,0.0,0.16666666666666666,0.11849738167601181,0.0,0.0,0,0,S1-511400409,S2-175828224,0
0.5416666666666666,0.5416666666666666,0.18181818181818182,0.18181818181818182,0.19736842105263158,0.0,0,0,0,0.0,0.16666666666666666,0.10223387997875165,0.0,0.0,0,0,S1-511400409,S2-646520840,0
0.6,0.6,0.2222222222222222,0.2222222222222222,0.23622047244094488,0.0,0,0,0,0.0,0.25,0.17386458674864763,0.0,0.0,0,0,S1-511400409,S2-562226956,0
0.575,0.575,0.23636363636363636,0.23636363636363636,0.20967741935483872,0.0,0,0,0,0.0,0.25,0.1002716466968006,0.0,0.0,0,0,S1-845929181,S2-567090401,0
0.3888888888888889,0.3888888888888889,0.08928571428571429,0.08928571428571429,0.20833333333333334,0.0,0,0,0,0.0,0.125,0.053977453406846634,0.0,0.0,0,0,S1-845929181,S2-85440878,0
0.6451612903225806,0.6451612903225806,0.3076923076923077,0.3076923076923077,0.21238938053097345,0.0,0,0,0,0.0,0.2857142857142857,0.10649591714899351,0.0,0.0,0,0,S1-845929181,S2-594718171,0
0.47619047619047616,0.47619047619047616,0.15217391304347827,0.15217391304347827,0.2074074074074074,0.0,0,0,0,0.0,0.14285714285714285,0.05565196171546308,0.0,0.0,0,0,S1-845929181,S2-260239968,0
0.5,0.5,0.13636363636363635,0.13636363636363635,0.18404907975460122,0.0,0,0,0,0.0,0.14285714285714285,0.05007192076366422,0.0,0.0,0,0,S1-845929181,S2-618630507,0
0.3902439024390244,0.3902439024390244,0.10344827586206896,0.10344827586206896,0.17204301075268819,0.0,0,0,0,0.0,0.16666666666666666,0.1391616988975384,0.0,0.0,0,0,S1-802233504,S2-340740631,0
0.3333333333333333,0.3333333333333333,0.1,0.1,0.2028985507246377,0.0,0,0,0,0.0,0.16666666666666666,0.16921349143214187,0.0,0.0,0,0,S1-802233504,S2-860028540,0
0.35,0.35,0.1111111111111111,0.1111111111111111,0.5074626865671642,0.0,0,0,0,0.0,0.14285714285714285,0.1320837818172392,0.1,0.10000000000000002,0,0,S1-802233504,S2-178072569,0
0.24390243902439024,0.24390243902439024,0.10344827586206896,0.10344827586206896,0.0967741935483871,0.0,0,0,0,0.0,0.16666666666666666,0.1480313002822191,0.0,0.0,0,0,S1-802233504,S2-567395840,0
0.5263157894736842,0.5263157894736842,0.16,0.16,0.24242424242424243,0.0,0,0,0,0.0,0.16666666666666666,0.17446790534709744,0.0,0.0,0,0,S1-802233504,S2-407613211,0
0.5957446808510638,0.5957446808510638,0.14705882352941177,0.14705882352941177,0.26666666666666666,0.0,0,0,0,0.0,0.2,0.11574910456015708,0.0,0.0,0,0,S1-819915040,S2-833779262,0
0.5,0.5,0.16666666666666666,0.16666666666666666,0.3142857142857143,0.0,0,0,0,0.0,0.16666666666666666,0.12410980595061227,0.0,0.0,0,0,S1-819915040,S2-724888813,0
0.5,0.5,0.16129032258064516,0.16129032258064516,0.2857142857142857,0.0,0,0,0,0.0,0.2,0.12427752654605982,0.0,0.0,0,0,S1-819915040,S2-205583253,0
0.75,0.75,0.5,0.5,0.16129032258064516,0.0,0,0,0,0.0,0.4,0.4271572391582896,0.1111111111111111,0.11111111111111113,0,0,S1-819915040,S2-957169407,0
0.5454545454545454,0.5454545454545454,0.23809523809523808,0.23809523809523808,0.25396825396825395,0.0,0,0,0,0.0,0.25,0.1806550181193568,0.0,0.0,0,0,S1-819915040,S2-430706414,0
0.34146341463414637,0.34146341463414637,0.03571428571428571,0.03571428571428571,0.3333333333333333,0.0,0,0,0,0.0,0.125,0.03842503151187499,0.0,0.0,0,0,S1-711218933,S2-855582115,0
0.5,0.5,0.05555555555555555,0.05555555555555555,0.1694915254237288,0.0,0,0,0,0.0,0.14285714285714285,0.04272629546021754,0.0,0.0,0,0,S1-711218933,S2-530604533,0
0.2553191489361702,0.2553191489361702,0.027777777777777776,0.027777777777777776,0.3137254901960784,0.0,0,0,0,0.0,0.14285714285714285,0.04167492992997548,0.0,0.0,0,0,S1-711218933,S2-324071789,0
0.4888888888888889,0.4888888888888889,0.0625,0.0625,0.3018867924528302,0.0,0,0,0,0.0,0.16666666666666666,0.048673443550529584,0.0,0.0,0,0,S1-711218933,S2-886325586,0
0.30434782608695654,0.30434782608695654,0.029411764705882353,0.029411764705882353,0.3333333333333333,0.0,0,0,0,0.0,0.125,0.033985326541447716,0.0,0.0,0,0,S1-711218933,S2-433528358,0
0.4444444444444444,0.4444444444444444,0.20454545454545456,0.20454545454545456,0.3050847457627119,0.0,0,0,0,0.0,0.14285714285714285,0.10715548146703309,0.0,0.0,1,0,S1-917032577,S2-770236655,0
0.4126984126984127,0.4126984126984127,0.17777777777777778,0.17777777777777778,0.24324324324324326,0.0,0,0,0,0.0,0.14285714285714285,0.10800635373516158,0.0,0.0,0,0,S1-917032577,S2-503373128,0
0.46153846153846156,0.46153846153846156,0.22857142857142856,0.22857142857142856,0.2153846153846154,0.0,0,0,0,0.0,0.16666666666666666,0.1295514254909065,0.0,0.0,0,0,S1-917032577,S2-538025285,0
0.4827586206896552,0.4827586206896552,0.17073170731707318,0.17073170731707318,0.4,0.0,0,0,0,0.0,0.14285714285714285,0.11279507064632269,0.09090909090909091,0.09090909090909093,0,0,S1-917032577,S2-587014475,0
0.4470588235294118,0.4470588235294118,0.11666666666666667,0.11666666666666667,0.2857142857142857,0.0,0,0,0,0.0,0.125,0.1088546230247956,0.0,0.0,0,0,S1-917032577,S2-415729921,0
0.37735849056603776,0.37735849056603776,0.047619047619047616,0.047619047619047616,0.0,0.0,0,0,0,0.0,0.16666666666666666,0.03996917577074068,0.0,0.0,0,1,S1-605310063,S2-223512626,0
0.24242424242424243,0.24242424242424243,0.05660377358490566,0.05660377358490566,0.3333333333333333,0.0,0,0,0,0.0,0.14285714285714285,0.04426420925839897,0.0,0.0,0,0,S1-605310063,S2-578915025,0
0.4067796610169492,0.4067796610169492,0.02040816326530612,0.02040816326530612,0.2545454545454545,0.0,0,0,0,0.0,0.16666666666666666,0.051685841735332916,0.0,0.0,0,0,S1-605310063,S2-678502641,0
0.40816326530612246,0.40816326530612246,0.025,0.025,0.2692307692307692,0.0,0,0,0,0.0,0.2,0.05396642859836638,0.0,0.0,0,0,S1-605310063,S2-592451662,0
0.12,0.12,0.024390243902439025,0.024390243902439025,0.32142857142857145,0.0,0,0,0,0.0,0.2,0.055293395011178054,0.0,0.0,0,0,S1-605310063,S2-264977749,0
0.5641025641025641,0.5641025641025641,0.18518518518518517,0.18518518518518517,0.2711864406779661,0.0,0,0,0,0.0,0.25,0.2786404920267623,0.0,0.0,0,0,S1-58037663,S2-291077602,0
0.46808510638297873,0.46808510638297873,0.14705882352941177,0.14705882352941177,0.3142857142857143,0.0,0,0,0,0.0,0.2,0.2487027044253986,0.0,0.0,0,0,S1-58037663,S2-302702906,0
0.5365853658536586,0.5365853658536586,0.25925925925925924,0.25925925925925924,0.3188405797101449,0.0,0,0,0,0.0,0.25,0.2729911513335486,0.0,0.0,0,0,S1-58037663,S2-676661435,0
0.6511627906976745,0.6511627906976745,0.25,0.25,0.28125,0.0,0,0,0,0.0,0.2,0.2111882223360454,0.0,0.0,0,0,S1-58037663,S2-935168283,0
0.7567567567567568,0.7567567567567568,0.5,0.5,0.22580645161290322,0.0,0,0,0,0.0,0.25,0.29240862362628184,0.0,0.0,0,0,S1-58037663,S2-540268330,0
0.5846153846153846,0.5846153846153846,0.22727272727272727,0.22727272727272727,0.19753086419753085,0.0,0,0,0,0.0,0.2857142857142857,0.10784329938124425,0.0,0.0,0,0,S1-740270062,S2-251494690,0
0.6666666666666666,0.6666666666666666,0.29545454545454547,0.29545454545454547,0.256,0.0,0,0,0,0.0,0.2857142857142857,0.10722113012056653,0.0,0.0,0,0,S1-740270062,S2-996303190,0
0.5714285714285714,0.5714285714285714,0.2553191489361702,0.2553191489361702,0.19689119170984457,0.25,1,1,1,0.0,0.2857142857142857,0.11406004249249793,0.0,0.0,0,0,S1-740270062,S2-78094358,0
0.5161290322580645,0.5161290322580645,0.13333333333333333,0.13333333333333333,0.37037037037037035,0.0,0,0,0,0.0,0.125,0.0374733415525411,0.1,0.09999999999999998,0,0,S1-740270062,S2-54756524,0
0.4583333333333333,0.4583333333333333,0.17647058823529413,0.17647058823529413,0.3356643356643357,0.0,0,0,0,0.0,0.2,0.0711468654546333,0.043478260869565216,0.04347826086956521,0,0,S1-740270062,S2-163974899,0
0.6470588235294118,0.6470588235294118,0.5,0.5,0.5714285714285714,1.0,2,1,2,0.0,0.0,0.0,0.6,0.6000000000000001,0,0,S1-16904802,S2-916085048,1
0.4,0.4,0.02564102564102564,0.02564102564102564,0.2535211267605634,0.0,0,0,0,0.0,0.14285714285714285,0.06705777194555045,0.0,0.0,0,0,S1-16904802,S2-739745484,0
0.43137254901960786,0.43137254901960786,0.025,0.025,0.23684210526315788,0.0,0,0,0,0.0,0.14285714285714285,0.06082213839547339,0.0,0.0,0,0,S1-16904802,S2-943230715,0
0.46153846153846156,0.46153846153846156,0.07142857142857142,0.07142857142857142,0.23076923076923078,0.0,0,0,0,0.0,0.16666666666666666,0.07249279708575432,0.0,0.0,0,0,S1-16904802,S2-268932954,0
0.391304347826087,0.391304347826087,0.02857142857142857,0.02857142857142857,0.33766233766233766,0.0,0,0,0,0.0,0.14285714285714285,0.061808550648104914,0.0,0.0,0,0,S1-16904802,S2-423095678,0
0.5416666666666666,0.5416666666666666,0.15151515151515152,0.15151515151515152,0.2727272727272727,0.0,0,0,0,0.0,0.3333333333333333,0.14693511814243113,0.0,0.0,0,0,S1-16904802,S2-958513490,0
0.3333333333333333,0.3333333333333333,0.08,0.08,0.25196850393700787,0.0,0,0,0,0.0,0.16666666666666666,0.24174012385237656,0.0,0.0,0,0,S1-68680285,S2-70662355,0
0.6086956521739131,0.6086956521739131,0.21428571428571427,0.21428571428571427,0.3181818181818182,0.0,0,0,0,0.0,0.3333333333333333,0.36453876470031693,0.05,0.04999999999999999,0,0,S1-68680285,S2-436225620,0
0.42857142857142855,0.42857142857142855,0.09523809523809523,0.09523809523809523,0.23728813559322035,0.0,0,0,0,0.0,0.14285714285714285,0.08620845366187115,0.0,0.0,0,0,S1-201089341,S2-368571401,0
0.6046511627906976,0.6046511627906976,0.2857142857142857,0.2857142857142857,0.22535211267605634,0.0,0,0,0,0.0,0.25,0.22007593337621636,0.0,0.0,0,0,S1-201089341,S2-767361034,0
0.3076923076923077,0.3076923076923077,0.08,0.08,0.3389830508474576,0.0,0,0,0,0.0,0.125,0.09130247649401894,0.0,0.0,0,0,S1-201089341,S2-624659668,0
0.5581395348837209,0.5581395348837209,0.2857142857142857,0.2857142857142857,0.17647058823529413,0.0,0,0,0,0.0,0.25,0.2237072483939768,0.0,0.0,0,0,S1-201089341,S2-700901473,0
0.5416666666666666,0.5416666666666666,0.14285714285714285,0.14285714285714285,0.26229508196721313,0.0,0,0,0,0.0,0.2,0.14651003078602617,0.0,0.0,0,0,S1-201089341,S2-470977168,0
0.6363636363636364,0.6363636363636364,0.3170731707317073,0.3170731707317073,0.16,0.0,0,0,0,0.0,0.2857142857142857,0.10365374946609064,0.0,0.0,0,0,S1-577790472,S2-277552244,0
0.6538461538461539,0.6538461538461539,0.41379310344827586,0.41379310344827586,0.2549019607843137,0.0,0,0,0,0.0,0.3333333333333333,0.11305977108651667,0.0,0.0,0,0,S1-577790472,S2-201372815,0
0.6909090909090909,0.6909090909090909,0.3870967741935484,0.3870967741935484,0.2222222222222222,0.0,0,0,0,0.0,0.3333333333333333,0.11753857114790364,0.0,0.0,0,0,S1-577790472,S2-792459514,0
0.5957446808510638,0.5957446808510638,0.1935483870967742,0.1935483870967742,0.32432432432432434,0.0,0,0,0,0.0,0.16666666666666666,0.06225936941813636,0.0,0.0,0,0,S1-577790472,S2-130783294,0
0.4,0.4,0.1282051282051282,0.1282051282051282,0.23214285714285715,0.0,0,0,0,0.0,0.14285714285714285,0.04636463430111979,0.0,0.0,0,0,S1-577790472,S2-506145204,0
0.41025641025641024,0.41025641025641024,0.03333333333333333,0.03333333333333333,0.2545454545454545,0.0,0,0,0,0.0,0.2,0.05895897594276802,0.0,0.0,0,0,S1-450548914,S2-86812832,0
0.4,0.4,0.03225806451612903,0.03225806451612903,0.2857142857142857,0.0,0,0,0,0.0,0.2,0.06551549621099935,0.0,0.0,0,0,S1-450548914,S2-320411965,0
0.36666666666666664,0.36666666666666664,0.02040816326530612,0.02040816326530612,0.32142857142857145,0.0,0,0,0,0.0,0.14285714285714285,0.046454661270892025,0.0,0.0,0,0,S1-450548914,S2-874757538,0
0.2978723404255319,0.2978723404255319,0.027777777777777776,0.027777777777777776,0.2727272727272727,0.0,0,0,0,0.0,0.14285714285714285,0.044089824156517,0.0,0.0,0,0,S1-450548914,S2-776363400,0
0.375,0.375,0.041666666666666664,0.041666666666666664,0.27450980392156865,0.0,0,0,0,0.0,0.25,0.08056196723133921,0.0,0.0,0,0,S1-450548914,S2-713385557,0
0.56,0.56,0.23529411764705882,0.23529411764705882,0.21875,0.0,0,0,0,0.0,0.2,0.210300464641614,0.0,0.0,0,0,S1-570918664,S2-605404874,0
0.5384615384615384,0.5384615384615384,0.2222222222222222,0.2222222222222222,0.25,0.0,0,0,0,0.0,0.2,0.21835988944976886,0.0,0.0,0,0,S1-570918664,S2-124102334,0
0.48,0.48,0.2962962962962963,0.2962962962962963,0.3188405797101449,0.0,0,0,0,0.0,0.3333333333333333,0.3350462259055837,0.0,0.0,0,0,S1-570918664,S2-146288242,0
0.631578947368421,0.631578947368421,0.3333333333333333,0.3333333333333333,0.45454545454545453,0.0,0,0,0,0.0,0.3333333333333333,0.3126656902984413,0.09090909090909091,0.09090909090909093,0,0,S1-570918664,S2-50705197,0
0.5,0.5,0.2,0.2,0.4225352112676056,0.0,0,0,0,0.0,0.2,0.15147594092194203,0.09090909090909091,0.09090909090909093,0,0,S1-570918664,S2-677476905,0
0.32653061224489793,0.32653061224489793,0.02631578947368421,0.02631578947368421,0.16666666666666666,0.0,0,0,0,0.0,0.14285714285714285,0.051344733412296964,0.0,0.0,0,0,S1-328478516,S2-100862384,0
0.47619047619047616,0.47619047619047616,0.041666666666666664,0.041666666666666664,0.3137254901960784,0.0,0,0,0,0.0,0.1111111111111111,0.0404500223042468,0.0,0.0,0,0,S1-328478516,S2-234829057,0
0.38095238095238093,0.38095238095238093,0.03125,0.03125,0.2222222222222222,0.0,0,0,0,0.0,0.16666666666666666,0.053714946498125575,0.0,0.0,0,0,S1-328478516,S2-266600592,0
0.28,0.28,0.025,0.025,0.24324324324324326,0.0,0,0,0,0.0,0.16666666666666666,0.05586984008646459,0.0,0.0,0,0,S1-328478516,S2-578198643,0
0.40816326530612246,0.40816326530612246,0.05263157894736842,0.05263157894736842,0.2,0.0,0,0,0,0.0,0.16666666666666666,0.05963861799637786,0.0,0.0,0,0,S1-328478516,S2-274370929,0
0.6101694915254238,0.6101694915254238,0.2894736842105263,0.2894736842105263,0.09836065573770492,0.0,0,0,0,0.0,0.2,0.14750959190084273,0.0,0.0,0,0,S1-341963283,S2-448340801,0
0.6440677966101694,0.6440677966101694,0.28205128205128205,0.28205128205128205,0.1652892561983471,0.0,0,0,0,0.0,0.16666666666666666,0.11147146756649745,0.0,0.0,0,0,S1-341963283,S2-294439401,0
0.6274509803921569,0.6274509803921569,0.34375,0.34375,0.43373493975903615,0.0,0,0,0,0.0,0.2,0.14462278325839747,0.08333333333333333,0.08333333333333331,0,0,S1-341963283,S2-430470931,0
0.5121951219512195,0.5121951219512195,0.19642857142857142,0.19642857142857142,0.22033898305084745,0.0,0,0,0,0.0,0.125,0.10555895825956481,0.0,0.0,0,0,S1-341963283,S2-234018056,0
0.4,0.4,0.13513513513513514,0.13513513513513514,0.1981981981981982,0.0,0,0,0,0.0,0.2,0.14720426901425335,0.0,0.0,0,0,S1-341963283,S2-61327691,0
0.5106382978723404,0.5106382978723404,0.1935483870967742,0.1935483870967742,0.25925925925925924,0.0,0,0,0,0.0,0.2,0.17121028072338107,0.0,0.0,0,0,S1-154508979,S2-974594387,0
0.6470588235294118,0.6470588235294118,0.2857142857142857,0.2857142857142857,0.26229508196721313,0.0,0,0,0,0.0,0.25,0.23887152622694496,0.0,0.0,0,0,S1-154508979,S2-974728151,0
0.5789473684210527,0.5789473684210527,0.24,0.24,0.34615384615384615,0.0,0,0,0,0.0,0.25,0.2197943252898125,0.0,0.0,0,0,S1-154508979,S2-201689981,0
0.4583333333333333,0.4583333333333333,0.125,0.125,0.3448275862068966,0.0,0,0,0,0.0,0.2,0.2543347997464789,0.0,0.0,0,0,S1-154508979,S2-631412393,0
0.6666666666666666,0.6666666666666666,0.3,0.3,0.2857142857142857,0.0,0,0,0,0.0,0.25,0.24398343540306913,0.0,0.0,0,0,S1-154508979,S2-540454967,0
0.3902439024390244,0.3902439024390244,0.03333333333333333,0.03333333333333333,0.1875,0.0,0,0,0,0.0,0.14285714285714285,0.11556744546834823,0.0,0.0,0,0,S1-161473445,S2-634291672,0
0.4117647058823529,0.4117647058823529,0.04,0.04,0.25,0.0,0,0,0,0.0,0.2,0.13593222709045502,0.0,0.0,0,0,S1-161473445,S2-942885223,0
0.4117647058823529,0.4117647058823529,0.13636363636363635,0.13636363636363635,0.30985915492957744,0.0,0,0,0,0.0,0.16666666666666666,0.21965081986078056,0.0,0.0,0,0,S1-161473445,S2-650615133,0
0.4,0.4,0.058823529411764705,0.058823529411764705,0.32,0.0,0,0,0,0.0,0.16666666666666666,0.11582006553240273,0.0,0.0,0,0,S1-161473445,S2-139491893,0
0.3333333333333333,0.3333333333333333,0.038461538461538464,0.038461538461538464,0.26666666666666666,0.0,0,0,0,0.0,0.16666666666666666,0.13057870765207313,0.0,0.0,1,0,S1-161473445,S2-719180377,0
0.47619047619047616,0.47619047619047616,0.10416666666666667,0.10416666666666667,0.3111111111111111,0.0,0,0,0,0.0,0.14285714285714285,0.05517122955407689,0.0,0.0,0,0,S1-718380241,S2-82643574,0
0.5098039215686274,0.5098039215686274,0.13513513513513514,0.13513513513513514,0.4,0.0,0,0,0,0.0,0.16666666666666666,0.05687530057521924,0.16666666666666666,0.16666666666666669,0,0,S1-718380241,S2-60150618,0
0.5333333333333333,0.5333333333333333,0.1590909090909091,0.1590909090909091,0.13592233009708737,0.0,0,0,0,0.0,0.16666666666666666,0.05337676581337867,0.0,0.0,0,0,S1-718380241,S2-111807953,0
0.36619718309859156,0.36619718309859156,0.09259259259259259,0.09259259259259259,0.22058823529411764,0.0,0,0,0,0.0,0.125,0.05194822677190404,0.0,0.0,0,0,S1-718380241,S2-84232550,0
0.47058823529411764,0.47058823529411764,0.13513513513513514,0.13513513513513514,0.18867924528301888,0.0,0,0,0,0.0,0.16666666666666666,0.05977204459779447,0.0,0.0,0,0,S1-718380241,S2-798505750,0
0.44155844155844154,0.44155844155844154,0.1956521739130435,0.1956521739130435,0.1978021978021978,0.0,0,0,0,0.0,0.16666666666666666,0.10785016358915947,0.0,0.0,0,0,S1-886890337,S2-749397692,0
0.5517241379310345,0.5517241379310345,0.225,0.225,0.22448979591836735,0.0,0,0,0,0.0,0.16666666666666666,0.09925586491793477,0.0,0.0,1,0,S1-886890337,S2-100662986,0
0.53125,0.53125,0.20930232558139536,0.20930232558139536,0.4,0.0,0,0,0,0.0,0.16666666666666666,0.09933562408159373,0.05,0.04999999999999999,0,0,S1-886890337,S2-246015121,0
0.6382978723404256,0.6382978723404256,0.3,0.3,0.10810810810810811,0.0,0,0,0,0.0,0.2,0.13038608321636086,0.0,0.0,0,0,S1-886890337,S2-784826184,0
0.6666666666666666,0.6666666666666666,0.2903225806451613,0.2903225806451613,0.18604651162790697,0.0,0,0,0,0.0,0.2,0.1302334032788686,0.0,0.0,0,0,S1-886890337,S2-210673724,0
0.2608695652173913,0.2608695652173913,0.02857142857142857,0.02857142857142857,0.2571428571428571,0.0,0,0,0,0.0,0.14285714285714285,0.045261708761764156,0.0,0.0,0,0,S1-214757286,S2-685982976,0
0.3076923076923077,0.3076923076923077,0.025,0.025,0.15384615384615385,0.0,0,0,0,0.0,0.125,0.07114995042308829,0.0,0.0,0,0,S1-214757286,S2-978561236,0
0.39344262295081966,0.39344262295081966,0.0425531914893617,0.0425531914893617,0.24242424242424243,0.0,0,0,0,0.0,0.1111111111111111,0.03695873165810497,0.0,0.0,1,0,S1-214757286,S2-72083239,0
0.36363636363636365,0.36363636363636365,0.019230769230769232,0.019230769230769232,0.22580645161290322,0.0,0,0,0,0.0,0.1,0.027254812096582415,0.0,0.0,0,0,S1-214757286,S2-527780007,0
0.4897959183673469,0.4897959183673469,0.02631578947368421,0.02631578947368421,0.35294117647058826,0.0,0,0,0,0.0,0.14285714285714285,0.04122614196950457,0.08333333333333333,0.08333333333333334,0,0,S1-214757286,S2-642599322,0
0.7857142857142857,0.7857142857142857,0.35294117647058826,0.35294117647058826,0.2601626016260163,0.0,0,0,0,0.0,0.3333333333333333,0.10531582067030813,0.0,0.0,0,0,S1-256542131,S2-921544612,0
0.5882352941176471,0.5882352941176471,0.17142857142857143,0.17142857142857143,0.3269230769230769,0.0,0,0,0,0.0,0.14285714285714285,0.05049786181120976,0.0,0.0,1,0,S1-256542131,S2-11553247,0
0.5357142857142857,0.5357142857142857,0.12195121951219512,0.12195121951219512,0.2689075630252101,0.0,0,0,0,0.0,0.14285714285714285,0.04246735687776126,0.0,0.0,0,0,S1-256542131,S2-244721500,0
0.6896551724137931,0.6896551724137931,0.3333333333333333,0.3333333333333333,0.25,0.0,0,0,0,0.0,0.3333333333333333,0.0993978624294509,0.0,0.0,0,0,S1-256542131,S2-993279982,0
0.5925925925925926,0.5925925925925926,0.2222222222222222,0.2222222222222222,0.2222222222222222,0.0,0,0,0,0.0,0.14285714285714285,0.039499392095381315,0.0,0.0,0,0,S1-256542131,S2-564517633,0
0.6666666666666666,0.6666666666666666,0.3611111111111111,0.3611111111111111,0.30601092896174864,0.25,1,1,1,0.0,0.3333333333333333,0.13301941531941286,0.06896551724137931,0.06896551724137928,0,0,S1-50983191,S2-113607085,0
0.4262295081967213,0.4262295081967213,0.10869565217391304,0.10869565217391304,0.3157894736842105,0.0,0,0,0,0.0,0.16666666666666666,0.06625279843743041,0.03225806451612903,0.03225806451612902,0,0,S1-50983191,S2-369632259,0
0.4057971014492754,0.4057971014492754,0.09615384615384616,0.09615384615384616,0.49,0.0,0,0,0,0.0,0.125,0.05009347269841233,0.15384615384615385,0.1538461538461538,0,0,S1-50983191,S2-435334576,0
0.5753424657534246,0.5753424657534246,0.08928571428571429,0.08928571428571429,0.27230046948356806,0.5,1,1,1,0.0,0.125,0.043838475131022916,0.03333333333333333,0.03333333333333332,0,0,S1-50983191,S2-735192003,0
0.4146341463414634,0.4146341463414634,0.09523809523809523,0.09523809523809523,0.32038834951456313,0.0,0,0,0,0.0,0.1111111111111111,0.03817355470653215,0.06451612903225806,0.06451612903225803,0,0,S1-50983191,S2-990500136,0
0.45,0.45,0.03225806451612903,0.03225806451612903,0.3673469387755102,0.0,0,0,0,0.0,0.2,0.08127886547993171,0.0,0.0,0,0,S1-627500659,S2-320411965,0
0.5531914893617021,0.5531914893617021,0.14705882352941177,0.14705882352941177,0.3157894736842105,0.0,0,0,0,0.0,0.2,0.07390278942921613,0.0,0.0,0,0,S1-627500659,S2-990228492,0
0.42105263157894735,0.42105263157894735,0.1111111111111111,0.1111111111111111,0.25806451612903225,0.0,0,0,0,0.0,0.2,0.06706657914041758,0.0,0.0,0,0,S1-627500659,S2-546972423,0
0.4489795918367347,0.4489795918367347,0.02564102564102564,0.02564102564102564,0.3050847457627119,0.0,0,0,0,0.0,0.16666666666666666,0.06842745512132431,0.0,0.0,0,0,S1-627500659,S2-639620036,0
0.42857142857142855,0.42857142857142855,0.175,0.175,0.14545454545454545,0.0,0,0,0,0.0,0.16666666666666666,0.062443198227464636,0.0,0.0,0,0,S1-627500659,S2-561758300,0
0.56,0.56,0.25,0.25,0.2558139534883721,0.0,0,0,0,0.0,0.2,0.15716003816116506,0.0,0.0,0,0,S1-948707976,S2-594777938,0
0.6153846153846154,0.6153846153846154,0.23076923076923078,0.23076923076923078,0.20588235294117646,0.0,0,0,0,0.0,0.25,0.23454390833099353,0.0,0.0,0,0,S1-948707976,S2-669897625,0
0.5531914893617021,0.5531914893617021,0.25806451612903225,0.25806451612903225,0.43333333333333335,0.0,0,0,0,0.0,0.2,0.18210153728235176,0.0,0.0,0,0,S1-948707976,S2-706491380,0
0.4307692307692308,0.4307692307692308,0.1702127659574468,0.1702127659574468,0.20253164556962025,0.0,0,0,0,0.0,0.14285714285714285,0.12859627537764723,0.0,0.0,0,0,S1-948707976,S2-345070913,0
0.4307692307692308,0.4307692307692308,0.1951219512195122,0.1951219512195122,0.2696629213483146,0.0,0,0,0,0.0,0.125,0.10900315342907321,0.0,0.0,0,0,S1-948707976,S2-245591139,0
0.4307692307692308,0.4307692307692308,0.08,0.08,0.27450980392156865,0.0,0,0,0,0.0,0.125,0.06359255222341136,0.0,0.0,0,0,S1-699554681,S2-103836583,0
0.2564102564102564,0.2564102564102564,0.034482758620689655,0.034482758620689655,0.2727272727272727,0.0,0,0,0,0.0,0.16666666666666666,0.045746258761533105,0.0,0.0,0,0,S1-699554681,S2-807608654,0
0.2702702702702703,0.2702702702702703,0.037037037037037035,0.037037037037037035,0.2857142857142857,0.0,0,0,0,0.0,0.16666666666666666,0.044285025780706824,0.0,0.0,0,0,S1-699554681,S2-297140748,0
0.42857142857142855,0.42857142857142855,0.03225806451612903,0.03225806451612903,0.21818181818181817,0.0,0,0,0,0.0,0.14285714285714285,0.034822862592479284,0.0,0.0,0,0,S1-699554681,S2-571920674,0
0.43478260869565216,0.43478260869565216,0.0625,0.0625,0.15873015873015872,0.0,0,0,0,0.0,0.125,0.07273300246165772,0.0,0.0,0,0,S1-699554681,S2-227661026,0
0.35,0.35,0.03333333333333333,0.03333333333333333,0.2222222222222222,0.0,0,0,0,0.0,0.16666666666666666,0.0949231290956088,0.0,0.0,0,0,S1-747755104,S2-512224067,0
0.46153846153846156,0.46153846153846156,0.03333333333333333,0.03333333333333333,0.16923076923076924,0.0,0,0,0,0.0,0.2,0.12308756759845436,0.0,0.0,0,0,S1-747755104,S2-421100616,0
0.2857142857142857,0.2857142857142857,0.030303030303030304,0.030303030303030304,0.3333333333333333,0.0,0,0,0,0.0,0.2,0.10597663495142635,0.09090909090909091,0.09090909090909093,0,0,S1-747755104,S2-368403452,0
0.4117647058823529,0.4117647058823529,0.125,0.125,0.3191489361702128,0.0,0,0,0,0.0,0.25,0.2450905593284921,0.08333333333333333,0.08333333333333334,0,0,S1-747755104,S2-505992692,0
0.2978723404255319,0.2978723404255319,0.02631578947368421,0.02631578947368421,0.32608695652173914,0.0,0,0,0,0.0,0.2,0.11746510334985492,0.0,0.0,0,0,S1-747755104,S2-498879477,0
0.4878048780487805,0.4878048780487805,0.2222222222222222,0.2222222222222222,0.3010752688172043,0.0,0,0,0,0.0,0.2,0.2623706521413507,0.0,0.0,0,0,S1-889992582,S2-542512870,0
0.6,0.6,0.2222222222222222,0.2222222222222222,0.28125,0.0,0,0,0,0.0,0.25,0.23489051609632175,0.0,0.0,0,0,S1-889992582,S2-555481271,0
0.7333333333333333,0.7333333333333333,0.3333333333333333,0.3333333333333333,0.4,0.0,0,0,0,0.0,0.3333333333333333,0.28637017163435874,0.09090909090909091,0.09090909090909093,0,0,S1-889992582,S2-277663748,0
0.5263157894736842,0.5263157894736842,0.17073170731707318,0.17073170731707318,0.4074074074074074,0.0,0,0,0,0.0,0.2,0.23196073750069238,0.0,0.0,0,0,S1-889992582,S2-172778216,0
0.5641025641025641,0.5641025641025641,0.24,0.24,0.40625,0.0,0,0,0,0.0,0.2,0.22865567703454,0.09090909090909091,0.09090909090909093,0,0,S1-889992582,S2-909707838,0
0.48,0.48,0.1388888888888889,0.1388888888888889,0.16,0.0,0,0,0,0.0,0.16666666666666666,0.06928229055364658,0.0,0.0,0,0,S1-546744924,S2-206427057,0
0.6153846153846154,0.6153846153846154,0.2857142857142857,0.2857142857142857,0.20168067226890757,0.0,0,0,0,0.0,0.2857142857142857,0.11393107719763611,0.0,0.0,0,0,S1-546744924,S2-37711757,0
0.6268656716417911,0.6268656716417911,0.2727272727272727,0.2727272727272727,0.11320754716981132,0.0,0,0,0,0.0,0.2857142857142857,0.11733654422224857,0.0,0.0,0,0,S1-546744924,S2-568103792,0
0.5,0.5,0.2894736842105263,0.2894736842105263,0.3310344827586207,0.0,0,0,0,0.0,0.2857142857142857,0.10781308763874378,0.05263157894736842,0.052631578947368404,0,0,S1-546744924,S2-449404814,0
0.7586206896551724,0.7586206896551724,0.5483870967741935,0.5483870967741935,0.07407407407407407,0.0,0,0,0,0.0,0.3333333333333333,0.1225219112520613,0.0,0.0,0,0,S1-546744924,S2-196084482,0
0.4444444444444444,0.4444444444444444,0.043478260869565216,0.043478260869565216,0.2413793103448276,0.0,0,0,0,0.0,0.25,0.06376721411618039,0.0,0.0,0,0,S1-132204173,S2-777021325,0
0.4090909090909091,0.4090909090909091,0.029411764705882353,0.029411764705882353,0.42105263157894735,0.0,0,0,0,0.0,0.16666666666666666,0.04666468445530109,0.0,0.0,0,0,S1-132204173,S2-193620992,0
0.29411764705882354,0.29411764705882354,0.18181818181818182,0.18181818181818182,0.26865671641791045,0.0,0,0,0,0.0,0.2,0.057846672331392866,0.0,0.0,0,0,S1-132204173,S2-756500173,0
0.34285714285714286,0.34285714285714286,0.125,0.125,0.2153846153846154,0.0,0,0,0,0.0,0.2,0.06501725020401043,0.0,0.0,0,0,S1-132204173,S2-231147170,0
0.3404255319148936,0.3404255319148936,0.05714285714285714,0.05714285714285714,0.19672131147540983,0.0,0,0,0,0.0,0.14285714285714285,0.04113840706661158,0.0,0.0,0,0,S1-132204173,S2-432829468,0
0.4666666666666667,0.4666666666666667,0.11363636363636363,0.11363636363636363,0.18791946308724833,0.16666666666666666,1,1,2,0.0,0.2857142857142857,0.14373694296518738,0.0,0.0,0,0,S1-712969191,S2-652194742,0
0.4444444444444444,0.4444444444444444,0.0851063829787234,0.0851063829787234,0.20754716981132076,0.0,0,0,0,0.0,0.25,0.11714116835379622,0.0,0.0,0,0,S1-712969191,S2-390639018,0
0.48,0.48,0.11428571428571428,0.11428571428571428,0.208955223880597,0.0,0,0,0,0.0,0.2857142857142857,0.13254342396947677,0.0,0.0,0,0,S1-712969191,S2-907307138,0
0.22580645161290322,0.22580645161290322,0.02,0.02,0.1702127659574468,0.14285714285714285,1,1,1,0.0,0.125,0.05128604730732575,0.0,0.0,0,0,S1-712969191,S2-20898097,0
0.3283582089552239,0.3283582089552239,0.03773584905660377,0.03773584905660377,0.18518518518518517,0.0,0,0,0,0.0,0.1111111111111111,0.04306310651961238,0.0,0.0,0,0,S1-712969191,S2-298039589,0
0.6470588235294118,0.6470588235294118,0.3333333333333333,0.3333333333333333,0.4262295081967213,0.0,0,0,0,0.0,0.3333333333333333,0.2848242367683096,0.1,0.10000000000000002,0,0,S1-866981551,S2-934694293,0
0.5777777777777777,0.5777777777777777,0.23333333333333334,0.23333333333333334,0.32786885245901637,0.0,0,0,0,0.0,0.25,0.24164435573319099,0.0,0.0,0,0,S1-866981551,S2-694504644,0
0.4782608695652174,0.4782608695652174,0.21875,0.21875,0.18181818181818182,0.0,0,0,0,0.0,0.25,0.23943999605661773,0.0,0.0,0,0,S1-866981551,S2-404660862,0
0.39285714285714285,0.39285714285714285,0.17073170731707318,0.17073170731707318,0.2268041237113402,0.0,0,0,0,0.0,0.2,0.15541797505989785,0.0,0.0,0,0,S1-866981551,S2-581307873,0
0.7027027027027027,0.7027027027027027,0.2916666666666667,0.2916666666666667,0.1694915254237288,0.0,0,0,0,0.0,0.3333333333333333,0.28540302949956864,0.0,0.0,0,0,S1-866981551,S2-834147263,0
0.5217391304347826,0.5217391304347826,0.11764705882352941,0.11764705882352941,0.10526315789473684,0.0,0,0,0,0.0,0.14285714285714285,0.13605066057825027,0.0,0.0,0,0,S1-670153532,S2-252443444,0
0.4888888888888889,0.4888888888888889,0.06060606060606061,0.06060606060606061,0.23529411764705882,0.0,0,0,0,0.0,0.16666666666666666,0.07690717464831118,0.0,0.0,1,0,S1-670153532,S2-494249069,0
0.4,0.4,0.07142857142857142,0.07142857142857142,0.13675213675213677,0.0,0,0,0,0.0,0.16666666666666666,0.0932061524224897,0.0,0.0,0,0,S1-670153532,S2-802520554,0
0.30434782608695654,0.30434782608695654,0.058823529411764705,0.058823529411764705,0.37681159420289856,0.0,0,0,0,0.0,0.16666666666666666,0.0896871575780763,0.07692307692307693,0.07692307692307693,0,0,S1-670153532,S2-74485189,0
0.14545454545454545,0.14545454545454545,0.047619047619047616,0.047619047619047616,0.3880597014925373,0.0,0,0,0,0.0,0.14285714285714285,0.08378455331787431,0.08333333333333333,0.08333333333333334,0,0,S1-670153532,S2-661762133,0
0.40816326530612246,0.40816326530612246,0.02631578947368421,0.02631578947368421,0.25806451612903225,0.0,0,0,0,0.0,0.14285714285714285,0.039383548122130733,0.0,0.0,0,0,S1-800226602,S2-659798549,0
0.391304347826087,0.391304347826087,0.029411764705882353,0.029411764705882353,0.2318840579710145,0.0,0,0,0,0.0,0.125,0.041459745128422466,0.0,0.0,0,0,S1-800226602,S2-208249101,0
0.17142857142857143,0.17142857142857143,0.038461538461538464,0.038461538461538464,0.2711864406779661,0.0,0,0,0,0.0,0.2,0.0720753097253104,0.0,0.0,0,0,S1-800226602,S2-286777919,0
0.391304347826087,0.391304347826087,0.02857142857142857,0.02857142857142857,0.0,0.0,0,0,0,0.0,0.14285714285714285,0.05173249422800009,0.0,0.0,0,1,S1-800226602,S2-439584807,0
0.5,0.5,0.09375,0.09375,0.30303030303030304,0.0,0,0,0,0.0,0.16666666666666666,0.06354563058835391,0.0,0.0,0,0,S1-800226602,S2-438995546,0
0.3939393939393939,0.3939393939393939,0.1,0.1,0.28378378378378377,0.0,0,0,0,0.0,0.125,0.04547370284259379,0.0,0.0,0,0,S1-972210348,S2-315322903,0
0.5,0.5,0.11764705882352941,0.11764705882352941,0.2537313432835821,0.0,0,0,0,0.0,0.125,0.048292404620994905,0.0,0.0,0,0,S1-972210348,S2-347627172,0
0.6086956521739131,0.6086956521739131,0.2608695652173913,0.2608695652173913,0.0,0.0,0,0,0,0.0,0.2857142857142857,0.0908723396905891,0.0,0.0,0,1,S1-972210348,S2-965399023,0
0.55,0.55,0.11666666666666667,0.11666666666666667,0.4,0.0,0,0,0,0.0,0.1,0.039327095137966436,0.1,0.09999999999999998,0,0,S1-972210348,S2-939621674,0
0.64,0.64,0.26,0.26,0.24427480916030533,0.0,0,0,0,0.0,0.2857142857142857,0.09097238829232578,0.05263157894736842,0.052631578947368404,0,0,S1-972210348,S2-341350419,0
0.3508771929824561,0.3508771929824561,0.04878048780487805,0.04878048780487805,0.417910447761194,0.0,0,0,0,0.0,0.1111111111111111,0.05882481442380379,0.0,0.0,0,0,S1-987373666,S2-548209100,0
0.1509433962264151,0.1509433962264151,0.04878048780487805,0.04878048780487805,0.3793103448275862,0.0,0,0,0,0.0,0.14285714285714285,0.06869680967334757,0.0,0.0,0,0,S1-987373666,S2-398772289,0
0.6086956521739131,0.6086956521739131,0.09090909090909091,0.09090909090909091,0.2857142857142857,0.0,0,0,0,0.0,0.14285714285714285,0.06911876159562819,0.0,0.0,0,0,S1-987373666,S2-518791618,0
0.425531914893617,0.425531914893617,0.05555555555555555,0.05555555555555555,0.18018018018018017,0.0,0,0,0,0.0,0.16666666666666666,0.08398923357586072,0.0,0.0,0,0,S1-987373666,S2-207239035,0
0.4444444444444444,0.4444444444444444,0.09375,0.09375,0.1978021978021978,0.0,0,0,0,0.0,0.14285714285714285,0.07615221875027203,0.0,0.0,0,0,S1-987373666,S2-241754666,0
0.48,0.48,0.1388888888888889,0.1388888888888889,0.30927835051546393,0.0,0,0,0,0.0,0.16666666666666666,0.04837865355885899,0.0,0.0,0,0,S1-422218987,S2-718499681,0
0.4411764705882353,0.4411764705882353,0.2127659574468085,0.2127659574468085,0.17307692307692307,0.0,0,0,0,0.0,0.2857142857142857,0.09658288270183586,0.0,0.0,0,0,S1-422218987,S2-831726341,0
0.5172413793103449,0.5172413793103449,0.2972972972972973,0.2972972972972973,0.2894736842105263,0.0,0,0,0,0.0,0.3333333333333333,0.10786482198863352,0.0,0.0,0,0,S1-422218987,S2-898171065,0
0.6376811594202898,0.6376811594202898,0.3023255813953488,0.3023255813953488,0.14285714285714285,0.0,0,0,0,0.0,0.2857142857142857,0.09705928111545936,0.0,0.0,0,0,S1-422218987,S2-808093095,0
0.5084745762711864,0.5084745762711864,0.14285714285714285,0.14285714285714285,0.1509433962264151,0.0,0,0,0,0.0,0.14285714285714285,0.060364741830553285,0.0,0.0,0,0,S1-422218987,S2-725621051,0
0.3225806451612903,0.3225806451612903,0.08888888888888889,0.08888888888888889,0.2119205298013245,0.0,0,0,0,0.0,0.1111111111111111,0.08579275392488594,0.0,0.0,0,0,S1-547807369,S2-522645302,0
0.5,0.5,0.13636363636363635,0.13636363636363635,0.24324324324324326,0.0,0,0,0,0.0,0.25,0.2969196417769319,0.0,0.0,0,0,S1-547807369,S2-485066032,0
0.4444444444444444,0.4444444444444444,0.17647058823529413,0.17647058823529413,0.12121212121212122,0.0,0,0,0,0.0,0.25,0.275520491966176,0.0,0.0,0,0,S1-547807369,S2-465933573,0
0.5128205128205128,0.5128205128205128,0.19230769230769232,0.19230769230769232,0.1836734693877551,0.0,0,0,0,0.0,0.2,0.30051600076275037,0.0,0.0,0,0,S1-547807369,S2-832670977,0
0.48484848484848486,0.48484848484848486,0.18181818181818182,0.18181818181818182,0.27906976744186046,0.0,0,0,0,0.0,0.25,0.32466935457133106,0.0,0.0,0,0,S1-547807369,S2-194995745,0
0.41025641025641024,0.41025641025641024,0.03333333333333333,0.03333333333333333,0.22033898305084745,0.0,0,0,0,0.0,0.2,0.07250842738688512,0.0,0.0,0,0,S1-263491928,S2-83761191,0
0.4,0.4,0.022727272727272728,0.022727272727272728,0.0,0.0,0,0,0,0.0,0.14285714285714285,0.06837361484538494,0.0,0.0,0,1,S1-263491928,S2-209744989,0
0.4,0.4,0.029411764705882353,0.029411764705882353,0.2,0.2,1,1,1,0.0,0.14285714285714285,0.06582511453939756,0.0,0.0,0,0,S1-263491928,S2-957060010,0
0.38095238095238093,0.38095238095238093,0.03125,0.03125,0.23255813953488372,0.0,0,0,0,0.0,0.16666666666666666,0.08946195942909724,0.0,0.0,0,0,S1-263491928,S2-501725379,0
0.391304347826087,0.391304347826087,0.02857142857142857,0.02857142857142857,0.26666666666666666,0.0,0,0,0,0.0,0.14285714285714285,0.06927211820021337,0.058823529411764705,0.0588235294117647,0,0,S1-263491928,S2-441291988,0
0.4,0.4,0.125,0.125,0.3558282208588957,0.25,1,1,1,0.0,0.14285714285714285,0.05397399872093848,0.08695652173913043,0.08695652173913042,0,0,S1-517775802,S2-733699215,0
0.4230769230769231,0.4230769230769231,0.13513513513513514,0.13513513513513514,0.3291139240506329,0.0,0,0,0,0.0,0.14285714285714285,0.05559889073489501,0.047619047619047616,0.04761904761904761,0,0,S1-517775802,S2-976679079,0
0.3764705882352941,0.3764705882352941,0.1206896551724138,0.1206896551724138,0.2097902097902098,0.0,0,0,0,0.0,0.1111111111111111,0.042293155608652294,0.0,0.0,0,0,S1-517775802,S2-539270410,0
0.4827586206896552,0.4827586206896552,0.14285714285714285,0.14285714285714285,0.3067484662576687,0.0,0,0,0,0.0,0.14285714285714285,0.05635755728104176,0.05,0.04999999999999999,0,0,S1-517775802,S2-288029588,0
0.49122807017543857,0.49122807017543857,0.11904761904761904,0.11904761904761904,0.25,0.0,0,0,0,0.0,0.14285714285714285,0.056480102355610254,0.045454545454545456,0.04545454545454544,1,0,S1-517775802,S2-634099523,0
0.48484848484848486,0.48484848484848486,0.19047619047619047,0.19047619047619047,0.3508771929824561,0.0,0,0,0,0.0,0.16666666666666666,0.11131680600850485,0.0,0.0,0,0,S1-681173131,S2-507688340,0
0.4788732394366197,0.4788732394366197,0.1956521739130435,0.1956521739130435,0.2962962962962963,0.0,0,0,0,0.0,0.14285714285714285,0.08488373400078315,0.0,0.0,0,0,S1-681173131,S2-339051804,0
0.6666666666666666,0.6666666666666666,0.2727272727272727,0.2727272727272727,0.32727272727272727,0.0,0,0,0,0.0,0.16666666666666666,0.1176587806266508,0.0,0.0,0,0,S1-681173131,S2-357517045,0
0.5833333333333334,0.5833333333333334,0.25,0.25,0.3548387096774194,0.0,0,0,0,0.0,0.2,0.11190862724976938,0.0,0.0,0,0,S1-681173131,S2-239445550,0
0.6938775510204082,0.6938775510204082,0.36666666666666664,0.36666666666666664,0.2,0.0,0,0,0,0.0,0.2,0.1073329298003166,0.0,0.0,1,0,S1-681173131,S2-821183986,0
0.9444444444444444,0.9444444444444444,0.7647058823529411,0.7647058823529411,0.9344262295081968,1.0,2,1,3,0.0,0.6666666666666666,0.8108502368509184,0.9090909090909091,0.9090909090909091,1,0,S1-990310663,S2-835410474,1
0.3,0.3,0.1111111111111111,0.1111111111111111,0.23728813559322035,0.0,0,0,0,0.0,0.14285714285714285,0.06294805024045344,0.0,0.0,1,0,S1-990310663,S2-430860969,0
0.5263157894736842,0.5263157894736842,0.15,0.15,0.0,0.0,0,0,0,0.0,0.125,0.04779299808166461,0.0,0.0,0,1,S1-990310663,S2-44569621,0
0.36666666666666664,0.36666666666666664,0.1111111111111111,0.1111111111111111,0.3262411347517731,0.0,0,0,0,0.0,0.14285714285714285,0.05658729408004155,0.045454545454545456,0.04545454545454544,0,0,S1-990310663,S2-887540110,0
0.3728813559322034,0.3728813559322034,0.11627906976744186,0.11627906976744186,0.2236024844720497,0.0,0,0,0,0.0,0.125,0.04840573700621915,0.0,0.0,0,0,S1-990310663,S2-771888503,0
0.5205479452054794,0.5205479452054794,0.16326530612244897,0.16326530612244897,0.35772357723577236,0.0,0,0,0,0.0,0.125,0.048514203222211345,0.0,0.0,0,0,S1-990310663,S2-563466294,0
0.3181818181818182,0.3181818181818182,0.030303030303030304,0.030303030303030304,0.1780821917808219,0.0,0,0,0,0.0,0.14285714285714285,0.0720547244372147,0.05555555555555555,0.055555555555555546,0,0,S1-566650549,S2-774919839,0
0.48,0.48,0.02702702702702703,0.02702702702702703,0.08695652173913043,0.0,0,0,0,0.0,0.125,0.0687360421005867,0.0,0.0,0,0,S1-566650549,S2-260503329,0
0.38461538461538464,0.38461538461538464,0.025,0.025,0.27979274611398963,0.0,0,0,0,0.0,0.125,0.06107186128615642,0.043478260869565216,0.04347826086956521,0,0,S1-566650549,S2-325822842,0
0.24561403508771928,0.24561403508771928,0.046511627906976744,0.046511627906976744,0.21428571428571427,0.0,0,0,0,0.0,0.25,0.1373763687176481,0.0625,0.06249999999999999,0,0,S1-566650549,S2-970631060,0
0.25806451612903225,0.25806451612903225,0.020833333333333332,0.020833333333333332,0.11851851851851852,0.0,0,0,0,0.0,0.1111111111111111,0.05939576613211314,0.0,0.0,0,0,S1-566650549,S2-122570602,0
0.43902439024390244,0.43902439024390244,0.03125,0.03125,0.0,0.0,0,0,0,0.0,0.2,0.09439753803788377,0.0,0.0,0,1,S1-575902348,S2-505812513,0
0.4166666666666667,0.4166666666666667,0.05405405405405406,0.05405405405405406,0.15384615384615385,0.0,0,0,0,0.0,0.16666666666666666,0.06375341341828711,0.0,0.0,0,0,S1-575902348,S2-606468092,0
0.3870967741935484,0.3870967741935484,0.13333333333333333,0.13333333333333333,0.2857142857142857,0.0,0,0,0,0.0,0.125,0.12184756579763933,0.0,0.0,0,0,S1-575902348,S2-24400983,0
0.3783783783783784,0.3783783783783784,0.03571428571428571,0.03571428571428571,0.2903225806451613,0.0,0,0,0,0.0,0.2,0.08124157216905861,0.1111111111111111,0.11111111111111113,0,0,S1-575902348,S2-356420499,0
0.25396825396825395,0.25396825396825395,0.04,0.04,0.36065573770491804,0.0,0,0,0,0.0,0.125,0.049932369028869675,0.0,0.0,0,0,S1-575902348,S2-114797985,0
0.3673469387755102,0.3673469387755102,0.02702702702702703,0.02702702702702703,0.17073170731707318,0.0,0,0,0,0.0,0.125,0.03130804763730319,0.0,0.0,0,0,S1-16422884,S2-833224120,0
0.3050847457627119,0.3050847457627119,0.043478260869565216,0.043478260869565216,0.2894736842105263,0.0,0,0,0,0.0,0.125,0.031602810749518595,0.0,0.0,0,0,S1-16422884,S2-460039208,0
0.3333333333333333,0.3333333333333333,0.024390243902439025,0.024390243902439025,0.1728395061728395,0.0,0,0,0,0.0,0.125,0.03651024542603865,0.0,0.0,0,0,S1-16422884,S2-86094881,0
0.4,0.4,0.034482758620689655,0.034482758620689655,0.0,0.0,0,0,0,0.0,0.14285714285714285,0.037723181358798,0.0,0.0,0,1,S1-16422884,S2-205872433,0
0.26229508196721313,0.26229508196721313,0.020833333333333332,0.020833333333333332,0.2777777777777778,0.0,0,0,0,0.0,0.1111111111111111,0.029915268348600622,0.0,0.0,0,0,S1-16422884,S2-791181647,0
0.32727272727272727,0.32727272727272727,0.047619047619047616,0.047619047619047616,0.0,0.0,0,0,0,0.0,0.14285714285714285,0.045616732609987234,0.0,0.0,0,1,S1-892826685,S2-117687058,0
0.26666666666666666,0.26666666666666666,0.029411764705882353,0.029411764705882353,0.3125,0.0,0,0,0,0.0,0.16666666666666666,0.0629379370390633,0.0,0.0,0,0,S1-892826685,S2-173213786,0
0.4482758620689655,0.4482758620689655,0.175,0.175,0.0,0.0,0,0,0,0.0,0.14285714285714285,0.10088104247046491,0.0,0.0,0,1,S1-892826685,S2-341536025,0
0.43333333333333335,0.43333333333333335,0.0425531914893617,0.0425531914893617,0.13157894736842105,0.0,0,0,0,0.0,0.14285714285714285,0.04766594983410978,0.0,0.0,0,0,S1-892826685,S2-578987912,0
0.34615384615384615,0.34615384615384615,0.024390243902439025,0.024390243902439025,0.3103448275862069,0.0,0,0,0,0.0,0.16666666666666666,0.056332289646056626,0.0,0.0,0,0,S1-892826685,S2-778255880,0
0.4375,0.4375,0.041666666666666664,0.041666666666666664,0.5070422535211268,0.0,0,0,0,0.0,0.25,0.274492390435185,0.18181818181818182,0.18181818181818185,0,0,S1-778698665,S2-670979423,0
0.3333333333333333,0.3333333333333333,0.045454545454545456,0.045454545454545456,0.36666666666666664,0.0,0,0,0,0.0,0.25,0.3223537364244597,0.0,0.0,0,0,S1-778698665,S2-784114508,0
0.4166666666666667,0.4166666666666667,0.25,0.25,0.28169014084507044,0.0,0,0,0,0.0,0.2,0.20941618028165926,0.0,0.0,0,0,S1-778698665,S2-638067226,0
0.4,0.4,0.23333333333333334,0.23333333333333334,0.21428571428571427,0.0,0,0,0,0.0,0.25,0.21488892672649798,0.0,0.0,0,0,S1-778698665,S2-54057873,0
0.425531914893617,0.425531914893617,0.21875,0.21875,0.4,0.0,0,0,0,0.0,0.2,0.22741631450429406,0.0,0.0,0,0,S1-778698665,S2-918349153,0
0.3902439024390244,0.3902439024390244,0.03333333333333333,0.03333333333333333,0.2222222222222222,0.0,0,0,0,0.0,0.14285714285714285,0.04088005861496312,0.0,0.0,0,0,S1-616670538,S2-207816796,0
0.4,0.4,0.038461538461538464,0.038461538461538464,0.3783783783783784,0.0,0,0,0,0.0,0.2,0.05630463769088346,0.0,0.0,0,0,S1-616670538,S2-158037661,0
0.2692307692307692,0.2692307692307692,0.025,0.025,0.32727272727272727,0.0,0,0,0,0.0,0.16666666666666666,0.06380781905381523,0.0,0.0,0,0,S1-616670538,S2-988405298,0
0.36363636363636365,0.36363636363636365,0.041666666666666664,0.041666666666666664,0.1875,0.0,0,0,0,0.0,0.2,0.058271793648102733,0.0,0.0,0,0,S1-616670538,S2-649567478,0
0.37209302325581395,0.37209302325581395,0.0625,0.0625,0.10126582278481013,0.0,0,0,0,0.0,0.16666666666666666,0.05539873929096681,0.0,0.0,0,0,S1-616670538,S2-292570704,0
0.5555555555555556,0.5555555555555556,0.18421052631578946,0.18421052631578946,0.10126582278481013,0.0,0,0,0,0.0,0.16666666666666666,0.11039316765131234,0.0,0.0,0,0,S1-823537860,S2-654925978,0
0.5,0.5,0.17647058823529413,0.17647058823529413,0.3023255813953488,0.0,0,0,0,0.0,0.2,0.16814511643363833,0.0,0.0,1,0,S1-823537860,S2-326385916,0
0.47058823529411764,0.47058823529411764,0.20588235294117646,0.20588235294117646,0.2894736842105263,0.0,0,0,0,0.0,0.16666666666666666,0.1348591964975375,0.07142857142857142,0.07142857142857142,1,0,S1-823537860,S2-716450463,0
0.46808510638297873,0.46808510638297873,0.1875,0.1875,0.14492753623188406,0.0,0,0,0,0.0,0.16666666666666666,0.13425093264197765,0.0,0.0,0,0,S1-823537860,S2-883494475,0
0.48148148148148145,0.48148148148148145,0.15789473684210525,0.15789473684210525,0.1839080459770115,0.0,0,0,0,0.0,0.14285714285714285,0.10014922030180222,0.0,0.0,0,0,S1-823537860,S2-355911588,0
0.28,0.28,0.05405405405405406,0.05405405405405406,0.19736842105263158,0.0,0,0,0,0.0,0.2857142857142857,0.12784557468063762,0.1,0.09999999999999998,0,0,S1-917989525,S2-879891903,0
0.5084745762711864,0.5084745762711864,0.1282051282051282,0.1282051282051282,0.2595419847328244,0.0,0,0,0,0.0,0.14285714285714285,0.05128077782662255,0.0,0.0,0,0,S1-917989525,S2-181600483,0
0.2857142857142857,0.2857142857142857,0.03125,0.03125,0.28,0.0,0,0,0,0.0,0.16666666666666666,0.07748607450600549,0.0,0.0,0,0,S1-917989525,S2-488021890,0
0.4230769230769231,0.4230769230769231,0.07692307692307693,0.07692307692307693,0.23008849557522124,0.0,0,0,0,0.0,0.14285714285714285,0.07591144444458865,0.0,0.0,0,0,S1-917989525,S2-919679245,0
0.46153846153846156,0.46153846153846156,0.075,0.075,0.06504065040650407,0.0,0,0,0,0.0,0.16666666666666666,0.0842570253409444,0.0,0.0,0,0,S1-917989525,S2-190555312,0
0.34375,0.34375,0.04,0.04,0.1935483870967742,0.0,0,0,0,0.0,0.125,0.03912688547935232,0.0,0.0,0,0,S1-98485225,S2-736199437,0
0.4,0.4,0.020833333333333332,0.020833333333333332,0.4166666666666667,0.0,0,0,0,0.0,0.14285714285714285,0.041344949464547594,0.1,0.10000000000000002,1,0,S1-98485225,S2-907504746,0
0.5614035087719298,0.5614035087719298,0.23684210526315788,0.23684210526315788,0.36,0.0,0,0,0,0.0,0.16666666666666666,0.146701495673986,0.0,0.0,0,0,S1-98485225,S2-498751509,0
0.31746031746031744,0.31746031746031744,0.04,0.04,0.22950819672131148,0.0,0,0,0,0.0,0.14285714285714285,0.04108405838489604,0.0,0.0,0,0,S1-98485225,S2-76120909,0
0.2807017543859649,0.2807017543859649,0.045454545454545456,0.045454545454545456,0.15625,0.0,0,0,0,0.0,0.14285714285714285,0.047590646597763984,0.1,0.10000000000000002,0,0,S1-98485225,S2-84967269,0
0.7,0.7,0.391304347826087,0.391304347826087,0.0,0.0,0,0,0,0.0,0.2,0.10617320867895481,0.0,0.0,0,1,S1-773926553,S2-445897702,0
0.4090909090909091,0.4090909090909091,0.09090909090909091,0.09090909090909091,0.417910447761194,0.0,0,0,0,0.0,0.2,0.10700138335742239,0.0,0.0,0,0,S1-773926553,S2-728137827,0
0.5238095238095238,0.5238095238095238,0.0967741935483871,0.0967741935483871,0.35135135135135137,0.0,0,0,0,0.0,0.2,0.09713595222981249,0.0,0.0,0,0,S1-773926553,S2-445056472,0
0.2127659574468085,0.2127659574468085,0.08571428571428572,0.08571428571428572,0.3283582089552239,0.0,0,0,0,0.0,0.16666666666666666,0.08689666537920358,0.0,0.0,0,0,S1-773926553,S2-798251452,0
0.22727272727272727,0.22727272727272727,0.09375,0.09375,0.20930232558139536,0.0,0,0,0,0.0,0.16666666666666666,0.08043577900812238,0.07142857142857142,0.07142857142857142,0,0,S1-773926553,S2-577223830,0
0.3829787234042553,0.3829787234042553,0.15625,0.15625,0.34285714285714286,0.0,0,0,0,0.0,0.16666666666666666,0.172681281615712,0.0,0.0,0,0,S1-343568091,S2-546484667,0
0.6666666666666666,0.6666666666666666,0.3125,0.3125,0.18666666666666668,0.0,0,0,0,0.0,0.3333333333333333,0.26481724044920163,0.0,0.0,1,0,S1-343568091,S2-769975484,0
0.5925925925925926,0.5925925925925926,0.3125,0.3125,0.4358974358974359,0.0,0,0,0,0.0,0.3333333333333333,0.3187373179887155,0.0,0.0,0,0,S1-343568091,S2-469008135,0
0.47368421052631576,0.47368421052631576,0.2,0.2,0.17721518987341772,0.0,0,0,0,0.0,0.2,0.21954806924556766,0.0,0.0,0,0,S1-343568091,S2-574120036,0
0.4878048780487805,0.4878048780487805,0.17857142857142858,0.17857142857142858,0.20253164556962025,0.0,0,0,0,0.0,0.2,0.18551524128397295,0.0,0.0,0,0,S1-343568091,S2-77515407,0
0.5070422535211268,0.5070422535211268,0.24489795918367346,0.24489795918367346,0.3221476510067114,0.0,0,0,0,0.0,0.3333333333333333,0.11278377855261125,0.0,0.0,0,0,S1-196309581,S2-828364595,0
0.5666666666666667,0.5666666666666667,0.1111111111111111,0.1111111111111111,0.3418803418803419,0.0,0,0,0,0.0,0.14285714285714285,0.04753192263693548,0.0,0.0,0,0,S1-196309581,S2-134214424,0
0.45161290322580644,0.45161290322580644,0.11904761904761904,0.11904761904761904,0.30434782608695654,0.0,0,0,0,0.0,0.16666666666666666,0.05370672683464897,0.0,0.0,0,0,S1-196309581,S2-927816868,0
0.6349206349206349,0.6349206349206349,0.325,0.325,0.26229508196721313,0.0,0,0,0,0.0,0.3333333333333333,0.1117126112132916,0.0,0.0,0,0,S1-196309581,S2-394423064,0
0.6909090909090909,0.6909090909090909,0.25,0.25,0.07894736842105263,0.0,0,0,0,0.0,0.14285714285714285,0.05034549598467627,0.0,0.0,0,0,S1-196309581,S2-929954428,0
0.8947368421052632,0.8947368421052632,0.8125,0.8125,0.8461538461538461,0.5,1,1,4,0.5,0.75,0.8870122520190054,0.5555555555555556,0.5555555555555556,1,0,S1-435479438,S2-41251681,1
0.3508771929824561,0.3508771929824561,0.022727272727272728,0.022727272727272728,0.2465753424657534,0.0,0,0,0,0.0,0.1111111111111111,0.03954333073159901,0.0,0.0,0,0,S1-435479438,S2-820442919,0
0.34375,0.34375,0.0196078431372549,0.0196078431372549,0.3142857142857143,0.0,0,0,0,0.0,0.1111111111111111,0.03860743214743206,0.0,0.0,1,0,S1-435479438,S2-294563043,0
0.3333333333333333,0.3333333333333333,0.047619047619047616,0.047619047619047616,0.3333333333333333,0.0,0,0,0,0.0,0.2,0.08030267394739331,0.0,0.0,0,0,S1-435479438,S2-810477060,0
0.35555555555555557,0.35555555555555557,0.029411764705882353,0.029411764705882353,0.25316455696202533,0.0,0,0,0,0.0,0.14285714285714285,0.056264427612110965,0.0,0.0,0,0,S1-435479438,S2-133498448,0
0.41025641025641024,0.41025641025641024,0.034482758620689655,0.034482758620689655,0.2191780821917808,0.0,0,0,0,0.0,0.16666666666666666,0.07332686595611679,0.0,0.0,0,0,S1-435479438,S2-521708323,0
0.9577464788732394,0.9577464788732394,0.6944444444444444,0.6944444444444444,0.735632183908046,0.0,0,0,0,0.0,0.6,0.5808651062049427,0.6666666666666666,0.6666666666666667,0,0,S1-284678397,S2-746526732,1
0.6153846153846154,0.6153846153846154,0.12244897959183673,0.12244897959183673,0.17777777777777778,0.0,0,0,0,0.0,0.14285714285714285,0.050328812447977544,0.0,0.0,0,0,S1-284678397,S2-33973224,0
0.4864864864864865,0.4864864864864865,0.23529411764705882,0.23529411764705882,0.12280701754385964,0.0,0,0,0,0.0,0.2857142857142857,0.09968072473087294,0.0,0.0,0,0,S1-284678397,S2-829690695,0
0.6363636363636364,0.6363636363636364,0.2727272727272727,0.2727272727272727,0.12,0.0,0,0,0,0.0,0.3333333333333333,0.11976160071734436,0.0,0.0,0,0,S1-284678397,S2-626083273,0
0.5625,0.5625,0.125,0.125,0.22033898305084745,0.0,0,0,0,0.0,0.14285714285714285,0.05682987024622139,0.0,0.0,0,0,S1-284678397,S2-532880089,0
0.49230769230769234,0.49230769230769234,0.1,0.1,0.30357142857142855,0.0,0,0,0,0.0,0.14285714285714285,0.05260887747412164,0.0,0.0,0,0,S1-284678397,S2-760787756,0
0.5641025641025641,0.5641025641025641,0.391304347826087,0.391304347826087,0.22764227642276422,0.0,0,0,0,0.0,0.25,0.14759753479788842,0.0,0.0,0,0,S1-463358505,S2-394067633,0
0.46153846153846156,0.46153846153846156,0.2647058823529412,0.2647058823529412,0.2733812949640288,0.0,0,0,0,0.0,0.16666666666666666,0.1380833768668848,0.05263157894736842,0.052631578947368404,0,0,S1-463358505,S2-497141401,0
0.46153846153846156,0.46153846153846156,0.19148936170212766,0.19148936170212766,0.25396825396825395,0.0,0,0,0,0.0,0.16666666666666666,0.11586649080193127,0.0,0.0,0,0,S1-463358505,S2-603778438,0
0.4444444444444444,0.4444444444444444,0.2857142857142857,0.2857142857142857,0.3181818181818182,0.0,0,0,0,0.0,0.16666666666666666,0.12286689355513301,0.047619047619047616,0.04761904761904761,0,0,S1-463358505,S2-976523853,0
0.5641025641025641,0.5641025641025641,0.391304347826087,0.391304347826087,0.14634146341463414,0.0,0,0,0,0.0,0.25,0.14969134005737353,0.0,0.0,0,0,S1-463358505,S2-590311946,0
0.8421052631578947,0.8421052631578947,0.6842105263157895,0.6842105263157895,0.82,0.5,1,1,4,0.5,0.0,0.0,0.6666666666666666,0.6666666666666667,0,0,S1-880324716,S2-992200341,1
0.27906976744186046,0.27906976744186046,0.0625,0.0625,0.21621621621621623,0.0,0,0,0,0.0,0.16666666666666666,0.05336590138436094,0.0,0.0,0,0,S1-880324716,S2-132385214,0
0.2553191489361702,0.2553191489361702,0.02702702702702703,0.02702702702702703,0.19444444444444445,0.0,0,0,0,0.0,0.16666666666666666,0.06498149359302902,0.0,0.0,0,0,S1-880324716,S2-386856198,0
0.22641509433962265,0.22641509433962265,0.05,0.05,0.3013698630136986,0.0,0,0,0,0.0,0.125,0.04456815558778567,0.0,0.0,0,0,S1-880324716,S2-72498401,0
0.36,0.36,0.05263157894736842,0.05263157894736842,0.3492063492063492,0.0,0,0,0,0.0,0.14285714285714285,0.06184676872647855,0.0,0.0,1,0,S1-880324716,S2-891699329,0
0.36363636363636365,0.36363636363636365,0.029411764705882353,0.029411764705882353,0.24691358024691357,0.0,0,0,0,0.0,0.16666666666666666,0.05222603089767784,0.0,0.0,0,0,S1-880324716,S2-117069862,0
0.6,0.6,0.2222222222222222,0.2222222222222222,0.17721518987341772,0.0,0,0,0,0.0,0.25,0.28935602183072673,0.0,0.0,0,0,S1-55033507,S2-938747245,0
0.48148148148148145,0.48148148148148145,0.15789473684210525,0.15789473684210525,0.11538461538461539,0.0,0,0,0,0.0,0.16666666666666666,0.1819591030967529,0.0,0.0,0,0,S1-55033507,S2-319692412,0
0.625,0.625,0.21212121212121213,0.21212121212121213,0.08333333333333333,0.0,0,0,0,0.0,0.2,0.18865200204796745,0.125,0.12500000000000003,0,0,S1-55033507,S2-67465490,0
0.5106382978723404,0.5106382978723404,0.18181818181818182,0.18181818181818182,0.16260162601626016,0.0,0,0,0,0.0,0.2,0.23406694667772796,0.0,0.0,0,0,S1-55033507,S2-154972975,0
0.5,0.5,0.17647058823529413,0.17647058823529413,0.2553191489361702,0.0,0,0,0,0.0,0.2,0.19126077146961823,0.0,0.0,0,0,S1-55033507,S2-784218693,0
0.4528301886792453,0.4528301886792453,0.10526315789473684,0.10526315789473684,0.3609022556390977,0.0,0,0,0,0.0,0.2857142857142857,0.1733986859688773,0.10526315789473684,0.10526315789473681,0,0,S1-330702069,S2-637769084,0
0.5454545454545454,0.5454545454545454,0.0625,0.0625,0.23841059602649006,0.0,0,0,0,0.0,0.14285714285714285,0.1003479942093271,0.0,0.0,0,0,S1-330702069,S2-572588110,0
0.5416666666666666,0.5416666666666666,0.12121212121212122,0.12121212121212122,0.23333333333333334,0.0,0,0,0,0.0,0.2857142857142857,0.13524411754308469,0.05263157894736842,0.052631578947368404,0,0,S1-330702069,S2-190713915,0
0.37037037037037035,0.37037037037037035,0.075,0.075,0.13793103448275862,0.0,0,0,0,0.0,0.125,0.07270535040828259,0.0,0.0,0,0,S1-330702069,S2-256459754,0
0.5238095238095238,0.5238095238095238,0.14285714285714285,0.14285714285714285,0.21666666666666667,0.0,0,0,0,0.0,0.3333333333333333,0.1796596608088426,0.0,0.0,0,0,S1-330702069,S2-177795303,0
0.43902439024390244,0.43902439024390244,0.13793103448275862,0.13793103448275862,0.3283582089552239,0.0,0,0,0,0.0,0.2,0.1733801317311735,0.0,0.0,0,0,S1-951623110,S2-754820989,0
0.36,0.36,0.10810810810810811,0.10810810810810811,0.3125,0.0,0,0,0,0.0,0.16666666666666666,0.15055379409285885,0.0,0.0,0,0,S1-951623110,S2-32409174,0
0.5945945945945946,0.5945945945945946,0.2,0.2,0.20588235294117646,0.0,0,0,0,0.0,0.25,0.34607768720581567,0.0,0.0,0,0,S1-951623110,S2-119019224,0
0.6206896551724138,0.6206896551724138,0.2777777777777778,0.2777777777777778,0.0,0.0,0,0,0,0.0,0.3333333333333333,0.2760610115567644,0.0,0.0,0,1,S1-951623110,S2-449004707,0
0.4,0.4,0.125,0.125,0.2857142857142857,0.0,0,0,0,0.0,0.2,0.15336836391884476,0.1,0.10000000000000002,0,0,S1-951623110,S2-420187812,0
0.4927536231884058,0.4927536231884058,0.14,0.14,0.2830188679245283,0.0,0,0,0,0.0,0.125,0.042384356693794284,0.0,0.0,0,0,S1-991361913,S2-928435073,0
0.4074074074074074,0.4074074074074074,0.125,0.125,0.16393442622950818,0.0,0,0,0,0.0,0.16666666666666666,0.06757244364975451,0.0,0.0,0,0,S1-991361913,S2-35734195,0
0.4528301886792453,0.4528301886792453,0.13157894736842105,0.13157894736842105,0.21374045801526717,0.0,0,0,0,0.0,0.14285714285714285,0.038531941775824044,0.0,0.0,0,0,S1-991361913,S2-651728780,0
0.3389830508474576,0.3389830508474576,0.1282051282051282,0.1282051282051282,0.17751479289940827,0.0,0,0,0,0.0,0.2,0.06373427229012099,0.038461538461538464,0.03846153846153845,0,0,S1-991361913,S2-94732549,0
0.4,0.4,0.12195121951219512,0.12195121951219512,0.29310344827586204,0.0,0,0,0,0.0,0.16666666666666666,0.05761381835434071,0.0,0.0,1,0,S1-991361913,S2-162775518,0
0.4864864864864865,0.4864864864864865,0.11538461538461539,0.11538461538461539,0.2857142857142857,0.0,0,0,0,0.0,0.2,0.22951403983989913,0.0,0.0,0,0,S1-323089441,S2-222688325,0
0.5294117647058824,0.5294117647058824,0.125,0.125,0.3333333333333333,0.0,0,0,0,0.0,0.25,0.19351580331350177,0.0,0.0,0,0,S1-323089441,S2-783194949,0
0.45,0.45,0.1,0.1,0.2972972972972973,0.0,0,0,0,0.0,0.25,0.21806296843248743,0.0,0.0,0,0,S1-323089441,S2-566201465,0
0.358974358974359,0.358974358974359,0.10714285714285714,0.10714285714285714,0.3548387096774194,0.0,0,0,0,0.0,0.2,0.14635861609961276,0.0,0.0,0,0,S1-323089441,S2-804401553,0
0.43243243243243246,0.43243243243243246,0.11538461538461539,0.11538461538461539,0.24615384615384617,0.0,0,0,0,0.0,0.2,0.16813898133122734,0.0,0.0,0,0,S1-323089441,S2-240890119,0
0.4225352112676056,0.4225352112676056,0.1320754716981132,0.1320754716981132,0.2660098522167488,0.0,0,0,0,0.0,0.125,0.041416710182827846,0.0,0.0,0,0,S1-821827055,S2-834138186,0
0.5614035087719298,0.5614035087719298,0.14634146341463414,0.14634146341463414,0.0,0.0,0,0,0,0.0,0.14285714285714285,0.05662561438498777,0.0,0.0,0,1,S1-821827055,S2-536686473,0
0.47761194029850745,0.47761194029850745,0.09803921568627451,0.09803921568627451,0.3013698630136986,0.0,0,0,0,0.0,0.125,0.04516026430258572,0.045454545454545456,0.04545454545454544,0,0,S1-821827055,S2-1922378,0
0.44,0.44,0.1388888888888889,0.1388888888888889,0.30409356725146197,0.0,0,0,0,0.0,0.16666666666666666,0.06156141971402325,0.041666666666666664,0.04166666666666666,1,0,S1-821827055,S2-267895689,0
0.7142857142857143,0.7142857142857143,0.35294117647058826,0.35294117647058826,0.32098765432098764,0.0,0,0,0,0.0,0.3333333333333333,0.1428572145095739,0.043478260869565216,0.04347826086956521,1,0,S1-821827055,S2-784404723,0
0.49230769230769234,0.49230769230769234,0.125,0.125,0.27350427350427353,0.0,0,0,0,0.0,0.125,0.044398017923263026,0.05555555555555555,0.055555555555555546,0,0,S1-494504627,S2-224962421,0
0.5769230769230769,0.6060606060606061,0.3870967741935484,0.30952380952380953,0.31496062992125984,0.0,0,0,0,0.0,0.4,0.1637572396098185,0.05555555555555555,0.055555555555555546,1,0,S1-494504627,S2-841861001,0
0.5352112676056338,0.5352112676056338,0.13725490196078433,0.13725490196078433,0.35185185185185186,0.0,0,0,0,0.0,0.1111111111111111,0.031827257053062975,0.0,0.0,0,0,S1-494504627,S2-352678659,0
0.5970149253731343,0.5970149253731343,0.375,0.375,0.2781456953642384,0.0,0,0,0,0.0,0.25,0.0803705328699383,0.0,0.0,1,0,S1-494504627,S2-976395886,0
0.4666666666666667,0.4666666666666667,0.13636363636363635,0.13636363636363635,0.45161290322580644,0.0,0,0,0,0.0,0.14285714285714285,0.04818965967943725,0.10526315789473684,0.10526315789473681,0,0,S1-494504627,S2-320477902,0
0.46511627906976744,0.46511627906976744,0.06896551724137931,0.06896551724137931,0.3283582089552239,0.0,0,0,0,0.0,0.1111111111111111,0.08767484314060678,0.08333333333333333,0.08333333333333334,0,0,S1-92524098,S2-565106345,0
0.33962264150943394,0.33962264150943394,0.02702702702702703,0.02702702702702703,0.38095238095238093,0.0,0,0,0,0.0,0.2222222222222222,0.16030117250634343,0.0,0.0,0,0,S1-92524098,S2-749243199,0
0.64,0.64,0.15625,0.15625,0.3,0.0,0,0,0,0.0,0.375,0.2534758844251778,0.0,0.0,1,0,S1-92524098,S2-466782421,0
0.5833333333333334,0.5833333333333334,0.16666666666666666,0.16666666666666666,0.25396825396825395,0.0,0,0,0,0.0,0.375,0.2681597208066438,0.0,0.0,0,0,S1-92524098,S2-339737852,0
0.36,0.36,0.027777777777777776,0.027777777777777776,0.3384615384615385,0.0,0,0,0,0.0,0.1,0.08052225431910531,0.0,0.0,0,0,S1-92524098,S2-188797963,0
0.4,0.4,0.08108108108108109,0.08108108108108109,0.35,0.0,0,0,0,0.0,0.14285714285714285,0.04194828268950479,0.07142857142857142,0.07142857142857142,1,0,S1-683069505,S2-393484017,0
0.35555555555555557,0.35555555555555557,0.02857142857142857,0.02857142857142857,0.38095238095238093,0.0,0,0,0,0.0,0.16666666666666666,0.05785132780817245,0.07142857142857142,0.07142857142857142,0,0,S1-683069505,S2-445378376,0
0.16216216216216217,0.16216216216216217,0.03571428571428571,0.03571428571428571,0.2777777777777778,0.0,0,0,0,0.0,0.2,0.052549457040243885,0.0,0.0,0,0,S1-683069505,S2-579572380,0
0.3333333333333333,0.3333333333333333,0.024390243902439025,0.024390243902439025,0.208955223880597,0.0,0,0,0,0.0,0.14285714285714285,0.04052888811201206,0.0,0.0,0,0,S1-683069505,S2-778020237,0
0.4230769230769231,0.4230769230769231,0.07692307692307693,0.07692307692307693,0.1891891891891892,0.0,0,0,0,0.0,0.14285714285714285,0.04591691491465247,0.0,0.0,0,0,S1-683069505,S2-29722575,0
0.4186046511627907,0.4186046511627907,0.09375,0.09375,0.18461538461538463,0.0,0,0,0,0.0,0.2,0.30843553172209714,0.0,0.0,0,0,S1-618370093,S2-934934406,0
0.5454545454545454,0.5454545454545454,0.13043478260869565,0.13043478260869565,0.24561403508771928,0.0,0,0,0,0.0,0.25,0.298006369401758,0.0,0.0,0,0,S1-618370093,S2-493584066,0
0.5142857142857142,0.5142857142857142,0.21739130434782608,0.21739130434782608,0.31746031746031744,0.0,0,0,0,0.0,0.25,0.2706657338229058,0.1,0.10000000000000002,0,0,S1-618370093,S2-192855848,0
0.45,0.45,0.1,0.1,0.29411764705882354,0.0,0,0,0,0.0,0.25,0.26578670603088467,0.0,0.0,0,0,S1-618370093,S2-576488523,0
0.41025641025641024,0.41025641025641024,0.10714285714285714,0.10714285714285714,0.3111111111111111,0.0,0,0,0,0.0,0.2,0.2542717235840481,0.0,0.0,0,0,S1-618370093,S2-172721836,0
0.34146341463414637,0.34146341463414637,0.03225806451612903,0.03225806451612903,0.3037974683544304,0.0,0,0,0,0.0,0.16666666666666666,0.06663361073121542,0.045454545454545456,0.04545454545454544,0,0,S1-259895813,S2-399800210,0
0.4,0.4,0.022727272727272728,0.022727272727272728,0.18181818181818182,0.0,0,0,0,0.0,0.14285714285714285,0.05812752958364064,0.0,0.0,0,0,S1-259895813,S2-796350554,0
0.3548387096774194,0.3548387096774194,0.02,0.02,0.192,0.0,0,0,0,0.0,0.125,0.05191972463959732,0.0,0.0,0,0,S1-259895813,S2-450319965,0
0.375,0.375,0.05555555555555555,0.05555555555555555,0.2857142857142857,0.0,0,0,0,0.0,0.16666666666666666,0.07342010470566646,0.0,0.0,0,0,S1-259895813,S2-487038569,0
0.2916666666666667,0.2916666666666667,0.05555555555555555,0.05555555555555555,0.14965986394557823,0.0,0,0,0,0.0,0.3333333333333333,0.14805212865252584,0.0,0.0,0,0,S1-259895813,S2-896696403,0
0.6060606060606061,0.6060606060606061,0.23809523809523808,0.23809523809523808,0.1891891891891892,0.0,0,0,0,0.0,0.25,0.2209446129598412,0.0,0.0,0,0,S1-584261180,S2-93466094,0
0.6857142857142857,0.6857142857142857,0.3333333333333333,0.3333333333333333,0.34375,0.0,0,0,0,0.0,0.25,0.18279294949744998,0.0,0.0,0,0,S1-584261180,S2-189064860,0
0.4186046511627907,0.4186046511627907,0.16666666666666666,0.16666666666666666,0.4117647058823529,0.0,0,0,0,0.0,0.2,0.2150961792144262,0.0,0.0,0,0,S1-584261180,S2-136538981,0
0.4186046511627907,0.4186046511627907,0.16666666666666666,0.16666666666666666,0.3225806451612903,0.0,0,0,0,0.0,0.2,0.23252101314786602,0.0,0.0,1,0,S1-584261180,S2-86129876,0
0.6206896551724138,0.6206896551724138,0.2777777777777778,0.2777777777777778,0.2,0.0,0,0,0,0.0,0.3333333333333333,0.28599125603545184,0.0,0.0,0,0,S1-584261180,S2-343655850,0
0.35555555555555557,0.35555555555555557,0.09090909090909091,0.09090909090909091,0.3492063492063492,0.0,0,0,0,0.0,0.16666666666666666,0.061919520313824375,0.0,0.0,0,0,S1-987835631,S2-936577116,0
0.5454545454545454,0.5454545454545454,0.1724137931034483,0.1724137931034483,0.29213483146067415,0.0,0,0,0,0.0,0.14285714285714285,0.15414130331498968,0.0,0.0,0,0,S1-987835631,S2-276214321,0
0.375,0.375,0.05555555555555555,0.05555555555555555,0.36923076923076925,0.0,0,0,0,0.0,0.14285714285714285,0.04086806491358326,0.0,0.0,0,0,S1-987835631,S2-228029393,0
0.5116279069767442,0.5116279069767442,0.0967741935483871,0.0967741935483871,0.23333333333333334,0.0,0,0,0,0.0,0.16666666666666666,0.055384323474182595,0.0,0.0,0,0,S1-987835631,S2-424393157,0
0.37735849056603776,0.37735849056603776,0.075,0.075,0.4,0.0,0,0,0,0.0,0.14285714285714285,0.05644834368106756,0.0,0.0,0,0,S1-987835631,S2-906864897,0
0.34285714285714286,0.34285714285714286,0.04,0.04,0.23931623931623933,0.0,0,0,0,0.0,0.16666666666666666,0.07413996688187248,0.0,0.0,0,0,S1-489876250,S2-179164897,0
0.3181818181818182,0.3181818181818182,0.029411764705882353,0.029411764705882353,0.5074626865671642,0.0,0,0,0,0.0,0.16666666666666666,0.07004247983663892,0.11764705882352941,0.1176470588235294,0,0,S1-489876250,S2-311157961,0
0.5142857142857142,0.5142857142857142,0.08333333333333333,0.08333333333333333,0.21739130434782608,0.0,0,0,0,0.0,0.16666666666666666,0.07690778465700854,0.0,0.0,0,0,S1-489876250,S2-399119404,0
0.3157894736842105,0.3157894736842105,0.03571428571428571,0.03571428571428571,0.19672131147540983,0.0,0,0,0,0.0,0.16666666666666666,0.07370647085384642,0.0,0.0,0,0,S1-489876250,S2-262617719,0
0.35294117647058826,0.35294117647058826,0.041666666666666664,0.041666666666666664,0.0,0.0,0,0,0,0.0,0.16666666666666666,0.06125657050636874,0.0,0.0,0,1,S1-489876250,S2-758802360,0
0.6,0.6,0.42857142857142855,0.42857142857142855,0.9010989010989011,1.0,1,1,3,0.0,1.0,1.0,0.8823529411764706,0.8823529411764706,0,0,S1-637471848,S2-431134024,1
0.3076923076923077,0.3076923076923077,0.07407407407407407,0.07407407407407407,0.2894736842105263,0.0,0,0,0,0.0,0.3333333333333333,0.1632782067731747,0.0,0.0,0,0,S1-637471848,S2-455750535,0
0.5384615384615384,0.5384615384615384,0.10810810810810811,0.10810810810810811,0.38571428571428573,0.0,0,0,0,0.0,0.2857142857142857,0.11099276893199927,0.09523809523809523,0.09523809523809522,0,0,S1-637471848,S2-912574749,0
0.6511627906976745,0.6511627906976745,0.13793103448275862,0.13793103448275862,0.0,0.0,0,0,0,0.0,0.3333333333333333,0.14428413839790635,0.0,0.0,0,1,S1-637471848,S2-646171294,0
0.5853658536585366,0.5853658536585366,0.14814814814814814,0.14814814814814814,0.40816326530612246,0.0,0,0,0,0.0,0.3333333333333333,0.1284768066315887,0.09090909090909091,0.09090909090909088,1,0,S1-637471848,S2-714867366,0
0.4782608695652174,0.4782608695652174,0.02857142857142857,0.02857142857142857,0.13793103448275862,0.0,0,0,0,0.0,0.14285714285714285,0.058291193514598084,0.0,0.0,0,0,S1-637471848,S2-791306545,0
0.49056603773584906,0.49056603773584906,0.16216216216216217,0.16216216216216217,0.2903225806451613,0.0,0,0,0,0.0,0.14285714285714285,0.16942449243944932,0.0,0.0,0,0,S1-618835410,S2-8881901,0
0.5357142857142857,0.5357142857142857,0.125,0.125,0.2711864406779661,0.0,0,0,0,0.0,0.125,0.1335453347172316,0.0,0.0,0,0,S1-618835410,S2-971222759,0
0.38235294117647056,0.38235294117647056,0.058823529411764705,0.058823529411764705,0.1,0.0,0,0,0,0.0,0.1,0.1311762201531947,0.0,0.0,0,0,S1-618835410,S2-139957652,0
0.5454545454545454,0.5454545454545454,0.20689655172413793,0.20689655172413793,0.3939393939393939,0.0,0,0,0,0.0,0.16666666666666666,0.1718478589402075,0.0,0.0,0,0,S1-618835410,S2-582763935,0
0.3333333333333333,0.3333333333333333,0.0967741935483871,0.0967741935483871,0.3548387096774194,0.0,0,0,0,0.0,0.2,0.19434424135091347,0.0,0.0,0,0,S1-618835410,S2-334615973,0
0.5116279069767442,0.5116279069767442,0.2222222222222222,0.2222222222222222,0.2711864406779661,0.0,0,0,0,0.0,0.16666666666666666,0.07792827328841626,0.0,0.0,0,0,S1-725757693,S2-712836200,0
0.38596491228070173,0.38596491228070173,0.14634146341463414,0.14634146341463414,0.3225806451612903,0.0,0,0,0,0.0,0.16666666666666666,0.07066908845026176,0.0,0.0,0,0,S1-725757693,S2-64021649,0
0.5925925925925926,0.5925925925925926,0.2222222222222222,0.2222222222222222,0.3050847457627119,0.0,0,0,0,0.0,0.16666666666666666,0.07684803874273095,0.0,0.0,0,0,S1-725757693,S2-381771697,0
0.44,0.44,0.21428571428571427,0.21428571428571427,0.24,0.0,0,0,0,0.0,0.2,0.08035778361253004,0.0,0.0,0,0,S1-725757693,S2-290645536,0
0.5777777777777777,0.5777777777777777,0.20689655172413793,0.20689655172413793,0.27586206896551724,0.0,0,0,0,0.0,0.16666666666666666,0.08310897869257286,0.0,0.0,0,0,S1-725757693,S2-422762174,0
0.3181818181818182,0.3181818181818182,0.02857142857142857,0.02857142857142857,0.16393442622950818,0.0,0,0,0,0.0,0.2,0.04374258889044746,0.0,0.0,1,0,S1-701320082,S2-210182979,0
0.2692307692307692,0.2692307692307692,0.024390243902439025,0.024390243902439025,0.07692307692307693,0.0,0,0,0,0.0,0.14285714285714285,0.03769929880580028,0.1111111111111111,0.11111111111111113,0,0,S1-701320082,S2-262953244,0
0.3829787234042553,0.3829787234042553,0.02702702702702703,0.02702702702702703,0.3333333333333333,0.0,0,0,0,0.0,0.2,0.05160359659965854,0.0,0.0,0,0,S1-701320082,S2-315300750,0
0.42857142857142855,0.42857142857142855,0.05,0.05,0.31746031746031744,0.0,0,0,0,0.0,0.25,0.06091089047439355,0.0,0.0,0,0,S1-701320082,S2-532558132,0
0.21428571428571427,0.21428571428571427,0.05,0.05,0.2318840579710145,0.0,0,0,0,0.0,0.25,0.06174922158805352,0.0,0.0,1,0,S1-701320082,S2-956721421,0
0.43636363636363634,0.43636363636363634,0.1282051282051282,0.1282051282051282,0.0,0.0,0,0,0,0.0,0.14285714285714285,0.048637250113436656,0.0,0.0,0,1,S1-245861569,S2-658767760,0
0.5161290322580645,0.5161290322580645,0.10416666666666667,0.10416666666666667,0.34285714285714286,0.5,1,1,2,0.0,0.16666666666666666,0.04682836342774999,0.05555555555555555,0.055555555555555546,0,0,S1-245861569,S2-290354993,0
0.41509433962264153,0.41509433962264153,0.1282051282051282,0.1282051282051282,0.23157894736842105,0.0,0,0,0,0.0,0.16666666666666666,0.04946580626118401,0.0,0.0,0,0,S1-245861569,S2-1247841,0
0.4074074074074074,0.4074074074074074,0.15789473684210525,0.15789473684210525,0.2708333333333333,0.0,0,0,0,0.0,0.14285714285714285,0.04962623447470729,0.0,0.0,0,0,S1-245861569,S2-132924524,0
0.65625,0.65625,0.3170731707317073,0.3170731707317073,0.37777777777777777,0.0,0,0,0,0.0,0.3333333333333333,0.1292994826346362,0.0,0.0,0,0,S1-245861569,S2-807608858,0
0.3404255319148936,0.3404255319148936,0.09375,0.09375,0.47058823529411764,0.0,0,0,0,0.0,0.1111111111111111,0.09253784887029887,0.08333333333333333,0.08333333333333334,0,0,S1-171670923,S2-453527740,0
0.42424242424242425,0.42424242424242425,0.13636363636363635,0.13636363636363635,0.28125,0.0,0,0,0,0.0,0.2,0.14284941588647096,0.0,0.0,0,0,S1-171670923,S2-325776971,0
0.42105263157894735,0.42105263157894735,0.11538461538461539,0.11538461538461539,0.2857142857142857,0.0,0,0,0,0.0,0.16666666666666666,0.13341827506186194,0.0,0.0,0,0,S1-171670923,S2-7377074,0
0.358974358974359,0.358974358974359,0.1111111111111111,0.1111111111111111,0.2,0.0,0,0,0,0.0,0.16666666666666666,0.1475894379725253,0.0,0.0,0,0,S1-171670923,S2-391527596,0
0.6666666666666666,0.6666666666666666,0.2222222222222222,0.2222222222222222,0.2909090909090909,0.0,0,0,0,0.0,0.2,0.1833065333296607,0.0,0.0,0,0,S1-171670923,S2-879468482,0
0.4583333333333333,0.4583333333333333,0.08571428571428572,0.08571428571428572,0.46153846153846156,0.0,0,0,0,0.0,0.16666666666666666,0.13430488528509343,0.0,0.0,0,0,S1-572464827,S2-366066563,0
0.5396825396825397,0.5396825396825397,0.18604651162790697,0.18604651162790697,0.3076923076923077,0.0,0,0,0,0.0,0.125,0.1414928952528052,0.0,0.0,1,0,S1-572464827,S2-241666879,0
0.52,0.52,0.24242424242424243,0.24242424242424243,0.22857142857142856,0.0,0,0,0,0.0,0.2,0.1416194899272996,0.0,0.0,0,0,S1-572464827,S2-81719182,0
0.2553191489361702,0.2553191489361702,0.08571428571428572,0.08571428571428572,0.2857142857142857,0.0,0,0,0,0.0,0.2,0.1560756043225205,0.0,0.0,0,0,S1-572464827,S2-849787980,0
0.47058823529411764,0.47058823529411764,0.16326530612244897,0.16326530612244897,0.16393442622950818,0.0,0,0,0,0.0,0.14285714285714285,0.08409419999282956,0.0,0.0,0,0,S1-572464827,S2-387970150,0
0.4528301886792453,0.4528301886792453,0.1282051282051282,0.1282051282051282,0.19718309859154928,0.0,0,0,0,0.0,0.16666666666666666,0.11858661084661194,0.0,0.0,1,0,S1-127636104,S2-991061340,0
0.5357142857142857,0.5357142857142857,0.11904761904761904,0.11904761904761904,0.3389830508474576,0.0,0,0,0,0.0,0.16666666666666666,0.12989102626307844,0.0,0.0,0,0,S1-127636104,S2-919996696,0
0.410958904109589,0.410958904109589,0.08771929824561403,0.08771929824561403,0.4117647058823529,0.0,0,0,0,0.0,0.125,0.10129553132601199,0.07692307692307693,0.07692307692307693,0,0,S1-127636104,S2-543959576,0
0.46153846153846156,0.46153846153846156,0.1282051282051282,0.1282051282051282,0.29333333333333333,0.0,0,0,0,0.0,0.2,0.11874137681872408,0.0,0.0,0,0,S1-127636104,S2-648509330,0
0.33962264150943394,0.33962264150943394,0.1,0.1,0.29850746268656714,0.0,0,0,0,0.0,0.16666666666666666,0.14419155218900134,0.0,0.0,0,0,S1-127636104,S2-688558596,0
0.46153846153846156,0.46153846153846156,0.13513513513513514,0.13513513513513514,0.4,0.0,0,0,0,0.0,0.14285714285714285,0.040865832613036605,0.045454545454545456,0.04545454545454544,0,0,S1-258353664,S2-700038289,0
0.5,0.5,0.13513513513513514,0.13513513513513514,0.24516129032258063,0.0,0,0,0,0.0,0.14285714285714285,0.045238476130975216,0.0,0.0,0,0,S1-258353664,S2-599530961,0
0.3835616438356164,0.3835616438356164,0.09090909090909091,0.09090909090909091,0.32432432432432434,0.0,0,0,0,0.0,0.125,0.04216971162621205,0.0,0.0,0,0,S1-258353664,S2-494464735,0
0.5161290322580645,0.5161290322580645,0.13043478260869565,0.13043478260869565,0.26356589147286824,0.25,1,1,1,0.0,0.14285714285714285,0.03993887880058245,0.0,0.0,0,0,S1-258353664,S2-471713609,0
0.37735849056603776,0.37735849056603776,0.1282051282051282,0.1282051282051282,0.24691358024691357,0.0,0,0,0,0.0,0.16666666666666666,0.05037700267228717,0.0,0.0,0,0,S1-258353664,S2-830807133,0
0.44,0.44,0.10810810810810811,0.10810810810810811,0.17857142857142858,0.0,0,0,0,0.0,0.16666666666666666,0.15907551677596904,0.0,0.0,0,0,S1-9859169,S2-741581730,0
0.5454545454545454,0.5454545454545454,0.18181818181818182,0.18181818181818182,0.2857142857142857,0.0,0,0,0,0.0,0.25,0.20723075152004267,0.0,0.0,0,0,S1-9859169,S2-249920346,0
0.32142857142857145,0.32142857142857145,0.09523809523809523,0.09523809523809523,0.45614035087719296,0.0,0,0,0,0.0,0.14285714285714285,0.13325156682755168,0.0,0.0,0,0,S1-9859169,S2-507582789,0
0.43478260869565216,0.43478260869565216,0.15625,0.15625,0.23076923076923078,0.0,0,0,0,0.0,0.16666666666666666,0.14194328530648345,0.0,0.0,0,0,S1-9859169,S2-173868402,0
0.4186046511627907,0.4186046511627907,0.12903225806451613,0.12903225806451613,0.1724137931034483,0.0,0,0,0,0.0,0.2,0.19084310698695728,0.0,0.0,0,0,S1-9859169,S2-993272739,0
0.3684210526315789,0.3684210526315789,0.034482758620689655,0.034482758620689655,0.0,0.0,0,0,0,0.0,0.2,0.19284424278362447,0.0,0.0,0,1,S1-522474081,S2-745321585,0
0.3870967741935484,0.3870967741935484,0.047619047619047616,0.047619047619047616,0.11764705882352941,0.0,0,0,0,0.0,0.16666666666666666,0.16150758730801396,0.0,0.0,0,0,S1-522474081,S2-884128173,0
0.4444444444444444,0.4444444444444444,0.05263157894736842,0.05263157894736842,0.15151515151515152,0.0,0,0,0,0.0,0.25,0.28842205651300795,0.0,0.0,0,0,S1-522474081,S2-970769379,0
0.0,0.2926829268292683,0.0,0.03225806451612903,0.13559322033898305,0.0,0,0,0,0.0,0.0,0.0,0.0,0.0,1,0,S1-522474081,S2-980657396,0
0.0,0.3870967741935484,0.0,0.045454545454545456,0.1941747572815534,0.0,0,0,0,0.0,0.0,0.0,0.0,0.0,1,0,S1-522474081,S2-384431799,0
0.3076923076923077,0.3076923076923077,0.03333333333333333,0.03333333333333333,0.2874251497005988,0.0,0,0,0,0.0,0.2,0.10153099850867996,0.043478260869565216,0.04347826086956521,0,0,S1-712393406,S2-193624059,0
0.5454545454545454,0.5454545454545454,0.041666666666666664,0.041666666666666664,0.4,0.0,0,0,0,0.0,0.2,0.11425834132869248,0.0,0.0,0,0,S1-712393406,S2-64929843,0
0.45161290322580644,0.45161290322580644,0.045454545454545456,0.045454545454545456,0.28169014084507044,0.0,0,0,0,0.0,0.2,0.10570799173630523,0.047619047619047616,0.04761904761904761,0,0,S1-712393406,S2-138557236,0
0.3225806451612903,0.3225806451612903,0.043478260869565216,0.043478260869565216,0.2956521739130435,0.0,0,0,0,0.0,0.25,0.11402928380977885,0.0,0.0,0,0,S1-712393406,S2-678858883,0
0.45714285714285713,0.45714285714285713,0.038461538461538464,0.038461538461538464,0.37383177570093457,0.0,0,0,0,0.0,0.2,0.11093600603491749,0.0,0.0,0,0,S1-712393406,S2-132583569,0
0.5185185185185185,0.5185185185185185,0.1875,0.1875,0.16470588235294117,0.0,0,0,0,0.0,0.2,0.19598646136893536,0.0,0.0,1,0,S1-481585162,S2-995919193,0
0.5,0.5,0.10714285714285714,0.10714285714285714,0.3888888888888889,0.0,0,0,0,0.0,0.16666666666666666,0.18328662007104068,0.0,0.0,0,0,S1-481585162,S2-414773243,0
0.5263157894736842,0.5263157894736842,0.11538461538461539,0.11538461538461539,0.2857142857142857,0.0,0,0,0,0.0,0.16666666666666666,0.2105812295127152,0.0,0.0,0,0,S1-481585162,S2-211082341,0
0.46153846153846156,0.46153846153846156,0.2,0.2,0.3218390804597701,0.0,0,0,0,0.0,0.2,0.20862405994987487,0.0,0.0,0,0,S1-481585162,S2-92236120,0
0.5454545454545454,0.5454545454545454,0.14285714285714285,0.14285714285714285,0.3870967741935484,0.0,0,0,0,0.0,0.16666666666666666,0.17992700611051063,0.0,0.0,0,0,S1-481585162,S2-489724928,0
0.5454545454545454,0.5454545454545454,0.6363636363636364,0.6363636363636364,0.6017699115044248,0.5,1,1,1,0.0,1.0,1.0000000000000002,0.5,0.5000000000000001,0,0,S1-365905493,S2-15671982,1
0.6153846153846154,0.6153846153846154,0.24,0.24,0.3262411347517731,0.0,0,0,0,0.0,0.2,0.20646895524613193,0.0,0.0,0,0,S1-365905493,S2-208929666,0
0.6341463414634146,0.6341463414634146,0.2222222222222222,0.2222222222222222,0.32857142857142857,0.0,0,0,0,0.0,0.2,0.2155616528922471,0.05555555555555555,0.055555555555555546,0,0,S1-365905493,S2-38897565,0
0.44,0.44,0.10810810810810811,0.10810810810810811,0.20833333333333334,0.0,0,0,0,0.0,0.16666666666666666,0.1388616073907404,0.0,0.0,0,0,S1-365905493,S2-5405243,0
0.42857142857142855,0.42857142857142855,0.09523809523809523,0.09523809523809523,0.205607476635514,0.0,0,0,0,0.0,0.14285714285714285,0.11387448320315367,0.0,0.0,0,0,S1-365905493,S2-618616165,0
0.4186046511627907,0.4186046511627907,0.13333333333333333,0.13333333333333333,0.24193548387096775,0.0,0,0,0,0.0,0.16666666666666666,0.13580623422191915,0.0,0.0,0,0,S1-365905493,S2-369468926,0
0.5454545454545454,0.5454545454545454,0.23076923076923078,0.23076923076923078,0.28346456692913385,0.0,0,0,0,0.0,0.25,0.08768440206425558,0.0,0.0,0,0,S1-830366022,S2-880799511,0
0.6176470588235294,0.6176470588235294,0.2727272727272727,0.2727272727272727,0.192090395480226,0.0,0,0,0,0.0,0.2857142857142857,0.09887897120479294,0.047619047619047616,0.04761904761904761,0,0,S1-830366022,S2-754766754,0
0.4788732394366197,0.4788732394366197,0.11320754716981132,0.11320754716981132,0.25396825396825395,0.0,0,0,0,0.0,0.125,0.05006516743817482,0.0,0.0,0,0,S1-830366022,S2-637816415,0
0.20588235294117646,0.20588235294117646,0.09803921568627451,0.09803921568627451,0.21301775147928995,0.0,0,0,0,0.0,0.125,0.04018335730737156,0.0,0.0,0,0,S1-830366022,S2-789023037,0
0.6470588235294118,0.6470588235294118,0.2727272727272727,0.2727272727272727,0.0,0.0,0,0,0,0.0,0.2857142857142857,0.10260733416941722,0.0,0.0,0,1,S1-830366022,S2-795166346,0
0.5769230769230769,0.5769230769230769,0.3125,0.3125,0.2558139534883721,0.0,0,0,0,0.0,0.3333333333333333,0.11100533117599992,0.0,0.0,1,0,S1-962784092,S2-635758705,0
0.4262295081967213,0.4262295081967213,0.2564102564102564,0.2564102564102564,0.4098360655737705,0.0,0,0,0,0.0,0.25,0.09911154180433387,0.11764705882352941,0.1176470588235294,0,0,S1-962784092,S2-861223014,0
0.5538461538461539,0.5538461538461539,0.2,0.2,0.30344827586206896,0.0,0,0,0,0.0,0.125,0.04542911857379263,0.05,0.04999999999999999,0,0,S1-962784092,S2-272109720,0
0.6896551724137931,0.6896551724137931,0.3333333333333333,0.3333333333333333,0.14893617021276595,0.0,0,0,0,0.0,0.3333333333333333,0.13655715646273958,0.0,0.0,0,0,S1-962784092,S2-874005721,0
0.6296296296296297,0.6296296296296297,0.16216216216216217,0.16216216216216217,0.43902439024390244,0.0,0,0,0,0.0,0.14285714285714285,0.04999937455890424,0.15384615384615385,0.15384615384615385,0,0,S1-962784092,S2-555998876,0
0.4727272727272727,0.4727272727272727,0.15,0.15,0.2967741935483871,0.0,0,0,0,0.0,0.16666666666666666,0.05404207185080847,0.0,0.0,0,0,S1-776613918,S2-183699168,0
0.6341463414634146,0.6341463414634146,0.17857142857142858,0.17857142857142858,0.2893081761006289,0.0,0,0,0,0.0,0.2,0.05219469739699951,0.0,0.0,0,0,S1-776613918,S2-450538091,0
0.43478260869565216,0.43478260869565216,0.15151515151515152,0.15151515151515152,0.28169014084507044,0.0,0,0,0,0.0,0.2,0.0548826300496812,0.0,0.0,0,0,S1-776613918,S2-605846251,0
0.5098039215686274,0.5098039215686274,0.1388888888888889,0.1388888888888889,0.17834394904458598,0.0,0,0,0,0.0,0.14285714285714285,0.041640133889451904,0.045454545454545456,0.04545454545454544,0,0,S1-776613918,S2-969131319,0
0.4918032786885246,0.4918032786885246,0.19047619047619047,0.19047619047619047,0.125,0.0,0,0,0,0.0,0.14285714285714285,0.04666141420167932,0.0,0.0,0,0,S1-776613918,S2-958146159,0
0.5671641791044776,0.5671641791044776,0.24390243902439024,0.24390243902439024,0.22641509433962265,0.0,0,0,0,0.0,0.3333333333333333,0.22874517812974404,0.0,0.0,0,0,S1-662501491,S2-995444276,0
0.5614035087719298,0.5614035087719298,0.1794871794871795,0.1794871794871795,0.0,0.0,0,0,0,0.0,0.125,0.05010538255199015,0.0,0.0,0,1,S1-662501491,S2-187199368,0
0.6376811594202898,0.6376811594202898,0.26666666666666666,0.26666666666666666,0.3770491803278688,0.0,0,0,0,0.0,0.2857142857142857,0.09800610779855004,0.045454545454545456,0.04545454545454544,0,0,S1-662501491,S2-359856966,0
0.42105263157894735,0.42105263157894735,0.11627906976744186,0.11627906976744186,0.3184713375796178,0.0,0,0,0,0.0,0.16666666666666666,0.07355117482762726,0.0,0.0,0,0,S1-662501491,S2-777817549,0
0.5757575757575758,0.5757575757575758,0.27906976744186046,0.27906976744186046,0.30666666666666664,0.0,0,0,0,0.0,0.2857142857142857,0.11946473276762445,0.0,0.0,0,0,S1-662501491,S2-693111456,0
0.37735849056603776,0.37735849056603776,0.023809523809523808,0.023809523809523808,0.20408163265306123,0.0,0,0,0,0.0,0.14285714285714285,0.041084750296432986,0.0,0.0,0,0,S1-683375384,S2-820757471,0
0.3111111111111111,0.3111111111111111,0.029411764705882353,0.029411764705882353,0.19047619047619047,0.0,0,0,0,0.0,0.14285714285714285,0.03693944210344949,0.0,0.0,0,0,S1-683375384,S2-249488059,0
0.5098039215686274,0.5098039215686274,0.10526315789473684,0.10526315789473684,0.24561403508771928,0.0,0,0,0,0.0,0.16666666666666666,0.047864139945988995,0.0,0.0,0,0,S1-683375384,S2-488795479,0
0.38095238095238093,0.38095238095238093,0.03125,0.03125,0.27450980392156865,0.0,0,0,0,0.0,0.16666666666666666,0.04603338383673128,0.0,0.0,0,0,S1-683375384,S2-237103523,0
0.391304347826087,0.391304347826087,0.02857142857142857,0.02857142857142857,0.38596491228070173,0.0,0,0,0,0.0,0.14285714285714285,0.036363306139977805,0.0,0.0,0,0,S1-683375384,S2-809558298,0
0.6285714285714286,0.6285714285714286,0.3157894736842105,0.3157894736842105,0.2711864406779661,0.0,0,0,0,0.0,0.25,0.21227887835933873,0.0,0.0,0,0,S1-877258361,S2-246576834,0
0.5909090909090909,0.5909090909090909,0.1935483870967742,0.1935483870967742,0.23529411764705882,0.0,0,0,0,0.0,0.25,0.2778984843957293,0.0,0.0,0,0,S1-877258361,S2-366063326,0
0.625,0.625,0.3157894736842105,0.3157894736842105,0.26666666666666666,0.0,0,0,0,0.0,0.25,0.22730924275962897,0.0,0.0,0,0,S1-877258361,S2-277858998,0
0.4,0.4,0.16666666666666666,0.16666666666666666,0.13953488372093023,0.0,0,0,0,0.0,0.2,0.2500754647971858,0.0,0.0,0,0,S1-877258361,S2-255974279,0
0.4897959183673469,0.4897959183673469,0.17142857142857143,0.17142857142857143,0.29333333333333333,0.0,0,0,0,0.0,0.2,0.24754811995464182,0.0,0.0,0,0,S1-877258361,S2-159615687,0
0.5161290322580645,0.5161290322580645,0.13333333333333333,0.13333333333333333,0.3188405797101449,0.0,0,0,0,0.0,0.125,0.049230491956598316,0.0,0.0,0,0,S1-230582109,S2-216641180,0
0.6666666666666666,0.6666666666666666,0.35294117647058826,0.35294117647058826,0.358974358974359,0.0,0,0,0,0.0,0.3333333333333333,0.12807604217337668,0.09090909090909091,0.09090909090909088,0,0,S1-230582109,S2-685663723,0
0.5,0.5,0.26666666666666666,0.26666666666666666,0.3142857142857143,0.25,1,1,1,0.0,0.2857142857142857,0.08826499631476317,0.043478260869565216,0.04347826086956521,0,0,S1-230582109,S2-295385905,0
0.4745762711864407,0.4745762711864407,0.1111111111111111,0.1111111111111111,0.2857142857142857,0.25,1,1,1,0.0,0.16666666666666666,0.06929730554357073,0.0,0.0,0,0,S1-230582109,S2-730047167,0
0.49122807017543857,0.49122807017543857,0.11904761904761904,0.11904761904761904,0.11458333333333333,0.0,0,0,0,0.0,0.14285714285714285,0.04569955649315112,0.06666666666666667,0.06666666666666664,0,0,S1-230582109,S2-942839596,0
0.42424242424242425,0.42424242424242425,0.1702127659574468,0.1702127659574468,0.2033898305084746,0.0,0,0,0,0.0,0.125,0.07677154057693142,0.0,0.0,0,0,S1-851799346,S2-867814372,0
0.39344262295081966,0.39344262295081966,0.13333333333333333,0.13333333333333333,0.3793103448275862,0.0,0,0,0,0.0,0.14285714285714285,0.12975112266643596,0.0,0.0,0,0,S1-851799346,S2-999423052,0
0.4,0.4,0.14634146341463414,0.14634146341463414,0.36666666666666664,0.0,0,0,0,0.0,0.2,0.18465749059654152,0.125,0.12500000000000003,0,0,S1-851799346,S2-520110837,0
0.4918032786885246,0.4918032786885246,0.18181818181818182,0.18181818181818182,0.1016949152542373,0.0,0,0,0,0.0,0.16666666666666666,0.09845264614631469,0.0,0.0,0,0,S1-851799346,S2-443892205,0
0.5423728813559322,0.5423728813559322,0.21951219512195122,0.21951219512195122,0.15873015873015872,0.0,0,0,0,0.0,0.16666666666666666,0.11050004001699136,0.0,0.0,0,0,S1-851799346,S2-98317827,0
0.36363636363636365,0.36363636363636365,0.06060606060606061,0.06060606060606061,0.24,0.0,0,0,0,0.0,0.16666666666666666,0.07824522070848532,0.0,0.0,0,0,S1-237597610,S2-465255548,0
0.21875,0.21875,0.04,0.04,0.2564102564102564,0.0,0,0,0,0.0,0.1111111111111111,0.05940830107266589,0.0,0.0,0,0,S1-237597610,S2-893508744,0
0.4642857142857143,0.4642857142857143,0.046511627906976744,0.046511627906976744,0.30434782608695654,0.0,0,0,0,0.0,0.125,0.06228461005514509,0.0,0.0,0,0,S1-237597610,S2-101744187,0
0.3793103448275862,0.3793103448275862,0.045454545454545456,0.045454545454545456,0.3389830508474576,0.0,0,0,0,0.0,0.1111111111111111,0.05792036257983973,0.0,0.0,0,0,S1-237597610,S2-809944101,0
0.33962264150943394,0.33962264150943394,0.05,0.05,0.17543859649122806,0.0,0,0,0,0.0,0.125,0.06326647397949743,0.0,0.0,0,0,S1-237597610,S2-811178278,0
0.8307692307692308,0.8307692307692308,0.4473684210526316,0.4473684210526316,0.22556390977443608,0.0,0,0,0,0.0,0.3333333333333333,0.10861905520293692,0.045454545454545456,0.04545454545454544,0,0,S1-136165359,S2-582843375,0
0.5901639344262295,0.5901639344262295,0.3076923076923077,0.3076923076923077,0.3310344827586207,0.0,0,0,0,0.0,0.3333333333333333,0.10819816773585096,0.041666666666666664,0.04166666666666666,0,0,S1-136165359,S2-599450774,0
0.5833333333333334,0.5833333333333334,0.40540540540540543,0.40540540540540543,0.2222222222222222,0.0,0,0,0,0.0,0.3333333333333333,0.11429525119588148,0.0,0.0,0,0,S1-136165359,S2-813303139,0
0.52,0.52,0.1388888888888889,0.1388888888888889,0.2573099415204678,0.0,0,0,0,0.0,0.2,0.06284268587986941,0.04,0.03999999999999999,0,0,S1-136165359,S2-356225934,0
0.5753424657534246,0.5753424657534246,0.21568627450980393,0.21568627450980393,0.2857142857142857,0.0,0,0,0,0.0,0.125,0.051652131083070964,0.0,0.0,0,0,S1-136165359,S2-951139927,0
0.43636363636363634,0.43636363636363634,0.022222222222222223,0.022222222222222223,0.2711864406779661,0.0,0,0,0,0.0,0.16666666666666666,0.046474174710357044,0.0,0.0,0,0,S1-171120558,S2-151631013,0
0.32653061224489793,0.32653061224489793,0.02564102564102564,0.02564102564102564,0.1951219512195122,0.0,0,0,0,0.0,0.16666666666666666,0.04696257567088683,0.0,0.0,0,0,S1-171120558,S2-691443878,0
0.2727272727272727,0.2727272727272727,0.057692307692307696,0.057692307692307696,0.37681159420289856,0.0,0,0,0,0.0,0.125,0.032824526782483994,0.08333333333333333,0.08333333333333334,0,0,S1-171120558,S2-220553568,0
0.3050847457627119,0.3050847457627119,0.020833333333333332,0.020833333333333332,0.3013698630136986,0.0,0,0,0,0.0,0.14285714285714285,0.049286509822695675,0.0,0.0,0,0,S1-171120558,S2-193401022,0
0.26229508196721313,0.26229508196721313,0.04081632653061224,0.04081632653061224,0.2962962962962963,0.0,0,0,0,0.0,0.14285714285714285,0.047316629850558393,0.0,0.0,0,0,S1-171120558,S2-466147229,0
0.41935483870967744,0.41935483870967744,0.23809523809523808,0.23809523809523808,0.3053435114503817,0.0,0,0,0,0.0,0.3333333333333333,0.11165820413810897,0.05263157894736842,0.052631578947368404,0,0,S1-861283664,S2-396752858,0
0.43636363636363634,0.43636363636363634,0.125,0.125,0.1276595744680851,0.0,0,0,0,0.0,0.14285714285714285,0.05561661050660774,0.0,0.0,0,0,S1-861283664,S2-897684307,0
0.5098039215686274,0.5098039215686274,0.16666666666666666,0.16666666666666666,0.32061068702290074,0.0,0,0,0,0.0,0.16666666666666666,0.06709844248816285,0.0,0.0,0,0,S1-861283664,S2-712031367,0
0.5245901639344263,0.5245901639344263,0.10869565217391304,0.10869565217391304,0.26785714285714285,0.0,0,0,0,0.0,0.14285714285714285,0.04164686026593929,0.0,0.0,1,0,S1-861283664,S2-849918501,0
0.4,0.4,0.20754716981132076,0.20754716981132076,0.3742690058479532,0.0,0,0,0,0.0,0.2857142857142857,0.09639315649779467,0.043478260869565216,0.04347826086956521,0,0,S1-861283664,S2-91585928,0
0.5833333333333334,0.5833333333333334,0.1568627450980392,0.1568627450980392,0.28346456692913385,0.0,0,0,0,0.0,0.125,0.05157257149243363,0.0,0.0,0,0,S1-541815651,S2-534997558,0
0.48,0.48,0.24,0.24,0.41935483870967744,0.0,0,0,0,0.0,0.2857142857142857,0.11157997271455723,0.0,0.0,0,0,S1-541815651,S2-331339262,0
0.42424242424242425,0.42424242424242425,0.1,0.1,0.1702127659574468,0.0,0,0,0,0.0,0.16666666666666666,0.054654520394646224,0.0,0.0,0,0,S1-541815651,S2-637308189,0
0.5454545454545454,0.5454545454545454,0.125,0.125,0.1925925925925926,0.0,0,0,0,0.0,0.14285714285714285,0.05631289814095411,0.0,0.0,0,0,S1-541815651,S2-46464921,0
0.40625,0.40625,0.10638297872340426,0.10638297872340426,0.37777777777777777,0.0,0,0,0,0.0,0.14285714285714285,0.05375281778558883,0.0,0.0,0,0,S1-541815651,S2-830090494,0
0.4,0.4,0.0851063829787234,0.0851063829787234,0.16091954022988506,0.0,0,0,0,0.0,0.16666666666666666,0.04983898880070222,0.0,0.0,0,0,S1-159856883,S2-659178877,0
0.1875,0.1875,0.018867924528301886,0.018867924528301886,0.34210526315789475,0.0,0,0,0,0.0,0.14285714285714285,0.0420759449436594,0.0,0.0,0,0,S1-159856883,S2-839110738,0
0.2153846153846154,0.2153846153846154,0.018867924528301886,0.018867924528301886,0.16129032258064516,0.0,0,0,0,0.0,0.125,0.04094721452051685,0.0,0.0,0,0,S1-159856883,S2-806541523,0
0.26865671641791045,0.26865671641791045,0.03636363636363636,0.03636363636363636,0.4166666666666667,0.0,0,0,0,0.0,0.14285714285714285,0.039432037337187524,0.0,0.0,0,0,S1-159856883,S2-920552216,0
0.36923076923076925,0.36923076923076925,0.018518518518518517,0.018518518518518517,0.1917808219178082,0.0,0,0,0,0.0,0.14285714285714285,0.04962360517786207,0.0,0.0,0,0,S1-159856883,S2-454623328,0
0.5333333333333333,0.5333333333333333,0.02857142857142857,0.02857142857142857,0.36363636363636365,0.0,0,0,0,0.0,0.16666666666666666,0.08044734976272858,0.0,0.0,0,0,S1-913785285,S2-19117998,0
0.48,0.48,0.05263157894736842,0.05263157894736842,0.4,0.0,0,0,0,0.0,0.14285714285714285,0.05506464002009974,0.0,0.0,0,0,S1-913785285,S2-618011259,0
0.3783783783783784,0.3783783783783784,0.03571428571428571,0.03571428571428571,0.26666666666666666,0.0,0,0,0,0.0,0.2,0.09893192350871662,0.0,0.0,0,0,S1-913785285,S2-457612732,0
0.3225806451612903,0.3225806451612903,0.045454545454545456,0.045454545454545456,0.3389830508474576,0.0,0,0,0,0.0,0.2,0.06525535812624618,0.0,0.0,0,0,S1-913785285,S2-993796353,0
0.375,0.375,0.02631578947368421,0.02631578947368421,0.4074074074074074,0.0,0,0,0,0.0,0.16666666666666666,0.06872586314868982,0.1,0.10000000000000002,0,0,S1-913785285,S2-766452226,0
0.35555555555555557,0.35555555555555557,0.10144927536231885,0.10144927536231885,0.23423423423423423,0.0,0,0,0,0.0,0.09090909090909091,0.0260005771862786,0.0,0.0,0,0,S1-145942488,S2-438482111,0
0.2608695652173913,0.2608695652173913,0.09859154929577464,0.09859154929577464,0.27906976744186046,0.0,0,0,0,0.0,0.09090909090909091,0.02409714853398349,0.0,0.0,0,0,S1-145942488,S2-65115859,0
0.5510204081632653,0.5510204081632653,0.208955223880597,0.208955223880597,0.20689655172413793,0.0,0,0,0,0.0,0.18181818181818182,0.04841895031892888,0.0,0.0,0,0,S1-145942488,S2-997165561,0
0.38202247191011235,0.38202247191011235,0.10294117647058823,0.10294117647058823,0.24742268041237114,0.0,0,0,0,0.0,0.09090909090909091,0.025509096515890072,0.0,0.0,0,0,S1-145942488,S2-251520188,0
0.4835164835164835,0.4835164835164835,0.20634920634920634,0.20634920634920634,0.18461538461538463,0.0,0,0,0,0.0,0.18181818181818182,0.04898925475535338,0.0,0.0,0,0,S1-145942488,S2-514164775,0
0.4482758620689655,0.4482758620689655,0.16666666666666666,0.16666666666666666,0.3063063063063063,0.0,0,0,0,0.0,0.16666666666666666,0.18714570509707326,0.0,0.0,0,0,S1-281993653,S2-721532220,0
0.47058823529411764,0.47058823529411764,0.13157894736842105,0.13157894736842105,0.2553191489361702,0.0,0,0,0,0.0,0.2,0.21302140483474757,0.0,0.0,0,0,S1-281993653,S2-773597859,0
0.4727272727272727,0.4727272727272727,0.18421052631578946,0.18421052631578946,0.37593984962406013,0.0,0,0,0,0.0,0.16666666666666666,0.22109052585698918,0.05,0.04999999999999999,0,0,S1-281993653,S2-78669413,0
0.37735849056603776,0.37735849056603776,0.1282051282051282,0.1282051282051282,0.22018348623853212,0.0,0,0,0,0.0,0.16666666666666666,0.17329125307855234,0.0,0.0,0,0,S1-281993653,S2-19675450,0
0.5833333333333334,0.3829787234042553,0.35714285714285715,0.21875,0.208955223880597,0.0,0,0,0,0.0,0.5,0.45483301978148444,0.0,0.0,1,0,S1-281993653,S2-825428490,0
0.13333333333333333,0.13333333333333333,0.02857142857142857,0.02857142857142857,0.19642857142857142,0.0,0,0,0,0.0,0.16666666666666666,0.07198004104569838,0.0,0.0,0,0,S1-863624803,S2-73094443,0
0.49230769230769234,0.49230769230769234,0.061224489795918366,0.061224489795918366,0.18867924528301888,0.0,0,0,0,0.0,0.1111111111111111,0.08751485712732339,0.0,0.0,0,0,S1-863624803,S2-590345547,0
0.27450980392156865,0.27450980392156865,0.025,0.025,0.3018867924528302,0.0,0,0,0,0.0,0.14285714285714285,0.058375686235757146,0.0,0.0,0,0,S1-863624803,S2-110695195,0
0.48,0.48,0.05263157894736842,0.05263157894736842,0.13675213675213677,0.0,0,0,0,0.0,0.14285714285714285,0.06603607938477325,0.0,0.0,0,0,S1-863624803,S2-148560259,0
0.3404255319148936,0.3404255319148936,0.027777777777777776,0.027777777777777776,0.21052631578947367,0.0,0,0,0,0.0,0.14285714285714285,0.07078537971279983,0.0,0.0,0,0,S1-863624803,S2-347623467,0
0.35,0.35,0.034482758620689655,0.034482758620689655,0.18461538461538463,0.0,0,0,0,0.0,0.14285714285714285,0.04790049901163434,0.0,0.0,0,0,S1-969918995,S2-193255587,0
0.45454545454545453,0.45454545454545453,0.0625,0.0625,0.3492063492063492,0.0,0,0,0,0.0,0.14285714285714285,0.05170269947594779,0.0,0.0,0,0,S1-969918995,S2-311124116,0
0.16,0.16,0.08333333333333333,0.08333333333333333,0.2711864406779661,0.0,0,0,0,0.0,0.2857142857142857,0.17094040011228082,0.0,0.0,0,0,S1-969918995,S2-547277076,0
0.18518518518518517,0.18518518518518517,0.023809523809523808,0.023809523809523808,0.28125,0.0,0,0,0,0.0,0.125,0.05107917738215024,0.0,0.0,0,0,S1-969918995,S2-730235522,0
0.42105263157894735,0.42105263157894735,0.022222222222222223,0.022222222222222223,0.3333333333333333,0.0,0,0,0,0.0,0.125,0.04633800866581882,0.0,0.0,1,0,S1-969918995,S2-433439607,0
0.3,0.3,0.0425531914893617,0.0425531914893617,0.36923076923076925,0.0,0,0,0,0.0,0.125,0.03318016738888951,0.0,0.0,0,0,S1-91999143,S2-201200740,0
0.5116279069767442,0.5116279069767442,0.030303030303030304,0.030303030303030304,0.2,0.0,0,0,0,0.0,0.16666666666666666,0.06059462436783694,0.0,0.0,0,0,S1-91999143,S2-869377102,0
0.4878048780487805,0.4878048780487805,0.03125,0.03125,0.26865671641791045,0.0,0,0,0,0.0,0.2,0.04949732256032847,0.0,0.0,0,0,S1-91999143,S2-707276645,0
0.4878048780487805,0.4878048780487805,0.03225806451612903,0.03225806451612903,0.4411764705882353,0.0,0,0,0,0.0,0.16666666666666666,0.04283002046857546,0.1111111111111111,0.11111111111111113,0,0,S1-91999143,S2-698303740,0
0.45714285714285713,0.45714285714285713,0.08333333333333333,0.08333333333333333,0.32432432432432434,0.0,0,0,0,0.0,0.16666666666666666,0.040872957140907946,0.0,0.0,0,0,S1-91999143,S2-761962325,0
0.15,0.15,0.034482758620689655,0.034482758620689655,0.25925925925925924,0.0,0,0,0,0.0,0.14285714285714285,0.05212881502121428,0.0,0.0,0,0,S1-117240365,S2-787360832,0
0.43478260869565216,0.43478260869565216,0.02857142857142857,0.02857142857142857,0.3333333333333333,0.0,0,0,0,0.0,0.14285714285714285,0.04582783922899563,0.0,0.0,0,0,S1-117240365,S2-938789544,0
0.425531914893617,0.425531914893617,0.027777777777777776,0.027777777777777776,0.2807017543859649,0.0,0,0,0,0.0,0.14285714285714285,0.051948287297309916,0.0,0.0,0,0,S1-117240365,S2-314548326,0
0.48,0.48,0.02631578947368421,0.02631578947368421,0.20408163265306123,0.0,0,0,0,0.0,0.125,0.04586953477070311,0.0,0.0,0,0,S1-117240365,S2-910128413,0
0.15789473684210525,0.15789473684210525,0.037037037037037035,0.037037037037037035,0.26666666666666666,0.0,0,0,0,0.0,0.14285714285714285,0.04747765474037492,0.0,0.0,1,0,S1-117240365,S2-855904512,0
0.4411764705882353,0.4411764705882353,0.13725490196078433,0.13725490196078433,0.30656934306569344,0.0,0,0,0,0.0,0.14285714285714285,0.057303453038231304,0.0,0.0,0,0,S1-655725251,S2-820645328,0
0.48148148148148145,0.48148148148148145,0.1282051282051282,0.1282051282051282,0.2916666666666667,0.0,0,0,0,0.0,0.16666666666666666,0.07960559926194147,0.0,0.0,0,0,S1-655725251,S2-670495973,0
0.6428571428571429,0.6428571428571429,0.1794871794871795,0.1794871794871795,0.2553191489361702,0.0,0,0,0,0.0,0.14285714285714285,0.058283081494230685,0.0,0.0,0,0,S1-655725251,S2-193955069,0
0.5846153846153846,0.5846153846153846,0.22727272727272727,0.22727272727272727,0.35036496350364965,0.0,0,0,0,0.0,0.3333333333333333,0.13497679302921403,0.0,0.0,0,0,S1-655725251,S2-846422320,0
0.6756756756756757,0.6756756756756757,0.2765957446808511,0.2765957446808511,0.24615384615384617,0.0,0,0,0,0.0,0.25,0.09064752935773135,0.0,0.0,0,0,S1-655725251,S2-555084835,0
0.4857142857142857,0.4857142857142857,0.09433962264150944,0.09433962264150944,0.0,0.0,0,0,0,0.0,0.1111111111111111,0.034548525077108476,0.0,0.0,0,1,S1-259539581,S2-9047068,0
0.5217391304347826,0.5217391304347826,0.11764705882352941,0.11764705882352941,0.16161616161616163,0.0,0,0,0,0.0,0.125,0.04396486455103987,0.0,0.0,0,0,S1-259539581,S2-141861397,0
0.24561403508771928,0.24561403508771928,0.11627906976744186,0.11627906976744186,0.13114754098360656,0.0,0,0,0,0.0,0.16666666666666666,0.054298205158267325,0.0,0.0,0,0,S1-259539581,S2-311706940,0
0.4126984126984127,0.4126984126984127,0.10638297872340426,0.10638297872340426,0.10526315789473684,0.0,0,0,0,0.0,0.125,0.03880353916537693,0.0,0.0,0,0,S1-259539581,S2-580212285,0
0.42857142857142855,0.42857142857142855,0.11538461538461539,0.11538461538461539,0.19393939393939394,0.0,0,0,0,0.0,0.1111111111111111,0.03900668688336274,0.0,0.0,0,0,S1-259539581,S2-922836128,0
0.45614035087719296,0.45614035087719296,0.045454545454545456,0.045454545454545456,0.2857142857142857,0.0,0,0,0,0.0,0.125,0.03714258519815608,0.0,0.0,0,0,S1-495498850,S2-403417882,0
0.3728813559322034,0.3728813559322034,0.0425531914893617,0.0425531914893617,0.18461538461538463,0.0,0,0,0,0.0,0.14285714285714285,0.04558770411485065,0.0,0.0,0,0,S1-495498850,S2-492913087,0
0.3018867924528302,0.3018867924528302,0.023255813953488372,0.023255813953488372,0.1,0.0,0,0,0,0.0,0.16666666666666666,0.038948971202135085,0.0,0.0,0,0,S1-495498850,S2-663452504,0
0.33962264150943394,0.33962264150943394,0.02564102564102564,0.02564102564102564,0.22535211267605634,0.0,0,0,0,0.0,0.1111111111111111,0.02977932562057114,0.0,0.0,0,0,S1-495498850,S2-964894995,0
0.3829787234042553,0.3829787234042553,0.05714285714285714,0.05714285714285714,0.23255813953488372,0.0,0,0,0,0.0,0.14285714285714285,0.04202357792552587,0.0,0.0,0,0,S1-495498850,S2-572765577,0
0.5660377358490566,0.5660377358490566,0.30303030303030304,0.30303030303030304,0.3673469387755102,0.0,0,0,0,0.0,0.3333333333333333,0.10531467050397153,0.07142857142857142,0.07142857142857142,1,0,S1-763162712,S2-635758705,0
0.7169811320754716,0.7169811320754716,0.3870967741935484,0.3870967741935484,0.25210084033613445,0.0,0,0,0,0.0,0.3333333333333333,0.12285667405150531,0.0,0.0,0,0,S1-763162712,S2-786803122,0
0.4827586206896552,0.4827586206896552,0.11904761904761904,0.11904761904761904,0.1951219512195122,0.0,0,0,0,0.0,0.14285714285714285,0.04640010225151527,0.043478260869565216,0.04347826086956521,0,0,S1-763162712,S2-544679270,0
0.6349206349206349,0.6349206349206349,0.3076923076923077,0.3076923076923077,0.15384615384615385,0.0,0,0,0,0.0,0.25,0.08967385717730209,0.05,0.04999999999999999,0,0,S1-763162712,S2-858206134,0
0.6666666666666666,0.6666666666666666,0.34285714285714286,0.34285714285714286,0.2537313432835821,0.0,0,0,0,0.0,0.3333333333333333,0.11176139124977302,0.05263157894736842,0.052631578947368404,0,0,S1-763162712,S2-669135506,0
0.34146341463414637,0.34146341463414637,0.03225806451612903,0.03225806451612903,0.31746031746031744,0.0,0,0,0,0.0,0.16666666666666666,0.06056657273148849,0.1,0.10000000000000002,0,0,S1-212572135,S2-695136306,0
0.358974358974359,0.358974358974359,0.034482758620689655,0.034482758620689655,0.16129032258064516,0.0,0,0,0,0.0,0.16666666666666666,0.0814236280134197,0.0,0.0,0,0,S1-212572135,S2-417927717,0
0.34615384615384615,0.34615384615384615,0.024390243902439025,0.024390243902439025,0.3548387096774194,0.0,0,0,0,0.0,0.14285714285714285,0.05362128829460582,0.0,0.0,0,0,S1-212572135,S2-153723562,0
0.2857142857142857,0.2857142857142857,0.023255813953488372,0.023255813953488372,0.2857142857142857,0.0,0,0,0,0.0,0.125,0.05193464283235712,0.0,0.0,1,0,S1-212572135,S2-622196962,0
0.4117647058823529,0.4117647058823529,0.041666666666666664,0.041666666666666664,0.39436619718309857,0.0,0,0,0,0.0,0.16666666666666666,0.06251447773920636,0.18181818181818182,0.18181818181818185,0,0,S1-212572135,S2-850751886,0
0.5128205128205128,0.5128205128205128,0.14814814814814814,0.14814814814814814,0.27184466019417475,0.0,0,0,0,0.0,0.2,0.19156361228615762,0.0,0.0,0,0,S1-545777702,S2-365506583,0
0.35555555555555557,0.35555555555555557,0.125,0.125,0.2956521739130435,0.0,0,0,0,0.0,0.16666666666666666,0.18675423108041952,0.0,0.0,0,0,S1-545777702,S2-473761277,0
0.35294117647058826,0.35294117647058826,0.17391304347826086,0.17391304347826086,0.358974358974359,0.0,0,0,0,0.0,0.25,0.23906323312142116,0.045454545454545456,0.04545454545454544,0,0,S1-545777702,S2-774957463,0
0.35294117647058826,0.35294117647058826,0.17391304347826086,0.17391304347826086,0.2692307692307692,0.0,0,0,0,0.0,0.25,0.21532037239686658,0.06666666666666667,0.06666666666666667,0,0,S1-545777702,S2-972853605,0
0.41025641025641024,0.41025641025641024,0.2,0.2,0.0,0.0,0,0,0,0.0,0.2,0.16356209365108001,0.0,0.0,0,1,S1-545777702,S2-415551592,0
0.3111111111111111,0.3111111111111111,0.125,0.125,0.18181818181818182,0.0,0,0,0,0.0,0.16666666666666666,0.187120433849188,0.0,0.0,0,0,S1-407554487,S2-155123038,0
0.5833333333333334,0.5833333333333334,0.2,0.2,0.26,0.5,1,1,1,0.0,0.3333333333333333,0.24511234757817882,0.0,0.0,0,0,S1-407554487,S2-60581228,0
0.42424242424242425,0.42424242424242425,0.13043478260869565,0.13043478260869565,0.0,0.0,0,0,0,0.0,0.25,0.20017331132781402,0.0,0.0,0,1,S1-407554487,S2-90768998,0
0.6923076923076923,0.6923076923076923,0.26666666666666666,0.26666666666666666,0.3333333333333333,0.0,0,0,0,0.0,0.25,0.20623160411590977,0.0625,0.06249999999999999,0,0,S1-407554487,S2-166569232,0
0.42857142857142855,0.42857142857142855,0.1,0.1,0.2677165354330709,0.0,0,0,0,0.0,0.2,0.21360968759469087,0.0,0.0,0,0,S1-407554487,S2-996952098,0
0.5909090909090909,0.5909090909090909,0.2857142857142857,0.2857142857142857,0.18518518518518517,0.0,0,0,0,0.0,0.25,0.19638144173657784,0.0,0.0,0,0,S1-534279288,S2-469696883,0
0.463768115942029,0.463768115942029,0.1568627450980392,0.1568627450980392,0.16296296296296298,0.0,0,0,0,0.0,0.14285714285714285,0.10773355516306105,0.0,0.0,0,0,S1-534279288,S2-252291466,0
0.5365853658536586,0.5365853658536586,0.1,0.1,0.2318840579710145,0.0,0,0,0,0.0,0.2,0.24277410482997536,0.0,0.0,0,0,S1-534279288,S2-757461644,0
0.5263157894736842,0.5263157894736842,0.2,0.2,0.25742574257425743,0.0,0,0,0,0.0,0.16666666666666666,0.10995385167325794,0.0,0.0,0,0,S1-534279288,S2-803893792,0
0.4482758620689655,0.4482758620689655,0.06818181818181818,0.06818181818181818,0.2773722627737226,0.0,0,0,0,0.0,0.125,0.16766082328191578,0.0,0.0,0,0,S1-534279288,S2-968059458,0
0.4528301886792453,0.4528301886792453,0.1282051282051282,0.1282051282051282,0.2972972972972973,0.0,0,0,0,0.0,0.16666666666666666,0.04640746474541686,0.0,0.0,0,0,S1-727274165,S2-771907627,0
0.78125,0.78125,0.42105263157894735,0.42105263157894735,0.0,0.0,0,0,0,0.0,0.3333333333333333,0.10095223256991473,0.0,0.0,0,1,S1-727274165,S2-748328771,0
0.42105263157894735,0.42105263157894735,0.11627906976744186,0.11627906976744186,0.22058823529411764,0.0,0,0,0,0.0,0.16666666666666666,0.048475049318205406,0.0,0.0,0,0,S1-727274165,S2-322305108,0
0.7123287671232876,0.7123287671232876,0.2857142857142857,0.2857142857142857,0.2882882882882883,0.0,0,0,0,0.0,0.3333333333333333,0.08934365565485453,0.058823529411764705,0.0588235294117647,0,0,S1-727274165,S2-416915751,0
0.5483870967741935,0.5483870967741935,0.15217391304347827,0.15217391304347827,0.2695035460992908,0.0,0,0,0,0.0,0.16666666666666666,0.05284552254395749,0.047619047619047616,0.04761904761904761,0,0,S1-727274165,S2-925719694,0
0.3888888888888889,0.3888888888888889,0.037037037037037035,0.037037037037037035,0.2631578947368421,0.0,0,0,0,0.0,0.2,0.06346899978101318,0.0,0.0,0,0,S1-379302553,S2-212382171,0
0.23255813953488372,0.23255813953488372,0.03125,0.03125,0.3384615384615385,0.0,0,0,0,0.0,0.14285714285714285,0.041201543548575345,0.0,0.0,1,0,S1-379302553,S2-943137382,0
0.37209302325581395,0.37209302325581395,0.030303030303030304,0.030303030303030304,0.27692307692307694,0.0,0,0,0,0.0,0.16666666666666666,0.061628495125746294,0.0,0.0,0,0,S1-379302553,S2-557977478,0
0.4,0.4,0.038461538461538464,0.038461538461538464,0.5633802816901409,0.0,0,0,0,0.0,0.2,0.05888754643996501,0.1,0.10000000000000002,0,0,S1-379302553,S2-595920649,0
0.5,0.5,0.05263157894736842,0.05263157894736842,0.2631578947368421,0.0,0,0,0,0.0,0.2,0.05630907631681738,0.0,0.0,0,0,S1-379302553,S2-65481058,0
0.5,0.5,0.1590909090909091,0.1590909090909091,0.2222222222222222,0.0,0,0,0,0.0,0.16666666666666666,0.08932173576131319,0.0,0.0,0,0,S1-927703724,S2-183612618,0
0.4666666666666667,0.4666666666666667,0.13636363636363635,0.13636363636363635,0.22784810126582278,0.0,0,0,0,0.0,0.16666666666666666,0.09415434648921771,0.0,0.0,0,0,S1-927703724,S2-409425563,0
0.6071428571428571,0.6071428571428571,0.14634146341463414,0.14634146341463414,0.13333333333333333,0.0,0,0,0,0.0,0.16666666666666666,0.09974686297140961,0.0,0.0,0,0,S1-927703724,S2-204484566,0
0.6153846153846154,0.6153846153846154,0.16216216216216217,0.16216216216216217,0.18181818181818182,0.0,0,0,0,0.0,0.16666666666666666,0.08931385657983046,0.0,0.0,0,0,S1-927703724,S2-764297223,0
0.4411764705882353,0.4411764705882353,0.1702127659574468,0.1702127659574468,0.10714285714285714,0.0,0,0,0,0.0,0.16666666666666666,0.09885059521595517,0.0,0.0,0,0,S1-927703724,S2-866650875,0
0.5,0.5,0.1111111111111111,0.1111111111111111,0.21052631578947367,0.0,0,0,0,0.0,0.2,0.24031351021294292,0.0,0.0,0,0,S1-757216136,S2-452771819,0
0.5384615384615384,0.5384615384615384,0.1111111111111111,0.1111111111111111,0.3103448275862069,0.0,0,0,0,0.0,0.3333333333333333,0.3153019260828336,0.0,0.0,0,0,S1-757216136,S2-769998546,0
0.6363636363636364,0.6363636363636364,0.3333333333333333,0.3333333333333333,0.4,0.0,0,0,0,0.0,0.3333333333333333,0.3117602356895667,0.0,0.0,0,0,S1-757216136,S2-633608410,0
0.5333333333333333,0.5333333333333333,0.21052631578947367,0.21052631578947367,0.2,0.0,0,0,0,0.0,0.25,0.29421400024999694,0.0,0.0,0,0,S1-757216136,S2-958321123,0
0.46153846153846156,0.46153846153846156,0.15384615384615385,0.15384615384615385,0.14035087719298245,0.0,0,0,0,0.0,0.2,0.2238911023725883,0.0,0.0,0,0,S1-757216136,S2-765531481,0
0.3684210526315789,0.3684210526315789,0.04,0.04,0.2033898305084746,0.0,0,0,0,0.0,0.125,0.0374281121177196,0.0,0.0,0,0,S1-594157566,S2-662746302,0
0.2702702702702703,0.2702702702702703,0.037037037037037035,0.037037037037037035,0.2903225806451613,0.0,0,0,0,0.0,0.16666666666666666,0.04807229337618715,0.0,0.0,0,0,S1-594157566,S2-998543917,0
0.2692307692307692,0.2692307692307692,0.024390243902439025,0.024390243902439025,0.11538461538461539,0.0,0,0,0,0.0,0.14285714285714285,0.047987020090064204,0.0,0.0,0,0,S1-594157566,S2-821320066,0
0.33962264150943394,0.33962264150943394,0.023809523809523808,0.023809523809523808,0.26229508196721313,0.0,0,0,0,0.0,0.14285714285714285,0.046006962242706693,0.1,0.10000000000000002,1,0,S1-594157566,S2-503763049,0
0.18604651162790697,0.18604651162790697,0.03125,0.03125,0.18518518518518517,0.0,0,0,0,0.0,0.14285714285714285,0.04105242841639462,0.0,0.0,0,0,S1-594157566,S2-868475778,0
0.46153846153846156,0.46153846153846156,0.13157894736842105,0.13157894736842105,0.24390243902439024,0.0,0,0,0,0.0,0.16666666666666666,0.07110711317174004,0.0,0.0,0,0,S1-475564329,S2-978232132,0
0.41975308641975306,0.41975308641975306,0.09375,0.09375,0.192,0.0,0,0,0,0.0,0.125,0.04897790076341065,0.0,0.0,0,0,S1-475564329,S2-899345907,0
0.5,0.5,0.15,0.15,0.5,0.0,0,0,0,0.0,0.16666666666666666,0.05485181280394757,0.16666666666666666,0.16666666666666666,0,0,S1-475564329,S2-277327715,0
0.6521739130434783,0.6521739130434783,0.22580645161290322,0.22580645161290322,0.20512820512820512,0.0,0,0,0,0.0,0.2,0.06000530008007112,0.0,0.0,0,0,S1-475564329,S2-205777991,0
0.43636363636363634,0.43636363636363634,0.12195121951219512,0.12195121951219512,0.42857142857142855,0.0,0,0,0,0.0,0.16666666666666666,0.05754102023122023,0.0625,0.06249999999999999,0,0,S1-475564329,S2-134214424,0
0.3333333333333333,0.3333333333333333,0.038461538461538464,0.038461538461538464,0.2857142857142857,0.0,0,0,0,0.0,0.16666666666666666,0.05339938648376908,0.0,0.0,0,0,S1-404725425,S2-977694963,0
0.4090909090909091,0.4090909090909091,0.030303030303030304,0.030303030303030304,0.10526315789473684,0.0,0,0,0,0.0,0.14285714285714285,0.0443242030864599,0.0,0.0,0,0,S1-404725425,S2-189016499,0
0.3684210526315789,0.3684210526315789,0.03571428571428571,0.03571428571428571,0.37735849056603776,0.0,0,0,0,0.0,0.16666666666666666,0.057626732137418375,0.0,0.0,0,0,S1-404725425,S2-390456470,0
0.4444444444444444,0.4444444444444444,0.08,0.08,0.2857142857142857,0.0,0,0,0,0.0,0.16666666666666666,0.05168081037741153,0.0,0.0,0,0,S1-404725425,S2-423051159,0
0.16666666666666666,0.16666666666666666,0.037037037037037035,0.037037037037037035,0.3076923076923077,0.0,0,0,0,0.0,0.2,0.059614650254726516,0.0,0.0,0,0,S1-404725425,S2-523599272,0
0.4444444444444444,0.4444444444444444,0.12121212121212122,0.12121212121212122,0.30927835051546393,0.0,0,0,0,0.0,0.2,0.09832429972394885,0.0,0.0,0,0,S1-204919619,S2-378124233,0
0.5,0.5,0.08,0.08,0.2826086956521739,0.0,0,0,0,0.0,0.14285714285714285,0.08745416770335433,0.07142857142857142,0.07142857142857142,0,0,S1-204919619,S2-957317794,0
0.2318840579710145,0.2318840579710145,0.07547169811320754,0.07547169811320754,0.3380281690140845,0.0,0,0,0,0.0,0.1111111111111111,0.08931986231023173,0.0,0.0,0,0,S1-204919619,S2-848234498,0
0.56,0.56,0.17142857142857143,0.17142857142857143,0.16161616161616163,0.0,0,0,0,0.0,0.16666666666666666,0.0829814831215313,0.0,0.0,0,0,S1-204919619,S2-52324799,0
0.42857142857142855,0.42857142857142855,0.09523809523809523,0.09523809523809523,0.23076923076923078,0.0,0,0,0,0.0,0.14285714285714285,0.06905124163914717,0.05,0.04999999999999999,1,0,S1-204919619,S2-211221701,0
0.3076923076923077,0.3076923076923077,0.034482758620689655,0.034482758620689655,0.23728813559322035,0.0,0,0,0,0.0,0.16666666666666666,0.049495321335600036,0.0,0.0,0,0,S1-987849454,S2-777985554,0
0.18461538461538463,0.18461538461538463,0.019230769230769232,0.019230769230769232,0.29508196721311475,0.0,0,0,0,0.0,0.1111111111111111,0.04197540450573128,0.0,0.0,0,0,S1-987849454,S2-768677445,0
0.38596491228070173,0.38596491228070173,0.022222222222222223,0.022222222222222223,0.1935483870967742,0.0,0,0,0,0.0,0.125,0.038606986958568325,0.0,0.0,0,0,S1-987849454,S2-183793905,0
0.43137254901960786,0.43137254901960786,0.025,0.025,0.23529411764705882,0.0,0,0,0,0.0,0.14285714285714285,0.043706885444757315,0.0,0.0,0,0,S1-987849454,S2-367611561,0
0.24,0.24,0.02564102564102564,0.02564102564102564,0.2318840579710145,0.0,0,0,0,0.0,0.14285714285714285,0.05205676089444903,0.0,0.0,0,0,S1-987849454,S2-511714565,0
0.4117647058823529,0.4117647058823529,0.041666666666666664,0.041666666666666664,0.4266666666666667,0.0,0,0,0,0.0,0.16666666666666666,0.05087589613976546,0.0,0.0,0,0,S1-821289455,S2-418555965,0
0.40816326530612246,0.40816326530612246,0.02702702702702703,0.02702702702702703,0.1951219512195122,0.0,0,0,0,0.0,0.125,0.03910353325411511,0.0,0.0,0,0,S1-821289455,S2-431726319,0
0.5098039215686274,0.5098039215686274,0.02564102564102564,0.02564102564102564,0.3835616438356164,0.0,0,0,0,0.0,0.125,0.048403937272221996,0.0,0.0,0,0,S1-821289455,S2-618085534,0
0.11538461538461539,0.11538461538461539,0.025,0.025,0.29411764705882354,0.0,0,0,0,0.0,0.14285714285714285,0.046843797647150735,0.0,0.0,0,0,S1-821289455,S2-283306593,0
0.41379310344827586,0.41379310344827586,0.045454545454545456,0.045454545454545456,0.28205128205128205,0.0,0,0,0,0.0,0.1111111111111111,0.03612109050006976,0.0,0.0,0,0,S1-821289455,S2-41297531,0
0.5423728813559322,0.5423728813559322,0.13953488372093023,0.13953488372093023,0.0,0.0,0,0,0,0.0,0.14285714285714285,0.059440381106880734,0.0,0.0,0,1,S1-461233189,S2-220379378,0
0.625,0.625,0.2857142857142857,0.2857142857142857,0.26666666666666666,0.0,0,0,0,0.0,0.3333333333333333,0.11225054713405662,0.0,0.0,0,0,S1-461233189,S2-557817036,0
0.7017543859649122,0.7017543859649122,0.35294117647058826,0.35294117647058826,0.37142857142857144,0.0,0,0,0,0.0,0.3333333333333333,0.1114482336093927,0.18181818181818182,0.18181818181818185,0,0,S1-461233189,S2-345172295,0
0.5797101449275363,0.5797101449275363,0.2608695652173913,0.2608695652173913,0.26666666666666666,0.0,0,0,0,0.0,0.2857142857142857,0.10512380099544107,0.0,0.0,0,0,S1-461233189,S2-39633913,0
0.5714285714285714,0.5714285714285714,0.21621621621621623,0.21621621621621623,0.3181818181818182,0.0,0,0,0,0.0,0.3333333333333333,0.18601276301653819,0.09090909090909091,0.09090909090909088,0,0,S1-461233189,S2-404576751,0
0.5507246376811594,0.5507246376811594,0.26666666666666666,0.26666666666666666,0.20930232558139536,0.0,0,0,0,0.0,0.25,0.09598516704107586,0.0,0.0,0,0,S1-288254418,S2-992401374,0
0.711864406779661,0.711864406779661,0.34285714285714286,0.34285714285714286,0.5116279069767442,0.0,0,0,0,0.0,0.2857142857142857,0.10073973510972485,0.16666666666666666,0.16666666666666666,0,0,S1-288254418,S2-495319352,0
0.5614035087719298,0.5614035087719298,0.11904761904761904,0.11904761904761904,0.275,0.0,0,0,0,0.0,0.14285714285714285,0.05000893641430432,0.037037037037037035,0.03703703703703702,1,0,S1-288254418,S2-961901797,0
0.6470588235294118,0.6470588235294118,0.26666666666666666,0.26666666666666666,0.24817518248175183,0.0,0,0,0,0.0,0.2857142857142857,0.08815852497600699,0.047619047619047616,0.04761904761904761,0,0,S1-288254418,S2-975474016,0
0.5217391304347826,0.5217391304347826,0.21739130434782608,0.21739130434782608,0.31446540880503143,0.0,0,0,0,0.0,0.1111111111111111,0.03888176514766731,0.04,0.03999999999999999,0,0,S1-288254418,S2-940534622,0
0.4897959183673469,0.4897959183673469,0.05405405405405406,0.05405405405405406,0.1702127659574468,0.0,0,0,0,0.0,0.14285714285714285,0.1969510693707708,0.0,0.0,0,0,S1-252743528,S2-528474928,0
0.5357142857142857,0.5357142857142857,0.23684210526315788,0.23684210526315788,0.36,0.0,0,0,0,0.0,0.16666666666666666,0.1647398949166822,0.0,0.0,0,0,S1-252743528,S2-528845891,0
0.0,0.3103448275862069,0.0,0.021739130434782608,0.3392857142857143,0.0,0,0,0,0.0,0.0,0.0,0.0,0.0,1,0,S1-252743528,S2-519859158,0
0.6285714285714286,0.6285714285714286,0.038461538461538464,0.038461538461538464,0.34965034965034963,0.0,0,0,0,0.0,0.2,0.10901056478755686,0.045454545454545456,0.04545454545454544,0,0,S1-252743528,S2-329297144,0
0.44776119402985076,0.44776119402985076,0.19148936170212766,0.19148936170212766,0.26229508196721313,0.0,0,0,0,0.0,0.125,0.12418730710142,0.0,0.0,0,0,S1-252743528,S2-225331080,0
0.45161290322580644,0.45161290322580644,0.09090909090909091,0.09090909090909091,0.2631578947368421,0.0,0,0,0,0.0,0.25,0.15020344402476798,0.0,0.0,1,0,S1-894321687,S2-3133452,0
0.26666666666666666,0.26666666666666666,0.06382978723404255,0.06382978723404255,0.20689655172413793,0.0,0,0,0,0.0,0.14285714285714285,0.09422365768445769,0.0,0.0,0,0,S1-894321687,S2-615224877,0
0.34146341463414637,0.34146341463414637,0.07142857142857142,0.07142857142857142,0.1487603305785124,0.0,0,0,0,0.0,0.2,0.13684726233873992,0.0,0.0,0,0,S1-894321687,S2-746271686,0
0.34285714285714286,0.34285714285714286,0.07692307692307693,0.07692307692307693,0.2033898305084746,0.0,0,0,0,0.0,0.1111111111111111,0.08190555283286337,0.0,0.0,0,0,S1-894321687,S2-580454269,0
0.4489795918367347,0.4489795918367347,0.14705882352941177,0.14705882352941177,0.2714285714285714,0.0,0,0,0,0.0,0.14285714285714285,0.12536129782446806,0.0,0.0,0,0,S1-894321687,S2-433545477,0
0.4528301886792453,0.4528301886792453,0.1282051282051282,0.1282051282051282,0.2620689655172414,0.0,0,0,0,0.0,0.16666666666666666,0.05078991240701447,0.0,0.0,0,0,S1-936282065,S2-918602707,0
0.4,0.4,0.1388888888888889,0.1388888888888889,0.26666666666666666,0.0,0,0,0,0.0,0.16666666666666666,0.06645828061889049,0.0,0.0,0,0,S1-936282065,S2-289385122,0
0.5,0.5,0.24390243902439024,0.24390243902439024,0.06299212598425197,0.0,0,0,0,0.0,0.16666666666666666,0.05361161611282875,0.0,0.0,0,0,S1-936282065,S2-122920933,0
0.5964912280701754,0.5964912280701754,0.34285714285714286,0.34285714285714286,0.2191780821917808,0.0,0,0,0,0.0,0.3333333333333333,0.11924459730851322,0.038461538461538464,0.03846153846153845,0,0,S1-936282065,S2-393940498,0
0.4827586206896552,0.4827586206896552,0.2631578947368421,0.2631578947368421,0.18840579710144928,0.0,0,0,0,0.0,0.3333333333333333,0.1257824512323204,0.0,0.0,0,0,S1-936282065,S2-906898057,0
0.34615384615384615,0.34615384615384615,0.10526315789473684,0.10526315789473684,0.19672131147540983,0.0,0,0,0,0.0,0.16666666666666666,0.12193962542965138,0.0,0.0,0,0,S1-962727661,S2-812236132,0
0.5,0.5,0.15151515151515152,0.15151515151515152,0.35294117647058826,0.0,0,0,0,0.0,0.16666666666666666,0.18141246843674058,0.0,0.0,0,0,S1-962727661,S2-998211272,0
0.2807017543859649,0.2807017543859649,0.09523809523809523,0.09523809523809523,0.23880597014925373,0.0,0,0,0,0.0,0.14285714285714285,0.10021078074988242,0.0,0.0,0,0,S1-962727661,S2-651409686,0
0.35294117647058826,0.35294117647058826,0.14285714285714285,0.14285714285714285,0.3225806451612903,0.0,0,0,0,0.0,0.14285714285714285,0.13910608928053186,0.0,0.0,0,0,S1-962727661,S2-928507929,0
0.5,0.5,0.11764705882352941,0.11764705882352941,0.38095238095238093,0.0,0,0,0,0.0,0.16666666666666666,0.10857094521591244,0.09090909090909091,0.09090909090909093,0,0,S1-962727661,S2-880171202,0
0.4,0.4,0.1111111111111111,0.1111111111111111,0.27956989247311825,0.0,0,0,0,0.0,0.14285714285714285,0.05697903880292241,0.0,0.0,0,0,S1-748540962,S2-746386858,0
0.6075949367088608,0.6075949367088608,0.24074074074074073,0.24074074074074073,0.2077922077922078,0.0,0,0,0,0.0,0.25,0.0842303206240421,0.0,0.0,1,0,S1-748540962,S2-298390170,0
0.5588235294117647,0.5588235294117647,0.14285714285714285,0.14285714285714285,0.2222222222222222,0.0,0,0,0,0.0,0.125,0.056462844587427674,0.0,0.0,0,0,S1-748540962,S2-918671320,0
0.4,0.4,0.08196721311475409,0.08196721311475409,0.1702127659574468,0.0,0,0,0,0.0,0.1111111111111111,0.04052964104305382,0.0,0.0,0,0,S1-748540962,S2-581249854,0
0.5970149253731343,0.5970149253731343,0.2727272727272727,0.2727272727272727,0.25,0.0,0,0,0,0.0,0.2857142857142857,0.10388788318921469,0.0,0.0,0,0,S1-748540962,S2-328764829,0
0.36923076923076925,0.36923076923076925,0.1,0.1,0.29850746268656714,0.0,0,0,0,0.0,0.14285714285714285,0.12892452145774413,0.0,0.0,0,0,S1-808456108,S2-611065813,0
0.6818181818181818,0.6818181818181818,0.27586206896551724,0.27586206896551724,0.2807017543859649,0.0,0,0,0,0.0,0.25,0.2914683958511025,0.0,0.0,0,0,S1-808456108,S2-607323171,0
0.48148148148148145,0.48148148148148145,0.1282051282051282,0.1282051282051282,0.14705882352941177,0.0,0,0,0,0.0,0.16666666666666666,0.19273221872177945,0.0,0.0,0,0,S1-808456108,S2-627151925,0
0.6060606060606061,0.6060606060606061,0.22727272727272727,0.22727272727272727,0.37142857142857144,0.0,0,0,0,0.0,0.3333333333333333,0.3236092201404385,0.0,0.0,0,0,S1-808456108,S2-84686241,0
0.5098039215686274,0.5098039215686274,0.15151515151515152,0.15151515151515152,0.0,0.0,0,0,0,0.0,0.25,0.17335283245903405,0.0,0.0,0,1,S1-808456108,S2-653469113,0
0.56,0.56,0.17142857142857143,0.17142857142857143,0.4727272727272727,0.0,0,0,0,0.0,0.2,0.11904886446720662,0.0,0.0,0,0,S1-220899874,S2-694504644,0
0.37209302325581395,0.37209302325581395,0.20689655172413793,0.20689655172413793,0.07407407407407407,0.0,0,0,0,0.0,0.2,0.10504754493192295,0.0,0.0,0,0,S1-220899874,S2-949095820,0
0.5555555555555556,0.5555555555555556,0.11538461538461539,0.11538461538461539,0.27586206896551724,0.0,0,0,0,0.0,0.25,0.32209512078419616,0.0,0.0,0,0,S1-220899874,S2-531501591,0
0.5652173913043478,0.5652173913043478,0.1875,0.1875,0.2047244094488189,0.0,0,0,0,0.0,0.2,0.10360220425085408,0.0,0.0,0,0,S1-220899874,S2-497844461,0
0.5769230769230769,0.5769230769230769,0.15789473684210525,0.15789473684210525,0.3103448275862069,0.0,0,0,0,0.0,0.2,0.1112950453555697,0.0,0.0,0,0,S1-220899874,S2-628959348,0
0.3170731707317073,0.3170731707317073,0.03225806451612903,0.03225806451612903,0.13559322033898305,0.0,0,0,0,0.0,0.1,0.0411496233951564,0.0,0.0,0,0,S1-942449735,S2-136399487,0
0.4262295081967213,0.4262295081967213,0.044444444444444446,0.044444444444444446,0.19718309859154928,0.0,0,0,0,0.0,0.14285714285714285,0.07646484545458093,0.0,0.0,1,0,S1-942449735,S2-592291210,0
0.3235294117647059,0.3235294117647059,0.02,0.02,0.16774193548387098,0.0,0,0,0,0.0,0.125,0.062345281859261886,0.0,0.0,0,0,S1-942449735,S2-936882897,0
0.39285714285714285,0.39285714285714285,0.10810810810810811,0.10810810810810811,0.29015544041450775,0.0,0,0,0,0.0,0.2857142857142857,0.14900473780708698,0.03125,0.031249999999999986,0,0,S1-942449735,S2-686074965,0
0.23333333333333334,0.23333333333333334,0.046511627906976744,0.046511627906976744,0.15602836879432624,0.0,0,0,0,0.0,0.125,0.061968901756015854,0.0,0.0,0,0,S1-942449735,S2-121603435,0
0.39285714285714285,0.39285714285714285,0.14285714285714285,0.14285714285714285,0.0,0.0,0,0,0,0.0,0.2,0.18135473570679886,0.0,0.0,0,1,S1-908845594,S2-246585297,0
0.4727272727272727,0.4727272727272727,0.15,0.15,0.10619469026548672,0.0,0,0,0,0.0,0.16666666666666666,0.1576412592678175,0.0,0.0,0,0,S1-908845594,S2-22248420,0
0.5,0.5,0.17142857142857143,0.17142857142857143,0.23300970873786409,0.0,0,0,0,0.0,0.25,0.19475603554076795,0.0,0.0,0,0,S1-908845594,S2-84839195,0
0.49056603773584906,0.49056603773584906,0.15384615384615385,0.15384615384615385,0.12,0.0,0,0,0,0.0,0.2,0.15950152743110887,0.0,0.0,0,0,S1-908845594,S2-78644826,0
0.5652173913043478,0.5652173913043478,0.1875,0.1875,0.1553398058252427,0.0,0,0,0,0.0,0.2,0.17437295984173978,0.0,0.0,0,0,S1-908845594,S2-900518000,0
0.4444444444444444,0.4444444444444444,0.12,0.12,0.2727272727272727,0.0,0,0,0,0.0,0.2,0.11226848858614147,0.0,0.0,0,0,S1-494307520,S2-978640838,0
0.18518518518518517,0.18518518518518517,0.07317073170731707,0.07317073170731707,0.17647058823529413,0.0,0,0,0,0.0,0.14285714285714285,0.0908045108424921,0.0,0.0,0,0,S1-494307520,S2-602394487,0
0.45901639344262296,0.45901639344262296,0.125,0.125,0.2,0.0,0,0,0,0.0,0.16666666666666666,0.10369998523002653,0.0,0.0,0,0,S1-494307520,S2-436994539,0
0.46153846153846156,0.46153846153846156,0.10714285714285714,0.10714285714285714,0.1935483870967742,0.0,0,0,0,0.0,0.2,0.1013728745967389,0.0,0.0,0,0,S1-494307520,S2-960818749,0
0.37037037037037035,0.37037037037037035,0.11428571428571428,0.11428571428571428,0.17094017094017094,0.0,0,0,0,0.0,0.16666666666666666,0.10449368084513057,0.0,0.0,0,0,S1-494307520,S2-497898664,0
0.26229508196721313,0.26229508196721313,0.020833333333333332,0.020833333333333332,0.21428571428571427,0.0,0,0,0,0.0,0.1111111111111111,0.03307553296602902,0.0,0.0,0,0,S1-816640916,S2-389205277,0
0.34285714285714286,0.34285714285714286,0.04,0.04,0.2903225806451613,0.0,0,0,0,0.0,0.16666666666666666,0.04940955272997999,0.0,0.0,0,0,S1-816640916,S2-508468564,0
0.5116279069767442,0.5116279069767442,0.03125,0.03125,0.463768115942029,0.0,0,0,0,0.0,0.14285714285714285,0.04166608811070182,0.0,0.0,0,0,S1-816640916,S2-386626528,0
0.3111111111111111,0.3111111111111111,0.029411764705882353,0.029411764705882353,0.3225806451612903,0.0,0,0,0,0.0,0.14285714285714285,0.043630298916471,0.0,0.0,0,0,S1-816640916,S2-375035645,0
0.3783783783783784,0.3783783783783784,0.037037037037037035,0.037037037037037035,0.3188405797101449,0.0,0,0,0,0.0,0.16666666666666666,0.04398904418226937,0.0,0.0,0,0,S1-816640916,S2-931723156,0
0.3902439024390244,0.3902439024390244,0.13333333333333333,0.13333333333333333,0.43478260869565216,0.0,0,0,0,0.0,0.25,0.12840473085311355,0.0,0.0,0,0,S1-116255318,S2-904035448,0
0.6,0.6,0.21052631578947367,0.21052631578947367,0.1875,0.0,0,0,0,0.0,0.25,0.15717960223207608,0.0,0.0,0,0,S1-116255318,S2-114519962,0
0.5405405405405406,0.5405405405405406,0.11538461538461539,0.11538461538461539,0.13157894736842105,0.0,0,0,0,0.0,0.2,0.2498862020338403,0.0,0.0,0,0,S1-116255318,S2-513049997,0
0.5882352941176471,0.5882352941176471,0.18181818181818182,0.18181818181818182,0.3793103448275862,0.0,0,0,0,0.0,0.2,0.10359238307187074,0.0,0.0,0,0,S1-116255318,S2-147492940,0
0.5294117647058824,0.5294117647058824,0.18181818181818182,0.18181818181818182,0.22950819672131148,0.0,0,0,0,0.0,0.2,0.12328620410354889,0.0,0.0,1,0,S1-116255318,S2-561401434,0
0.18823529411764706,0.18823529411764706,0.09375,0.09375,0.3548387096774194,0.0,0,0,0,0.0,0.09090909090909091,0.05131771089587792,0.0,0.0,0,0,S1-563715989,S2-302933108,0
0.47368421052631576,0.47368421052631576,0.10909090909090909,0.10909090909090909,0.2857142857142857,0.0,0,0,0,0.0,0.1,0.05397736841360132,0.0,0.0,0,0,S1-563715989,S2-547465839,0
0.4444444444444444,0.4444444444444444,0.1,0.1,0.225,0.0,0,0,0,0.0,0.09090909090909091,0.046019555049076614,0.0,0.0,0,0,S1-563715989,S2-357244024,0
0.43902439024390244,0.43902439024390244,0.09836065573770492,0.09836065573770492,0.21212121212121213,0.0,0,0,0,0.0,0.09090909090909091,0.04206673916492364,0.0,0.0,0,0,S1-563715989,S2-887253912,0
0.4857142857142857,0.4857142857142857,0.11764705882352941,0.11764705882352941,0.2571428571428571,0.0,0,0,0,0.0,0.1111111111111111,0.05312509866930649,0.0,0.0,0,0,S1-563715989,S2-29594767,0
0.6785714285714286,0.6785714285714286,0.3055555555555556,0.3055555555555556,0.2549019607843137,0.0,0,0,0,0.0,0.4,0.4049737544607562,0.0,0.0,0,0,S1-602313462,S2-429173819,0
0.4444444444444444,0.4444444444444444,0.125,0.125,0.3026315789473684,0.0,0,0,0,0.0,0.16666666666666666,0.05290513083184257,0.0,0.0,0,0,S1-602313462,S2-223408371,0
0.45614035087719296,0.45614035087719296,0.11904761904761904,0.11904761904761904,0.14414414414414414,0.0,0,0,0,0.0,0.14285714285714285,0.18569979636671372,0.0,0.0,0,0,S1-602313462,S2-307251823,0
0.6333333333333333,0.6333333333333333,0.3157894736842105,0.3157894736842105,0.25157232704402516,0.0,0,0,0,0.0,0.3333333333333333,0.13928786010527247,0.0,0.0,0,0,S1-602313462,S2-464637551,0
0.5806451612903226,0.5806451612903226,0.3,0.3,0.21428571428571427,0.0,0,0,0,0.0,0.3333333333333333,0.13722948948685615,0.0,0.0,0,0,S1-602313462,S2-923634203,0
0.4375,0.4375,0.045454545454545456,0.045454545454545456,0.2564102564102564,0.0,0,0,0,0.0,0.16666666666666666,0.06949500863055824,0.0,0.0,0,0,S1-704300375,S2-383210273,0
0.32432432432432434,0.32432432432432434,0.037037037037037035,0.037037037037037035,0.14035087719298245,0.0,0,0,0,0.0,0.16666666666666666,0.07584602140950446,0.0,0.0,1,0,S1-704300375,S2-72055517,0
0.2222222222222222,0.2222222222222222,0.038461538461538464,0.038461538461538464,0.21621621621621623,0.0,0,0,0,0.0,0.16666666666666666,0.06177434965854446,0.0,0.0,0,0,S1-704300375,S2-193321379,0
0.3870967741935484,0.3870967741935484,0.045454545454545456,0.045454545454545456,0.4888888888888889,0.0,0,0,0,0.0,0.2,0.07124816804687956,0.1111111111111111,0.11111111111111113,0,0,S1-704300375,S2-773344565,0
0.391304347826087,0.391304347826087,0.05714285714285714,0.05714285714285714,0.3333333333333333,0.0,0,0,0,0.0,0.16666666666666666,0.0692516915503807,0.0,0.0,0,0,S1-704300375,S2-546489139,0
0.41025641025641024,0.41025641025641024,0.24,0.24,0.2033898305084746,0.0,0,0,0,0.0,0.2,0.23843450309567066,0.0,0.0,0,0,S1-607955474,S2-649850048,0
0.42857142857142855,0.42857142857142855,0.21428571428571427,0.21428571428571427,0.2711864406779661,0.0,0,0,0,0.0,0.2,0.2517742593252136,0.0,0.0,0,0,S1-607955474,S2-531953316,0
0.6923076923076923,0.6923076923076923,0.42857142857142855,0.42857142857142855,0.32786885245901637,0.0,0,0,0,0.0,0.3333333333333333,0.3546596020255702,0.0,0.0,0,0,S1-607955474,S2-844927521,0
0.5,0.5,0.2608695652173913,0.2608695652173913,0.0,0.0,0,0,0,0.0,0.25,0.26834779576260764,0.0,0.0,0,1,S1-607955474,S2-464446070,0
0.5454545454545454,0.5454545454545454,0.3157894736842105,0.3157894736842105,0.2033898305084746,0.0,0,0,0,0.0,0.2,0.24638466058529843,0.0,0.0,0,0,S1-607955474,S2-606826366,0
0.7419354838709677,0.7419354838709677,0.3,0.3,0.17341040462427745,0.0,0,0,0,0.0,0.3333333333333333,0.13847075956874402,0.03571428571428571,0.0357142857142857,1,0,S1-960633076,S2-102472990,0
0.5555555555555556,0.5555555555555556,0.125,0.125,0.23809523809523808,0.0,0,0,0,0.0,0.16666666666666666,0.07336440991967248,0.0,0.0,0,0,S1-960633076,S2-271078420,0
0.5714285714285714,0.5714285714285714,0.21052631578947367,0.21052631578947367,0.19402985074626866,0.0,0,0,0,0.0,0.14285714285714285,0.05847272476688692,0.05263157894736842,0.052631578947368404,0,0,S1-960633076,S2-485869826,0
0.6666666666666666,0.6666666666666666,0.35135135135135137,0.35135135135135137,0.30985915492957744,0.0,0,0,0,0.0,0.3333333333333333,0.10875143529390616,0.05,0.04999999999999999,0,0,S1-960633076,S2-936489261,0
0.6440677966101694,0.6440677966101694,0.32432432432432434,0.32432432432432434,0.19469026548672566,0.0,0,0,0,0.0,0.3333333333333333,0.12010256691262533,0.0,0.0,0,0,S1-960633076,S2-7868826,0
0.3888888888888889,0.3888888888888889,0.037037037037037035,0.037037037037037035,0.2727272727272727,0.0,0,0,0,0.0,0.2,0.04913378370224756,0.0,0.0,0,0,S1-318782515,S2-930240505,0
0.4489795918367347,0.4489795918367347,0.05405405405405406,0.05405405405405406,0.2,0.0,0,0,0,0.0,0.14285714285714285,0.041170654150202324,0.0,0.0,0,0,S1-318782515,S2-645940787,0
0.35294117647058826,0.35294117647058826,0.04,0.04,0.3137254901960784,0.0,0,0,0,0.0,0.2,0.06786765768028388,0.0,0.0,0,0,S1-318782515,S2-538363473,0
0.4090909090909091,0.4090909090909091,0.029411764705882353,0.029411764705882353,0.4444444444444444,0.0,0,0,0,0.0,0.16666666666666666,0.05911629845615955,0.0,0.0,0,0,S1-318782515,S2-879980104,0
0.3225806451612903,0.3225806451612903,0.045454545454545456,0.045454545454545456,0.2033898305084746,0.0,0,0,0,0.0,0.2,0.05649384366470392,0.0,0.0,0,0,S1-318782515,S2-744164350,0
0.32432432432432434,0.32432432432432434,0.16,0.16,0.1935483870967742,0.0,0,0,0,0.0,0.2,0.17756874858643318,0.0,0.0,0,0,S1-728769041,S2-160401148,0
0.4090909090909091,0.4090909090909091,0.12903225806451613,0.12903225806451613,0.27586206896551724,0.0,0,0,0,0.0,0.16666666666666666,0.16966797043904755,0.0,0.0,0,0,S1-728769041,S2-809001701,0
0.5333333333333333,0.5333333333333333,0.21052631578947367,0.21052631578947367,0.2535211267605634,0.0,0,0,0,0.0,0.25,0.2907488165712957,0.0,0.0,1,0,S1-728769041,S2-547474847,0
0.43636363636363634,0.43636363636363634,0.12195121951219512,0.12195121951219512,0.2,0.0,0,0,0,0.0,0.16666666666666666,0.14022418595987085,0.0,0.0,0,0,S1-728769041,S2-153573534,0
0.5405405405405406,0.5405405405405406,0.16,0.16,0.24615384615384617,0.0,0,0,0,0.0,0.2,0.22161133072793784,0.0,0.0,0,0,S1-728769041,S2-351653272,0
0.6206896551724138,0.6206896551724138,0.3333333333333333,0.3333333333333333,0.23684210526315788,0.0,0,0,0,0.0,0.3333333333333333,0.1260119883174338,0.0,0.0,0,0,S1-784624627,S2-802056932,0
0.6388888888888888,0.6388888888888888,0.2708333333333333,0.2708333333333333,0.18181818181818182,0.0,0,0,0,0.0,0.2857142857142857,0.11209851441570665,0.0,0.0,0,0,S1-784624627,S2-100782761,0
0.6133333333333333,0.6133333333333333,0.24,0.24,0.2802547770700637,0.0,0,0,0,0.0,0.2222222222222222,0.07222659801230107,0.1,0.09999999999999998,1,0,S1-784624627,S2-522801016,0
0.5423728813559322,0.5423728813559322,0.11627906976744186,0.11627906976744186,0.31654676258992803,0.0,0,0,0,0.0,0.125,0.058722187372169346,0.0,0.0,0,0,S1-784624627,S2-343104114,0
0.5862068965517241,0.5862068965517241,0.14285714285714285,0.14285714285714285,0.36477987421383645,0.0,0,0,0,0.0,0.14285714285714285,0.0710080728792471,0.09090909090909091,0.09090909090909088,0,0,S1-784624627,S2-581239930,0
0.6363636363636364,0.6363636363636364,0.4,0.4,0.2619047619047619,0.0,0,0,0,0.0,0.4,0.4003798832127471,0.041666666666666664,0.04166666666666666,0,0,S1-562754513,S2-674028684,0
0.5,0.5,0.25,0.25,0.2236842105263158,0.0,0,0,0,0.0,0.25,0.18909830054918872,0.0,0.0,0,0,S1-562754513,S2-216998210,0
0.6842105263157895,0.6842105263157895,0.45,0.45,0.0,0.0,0,0,0,0.0,0.4,0.3930642669098945,0.0,0.0,0,1,S1-562754513,S2-88773721,0
0.48484848484848486,0.48484848484848486,0.23809523809523808,0.23809523809523808,0.3037974683544304,0.0,0,0,0,0.0,0.25,0.19125224175909725,0.0,0.0,0,0,S1-562754513,S2-487270769,0
0.75,0.75,0.4090909090909091,0.4090909090909091,0.3063063063063063,0.0,0,0,0,0.0,0.4,0.31516922573867606,0.058823529411764705,0.0588235294117647,0,0,S1-562754513,S2-998062956,0
0.5333333333333333,0.5333333333333333,0.13636363636363635,0.13636363636363635,0.0,0.0,0,0,0,0.0,0.14285714285714285,0.14324354452121832,0.0,0.0,0,1,S1-138305121,S2-222897099,0
0.4375,0.4375,0.08163265306122448,0.08163265306122448,0.2465753424657534,0.0,0,0,0,0.0,0.125,0.07223733027919475,0.0,0.0,0,0,S1-138305121,S2-346040569,0
0.5,0.5,0.07692307692307693,0.07692307692307693,0.43243243243243246,0.0,0,0,0,0.0,0.14285714285714285,0.09358893185797977,0.09090909090909091,0.09090909090909093,0,0,S1-138305121,S2-258999394,0
0.5396825396825397,0.5396825396825397,0.358974358974359,0.358974358974359,0.23684210526315788,0.0,0,0,0,0.0,0.6,0.5583820553246317,0.0,0.0,0,0,S1-138305121,S2-726436479,0
0.1875,0.1875,0.06,0.06,0.5185185185185185,0.0,0,0,0,0.0,0.125,0.1002290744147337,0.08333333333333333,0.08333333333333334,0,0,S1-138305121,S2-469569825,0
0.64,0.64,0.42857142857142855,0.42857142857142855,0.23728813559322035,0.0,0,0,0,0.0,0.5,0.6198559639764503,0.0,0.0,0,0,S1-374920705,S2-670917271,0
0.3018867924528302,0.3018867924528302,0.15789473684210525,0.15789473684210525,0.29508196721311475,0.0,0,0,0,0.0,0.25,0.2344483374385873,0.0,0.0,0,0,S1-374920705,S2-260909540,0
0.4444444444444444,0.4444444444444444,0.2608695652173913,0.2608695652173913,0.23728813559322035,0.0,0,0,0,0.0,0.25,0.2980516201017782,0.0,0.0,0,0,S1-374920705,S2-661664283,0
0.5714285714285714,0.5714285714285714,0.375,0.375,0.3448275862068966,0.0,0,0,0,0.0,0.3333333333333333,0.333716201146591,0.0,0.0,0,0,S1-374920705,S2-711919843,0
0.5925925925925926,0.5925925925925926,0.4,0.4,0.2857142857142857,0.0,0,0,0,0.0,0.3333333333333333,0.300063781601054,0.0,0.0,0,0,S1-374920705,S2-520447085,0
0.4,0.4,0.1388888888888889,0.1388888888888889,0.18181818181818182,0.0,0,0,0,0.0,0.16666666666666666,0.17936794450642043,0.0,0.0,0,0,S1-987048612,S2-180864424,0
0.417910447761194,0.417910447761194,0.05660377358490566,0.05660377358490566,0.3106796116504854,0.0,0,0,0,0.0,0.125,0.08032714618171752,0.07142857142857142,0.07142857142857142,0,0,S1-987048612,S2-125304205,0
0.4745762711864407,0.4745762711864407,0.06666666666666667,0.06666666666666667,0.2391304347826087,0.0,0,0,0,0.0,0.125,0.07977607139715459,0.0,0.0,0,0,S1-987048612,S2-260117742,0
0.38596491228070173,0.38596491228070173,0.021739130434782608,0.021739130434782608,0.2542372881355932,0.0,0,0,0,0.0,0.14285714285714285,0.07725310186615612,0.058823529411764705,0.0588235294117647,0,0,S1-987048612,S2-495261752,0
0.2916666666666667,0.2916666666666667,0.02631578947368421,0.02631578947368421,0.30158730158730157,0.0,0,0,0,0.0,0.16666666666666666,0.09496891337306977,0.0,0.0,0,0,S1-987048612,S2-32738112,0
0.3448275862068966,0.3448275862068966,0.11627906976744186,0.11627906976744186,0.32967032967032966,0.0,0,0,0,0.0,0.14285714285714285,0.03688557601305709,0.06666666666666667,0.06666666666666667,0,0,S1-605680458,S2-290663739,0
0.6,0.6,0.2830188679245283,0.2830188679245283,0.26785714285714285,0.0,0,0,0,0.0,0.25,0.08157569172212549,0.0,0.0,0,0,S1-605680458,S2-733678534,0
0.44776119402985076,0.44776119402985076,0.09803921568627451,0.09803921568627451,0.2777777777777778,0.0,0,0,0,0.0,0.125,0.032731880825469226,0.0,0.0,0,0,S1-605680458,S2-712307728,0
0.5079365079365079,0.5079365079365079,0.13043478260869565,0.13043478260869565,0.2682926829268293,0.0,0,0,0,0.0,0.125,0.040057427818925885,0.0,0.0,0,0,S1-605680458,S2-687094738,0
0.39344262295081966,0.39344262295081966,0.10869565217391304,0.10869565217391304,0.19834710743801653,0.0,0,0,0,0.0,0.14285714285714285,0.03776902427202218,0.0,0.0,0,0,S1-605680458,S2-38552347,0
0.4262295081967213,0.4262295081967213,0.10869565217391304,0.10869565217391304,0.19642857142857142,0.0,0,0,0,0.0,0.14285714285714285,0.0537431473042679,0.0,0.0,0,0,S1-797797352,S2-963215036,0
0.5283018867924528,0.5283018867924528,0.21621621621621623,0.21621621621621623,0.21505376344086022,0.0,0,0,0,0.0,0.2,0.23733604428829597,0.0,0.0,0,0,S1-797797352,S2-987753655,0
0.6461538461538462,0.6461538461538462,0.30952380952380953,0.30952380952380953,0.24175824175824176,0.0,0,0,0,0.0,0.3333333333333333,0.10541417772081593,0.0,0.0,0,0,S1-797797352,S2-288142232,0
0.38461538461538464,0.38461538461538464,0.17543859649122806,0.17543859649122806,0.42201834862385323,0.0,0,0,0,0.0,0.2857142857142857,0.10447647696677737,0.058823529411764705,0.0588235294117647,0,0,S1-797797352,S2-699058748,0
0.4727272727272727,0.4727272727272727,0.12195121951219512,0.12195121951219512,0.2535211267605634,0.0,0,0,0,0.0,0.16666666666666666,0.054847843393846074,0.0,0.0,1,0,S1-797797352,S2-261792330,0
0.29411764705882354,0.29411764705882354,0.125,0.125,0.18181818181818182,0.0,0,0,0,0.0,0.25,0.35116257619277547,0.0,0.0,0,0,S1-429813907,S2-121693096,0
0.14285714285714285,0.14285714285714285,0.03125,0.03125,0.2153846153846154,0.0,0,0,0,0.0,0.16666666666666666,0.041362043790037155,0.0,0.0,1,0,S1-129303510,S2-60098249,0
0.3888888888888889,0.3888888888888889,0.037037037037037035,0.037037037037037035,0.27692307692307694,0.0,0,0,0,0.0,0.2,0.04988939972208366,0.0,0.0,0,0,S1-129303510,S2-640269924,0
0.32653061224489793,0.32653061224489793,0.02702702702702703,0.02702702702702703,0.3548387096774194,0.0,0,0,0,0.0,0.14285714285714285,0.041175025379993346,0.0,0.0,0,0,S1-129303510,S2-72201257,0
0.2857142857142857,0.2857142857142857,0.038461538461538464,0.038461538461538464,0.25,0.0,0,0,0,0.0,0.2,0.04988939972208366,0.0,0.0,0,0,S1-129303510,S2-171380499,0
0.24390243902439024,0.24390243902439024,0.03225806451612903,0.03225806451612903,0.0,0.0,0,0,0,0.0,0.16666666666666666,0.047156526278971565,0.0,0.0,0,1,S1-129303510,S2-719985597,0
0.5098039215686274,0.5098039215686274,0.13513513513513514,0.13513513513513514,0.23423423423423423,0.0,0,0,0,0.0,0.16666666666666666,0.04445525657194996,0.0,0.0,1,0,S1-725702430,S2-869487269,0
0.46808510638297873,0.46808510638297873,0.15151515151515152,0.15151515151515152,0.2158273381294964,0.0,0,0,0,0.0,0.16666666666666666,0.03759179993048512,0.05263157894736842,0.052631578947368404,0,0,S1-725702430,S2-951557623,0
0.5263157894736842,0.5263157894736842,0.19230769230769232,0.19230769230769232,0.208955223880597,0.0,0,0,0,0.0,0.25,0.05410249050763221,0.0,0.0,0,0,S1-725702430,S2-901464430,0
0.5106382978723404,0.5106382978723404,0.15151515151515152,0.15151515151515152,0.33557046979865773,0.0,0,0,0,0.0,0.16666666666666666,0.04740464579931279,0.0,0.0,1,0,S1-725702430,S2-942134801,0
0.4,0.4,0.16129032258064516,0.16129032258064516,0.22764227642276422,0.0,0,0,0,0.0,0.16666666666666666,0.04848156991008959,0.0,0.0,0,0,S1-725702430,S2-500942550,0
0.6440677966101694,0.6440677966101694,0.2564102564102564,0.2564102564102564,0.23880597014925373,0.0,0,0,0,0.0,0.14285714285714285,0.15474454114989766,0.0,0.0,1,0,S1-527208946,S2-874126749,0
0.5818181818181818,0.5818181818181818,0.2777777777777778,0.2777777777777778,0.25,0.0,0,0,0,0.0,0.16666666666666666,0.18948974000590282,0.0,0.0,0,0,S1-527208946,S2-615202978,0
0.6,0.6,0.25,0.25,0.26666666666666666,0.0,0,0,0,0.0,0.14285714285714285,0.18084066548697356,0.0,0.0,0,0,S1-527208946,S2-134499854,0
0.6333333333333333,0.6333333333333333,0.25,0.25,0.5633802816901409,0.0,0,0,0,0.0,0.14285714285714285,0.16071052439193634,0.3,0.3000000000000001,1,0,S1-527208946,S2-555892726,0
0.5555555555555556,0.5555555555555556,0.3333333333333333,0.3333333333333333,0.21621621621621623,0.0,0,0,0,0.0,0.14285714285714285,0.14419372150440135,0.0,0.0,0,0,S1-527208946,S2-27865742,0
0.41509433962264153,0.41509433962264153,0.02564102564102564,0.02564102564102564,0.3125,0.0,0,0,0,0.0,0.1111111111111111,0.09500671163598347,0.0,0.0,0,0,S1-172650277,S2-814979411,0
0.30434782608695654,0.30434782608695654,0.030303030303030304,0.030303030303030304,0.3333333333333333,0.0,0,0,0,0.0,0.125,0.1013937431709019,0.0,0.0,0,0,S1-172650277,S2-53500622,0
0.47761194029850745,0.47761194029850745,0.1276595744680851,0.1276595744680851,0.16666666666666666,0.0,0,0,0,0.0,0.1,0.14805931955389048,0.0,0.0,0,0,S1-172650277,S2-607939011,0
0.21739130434782608,0.21739130434782608,0.030303030303030304,0.030303030303030304,0.2711864406779661,0.0,0,0,0,0.0,0.125,0.10368223014171757,0.0,0.0,0,0,S1-172650277,S2-276615836,0
0.39285714285714285,0.39285714285714285,0.05,0.05,0.4642857142857143,0.0,0,0,0,0.0,0.1,0.08661219378650324,0.1111111111111111,0.11111111111111113,0,0,S1-172650277,S2-974651366,0
0.38235294117647056,0.38235294117647056,0.01818181818181818,0.01818181818181818,0.3333333333333333,0.0,0,0,0,0.0,0.125,0.03393056839489615,0.0,0.0,0,0,S1-526264609,S2-604346620,0
0.42857142857142855,0.42857142857142855,0.04411764705882353,0.04411764705882353,0.21052631578947367,0.0,0,0,0,0.0,0.1111111111111111,0.03605097815916639,0.0,0.0,0,0,S1-526264609,S2-448643843,0
0.2807017543859649,0.2807017543859649,0.022222222222222223,0.022222222222222223,0.3673469387755102,0.0,0,0,0,0.0,0.14285714285714285,0.04514144686587162,0.0,0.0,0,0,S1-526264609,S2-866719557,0
0.4,0.4,0.06666666666666667,0.06666666666666667,0.23880597014925373,0.0,0,0,0,0.0,0.125,0.038192193890030306,0.0,0.0,0,0,S1-526264609,S2-199325679,0
0.10344827586206896,0.10344827586206896,0.021739130434782608,0.021739130434782608,0.22857142857142856,0.0,0,0,0,0.0,0.14285714285714285,0.04514611947719534,0.0,0.0,0,0,S1-526264609,S2-547315915,0
0.5573770491803278,0.5573770491803278,0.15555555555555556,0.15555555555555556,0.2545454545454545,0.0,0,0,0,0.0,0.16666666666666666,0.15972755208206152,0.0,0.0,0,0,S1-897417493,S2-447401992,0
0.4,0.4,0.1590909090909091,0.1590909090909091,0.2545454545454545,0.0,0,0,0,0.0,0.16666666666666666,0.1865603964985983,0.0,0.0,0,0,S1-897417493,S2-276949083,0
0.5777777777777777,0.5777777777777777,0.22580645161290322,0.22580645161290322,0.23333333333333334,0.0,0,0,0,0.0,0.25,0.2874648924398987,0.0,0.0,0,0,S1-897417493,S2-914592010,0
0.3170731707317073,0.3170731707317073,0.109375,0.109375,0.2,0.0,0,0,0,0.0,0.125,0.1520324998884463,0.0,0.0,0,0,S1-897417493,S2-473172781,0
0.6,0.6,0.18604651162790697,0.18604651162790697,0.0,0.0,0,0,0,0.0,0.16666666666666666,0.19106828654258287,0.0,0.0,1,1,S1-897417493,S2-309068318,0
0.34615384615384615,0.34615384615384615,0.024390243902439025,0.024390243902439025,0.3793103448275862,0.0,0,0,0,0.0,0.14285714285714285,0.040303294740289104,0.0,0.0,0,0,S1-970958032,S2-902539214,0
0.4,0.4,0.018867924528301886,0.018867924528301886,0.2711864406779661,0.0,0,0,0,0.0,0.125,0.04363356290503932,0.0,0.0,0,0,S1-970958032,S2-850145716,0
0.36363636363636365,0.36363636363636365,0.022727272727272728,0.022727272727272728,0.4444444444444444,0.0,0,0,0,0.0,0.14285714285714285,0.039584274994140405,0.0,0.0,0,0,S1-970958032,S2-439008837,0
0.40625,0.40625,0.019230769230769232,0.019230769230769232,0.4444444444444444,0.0,0,0,0,0.0,0.125,0.03297524951161597,0.1,0.10000000000000002,0,0,S1-970958032,S2-294777405,0
0.4166666666666667,0.4166666666666667,0.02702702702702703,0.02702702702702703,0.13793103448275862,0.0,0,0,0,0.0,0.14285714285714285,0.042565432413840115,0.0,0.0,0,0,S1-970958032,S2-46926215,0
0.391304347826087,0.391304347826087,0.2,0.2,0.26229508196721313,0.0,0,0,0,0.0,0.16666666666666666,0.07120944503891222,0.0,0.0,0,0,S1-235223136,S2-187296895,0
0.45161290322580644,0.45161290322580644,0.13636363636363635,0.13636363636363635,0.1724137931034483,0.0,0,0,0,0.0,0.125,0.049796587630770016,0.0,0.0,0,0,S1-235223136,S2-525109734,0
0.3793103448275862,0.3793103448275862,0.14634146341463414,0.14634146341463414,0.2903225806451613,0.0,0,0,0,0.0,0.14285714285714285,0.06665536387572808,0.0,0.0,0,0,S1-235223136,S2-11080725,0
0.4375,0.4375,0.15555555555555556,0.15555555555555556,0.2857142857142857,0.0,0,0,0,0.0,0.125,0.05999989882867086,0.0,0.0,0,0,S1-235223136,S2-886034009,0
0.45901639344262296,0.45901639344262296,0.13953488372093023,0.13953488372093023,0.3132530120481928,0.0,0,0,0,0.0,0.125,0.05462863660887074,0.0,0.0,0,0,S1-235223136,S2-950559790,0
0.34782608695652173,0.34782608695652173,0.0625,0.0625,0.2681564245810056,0.0,0,0,0,0.0,0.2,0.13432796678515901,0.0,0.0,0,0,S1-122910153,S2-751229023,0
0.4166666666666667,0.4166666666666667,0.05405405405405406,0.05405405405405406,0.24390243902439024,0.0,0,0,0,0.0,0.16666666666666666,0.10439370365647868,0.0,0.0,0,0,S1-122910153,S2-178123536,0
0.39344262295081966,0.39344262295081966,0.13333333333333333,0.13333333333333333,0.15841584158415842,0.0,0,0,0,0.0,0.16666666666666666,0.15456876580023535,0.0,0.0,0,0,S1-122910153,S2-673049982,0
0.30434782608695654,0.30434782608695654,0.027777777777777776,0.027777777777777776,0.39316239316239315,0.0,0,0,0,0.0,0.16666666666666666,0.11230410727643458,0.058823529411764705,0.0588235294117647,0,0,S1-122910153,S2-163362245,0
0.42857142857142855,0.42857142857142855,0.12195121951219512,0.12195121951219512,0.3511450381679389,0.0,0,0,0,0.0,0.16666666666666666,0.18756508505769887,0.0,0.0,0,0,S1-122910153,S2-609750726,0
0.36363636363636365,0.36363636363636365,0.045454545454545456,0.045454545454545456,0.208955223880597,0.0,0,0,0,0.0,0.14285714285714285,0.04037266580964396,0.0,0.0,0,0,S1-649069577,S2-412351035,0
0.3902439024390244,0.3902439024390244,0.03333333333333333,0.03333333333333333,0.17647058823529413,0.0,0,0,0,0.0,0.14285714285714285,0.04440531455516631,0.0,0.0,0,0,S1-649069577,S2-351227211,0
0.38095238095238093,0.38095238095238093,0.03333333333333333,0.03333333333333333,0.28125,0.0,0,0,0,0.0,0.125,0.03681542176727092,0.0,0.0,0,0,S1-649069577,S2-383172038,0
0.15,0.15,0.037037037037037035,0.037037037037037035,0.38461538461538464,0.0,0,0,0,0.0,0.1111111111111111,0.030420778776026922,0.09090909090909091,0.09090909090909093,0,0,S1-649069577,S2-592505900,0
0.4375,0.4375,0.047619047619047616,0.047619047619047616,0.25,0.0,0,0,0,0.0,0.14285714285714285,0.04468818295013721,0.0,0.0,0,0,S1-649069577,S2-454109925,0
0.4,0.4,0.10714285714285714,0.10714285714285714,0.19047619047619047,0.0,0,0,0,0.0,0.16666666666666666,0.09892225428317122,0.0,0.0,0,0,S1-346273098,S2-205194412,0
0.7,0.7,0.34782608695652173,0.34782608695652173,0.1282051282051282,0.0,0,0,0,0.0,0.4,0.42034906074434164,0.0,0.0,1,0,S1-346273098,S2-395378739,0
0.5,0.5,0.08333333333333333,0.08333333333333333,0.17073170731707318,0.0,0,0,0,0.0,0.16666666666666666,0.11831488992028162,0.0,0.0,0,0,S1-346273098,S2-572731388,0
0.21212121212121213,0.21212121212121213,0.06,0.06,0.1839080459770115,0.0,0,0,0,0.0,0.1,0.06794183833451527,0.0,0.0,0,0,S1-346273098,S2-87776656,0
0.4090909090909091,0.4090909090909091,0.12903225806451613,0.12903225806451613,0.3013698630136986,0.0,0,0,0,0.0,0.16666666666666666,0.11735681602842013,0.0,0.0,0,0,S1-346273098,S2-786721715,0
0.4878048780487805,0.4878048780487805,0.2692307692307692,0.2692307692307692,0.24528301886792453,0.0,0,0,0,0.0,0.2,0.2762279203362067,0.0,0.0,0,0,S1-732240845,S2-705346457,0
0.5,0.5,0.058823529411764705,0.058823529411764705,0.2222222222222222,0.0,0,0,0,0.0,0.3333333333333333,0.36238685129729625,0.0,0.0,1,0,S1-732240845,S2-280928557,0
0.45161290322580644,0.45161290322580644,0.043478260869565216,0.043478260869565216,0.0851063829787234,0.0,0,0,0,0.0,0.25,0.2726229472834799,0.0,0.0,0,0,S1-732240845,S2-869862915,0
0.3333333333333333,0.3333333333333333,0.037037037037037035,0.037037037037037035,0.12,0.0,0,0,0,0.0,0.2,0.2629342240714447,0.0,0.0,0,0,S1-732240845,S2-248463695,0
0.37037037037037035,0.37037037037037035,0.05263157894736842,0.05263157894736842,0.19148936170212766,0.0,0,0,0,0.0,0.25,0.3090856438691106,0.0,0.0,0,0,S1-732240845,S2-750979979,0
0.5416666666666666,0.5416666666666666,0.05405405405405406,0.05405405405405406,0.21739130434782608,0.0,0,0,0,0.0,0.16666666666666666,0.0641180640068855,0.0,0.0,0,0,S1-424118841,S2-627178839,0
0.4,0.4,0.046511627906976744,0.046511627906976744,0.26666666666666666,0.0,0,0,0,0.0,0.14285714285714285,0.05796714397681811,0.0,0.0,0,0,S1-424118841,S2-271691168,0
0.4444444444444444,0.4444444444444444,0.02857142857142857,0.02857142857142857,0.3157894736842105,0.0,0,0,0,0.0,0.16666666666666666,0.05888986068759433,0.0,0.0,0,0,S1-424118841,S2-472270276,0
0.46153846153846156,0.46153846153846156,0.075,0.075,0.2641509433962264,0.0,0,0,0,0.0,0.16666666666666666,0.07206900755891239,0.0,0.0,0,0,S1-424118841,S2-306632562,0
0.5517241379310345,0.5517241379310345,0.225,0.225,0.10666666666666667,0.0,0,0,0,0.0,0.16666666666666666,0.20894137409481472,0.0,0.0,0,0,S1-424118841,S2-392444079,0
0.5614035087719298,0.5614035087719298,0.2,0.2,0.0,0.0,0,0,0,0.0,0.16666666666666666,0.16957766419050266,0.0,0.0,0,1,S1-37473034,S2-84900800,0
0.45614035087719296,0.45614035087719296,0.045454545454545456,0.045454545454545456,0.23529411764705882,0.0,0,0,0,0.0,0.14285714285714285,0.044867419010996945,0.0,0.0,0,0,S1-37473034,S2-462145116,0
0.32,0.32,0.05263157894736842,0.05263157894736842,0.2535211267605634,0.0,0,0,0,0.0,0.14285714285714285,0.041807063466468175,0.0,0.0,0,0,S1-37473034,S2-568758208,0
0.3684210526315789,0.3684210526315789,0.034482758620689655,0.034482758620689655,0.42105263157894735,0.0,0,0,0,0.0,0.2,0.05215413628487633,0.125,0.12499999999999999,0,0,S1-37473034,S2-315712340,0
0.425531914893617,0.425531914893617,0.05555555555555555,0.05555555555555555,0.3125,0.0,0,0,0,0.0,0.16666666666666666,0.05149246046712856,0.0,0.0,0,0,S1-37473034,S2-617757493,0
0.3333333333333333,0.3333333333333333,0.027777777777777776,0.027777777777777776,0.2857142857142857,0.0,0,0,0,0.0,0.125,0.07188032334809166,0.0,0.0,0,0,S1-514811869,S2-463632349,0
0.2909090909090909,0.2909090909090909,0.04878048780487805,0.04878048780487805,0.24113475177304963,0.0,0,0,0,0.0,0.125,0.06326276669751105,0.0,0.0,0,0,S1-514811869,S2-613418598,0
0.3333333333333333,0.3333333333333333,0.02702702702702703,0.02702702702702703,0.21505376344086022,0.0,0,0,0,0.0,0.14285714285714285,0.056839291090748506,0.0,0.0,0,0,S1-514811869,S2-799670375,0
0.4186046511627907,0.4186046511627907,0.03125,0.03125,0.08695652173913043,0.0,0,0,0,0.0,0.14285714285714285,0.06692490264821996,0.0,0.0,0,0,S1-514811869,S2-742382028,0
0.43902439024390244,0.43902439024390244,0.03225806451612903,0.03225806451612903,0.18018018018018017,0.0,0,0,0,0.0,0.16666666666666666,0.0696686540821189,0.0,0.0,0,0,S1-514811869,S2-899466977,0
0.33962264150943394,0.33962264150943394,0.023255813953488372,0.023255813953488372,0.16,0.0,0,0,0,0.0,0.16666666666666666,0.06688270679947586,0.0,0.0,0,0,S1-812009290,S2-769592531,0
0.2222222222222222,0.2222222222222222,0.0392156862745098,0.0392156862745098,0.10714285714285714,0.0,0,0,0,0.0,0.14285714285714285,0.05402652694493021,0.0,0.0,0,0,S1-812009290,S2-396463097,0
0.2,0.2,0.025,0.025,0.3283582089552239,0.0,0,0,0,0.0,0.16666666666666666,0.054618742266218365,0.0,0.0,0,0,S1-812009290,S2-154929641,0
0.4406779661016949,0.4406779661016949,0.02127659574468085,0.02127659574468085,0.36363636363636365,0.0,0,0,0,0.0,0.125,0.0440732118831107,0.0,0.0,1,0,S1-812009290,S2-492235295,0
0.2978723404255319,0.2978723404255319,0.05555555555555555,0.05555555555555555,0.1694915254237288,0.0,0,0,0,0.0,0.16666666666666666,0.05751968952206154,0.0,0.0,0,0,S1-812009290,S2-853284207,0
0.0,0.6111111111111112,0.0,0.07407407407407407,0.8108108108108109,1.0,1,1,3,0.0,0.0,0.0,0.9,0.9,1,0,S1-93791103,S2-414010221,1
0.43478260869565216,0.43478260869565216,0.23255813953488372,0.23255813953488372,0.22784810126582278,0.0,0,0,0,0.0,0.16666666666666666,0.2002368444786329,0.0,0.0,0,0,S1-93791103,S2-741227358,0
0.3783783783783784,0.3783783783783784,0.11538461538461539,0.11538461538461539,0.23529411764705882,0.0,0,0,0,0.0,0.25,0.28458447178335716,0.0,0.0,0,0,S1-93791103,S2-780050080,0
0.5714285714285714,0.5714285714285714,0.2777777777777778,0.2777777777777778,0.2517482517482518,0.0,0,0,0,0.0,0.2,0.26796765130432987,0.0,0.0,0,0,S1-93791103,S2-291044452,0
0.7692307692307693,0.7692307692307693,0.5,0.5,0.1702127659574468,0.0,0,0,0,0.0,0.25,0.20258434771027298,0.0,0.0,1,0,S1-93791103,S2-802887334,0
0.4507042253521127,0.4507042253521127,0.2,0.2,0.2857142857142857,0.0,0,0,0,0.0,0.16666666666666666,0.17914993014605804,0.0,0.0,0,0,S1-93791103,S2-127081735,0
0.5217391304347826,0.5217391304347826,0.16666666666666666,0.16666666666666666,0.16326530612244897,0.0,0,0,0,0.0,0.125,0.17480157017990403,0.0,0.0,0,0,S1-987512243,S2-841028739,0
0.42424242424242425,0.42424242424242425,0.09090909090909091,0.09090909090909091,0.35555555555555557,0.0,0,0,0,0.0,0.16666666666666666,0.1390947296613287,0.125,0.12500000000000003,0,0,S1-987512243,S2-198744575,0
0.45714285714285713,0.45714285714285713,0.08333333333333333,0.08333333333333333,0.26229508196721313,0.0,0,0,0,0.0,0.16666666666666666,0.13257566416496602,0.0,0.0,0,0,S1-987512243,S2-630789699,0
0.41379310344827586,0.41379310344827586,0.1,0.1,0.1935483870967742,0.0,0,0,0,0.0,0.25,0.1852749121265014,0.0,0.0,0,0,S1-987512243,S2-488732237,0
0.42424242424242425,0.42424242424242425,0.08695652173913043,0.08695652173913043,0.2641509433962264,0.0,0,0,0,0.0,0.2,0.16025518333658081,0.0,0.0,0,0,S1-987512243,S2-427089749,0
0.4230769230769231,0.4230769230769231,0.075,0.075,0.16129032258064516,0.0,0,0,0,0.0,0.16666666666666666,0.044253315132395284,0.0,0.0,0,0,S1-870110914,S2-841818577,0
0.12,0.12,0.02564102564102564,0.02564102564102564,0.4406779661016949,0.0,0,0,0,0.0,0.14285714285714285,0.04007015446301295,0.0,0.0,0,0,S1-870110914,S2-13880511,0
0.4897959183673469,0.4897959183673469,0.05263157894736842,0.05263157894736842,0.2857142857142857,0.0,0,0,0,0.0,0.16666666666666666,0.043759854714107004,0.0,0.0,0,0,S1-870110914,S2-527073160,0
0.36,0.36,0.02564102564102564,0.02564102564102564,0.4074074074074074,0.0,0,0,0,0.0,0.14285714285714285,0.041833619484425155,0.1111111111111111,0.11111111111111113,0,0,S1-870110914,S2-18864651,0
0.4230769230769231,0.4230769230769231,0.025,0.025,0.38596491228070173,0.0,0,0,0,0.0,0.14285714285714285,0.046325163659981565,0.0,0.0,0,0,S1-870110914,S2-118227363,0
0.56,0.56,0.07894736842105263,0.07894736842105263,0.06896551724137931,0.0,0,0,0,0.0,0.16666666666666666,0.1725897248892157,0.0,0.0,0,0,S1-121078785,S2-182242929,0
0.4411764705882353,0.4411764705882353,0.19148936170212766,0.19148936170212766,0.4406779661016949,0.0,0,0,0,0.0,0.14285714285714285,0.16249377892245828,0.0,0.0,1,0,S1-121078785,S2-541863188,0
0.2641509433962264,0.2641509433962264,0.07317073170731707,0.07317073170731707,0.3333333333333333,0.0,0,0,0,0.0,0.16666666666666666,0.18067746553202244,0.0,0.0,0,0,S1-121078785,S2-109005032,0
0.3333333333333333,0.3333333333333333,0.06060606060606061,0.06060606060606061,0.2857142857142857,0.0,0,0,0,0.0,0.25,0.25290809617858395,0.0,0.0,0,0,S1-121078785,S2-730949694,0
0.2926829268292683,0.2926829268292683,0.06451612903225806,0.06451612903225806,0.15873015873015872,0.0,0,0,0,0.0,0.2,0.21029319141519426,0.0,0.0,0,0,S1-121078785,S2-634277186,0
0.35,0.35,0.03333333333333333,0.03333333333333333,0.1,0.0,0,0,0,0.0,0.16666666666666666,0.13434338750641234,0.0,0.0,0,0,S1-663863887,S2-316175233,0
0.3684210526315789,0.3684210526315789,0.034482758620689655,0.034482758620689655,0.3188405797101449,0.0,0,0,0,0.0,0.2,0.14200751203381526,0.0,0.0,0,0,S1-663863887,S2-65551255,0
0.4375,0.4375,0.045454545454545456,0.045454545454545456,0.3170731707317073,0.0,0,0,0,0.0,0.16666666666666666,0.13089861503203432,0.0,0.0,0,0,S1-663863887,S2-73134381,0
0.38095238095238093,0.38095238095238093,0.03125,0.03125,0.36363636363636365,0.0,0,0,0,0.0,0.16666666666666666,0.12845266405117964,0.0,0.0,0,0,S1-663863887,S2-936521677,0
0.375,0.375,0.043478260869565216,0.043478260869565216,0.3466666666666667,0.0,0,0,0,0.0,0.2,0.13655742839331303,0.0,0.0,0,0,S1-663863887,S2-433618139,0
0.4,0.4,0.10344827586206896,0.10344827586206896,0.2962962962962963,0.0,0,0,0,0.0,0.2,0.1791812708068127,0.0,0.0,0,0,S1-899992624,S2-611930184,0
0.3902439024390244,0.3902439024390244,0.10344827586206896,0.10344827586206896,0.2545454545454545,0.0,0,0,0,0.0,0.16666666666666666,0.16734735325434855,0.0,0.0,0,0,S1-899992624,S2-893000310,0
0.43478260869565216,0.43478260869565216,0.08823529411764706,0.08823529411764706,0.21818181818181817,0.0,0,0,0,0.0,0.16666666666666666,0.14393745687844897,0.0,0.0,0,0,S1-899992624,S2-402851930,0
0.4090909090909091,0.4090909090909091,0.09375,0.09375,0.358974358974359,0.0,0,0,0,0.0,0.16666666666666666,0.14519791123327105,0.0,0.0,0,0,S1-899992624,S2-499917944,0
0.41509433962264153,0.41509433962264153,0.075,0.075,0.42105263157894735,0.0,0,0,0,0.0,0.14285714285714285,0.1359721574441795,0.0,0.0,0,0,S1-899992624,S2-631644236,0
0.3283582089552239,0.3283582089552239,0.041666666666666664,0.041666666666666664,0.21818181818181817,0.0,0,0,0,0.0,0.14285714285714285,0.04896885347892953,0.0,0.0,0,0,S1-463878814,S2-112147556,0
0.3448275862068966,0.3448275862068966,0.044444444444444446,0.044444444444444446,0.2692307692307692,0.0,0,0,0,0.0,0.14285714285714285,0.05020492812738576,0.0,0.0,1,0,S1-463878814,S2-575778395,0
0.3137254901960784,0.3137254901960784,0.025,0.025,0.35714285714285715,0.0,0,0,0,0.0,0.16666666666666666,0.05201209225300065,0.0,0.0,0,0,S1-463878814,S2-318582425,0
0.34285714285714286,0.34285714285714286,0.05454545454545454,0.05454545454545454,0.22641509433962265,0.0,0,0,0,0.0,0.125,0.04672549754620163,0.0,0.0,0,0,S1-463878814,S2-16676722,0
0.3132530120481928,0.3132530120481928,0.014705882352941176,0.014705882352941176,0.32142857142857145,0.0,0,0,0,0.0,0.1,0.03395575336703466,0.0,0.0,0,0,S1-463878814,S2-543659503,0
0.6551724137931034,0.6551724137931034,0.34285714285714286,0.34285714285714286,0.2619047619047619,0.0,0,0,0,0.0,0.2857142857142857,0.11112759502810679,0.0,0.0,0,0,S1-188604146,S2-615710560,0
0.6428571428571429,0.6428571428571429,0.35294117647058826,0.35294117647058826,0.2018348623853211,0.0,0,0,0,0.0,0.3333333333333333,0.12102626086189867,0.0,0.0,0,0,S1-188604146,S2-988240234,0
0.7368421052631579,0.7368421052631579,0.38235294117647056,0.38235294117647056,0.35443037974683544,0.0,0,0,0,0.0,0.3333333333333333,0.11295457639344517,0.0,0.0,0,0,S1-188604146,S2-193599702,0
0.7,0.7,0.3611111111111111,0.3611111111111111,0.21818181818181817,0.0,0,0,0,0.0,0.2857142857142857,0.08538392901836901,0.0,0.0,1,0,S1-188604146,S2-948834693,0
0.7017543859649122,0.7017543859649122,0.38235294117647056,0.38235294117647056,0.22988505747126436,0.0,0,0,0,0.0,0.3333333333333333,0.11216321962125428,0.0,0.0,0,0,S1-188604146,S2-624614037,0
0.5454545454545454,0.5454545454545454,0.2549019607843137,0.2549019607843137,0.12962962962962962,0.0,0,0,0,0.0,0.2222222222222222,0.08015031412814526,0.0,0.0,0,0,S1-612327867,S2-87776656,0
0.711864406779661,0.711864406779661,0.32432432432432434,0.32432432432432434,0.40268456375838924,0.0,0,0,0,0.0,0.3333333333333333,0.10768500946020339,0.1,0.09999999999999998,1,0,S1-612327867,S2-199733306,0
0.4166666666666667,0.4166666666666667,0.10909090909090909,0.10909090909090909,0.1896551724137931,0.0,0,0,0,0.0,0.125,0.047858362645284674,0.0,0.0,0,0,S1-612327867,S2-64614940,0
0.34285714285714286,0.34285714285714286,0.09259259259259259,0.09259259259259259,0.3111111111111111,0.3333333333333333,1,1,1,0.0,0.125,0.0496702278772902,0.0,0.0,0,0,S1-612327867,S2-270675463,0
0.5862068965517241,0.5862068965517241,0.17073170731707318,0.17073170731707318,0.5189873417721519,0.0,0,0,0,0.0,0.14285714285714285,0.06009840240944481,0.13636363636363635,0.13636363636363635,0,0,S1-612327867,S2-678068412,0
0.5142857142857142,0.5142857142857142,0.2727272727272727,0.2727272727272727,0.2682926829268293,0.0,0,0,0,0.0,0.25,0.06971799035745987,0.0,0.0,0,0,S1-31850101,S2-695902523,0
0.6666666666666666,0.6666666666666666,0.34285714285714286,0.34285714285714286,0.1032258064516129,0.0,0,0,0,0.0,0.3333333333333333,0.10826401540209318,0.0,0.0,0,0,S1-31850101,S2-407777795,0
0.4727272727272727,0.4727272727272727,0.15384615384615385,0.15384615384615385,0.26490066225165565,0.0,0,0,0,0.0,0.14285714285714285,0.046809725994261774,0.043478260869565216,0.04347826086956521,0,0,S1-31850101,S2-437919455,0
0.4117647058823529,0.4117647058823529,0.09615384615384616,0.09615384615384616,0.28901734104046245,0.0,0,0,0,0.0,0.14285714285714285,0.04428791497598693,0.08333333333333333,0.08333333333333331,0,0,S1-31850101,S2-532405319,0
0.4166666666666667,0.4166666666666667,0.2,0.2,0.19117647058823528,0.0,0,0,0,0.0,0.2857142857142857,0.09944868805507392,0.0,0.0,0,0,S1-31850101,S2-782562162,0
0.45454545454545453,0.45454545454545453,0.16129032258064516,0.16129032258064516,0.2571428571428571,0.0,0,0,0,0.0,0.2,0.17748052963867747,0.0,0.0,0,0,S1-97617678,S2-979509599,0
0.45454545454545453,0.45454545454545453,0.15625,0.15625,0.17647058823529413,0.0,0,0,0,0.0,0.25,0.19203860536750378,0.0,0.0,0,0,S1-97617678,S2-624981834,0
0.49122807017543857,0.49122807017543857,0.14285714285714285,0.14285714285714285,0.3191489361702128,0.0,0,0,0,0.0,0.16666666666666666,0.1460929740359502,0.0,0.0,0,0,S1-97617678,S2-85734048,0
0.42857142857142855,0.42857142857142855,0.14634146341463414,0.14634146341463414,0.3235294117647059,0.0,0,0,0,0.0,0.16666666666666666,0.10952534189798271,0.0,0.0,0,0,S1-97617678,S2-661253467,0
0.49122807017543857,0.49122807017543857,0.14634146341463414,0.14634146341463414,0.2,0.0,0,0,0,0.0,0.16666666666666666,0.16869463760862885,0.0,0.0,0,0,S1-97617678,S2-877439980,0
0.45454545454545453,0.45454545454545453,0.14,0.14,0.14736842105263157,0.0,0,0,0,0.0,0.16666666666666666,0.11422395939088406,0.0,0.0,0,0,S1-505915468,S2-146559308,0
0.41025641025641024,0.41025641025641024,0.10714285714285714,0.10714285714285714,0.3037974683544304,0.25,1,1,2,0.0,0.2,0.12870636113184764,0.0,0.0,0,0,S1-505915468,S2-421094804,0
0.4166666666666667,0.4166666666666667,0.08108108108108109,0.08108108108108109,0.10869565217391304,0.0,0,0,0,0.0,0.2,0.11354141891453337,0.0,0.0,0,0,S1-505915468,S2-233893324,0
0.38095238095238093,0.38095238095238093,0.09375,0.09375,0.2692307692307692,0.0,0,0,0,0.0,0.25,0.1427432274457668,0.0,0.0,0,0,S1-505915468,S2-670815978,0
0.3076923076923077,0.3076923076923077,0.13157894736842105,0.13157894736842105,0.2631578947368421,0.0,0,0,0,0.0,0.16666666666666666,0.11318768427173612,0.0,0.0,0,0,S1-505915468,S2-858569964,0
0.36363636363636365,0.36363636363636365,0.023255813953488372,0.023255813953488372,0.3037974683544304,0.0,0,0,0,0.0,0.125,0.04462686647770578,0.0,0.0,1,0,S1-905974472,S2-706205396,0
0.3684210526315789,0.3684210526315789,0.07692307692307693,0.07692307692307693,0.24444444444444444,0.0,0,0,0,0.0,0.3333333333333333,0.12587394588669656,0.07692307692307693,0.07692307692307693,0,0,S1-905974472,S2-282033465,0
0.3829787234042553,0.3829787234042553,0.027777777777777776,0.027777777777777776,0.32098765432098764,0.0,0,0,0,0.0,0.14285714285714285,0.050471834314723754,0.0,0.0,0,0,S1-905974472,S2-414388057,0
0.5454545454545454,0.5454545454545454,0.1,0.1,0.21666666666666667,0.0,0,0,0,0.0,0.2857142857142857,0.12863748972074796,0.0,0.0,0,0,S1-905974472,S2-810892049,0
0.5116279069767442,0.5116279069767442,0.13793103448275862,0.13793103448275862,0.23809523809523808,0.0,0,0,0,0.0,0.3333333333333333,0.12287015079441281,0.0,0.0,0,0,S1-905974472,S2-446436360,0
0.46153846153846156,0.46153846153846156,0.15789473684210525,0.15789473684210525,0.2962962962962963,0.0,0,0,0,0.0,0.2,0.1807319681044002,0.0,0.0,0,0,S1-395002727,S2-809083939,0
0.4583333333333333,0.4583333333333333,0.18181818181818182,0.18181818181818182,0.16470588235294117,0.0,0,0,0,0.0,0.16666666666666666,0.12791857832595985,0.0,0.0,0,0,S1-395002727,S2-37583339,0
0.5882352941176471,0.5882352941176471,0.2857142857142857,0.2857142857142857,0.10526315789473684,0.0,0,0,0,0.0,0.25,0.1554215461655026,0.0,0.0,0,0,S1-395002727,S2-351858631,0
0.4230769230769231,0.4230769230769231,0.15789473684210525,0.15789473684210525,0.2558139534883721,0.0,0,0,0,0.0,0.2,0.16387011533940726,0.0,0.0,1,0,S1-395002727,S2-389481125,0
0.3548387096774194,0.3548387096774194,0.1276595744680851,0.1276595744680851,0.25757575757575757,0.0,0,0,0,0.0,0.16666666666666666,0.1559381721576053,0.0,0.0,0,0,S1-395002727,S2-628337784,0
0.42424242424242425,0.42424242424242425,0.19047619047619047,0.19047619047619047,0.14893617021276595,0.0,0,0,0,0.0,0.2,0.189851625750266,0.0,0.0,0,0,S1-491543010,S2-604196599,0
0.3333333333333333,0.3333333333333333,0.037037037037037035,0.037037037037037035,0.2911392405063291,0.0,0,0,0,0.0,0.2,0.10922587652495876,0.05,0.04999999999999999,0,0,S1-491543010,S2-876338421,0
0.3888888888888889,0.3888888888888889,0.037037037037037035,0.037037037037037035,0.2482758620689655,0.0,0,0,0,0.0,0.2,0.10737049565156975,0.0,0.0,0,0,S1-491543010,S2-232314056,0
0.5641025641025641,0.5641025641025641,0.1111111111111111,0.1111111111111111,0.3177570093457944,0.0,0,0,0,0.0,0.16666666666666666,0.097743403895739,0.0,0.0,0,0,S1-491543010,S2-804286724,0
0.46511627906976744,0.46511627906976744,0.030303030303030304,0.030303030303030304,0.24203821656050956,0.0,0,0,0,0.0,0.16666666666666666,0.09283903296703847,0.0,0.0,0,0,S1-491543010,S2-619867283,0
0.9411764705882353,0.9411764705882353,0.696969696969697,0.696969696969697,0.7142857142857143,1.0,1,1,5,1.0,0.6666666666666666,0.4726463788785963,0.7142857142857143,0.7142857142857143,0,0,S1-603318865,S2-790845556,1
0.7272727272727273,0.7272727272727273,0.5666666666666667,0.5666666666666667,0.9411764705882353,1.0,1,1,5,1.0,0.0,0.0,0.5,0.5000000000000001,0,0,S1-603318865,S2-866753929,1
0.4489795918367347,0.4489795918367347,0.02631578947368421,0.02631578947368421,0.12698412698412698,0.0,0,0,0,0.0,0.14285714285714285,0.040833729013618536,0.0,0.0,0,0,S1-603318865,S2-488433738,0
0.5084745762711864,0.5084745762711864,0.11627906976744186,0.11627906976744186,0.23853211009174313,0.0,0,0,0,0.0,0.125,0.03451314198246791,0.0,0.0,0,0,S1-603318865,S2-159012466,0
0.375,0.375,0.02127659574468085,0.02127659574468085,0.15151515151515152,0.0,0,0,0,0.0,0.125,0.039101083120885866,0.0,0.0,0,0,S1-603318865,S2-257493393,0
0.475,0.475,0.08196721311475409,0.08196721311475409,0.18571428571428572,0.0,0,0,0,0.0,0.1,0.03188160566346781,0.0,0.0,0,0,S1-603318865,S2-373652190,0
0.3076923076923077,0.3076923076923077,0.024390243902439025,0.024390243902439025,0.06451612903225806,0.0,0,0,0,0.0,0.14285714285714285,0.043899988935161754,0.0,0.0,0,0,S1-603318865,S2-370401592,0
0.4444444444444444,0.4444444444444444,0.05263157894736842,0.05263157894736842,0.16,0.0,0,0,0,0.0,0.25,0.08091815945790506,0.0,0.0,0,0,S1-957203061,S2-496460047,0
0.3225806451612903,0.3225806451612903,0.043478260869565216,0.043478260869565216,0.12987012987012986,0.0,0,0,0,0.0,0.25,0.07507976246326777,0.0,0.0,0,0,S1-957203061,S2-249446494,0
0.42105263157894735,0.42105263157894735,0.034482758620689655,0.034482758620689655,0.3380281690140845,0.0,0,0,0,0.0,0.2,0.06469548153491964,0.0,0.0,0,0,S1-957203061,S2-386154575,0
0.375,0.375,0.043478260869565216,0.043478260869565216,0.3058823529411765,0.0,0,0,0,0.0,0.2,0.06086803735413459,0.0,0.0,0,0,S1-957203061,S2-537134577,0
0.4117647058823529,0.4117647058823529,0.04,0.04,0.3287671232876712,0.0,0,0,0,0.0,0.2,0.06019254468220546,0.08333333333333333,0.08333333333333334,1,0,S1-957203061,S2-206991486,0
0.391304347826087,0.391304347826087,0.02857142857142857,0.02857142857142857,0.09090909090909091,0.0,0,0,0,0.0,0.14285714285714285,0.06896553960990659,0.0,0.0,0,0,S1-692891261,S2-285333516,0
0.5,0.5,0.08333333333333333,0.08333333333333333,0.33766233766233766,0.0,0,0,0,0.0,0.3333333333333333,0.15836821893155195,0.047619047619047616,0.04761904761904761,0,0,S1-692891261,S2-787411419,0
0.4,0.4,0.03333333333333333,0.03333333333333333,0.25882352941176473,0.0,0,0,0,0.0,0.16666666666666666,0.10421660326163319,0.0,0.0,0,0,S1-692891261,S2-72803738,0
0.43137254901960786,0.43137254901960786,0.08108108108108109,0.08108108108108109,0.21428571428571427,0.0,0,0,0,0.0,0.2857142857142857,0.15191284586067708,0.037037037037037035,0.03703703703703702,0,0,S1-692891261,S2-969448381,0
0.3076923076923077,0.3076923076923077,0.024390243902439025,0.024390243902439025,0.12857142857142856,0.0,0,0,0,0.0,0.14285714285714285,0.05514426281411018,0.0,0.0,0,0,S1-692891261,S2-851715134,0
0.5245901639344263,0.5245901639344263,0.13636363636363635,0.13636363636363635,0.4032258064516129,0.0,0,0,0,0.0,0.14285714285714285,0.05960908260301347,0.16666666666666666,0.16666666666666666,0,0,S1-896143038,S2-993453808,0
0.37735849056603776,0.37735849056603776,0.34375,0.34375,0.21428571428571427,0.0,0,0,0,0.0,0.4,0.2458435377261078,0.058823529411764705,0.0588235294117647,0,0,S1-896143038,S2-840536791,0
0.6557377049180327,0.6557377049180327,0.32432432432432434,0.32432432432432434,0.24242424242424243,0.0,0,0,0,0.0,0.3333333333333333,0.1841012414822842,0.0,0.0,0,0,S1-896143038,S2-473914708,0
0.45161290322580644,0.45161290322580644,0.10869565217391304,0.10869565217391304,0.15384615384615385,0.0,0,0,0,0.0,0.14285714285714285,0.05853624535787276,0.0,0.0,0,0,S1-896143038,S2-220583900,0
0.48148148148148145,0.48148148148148145,0.15789473684210525,0.15789473684210525,0.2222222222222222,0.0,0,0,0,0.0,0.16666666666666666,0.05051245683716021,0.08333333333333333,0.08333333333333331,0,0,S1-896143038,S2-562040135,0
0.4827586206896552,0.4827586206896552,0.09302325581395349,0.09302325581395349,0.2153846153846154,0.0,0,0,0,0.0,0.125,0.10578678774744778,0.0,0.0,0,0,S1-571530326,S2-157133311,0
0.6909090909090909,0.6909090909090909,0.3055555555555556,0.3055555555555556,0.2571428571428571,0.0,0,0,0,0.0,0.2,0.17624538274817583,0.0,0.0,0,0,S1-571530326,S2-908194349,0
0.6896551724137931,0.6896551724137931,0.3611111111111111,0.3611111111111111,0.19672131147540983,0.0,0,0,0,0.0,0.2,0.18964634766578733,0.0,0.0,0,0,S1-571530326,S2-332456526,0
0.37209302325581395,0.37209302325581395,0.09375,0.09375,0.14432989690721648,0.0,0,0,0,0.0,0.2,0.17070100735192667,0.0,0.0,0,0,S1-571530326,S2-67231536,0
0.4727272727272727,0.4727272727272727,0.12195121951219512,0.12195121951219512,0.19718309859154928,0.0,0,0,0,0.0,0.16666666666666666,0.12232575438899798,0.0,0.0,0,0,S1-571530326,S2-983126431,0
0.5151515151515151,0.5151515151515151,0.12244897959183673,0.12244897959183673,0.2764227642276423,0.0,0,0,0,0.0,0.125,0.049415760391452845,0.0,0.0,0,0,S1-88136188,S2-123295971,0
0.576271186440678,0.576271186440678,0.13953488372093023,0.13953488372093023,0.1791044776119403,0.0,0,0,0,0.0,0.14285714285714285,0.07292952755860901,0.0,0.0,0,0,S1-88136188,S2-528821655,0
0.41509433962264153,0.41509433962264153,0.1282051282051282,0.1282051282051282,0.0,0.0,0,0,0,0.0,0.16666666666666666,0.08122102991358406,0.0,0.0,0,1,S1-88136188,S2-70906796,0
0.4,0.4,0.17142857142857143,0.17142857142857143,0.3333333333333333,0.3333333333333333,1,1,1,0.0,0.16666666666666666,0.07795605092852644,0.0,0.0,0,0,S1-88136188,S2-26912292,0
0.6666666666666666,0.6666666666666666,0.18181818181818182,0.18181818181818182,0.2601626016260163,0.0,0,0,0,0.0,0.125,0.05698531389390269,0.0,0.0,0,0,S1-88136188,S2-343104114,0
0.42105263157894735,0.42105263157894735,0.17073170731707318,0.17073170731707318,0.3050847457627119,0.0,0,0,0,0.0,0.16666666666666666,0.14406528021561063,0.0,0.0,0,0,S1-344437402,S2-798359597,0
0.43478260869565216,0.43478260869565216,0.05555555555555555,0.05555555555555555,0.25,0.0,0,0,0,0.0,0.2,0.1184595033209736,0.0,0.0,0,0,S1-344437402,S2-303243415,0
0.3050847457627119,0.3050847457627119,0.0425531914893617,0.0425531914893617,0.25,0.0,0,0,0,0.0,0.14285714285714285,0.0919752823376138,0.0,0.0,0,0,S1-344437402,S2-619764961,0
0.3050847457627119,0.3050847457627119,0.043478260869565216,0.043478260869565216,0.34285714285714286,0.0,0,0,0,0.0,0.125,0.08386959103474191,0.0,0.0,0,0,S1-344437402,S2-159240555,0
0.417910447761194,0.417910447761194,0.12244897959183673,0.12244897959183673,0.2413793103448276,0.0,0,0,0,0.0,0.125,0.09806556582949359,0.0,0.0,0,0,S1-344437402,S2-58438228,0
0.6470588235294118,0.6470588235294118,0.29545454545454547,0.29545454545454547,0.3225806451612903,0.0,0,0,0,0.0,0.2857142857142857,0.3212478907336365,0.1,0.10000000000000002,0,0,S1-836358069,S2-119198667,0
0.4489795918367347,0.4489795918367347,0.17142857142857143,0.17142857142857143,0.18461538461538463,0.0,0,0,0,0.0,0.2,0.1988826260811991,0.0,0.0,0,0,S1-836358069,S2-253396805,0
0.4,0.4,0.13725490196078433,0.13725490196078433,0.3333333333333333,0.0,0,0,0,0.0,0.125,0.12749354999920648,0.0,0.0,0,0,S1-836358069,S2-225655939,0
0.64,0.64,0.28125,0.28125,0.25,0.0,0,0,0,0.0,0.16666666666666666,0.17428216141126754,0.0,0.0,0,0,S1-836358069,S2-621020249,0
0.7741935483870968,0.7741935483870968,0.45714285714285713,0.45714285714285713,0.30985915492957744,0.0,0,0,0,0.0,0.2857142857142857,0.342946812251948,0.0,0.0,0,0,S1-836358069,S2-949953633,0
0.9310344827586207,0.9310344827586207,0.7142857142857143,0.7142857142857143,0.5714285714285714,1.0,2,1,4,1.0,0.6,0.448978233417779,0.6666666666666666,0.6666666666666667,0,0,S1-755546342,S2-229541468,1
0.5384615384615384,0.5384615384615384,0.075,0.075,0.24444444444444444,0.0,0,0,0,0.0,0.16666666666666666,0.10657472103714932,0.0,0.0,0,0,S1-755546342,S2-39311466,0
0.42105263157894735,0.42105263157894735,0.06666666666666667,0.06666666666666667,0.45901639344262296,0.0,0,0,0,0.0,0.16666666666666666,0.11620044166956164,0.1111111111111111,0.11111111111111113,0,0,S1-755546342,S2-256403669,0
0.3333333333333333,0.3333333333333333,0.057692307692307696,0.057692307692307696,0.19047619047619047,0.0,0,0,0,0.0,0.125,0.08218995251786246,0.0,0.0,0,0,S1-755546342,S2-552192119,0
0.43137254901960786,0.43137254901960786,0.13513513513513514,0.13513513513513514,0.21739130434782608,0.0,0,0,0,0.0,0.16666666666666666,0.12732510512597603,0.0,0.0,1,0,S1-755546342,S2-336126508,0
0.41935483870967744,0.41935483870967744,0.061224489795918366,0.061224489795918366,0.41935483870967744,0.0,0,0,0,0.0,0.14285714285714285,0.10112707651833765,0.1,0.10000000000000002,0,0,S1-755546342,S2-743995191,0
0.5128205128205128,0.5128205128205128,0.03333333333333333,0.03333333333333333,0.3728813559322034,0.0,0,0,0,0.0,0.2,0.05351867969591683,0.0,0.0,0,0,S1-857861080,S2-56414828,0
0.34285714285714286,0.34285714285714286,0.038461538461538464,0.038461538461538464,0.25925925925925924,0.0,0,0,0,0.0,0.2,0.06147740069318252,0.0,0.0,0,0,S1-857861080,S2-700907427,0
0.425531914893617,0.425531914893617,0.05555555555555555,0.05555555555555555,0.26229508196721313,0.0,0,0,0,0.0,0.16666666666666666,0.04925139512924837,0.0,0.0,0,0,S1-857861080,S2-595994582,0
0.3,0.3,0.03333333333333333,0.03333333333333333,0.23529411764705882,0.0,0,0,0,0.0,0.16666666666666666,0.0544098301748321,0.0,0.0,0,0,S1-857861080,S2-883780933,0
0.48484848484848486,0.48484848484848486,0.041666666666666664,0.041666666666666664,0.29411764705882354,0.0,0,0,0,0.0,0.2,0.04741042552391945,0.0,0.0,0,0,S1-857861080,S2-972771931,0
0.46153846153846156,0.46153846153846156,0.15384615384615385,0.15384615384615385,0.17073170731707318,0.0,0,0,0,0.0,0.16666666666666666,0.15689634993967247,0.0,0.0,0,0,S1-696438779,S2-53584032,0
0.45,0.45,0.14814814814814814,0.14814814814814814,0.21739130434782608,0.0,0,0,0,0.0,0.16666666666666666,0.13481931889171042,0.0,0.0,0,0,S1-696438779,S2-625380545,0
0.4,0.4,0.06451612903225806,0.06451612903225806,0.14705882352941177,0.0,0,0,0,0.0,0.125,0.14933748050812332,0.0,0.0,0,0,S1-696438779,S2-927397321,0
0.5106382978723404,0.5106382978723404,0.12121212121212122,0.12121212121212122,0.29545454545454547,0.0,0,0,0,0.0,0.14285714285714285,0.12722601396289415,0.0,0.0,0,0,S1-696438779,S2-3261389,0
0.5454545454545454,0.5454545454545454,0.2,0.2,0.21212121212121213,0.0,0,0,0,0.0,0.16666666666666666,0.1247055062208588,0.0,0.0,0,0,S1-696438779,S2-248977143,0
0.4117647058823529,0.4117647058823529,0.038461538461538464,0.038461538461538464,0.5151515151515151,0.0,0,0,0,0.0,0.25,0.10415834790099936,0.1,0.10000000000000002,0,0,S1-669182921,S2-401337280,0
0.3728813559322034,0.3728813559322034,0.04878048780487805,0.04878048780487805,0.273972602739726,0.0,0,0,0,0.0,0.16666666666666666,0.06567277885868933,0.0,0.0,0,0,S1-669182921,S2-779617421,0
0.34146341463414637,0.34146341463414637,0.03125,0.03125,0.3582089552238806,0.0,0,0,0,0.0,0.2,0.07497491628366637,0.0,0.0,0,0,S1-669182921,S2-602158019,0
0.2857142857142857,0.2857142857142857,0.044444444444444446,0.044444444444444446,0.35135135135135137,0.0,0,0,0,0.0,0.16666666666666666,0.06451751191072812,0.0,0.0,0,0,S1-669182921,S2-736087699,0
0.43636363636363634,0.43636363636363634,0.046511627906976744,0.046511627906976744,0.36363636363636365,0.0,0,0,0,0.0,0.14285714285714285,0.049183656404356506,0.0,0.0,1,0,S1-669182921,S2-230347605,0
0.5384615384615384,0.5384615384615384,0.10810810810810811,0.10810810810810811,0.2857142857142857,0.0,0,0,0,0.0,0.14285714285714285,0.10780270327336151,0.0,0.0,0,0,S1-853378682,S2-915498736,0
0.34285714285714286,0.34285714285714286,0.16666666666666666,0.16666666666666666,0.30434782608695654,0.0,0,0,0,0.0,0.25,0.19423520091983457,0.0,0.0,0,0,S1-853378682,S2-475143453,0
0.4186046511627907,0.4186046511627907,0.13333333333333333,0.13333333333333333,0.27450980392156865,0.0,0,0,0,0.0,0.16666666666666666,0.13694665602530684,0.0,0.0,0,0,S1-853378682,S2-89402936,0
0.5714285714285714,0.5714285714285714,0.2727272727272727,0.2727272727272727,0.18867924528301888,0.0,0,0,0,0.0,0.25,0.20463076682505157,0.0,0.0,0,0,S1-853378682,S2-135798572,0
0.391304347826087,0.391304347826087,0.12121212121212122,0.12121212121212122,0.0,0.0,0,0,0,0.0,0.16666666666666666,0.13020041597974208,0.0,0.0,0,1,S1-853378682,S2-10462607,0
0.4528301886792453,0.4528301886792453,0.05,0.05,0.5,0.0,0,0,0,0.0,0.125,0.04081036785039794,0.09090909090909091,0.09090909090909093,0,0,S1-7366790,S2-349290386,0
0.30985915492957744,0.30985915492957744,0.017543859649122806,0.017543859649122806,0.410958904109589,0.0,0,0,0,0.0,0.1,0.03808230133803445,0.09090909090909091,0.09090909090909093,0,0,S1-7366790,S2-336162855,0
0.29411764705882354,0.29411764705882354,0.018518518518518517,0.018518518518518517,0.18181818181818182,0.0,0,0,0,0.0,0.1,0.05853042379207516,0.0,0.0,0,0,S1-7366790,S2-478530767,0
0.4262295081967213,0.4262295081967213,0.020833333333333332,0.020833333333333332,0.2585034013605442,0.0,0,0,0,0.0,0.1111111111111111,0.050779798122319406,0.0,0.0,0,0,S1-7366790,S2-45082788,0
0.3076923076923077,0.3076923076923077,0.016129032258064516,0.016129032258064516,0.2972972972972973,0.0,0,0,0,0.0,0.09090909090909091,0.03289301233011443,0.0,0.0,0,0,S1-7366790,S2-808435190,0
0.37209302325581395,0.37209302325581395,0.1724137931034483,0.1724137931034483,0.3270440251572327,0.0,0,0,0,0.0,0.2,0.166031116118363,0.0,0.0,0,0,S1-223085874,S2-69337991,0
0.41025641025641024,0.41025641025641024,0.19230769230769232,0.19230769230769232,0.3225806451612903,0.0,0,0,0,0.0,0.2,0.15857261038951384,0.0,0.0,0,0,S1-223085874,S2-609866553,0
0.72,0.72,0.38461538461538464,0.38461538461538464,0.3675675675675676,0.0,0,0,0,0.0,0.25,0.15842048292999242,0.03333333333333333,0.03333333333333332,0,0,S1-223085874,S2-933364198,0
0.4444444444444444,0.4444444444444444,0.21739130434782608,0.21739130434782608,0.08383233532934131,0.0,0,0,0,0.0,0.2,0.18795567962658147,0.0,0.0,1,0,S1-223085874,S2-718940689,0
0.5806451612903226,0.5806451612903226,0.2631578947368421,0.2631578947368421,0.24516129032258063,0.25,1,1,1,0.0,0.25,0.17281763924521532,0.041666666666666664,0.04166666666666666,0,0,S1-223085874,S2-566521685,0
0.9047619047619048,0.9047619047619048,0.8333333333333334,0.8333333333333334,1.0,1.0,1,1,3,0.0,0.75,0.8595537195964702,1.0,1.0,0,0,S1-851548503,S2-404745962,1
0.4166666666666667,0.4166666666666667,0.02702702702702703,0.02702702702702703,0.3,0.0,0,0,0,0.0,0.14285714285714285,0.06491125162605076,0.0,0.0,0,0,S1-851548503,S2-26904563,0
0.4444444444444444,0.4444444444444444,0.10256410256410256,0.10256410256410256,0.4158415841584158,0.0,0,0,0,0.0,0.2857142857142857,0.13581540549941645,0.058823529411764705,0.0588235294117647,0,0,S1-851548503,S2-697912376,0
0.3103448275862069,0.3103448275862069,0.021739130434782608,0.021739130434782608,0.4842105263157895,0.0,0,0,0,0.0,0.125,0.05279940638020942,0.15384615384615385,0.15384615384615385,0,0,S1-851548503,S2-986181621,0
0.4838709677419355,0.4838709677419355,0.0851063829787234,0.0851063829787234,0.16326530612244897,0.0,0,0,0,0.0,0.2857142857142857,0.13605272487999912,0.0,0.0,0,0,S1-851548503,S2-9245377,0
0.4897959183673469,0.4897959183673469,0.02702702702702703,0.02702702702702703,0.2616822429906542,0.0,0,0,0,0.0,0.14285714285714285,0.06984092735304069,0.0,0.0,0,0,S1-851548503,S2-101919056,0
0.17857142857142858,0.17857142857142858,0.022727272727272728,0.022727272727272728,0.24615384615384617,0.0,0,0,0,0.0,0.125,0.0458851053539632,0.0,0.0,0,0,S1-927177398,S2-995896579,0
0.42105263157894735,0.42105263157894735,0.034482758620689655,0.034482758620689655,0.24242424242424243,0.0,0,0,0,0.0,0.2,0.07590206390665265,0.0,0.0,0,0,S1-927177398,S2-460415948,0
0.3018867924528302,0.3018867924528302,0.023255813953488372,0.023255813953488372,0.26229508196721313,0.0,0,0,0,0.0,0.2,0.06620844632572657,0.1,0.10000000000000002,0,0,S1-927177398,S2-284308780,0
0.4,0.4,0.02564102564102564,0.02564102564102564,0.3548387096774194,0.0,0,0,0,0.0,0.14285714285714285,0.0453312718878347,0.0,0.0,0,0,S1-927177398,S2-841971708,0
0.23529411764705882,0.23529411764705882,0.01818181818181818,0.01818181818181818,0.410958904109589,0.0,0,0,0,0.0,0.1111111111111111,0.0380536914491054,0.0,0.0,0,0,S1-927177398,S2-851771072,0
0.5714285714285714,0.5714285714285714,0.23076923076923078,0.23076923076923078,0.13924050632911392,0.0,0,0,0,0.0,0.3333333333333333,0.1300589622967577,0.0,0.0,0,0,S1-9401824,S2-331142396,0
0.45454545454545453,0.45454545454545453,0.030303030303030304,0.030303030303030304,0.3076923076923077,0.0,0,0,0,0.0,0.14285714285714285,0.06269621408292178,0.05,0.04999999999999999,0,0,S1-9401824,S2-424081386,0
0.41935483870967744,0.41935483870967744,0.02040816326530612,0.02040816326530612,0.21739130434782608,0.0,0,0,0,0.0,0.1111111111111111,0.049087402184822236,0.0,0.0,0,0,S1-9401824,S2-366070890,0
0.5660377358490566,0.5660377358490566,0.075,0.075,0.1625,0.0,0,0,0,0.0,0.14285714285714285,0.06438631013437093,0.0,0.0,0,0,S1-9401824,S2-532995057,0
0.27450980392156865,0.27450980392156865,0.08108108108108109,0.08108108108108109,0.20634920634920634,0.0,0,0,0,0.0,0.3333333333333333,0.1715011252463106,0.0,0.0,0,0,S1-9401824,S2-966057618,0
0.5945945945945946,0.5945945945945946,0.20833333333333334,0.20833333333333334,0.11594202898550725,0.0,0,0,0,0.0,0.2,0.18608269300033078,0.0,0.0,1,0,S1-528758882,S2-421108685,0
0.47619047619047616,0.47619047619047616,0.1724137931034483,0.1724137931034483,0.3950617283950617,0.0,0,0,0,0.0,0.2,0.20453132023432188,0.0,0.0,0,0,S1-528758882,S2-800937355,0
0.5,0.5,0.16666666666666666,0.16666666666666666,0.2028985507246377,0.0,0,0,0,0.0,0.16666666666666666,0.16909583314289717,0.0,0.0,0,0,S1-528758882,S2-102651087,0
0.5,0.5,0.16666666666666666,0.16666666666666666,0.37037037037037035,0.0,0,0,0,0.0,0.16666666666666666,0.12549635771624973,0.0,0.0,0,0,S1-528758882,S2-606685437,0
0.4782608695652174,0.4782608695652174,0.2,0.2,0.3582089552238806,0.0,0,0,0,0.0,0.14285714285714285,0.1330237197397237,0.09090909090909091,0.09090909090909093,0,0,S1-528758882,S2-210017553,0
0.425531914893617,0.425531914893617,0.05714285714285714,0.05714285714285714,0.4230769230769231,0.0,0,0,0,0.0,0.14285714285714285,0.10985586259129305,0.0,0.0,0,0,S1-982883437,S2-925522013,0
0.34146341463414637,0.34146341463414637,0.06451612903225806,0.06451612903225806,0.21176470588235294,0.0,0,0,0,0.0,0.2,0.18432725015963375,0.0,0.0,0,0,S1-982883437,S2-179422051,0
0.4666666666666667,0.4666666666666667,0.09523809523809523,0.09523809523809523,0.21052631578947367,0.0,0,0,0,0.0,0.25,0.1701162315756891,0.0,0.0,0,0,S1-982883437,S2-35738144,0
0.39285714285714285,0.39285714285714285,0.046511627906976744,0.046511627906976744,0.0,0.0,0,0,0,0.0,0.14285714285714285,0.11439794635127874,0.0,0.0,0,1,S1-982883437,S2-863631849,0
0.41935483870967744,0.41935483870967744,0.08695652173913043,0.08695652173913043,0.2978723404255319,0.0,0,0,0,0.0,0.1111111111111111,0.08928166162833169,0.0,0.0,0,0,S1-982883437,S2-938959176,0
0.4,0.4,0.06,0.06,0.2903225806451613,0.0,0,0,0,0.0,0.18181818181818182,0.1304950593017442,0.0,0.0,0,0,S1-550085738,S2-873247467,0
0.42105263157894735,0.42105263157894735,0.023809523809523808,0.023809523809523808,0.3,0.0,0,0,0,0.0,0.2,0.12664723701767006,0.0,0.0,1,0,S1-550085738,S2-662503590,0
0.37735849056603776,0.37735849056603776,0.025,0.025,0.25396825396825395,0.0,0,0,0,0.0,0.1111111111111111,0.10123848369933744,0.0,0.0,0,0,S1-550085738,S2-721938840,0
0.4444444444444444,0.4444444444444444,0.08108108108108109,0.08108108108108109,0.34375,0.0,0,0,0,0.0,0.25,0.14857159368274803,0.0,0.0,0,0,S1-550085738,S2-3491561,0
0.37037037037037035,0.37037037037037035,0.025,0.025,0.2857142857142857,0.0,0,0,0,0.0,0.1,0.08032432224749729,0.0,0.0,0,0,S1-550085738,S2-921586557,0
0.4057971014492754,0.4057971014492754,0.07692307692307693,0.07692307692307693,0.30303030303030304,0.0,0,0,0,0.0,0.1111111111111111,0.11232259693180191,0.0,0.0,0,0,S1-896684396,S2-576745669,0
0.5365853658536586,0.5365853658536586,0.13793103448275862,0.13793103448275862,0.3235294117647059,0.0,0,0,0,0.0,0.2,0.1630785648710743,0.0,0.0,0,0,S1-896684396,S2-778025282,0
0.4230769230769231,0.4230769230769231,0.10526315789473684,0.10526315789473684,0.4507042253521127,0.0,0,0,0,0.0,0.14285714285714285,0.1304823218841784,0.1,0.10000000000000002,0,0,S1-896684396,S2-735948107,0
0.36923076923076925,0.36923076923076925,0.08,0.08,0.2028985507246377,0.0,0,0,0,0.0,0.125,0.12134248933415957,0.0,0.0,0,0,S1-896684396,S2-105631146,0
0.42105263157894735,0.42105263157894735,0.14634146341463414,0.14634146341463414,0.28125,0.0,0,0,0,0.0,0.14285714285714285,0.122699403754593,0.0,0.0,0,0,S1-896684396,S2-774935490,0
0.6666666666666666,0.6666666666666666,0.375,0.375,0.11510791366906475,0.0,0,0,0,0.0,0.3333333333333333,0.15052402743457238,0.0,0.0,1,0,S1-421549554,S2-641709923,0
0.45454545454545453,0.45454545454545453,0.16666666666666666,0.16666666666666666,0.20634920634920634,0.0,0,0,0,0.0,0.16666666666666666,0.05938975987626499,0.0,0.0,1,0,S1-421549554,S2-26721336,0
0.6060606060606061,0.6060606060606061,0.27906976744186046,0.27906976744186046,0.24324324324324326,0.0,0,0,0,0.0,0.2857142857142857,0.1240939071949022,0.0,0.0,0,0,S1-421549554,S2-761250713,0
0.6071428571428571,0.6071428571428571,0.36363636363636365,0.36363636363636365,0.2413793103448276,0.0,0,0,0,0.0,0.2857142857142857,0.11128525888304437,0.0,0.0,0,0,S1-421549554,S2-793740535,0
0.5079365079365079,0.5079365079365079,0.15555555555555556,0.15555555555555556,0.2054794520547945,0.0,0,0,0,0.0,0.125,0.04077293761818087,0.0,0.0,0,0,S1-421549554,S2-684181471,0
0.4444444444444444,0.4444444444444444,0.05714285714285714,0.05714285714285714,0.3103448275862069,0.0,0,0,0,0.0,0.2,0.06992965286714452,0.0,0.0,0,0,S1-921685678,S2-592836534,0
0.6666666666666666,0.6666666666666666,0.391304347826087,0.391304347826087,0.29850746268656714,0.0,0,0,0,0.0,0.25,0.28278613198390534,0.0,0.0,0,0,S1-921685678,S2-767930152,0
0.46153846153846156,0.46153846153846156,0.04878048780487805,0.04878048780487805,0.21818181818181817,0.0,0,0,0,0.0,0.16666666666666666,0.07624037236005583,0.0,0.0,0,0,S1-921685678,S2-283918647,0
0.15,0.15,0.03333333333333333,0.03333333333333333,0.3492063492063492,0.0,0,0,0,0.0,0.16666666666666666,0.05886618609861197,0.0,0.0,0,0,S1-921685678,S2-109937264,0
0.37037037037037035,0.37037037037037035,0.022727272727272728,0.022727272727272728,0.29411764705882354,0.0,0,0,0,0.0,0.16666666666666666,0.0722504755803589,0.0,0.0,0,0,S1-921685678,S2-934692090,0
0.2916666666666667,0.2916666666666667,0.02702702702702703,0.02702702702702703,0.21897810218978103,0.0,0,0,0,0.0,0.16666666666666666,0.09257232609542848,0.0,0.0,0,0,S1-510937618,S2-513462596,0
0.4,0.4,0.058823529411764705,0.058823529411764705,0.3230769230769231,0.0,0,0,0,0.0,0.2,0.11309671140996941,0.06666666666666667,0.06666666666666667,0,0,S1-510937618,S2-770682258,0
0.3829787234042553,0.3829787234042553,0.05555555555555555,0.05555555555555555,0.18181818181818182,0.0,0,0,0,0.0,0.2,0.12670038533417916,0.0,0.0,0,0,S1-510937618,S2-849395767,0
0.358974358974359,0.358974358974359,0.034482758620689655,0.034482758620689655,0.16049382716049382,0.0,0,0,0,0.0,0.2,0.12737908950977517,0.0,0.0,0,0,S1-510937618,S2-876338421,0
0.21052631578947367,0.21052631578947367,0.03571428571428571,0.03571428571428571,0.3,0.0,0,0,0,0.0,0.2,0.13850594418196083,0.0,0.0,0,0,S1-510937618,S2-31548816,0
0.56,0.56,0.2553191489361702,0.2553191489361702,0.2682926829268293,0.0,0,0,0,0.0,0.2222222222222222,0.09098895926144948,0.0,0.0,0,0,S1-505721511,S2-941648768,0
0.5833333333333334,0.5833333333333334,0.25,0.25,0.19642857142857142,0.0,0,0,0,0.0,0.2857142857142857,0.0974555725540578,0.0,0.0,0,0,S1-505721511,S2-283800781,0
0.8648648648648649,0.8648648648648649,0.6486486486486487,0.6486486486486487,0.21238938053097345,0.0,0,0,0,0.0,0.5,0.3485038289852673,0.0,0.0,0,0,S1-505721511,S2-281309190,0
0.6031746031746031,0.6031746031746031,0.3,0.3,0.288135593220339,0.0,0,0,0,0.0,0.3333333333333333,0.11013092227830713,0.0,0.0,0,0,S1-505721511,S2-316473034,0
0.2903225806451613,0.2903225806451613,0.10638297872340426,0.10638297872340426,0.19672131147540983,0.0,0,0,0,0.0,0.16666666666666666,0.05135649938077869,0.0,0.0,0,0,S1-505721511,S2-760572786,0
0.44,0.44,0.02631578947368421,0.02631578947368421,0.28125,0.0,0,0,0,0.0,0.14285714285714285,0.05253922915182963,0.0,0.0,0,0,S1-56326829,S2-248500703,0
0.4528301886792453,0.4528301886792453,0.05128205128205128,0.05128205128205128,0.20689655172413793,0.0,0,0,0,0.0,0.2857142857142857,0.12427254246360554,0.1111111111111111,0.11111111111111113,0,0,S1-56326829,S2-875735379,0
0.40816326530612246,0.40816326530612246,0.02702702702702703,0.02702702702702703,0.208955223880597,0.0,0,0,0,0.0,0.14285714285714285,0.05110985965242338,0.0,0.0,0,0,S1-56326829,S2-128281659,0
0.5,0.5,0.027777777777777776,0.027777777777777776,0.28,0.0,0,0,0,0.0,0.14285714285714285,0.05272083720088239,0.0,0.0,0,0,S1-56326829,S2-291631652,0
0.24561403508771928,0.24561403508771928,0.022727272727272728,0.022727272727272728,0.32727272727272727,0.0,0,0,0,0.0,0.125,0.04999916285397713,0.25,0.25000000000000006,0,0,S1-56326829,S2-262411229,0
0.4857142857142857,0.4857142857142857,0.2127659574468085,0.2127659574468085,0.16666666666666666,0.0,0,0,0,0.0,0.1111111111111111,0.088587572443287,0.0,0.0,0,0,S1-908338633,S2-146009461,0
0.4444444444444444,0.4444444444444444,0.15254237288135594,0.15254237288135594,0.19047619047619047,0.0,0,0,0,0.0,0.125,0.09402813640616157,0.0,0.0,0,0,S1-908338633,S2-526472732,0
0.4528301886792453,0.4528301886792453,0.2571428571428571,0.2571428571428571,0.36065573770491804,0.0,0,0,0,0.0,0.2,0.16443616559413068,0.0,0.0,0,0,S1-908338633,S2-412075301,0
0.6,0.6,0.3157894736842105,0.3157894736842105,0.5,0.0,0,0,0,0.0,0.16666666666666666,0.17282861222745338,0.1,0.10000000000000002,0,0,S1-908338633,S2-28865106,0
0.3835616438356164,0.3835616438356164,0.1509433962264151,0.1509433962264151,0.297029702970297,0.0,0,0,0,0.0,0.125,0.08673800731894701,0.0,0.0,0,0,S1-908338633,S2-664079108,0
0.5769230769230769,0.5769230769230769,0.375,0.375,0.3548387096774194,0.0,0,0,0,0.0,0.2,0.24675591833671698,0.09090909090909091,0.09090909090909093,0,0,S1-492181471,S2-236867566,0
0.8333333333333334,0.8333333333333334,0.6666666666666666,0.6666666666666666,0.2413793103448276,0.0,0,0,0,0.0,0.3333333333333333,0.28814522087154026,0.0,0.0,1,0,S1-492181471,S2-66634783,0
0.625,0.625,0.41379310344827586,0.41379310344827586,0.4266666666666667,0.0,0,0,0,0.0,0.25,0.30303727269702807,0.0,0.0,0,0,S1-492181471,S2-906594882,0
0.7317073170731707,0.7317073170731707,0.5454545454545454,0.5454545454545454,0.2,0.0,0,0,0,0.0,0.25,0.3272427371704193,0.0,0.0,0,0,S1-492181471,S2-100155371,0
0.6818181818181818,0.6818181818181818,0.48,0.48,0.2647058823529412,0.0,0,0,0,0.0,0.25,0.30784345656207607,0.0,0.0,0,0,S1-492181471,S2-841338302,0
0.5660377358490566,0.5660377358490566,0.22857142857142856,0.22857142857142856,0.3142857142857143,0.0,0,0,0,0.0,0.14285714285714285,0.1656479890493258,0.0,0.0,0,0,S1-462240649,S2-444735125,0
0.49056603773584906,0.49056603773584906,0.10256410256410256,0.10256410256410256,0.2608695652173913,0.0,0,0,0,0.0,0.14285714285714285,0.10717574334051427,0.0,0.0,0,0,S1-462240649,S2-907691163,0
0.5416666666666666,0.5416666666666666,0.11428571428571428,0.11428571428571428,0.16901408450704225,0.0,0,0,0,0.0,0.16666666666666666,0.14003049140571616,0.0,0.0,0,0,S1-462240649,S2-486259654,0
0.5714285714285714,0.5714285714285714,0.17391304347826086,0.17391304347826086,0.22580645161290322,0.0,0,0,0,0.0,0.2,0.15344474665481028,0.0,0.0,0,0,S1-462240649,S2-263940621,0
0.44,0.44,0.10810810810810811,0.10810810810810811,0.3582089552238806,0.0,0,0,0,0.0,0.16666666666666666,0.14854604860846365,0.08333333333333333,0.08333333333333334,0,0,S1-462240649,S2-810613913,0
0.4583333333333333,0.4583333333333333,0.1875,0.1875,0.2571428571428571,0.0,0,0,0,0.0,0.14285714285714285,0.10451515550284601,0.0,0.0,0,0,S1-541962667,S2-336531851,0
0.41509433962264153,0.41509433962264153,0.16216216216216217,0.16216216216216217,0.18461538461538463,0.0,0,0,0,0.0,0.14285714285714285,0.1325643237118955,0.0,0.0,0,0,S1-541962667,S2-598575620,0
0.5116279069767442,0.5116279069767442,0.17857142857142858,0.17857142857142858,0.42105263157894735,0.0,0,0,0,0.0,0.14285714285714285,0.1277748908601824,0.1111111111111111,0.11111111111111113,0,0,S1-541962667,S2-445828641,0
0.34615384615384615,0.34615384615384615,0.07894736842105263,0.07894736842105263,0.2,0.0,0,0,0,0.0,0.125,0.10892763275892692,0.0,0.0,0,0,S1-541962667,S2-899836521,0
0.5,0.5,0.2,0.2,0.3380281690140845,0.0,0,0,0,0.0,0.16666666666666666,0.13243773610613516,0.0,0.0,0,0,S1-541962667,S2-557538681,0
0.4864864864864865,0.4864864864864865,0.2,0.2,0.3492063492063492,0.0,0,0,0,0.0,0.25,0.366470803661971,0.0,0.0,0,0,S1-125310170,S2-586824619,0
0.6511627906976745,0.6511627906976745,0.25,0.25,0.3384615384615385,0.0,0,0,0,0.0,0.2,0.2007351513542663,0.0,0.0,0,0,S1-125310170,S2-628148267,0
0.4528301886792453,0.4528301886792453,0.1891891891891892,0.1891891891891892,0.3793103448275862,0.0,0,0,0,0.0,0.16666666666666666,0.20476813725866508,0.0,0.0,0,0,S1-125310170,S2-739836990,0
0.5416666666666666,0.5416666666666666,0.21212121212121213,0.21212121212121213,0.29508196721311475,0.0,0,0,0,0.0,0.2,0.2367133842491611,0.0,0.0,0,0,S1-125310170,S2-558554728,0
0.5581395348837209,0.5581395348837209,0.25925925925925924,0.25925925925925924,0.26666666666666666,0.0,0,0,0,0.0,0.25,0.27426345478795544,0.0,0.0,0,0,S1-125310170,S2-156707554,0
0.31746031746031744,0.31746031746031744,0.04,0.04,0.3157894736842105,0.0,0,0,0,0.0,0.125,0.04042600777444179,0.0,0.0,0,0,S1-210935903,S2-570152222,0
0.4117647058823529,0.4117647058823529,0.058823529411764705,0.058823529411764705,0.1917808219178082,0.0,0,0,0,0.0,0.1111111111111111,0.035066000244341713,0.0,0.0,0,0,S1-210935903,S2-119151990,0
0.5,0.5,0.041666666666666664,0.041666666666666664,0.29411764705882354,0.0,0,0,0,0.0,0.14285714285714285,0.051580650679753745,0.0,0.0,0,0,S1-210935903,S2-770427078,0
0.4225352112676056,0.4225352112676056,0.017241379310344827,0.017241379310344827,0.25,0.0,0,0,0,0.0,0.1111111111111111,0.03338563481692841,0.0,0.0,0,0,S1-210935903,S2-594232547,0
0.2909090909090909,0.2909090909090909,0.046511627906976744,0.046511627906976744,0.13333333333333333,0.0,0,0,0,0.0,0.14285714285714285,0.045399095811680536,0.0,0.0,0,0,S1-210935903,S2-659956306,0
0.47058823529411764,0.47058823529411764,0.024390243902439025,0.024390243902439025,0.1891891891891892,0.0,0,0,0,0.0,0.16666666666666666,0.06875766992142196,0.0,0.0,0,0,S1-807525840,S2-939908187,0
0.4166666666666667,0.4166666666666667,0.05405405405405406,0.05405405405405406,0.28205128205128205,0.0,0,0,0,0.0,0.16666666666666666,0.060032286767613824,0.0,0.0,0,0,S1-807525840,S2-684799308,0
0.2903225806451613,0.2903225806451613,0.02,0.02,0.30952380952380953,0.0,0,0,0,0.0,0.125,0.045247016497193385,0.0,0.0,0,0,S1-807525840,S2-708502020,0
0.2903225806451613,0.2903225806451613,0.02,0.02,0.47368421052631576,0.0,0,0,0,0.0,0.125,0.058141947764318413,0.08333333333333333,0.08333333333333334,0,0,S1-807525840,S2-651425803,0
0.23529411764705882,0.23529411764705882,0.02702702702702703,0.02702702702702703,0.41025641025641024,0.0,0,0,0,0.0,0.14285714285714285,0.054301405103099665,0.08333333333333333,0.08333333333333334,0,0,S1-807525840,S2-622998439,0
0.34615384615384615,0.34615384615384615,0.024390243902439025,0.024390243902439025,0.15267175572519084,0.0,0,0,0,0.0,0.14285714285714285,0.055730673678671974,0.0,0.0,0,0,S1-617228441,S2-824619495,0
0.4074074074074074,0.4074074074074074,0.023255813953488372,0.023255813953488372,0.1875,0.0,0,0,0,0.0,0.14285714285714285,0.058393587951821965,0.0,0.0,0,0,S1-617228441,S2-466390507,0
0.5405405405405406,0.5405405405405406,0.07692307692307693,0.07692307692307693,0.234375,0.0,0,0,0,0.0,0.16666666666666666,0.05744316670506366,0.0,0.0,0,0,S1-617228441,S2-654008290,0
0.6666666666666666,0.6666666666666666,0.18181818181818182,0.18181818181818182,0.17699115044247787,0.0,0,0,0,0.0,0.3333333333333333,0.12005034085836576,0.0,0.0,0,0,S1-617228441,S2-649446723,0
0.48148148148148145,0.48148148148148145,0.023809523809523808,0.023809523809523808,0.183206106870229,0.0,0,0,0,0.0,0.125,0.05704872262196301,0.0,0.0,0,0,S1-617228441,S2-693072766,0
0.45614035087719296,0.45614035087719296,0.11904761904761904,0.11904761904761904,0.27218934911242604,0.0,0,0,0,0.0,0.14285714285714285,0.06712126022977201,0.04,0.03999999999999999,0,0,S1-85659903,S2-377069307,0
0.46153846153846156,0.46153846153846156,0.10416666666666667,0.10416666666666667,0.26993865030674846,0.0,0,0,0,0.0,0.1111111111111111,0.042119276477148825,0.041666666666666664,0.04166666666666666,0,0,S1-85659903,S2-246053353,0
0.5454545454545454,0.5454545454545454,0.125,0.125,0.24161073825503357,0.0,0,0,0,0.0,0.14285714285714285,0.05891481427668482,0.0,0.0,0,0,S1-85659903,S2-551126435,0
0.6666666666666666,0.6666666666666666,0.375,0.375,0.0,0.0,0,0,0,0.0,0.3333333333333333,0.11512845581046904,0.0,0.0,0,1,S1-85659903,S2-101281643,0
0.6470588235294118,0.6470588235294118,0.2727272727272727,0.2727272727272727,0.27586206896551724,0.0,0,0,0,0.0,0.2857142857142857,0.1114718628035482,0.09523809523809523,0.09523809523809522,0,0,S1-85659903,S2-569517507,0
0.4,0.4,0.058823529411764705,0.058823529411764705,0.24,0.0,0,0,0,0.0,0.25,0.07260346699223746,0.0,0.0,0,0,S1-513658304,S2-590622585,0
0.5106382978723404,0.5106382978723404,0.027777777777777776,0.027777777777777776,0.41379310344827586,0.0,0,0,0,0.0,0.14285714285714285,0.04590621093405455,0.0,0.0,0,0,S1-513658304,S2-161880433,0
0.3181818181818182,0.3181818181818182,0.0625,0.0625,0.4,0.0,0,0,0,0.0,0.14285714285714285,0.036870004162829685,0.0,0.0,0,0,S1-513658304,S2-64011633,0
0.4166666666666667,0.4166666666666667,0.11428571428571428,0.11428571428571428,0.19607843137254902,0.0,0,0,0,0.0,0.16666666666666666,0.06228375589093696,0.0,0.0,0,0,S1-513658304,S2-895791781,0
0.27586206896551724,0.27586206896551724,0.05,0.05,0.25396825396825395,0.0,0,0,0,0.0,0.2,0.054558373865640684,0.0,0.0,0,0,S1-513658304,S2-822974581,0
0.6923076923076923,0.6923076923076923,0.35714285714285715,0.35714285714285715,0.2782608695652174,0.0,0,0,0,0.0,0.6666666666666666,0.6904552566364379,0.0,0.0,1,0,S1-137547543,S2-294658417,0
0.4864864864864865,0.4864864864864865,0.20833333333333334,0.20833333333333334,0.25925925925925924,0.0,0,0,0,0.0,0.2,0.2940373312117887,0.0,0.0,0,0,S1-137547543,S2-129710287,0
0.5294117647058824,0.5294117647058824,0.25,0.25,0.19230769230769232,0.0,0,0,0,0.0,0.16666666666666666,0.23676851341008706,0.0,0.0,0,0,S1-137547543,S2-528382317,0
0.6666666666666666,0.6666666666666666,0.3125,0.3125,0.18333333333333332,0.0,0,0,0,0.0,0.3333333333333333,0.4156776434276969,0.05555555555555555,0.055555555555555546,0,0,S1-137547543,S2-466313790,0
0.6666666666666666,0.6666666666666666,0.5,0.5,0.3076923076923077,0.0,0,0,0,0.0,0.3333333333333333,0.5990706005677116,0.0625,0.06249999999999999,0,0,S1-137547543,S2-286777919,0
0.3157894736842105,0.3157894736842105,0.11538461538461539,0.11538461538461539,0.273972602739726,0.0,0,0,0,0.0,0.16666666666666666,0.05738652713012047,0.0,0.0,0,0,S1-57861376,S2-677108767,0
0.5238095238095238,0.5238095238095238,0.03225806451612903,0.03225806451612903,0.3582089552238806,0.0,0,0,0,0.0,0.14285714285714285,0.04486146946076812,0.0,0.0,0,0,S1-57861376,S2-29415033,0
0.2702702702702703,0.2702702702702703,0.037037037037037035,0.037037037037037035,0.14925373134328357,0.0,0,0,0,0.0,0.16666666666666666,0.049469024519983494,0.0,0.0,0,0,S1-57861376,S2-727114108,0
0.48484848484848486,0.48484848484848486,0.041666666666666664,0.041666666666666664,0.3018867924528302,0.0,0,0,0,0.0,0.2,0.07411051754299956,0.0,0.0,0,0,S1-57861376,S2-540686118,0
0.3333333333333333,0.3333333333333333,0.023809523809523808,0.023809523809523808,0.20689655172413793,0.0,0,0,0,0.0,0.125,0.03607348634229847,0.0,0.0,0,0,S1-57861376,S2-759871100,0
0.2857142857142857,0.2857142857142857,0.046511627906976744,0.046511627906976744,0.3384615384615385,0.0,0,0,0,0.0,0.125,0.041429463580876714,0.0,0.0,0,0,S1-902664624,S2-8341631,0
0.36363636363636365,0.36363636363636365,0.038461538461538464,0.038461538461538464,0.2641509433962264,0.0,0,0,0,0.0,0.125,0.051702100867156806,0.0,0.0,1,0,S1-902664624,S2-243052266,0
0.36666666666666664,0.36666666666666664,0.02127659574468085,0.02127659574468085,0.1935483870967742,0.0,0,0,0,0.0,0.1111111111111111,0.04429764816932971,0.0,0.0,0,0,S1-902664624,S2-748649852,0
0.2807017543859649,0.2807017543859649,0.022222222222222223,0.022222222222222223,0.2857142857142857,0.0,0,0,0,0.0,0.125,0.047839790403342825,0.0,0.0,0,0,S1-902664624,S2-911634286,0
0.38095238095238093,0.38095238095238093,0.04081632653061224,0.04081632653061224,0.2857142857142857,0.0,0,0,0,0.0,0.1111111111111111,0.03976123593077591,0.0,0.0,0,0,S1-902664624,S2-692074084,0
0.41379310344827586,0.41379310344827586,0.11627906976744186,0.11627906976744186,0.2608695652173913,0.0,0,0,0,0.0,0.14285714285714285,0.04744311798324162,0.0,0.0,0,0,S1-137242371,S2-332609743,0
0.5675675675675675,0.5675675675675675,0.24,0.24,0.2857142857142857,0.0,0,0,0,0.0,0.25,0.08775616770550425,0.0,0.0,1,0,S1-137242371,S2-771383678,0
0.34285714285714286,0.34285714285714286,0.1,0.1,0.3185840707964602,0.0,0,0,0,0.0,0.14285714285714285,0.051561325656798995,0.058823529411764705,0.0588235294117647,0,0,S1-137242371,S2-275089563,0
0.6,0.6,0.16666666666666666,0.16666666666666666,0.2809917355371901,0.0,0,0,0,0.0,0.125,0.049819427263390795,0.07692307692307693,0.07692307692307693,0,0,S1-137242371,S2-888203615,0
0.4411764705882353,0.4411764705882353,0.2127659574468085,0.2127659574468085,0.2903225806451613,0.0,0,0,0,0.0,0.2857142857142857,0.10741120883436318,0.0,0.0,0,0,S1-137242371,S2-983305387,0
0.75,0.75,0.625,0.625,0.53125,0.0,0,0,0,0.0,0.0,0.0,0.8333333333333334,0.8333333333333334,0,0,S1-362628357,S2-446411546,1
0.5,0.5,0.12195121951219512,0.12195121951219512,0.29508196721311475,0.0,0,0,0,0.0,0.14285714285714285,0.1573390452417347,0.2222222222222222,0.22222222222222227,0,0,S1-362628357,S2-744467012,0
0.41509433962264153,0.41509433962264153,0.13157894736842105,0.13157894736842105,0.2222222222222222,0.0,0,0,0,0.0,0.16666666666666666,0.18294753813032227,0.0,0.0,0,0,S1-362628357,S2-534350999,0
0.5833333333333334,0.5833333333333334,0.11428571428571428,0.11428571428571428,0.1875,0.0,0,0,0,0.0,0.16666666666666666,0.15843767576033493,0.0,0.0,0,0,S1-362628357,S2-120668937,0
0.6956521739130435,0.6956521739130435,0.32142857142857145,0.32142857142857145,0.15625,0.0,0,0,0,0.0,0.16666666666666666,0.16899025442393514,0.0,0.0,0,0,S1-362628357,S2-926927744,0
0.35,0.35,0.14814814814814814,0.14814814814814814,0.2857142857142857,0.0,0,0,0,0.0,0.16666666666666666,0.1558331309510476,0.0,0.0,0,0,S1-362628357,S2-743433493,0
0.6071428571428571,0.6071428571428571,0.21052631578947367,0.21052631578947367,0.1875,0.0,0,0,0,0.0,0.14285714285714285,0.05071892940953104,0.0,0.0,0,0,S1-693812776,S2-328754894,0
0.5185185185185185,0.5185185185185185,0.15384615384615385,0.15384615384615385,0.30666666666666664,0.2,1,1,1,0.0,0.16666666666666666,0.06429425128515735,0.0,0.0,0,0,S1-693812776,S2-456218458,0
0.44776119402985076,0.44776119402985076,0.12,0.12,0.4378698224852071,0.0,0,0,0,0.0,0.125,0.05179735495076115,0.16,0.15999999999999995,0,0,S1-693812776,S2-979174975,0
0.5614035087719298,0.5614035087719298,0.14634146341463414,0.14634146341463414,0.24489795918367346,0.0,0,0,0,0.0,0.14285714285714285,0.05689430355597293,0.045454545454545456,0.04545454545454544,0,0,S1-693812776,S2-688978296,0
0.5614035087719298,0.5614035087719298,0.17073170731707318,0.17073170731707318,0.3176470588235294,0.0,0,0,0,0.0,0.16666666666666666,0.05674582942157087,0.0,0.0,0,0,S1-693812776,S2-364146447,0
0.5555555555555556,0.5555555555555556,0.20833333333333334,0.20833333333333334,0.28169014084507044,0.0,0,0,0,0.0,0.25,0.2559886899128341,0.0,0.0,0,0,S1-481599887,S2-350908110,0
0.5531914893617021,0.5531914893617021,0.05405405405405406,0.05405405405405406,0.30985915492957744,0.0,0,0,0,0.0,0.2,0.1372288436416121,0.0,0.0,0,0,S1-481599887,S2-244693640,0
0.3333333333333333,0.3333333333333333,0.0625,0.0625,0.23684210526315788,0.0,0,0,0,0.0,0.2,0.19374329890641265,0.0,0.0,0,0,S1-481599887,S2-367268,0
0.37209302325581395,0.37209302325581395,0.0625,0.0625,0.2857142857142857,0.0,0,0,0,0.0,0.2,0.2013069723614598,0.0,0.0,0,0,S1-481599887,S2-964200221,0
0.4782608695652174,0.4782608695652174,0.15151515151515152,0.15151515151515152,0.225,0.0,0,0,0,0.0,0.2,0.178027595486609,0.0,0.0,0,0,S1-481599887,S2-791413065,0
0.65625,0.65625,0.2857142857142857,0.2857142857142857,0.2446043165467626,0.0,0,0,0,0.0,0.3333333333333333,0.1234525494721733,0.05555555555555555,0.055555555555555546,0,0,S1-800717997,S2-385132565,0
0.4727272727272727,0.4727272727272727,0.15,0.15,0.22857142857142856,0.0,0,0,0,0.0,0.16666666666666666,0.06753091874620366,0.0,0.0,0,0,S1-800717997,S2-757440267,0
0.5588235294117647,0.5588235294117647,0.09615384615384616,0.09615384615384616,0.2695035460992908,0.0,0,0,0,0.0,0.125,0.035990292931020185,0.0,0.0,0,0,S1-800717997,S2-387605467,0
0.25,0.25,0.11904761904761904,0.11904761904761904,0.25287356321839083,0.0,0,0,0,0.0,0.16666666666666666,0.05323583161485756,0.041666666666666664,0.04166666666666666,0,0,S1-800717997,S2-499529553,0
0.4727272727272727,0.4727272727272727,0.12195121951219512,0.12195121951219512,0.26744186046511625,0.0,0,0,0,0.0,0.16666666666666666,0.06051376241956949,0.08,0.07999999999999997,0,0,S1-800717997,S2-704696088,0
0.3783783783783784,0.3783783783783784,0.037037037037037035,0.037037037037037035,0.3291139240506329,0.0,0,0,0,0.0,0.16666666666666666,0.049131184375566,0.0,0.0,1,0,S1-415274790,S2-216083448,0
0.5263157894736842,0.5263157894736842,0.11538461538461539,0.11538461538461539,0.21333333333333335,0.0,0,0,0,0.0,0.16666666666666666,0.05029809250313474,0.0,0.0,0,0,S1-415274790,S2-646963191,0
0.35555555555555557,0.35555555555555557,0.06060606060606061,0.06060606060606061,0.37333333333333335,0.0,0,0,0,0.0,0.14285714285714285,0.05159887114658797,0.0,0.0,0,0,S1-415274790,S2-983476655,0
0.425531914893617,0.425531914893617,0.02857142857142857,0.02857142857142857,0.42105263157894735,0.0,0,0,0,0.0,0.14285714285714285,0.04248257260073756,0.0,0.0,0,0,S1-415274790,S2-769887516,0
0.5,0.5,0.0625,0.0625,0.2191780821917808,0.0,0,0,0,0.0,0.25,0.07553418935770788,0.0,0.0,0,0,S1-415274790,S2-726237798,0
0.6551724137931034,0.6551724137931034,0.3333333333333333,0.3333333333333333,0.30927835051546393,0.0,0,0,0,0.0,0.3333333333333333,0.108973608810032,0.08333333333333333,0.08333333333333334,0,0,S1-535175176,S2-176620145,0
0.47619047619047616,0.47619047619047616,0.10416666666666667,0.10416666666666667,0.24793388429752067,0.0,0,0,0,0.0,0.14285714285714285,0.055920973796254034,0.0,0.0,0,0,S1-535175176,S2-250733230,0
0.6333333333333333,0.6333333333333333,0.3157894736842105,0.3157894736842105,0.23703703703703705,0.0,0,0,0,0.0,0.3333333333333333,0.10869410473202797,0.0,0.0,0,0,S1-535175176,S2-879318531,0
0.42105263157894735,0.42105263157894735,0.11904761904761904,0.11904761904761904,0.21568627450980393,0.0,0,0,0,0.0,0.14285714285714285,0.05870660564978652,0.0,0.0,0,0,S1-535175176,S2-59390828,0
0.53125,0.53125,0.1276595744680851,0.1276595744680851,0.3333333333333333,0.0,0,0,0,0.0,0.125,0.05347589466660172,0.0,0.0,0,0,S1-535175176,S2-218268592,0
0.358974358974359,0.358974358974359,0.03333333333333333,0.03333333333333333,0.2727272727272727,0.0,0,0,0,0.0,0.2,0.06802031126388068,0.0,0.0,0,0,S1-912827024,S2-494913288,0
0.3333333333333333,0.3333333333333333,0.03125,0.03125,0.27586206896551724,0.0,0,0,0,0.0,0.16666666666666666,0.0579793633389628,0.0,0.0,0,0,S1-912827024,S2-592403414,0
0.23076923076923078,0.23076923076923078,0.024390243902439025,0.024390243902439025,0.375,0.0,0,0,0,0.0,0.14285714285714285,0.05148437997800084,0.0,0.0,0,0,S1-912827024,S2-774806802,0
0.4,0.4,0.02564102564102564,0.02564102564102564,0.23880597014925373,0.0,0,0,0,0.0,0.14285714285714285,0.042817186046471785,0.0,0.0,0,0,S1-912827024,S2-809398661,0
0.3076923076923077,0.3076923076923077,0.037037037037037035,0.037037037037037035,0.2903225806451613,0.0,0,0,0,0.0,0.14285714285714285,0.04641913529273354,0.0,0.0,0,0,S1-912827024,S2-373576397,0
0.4230769230769231,0.4230769230769231,0.13157894736842105,0.13157894736842105,0.21818181818181817,0.0,0,0,0,0.0,0.16666666666666666,0.10767524294261319,0.0,0.0,0,0,S1-362737291,S2-509138112,0
0.3283582089552239,0.3283582089552239,0.1,0.1,0.35714285714285715,0.0,0,0,0,0.0,0.1111111111111111,0.08396779027572059,0.0,0.0,0,0,S1-362737291,S2-690211210,0
0.47058823529411764,0.47058823529411764,0.13513513513513514,0.13513513513513514,0.2222222222222222,0.0,0,0,0,0.0,0.16666666666666666,0.10055219395358195,0.0,0.0,0,0,S1-362737291,S2-5561607,0
0.4444444444444444,0.4444444444444444,0.1282051282051282,0.1282051282051282,0.3157894736842105,0.0,0,0,0,0.0,0.14285714285714285,0.09746097388248642,0.0,0.0,0,0,S1-362737291,S2-330275324,0
0.48,0.48,0.1388888888888889,0.1388888888888889,0.27906976744186046,0.0,0,0,0,0.0,0.16666666666666666,0.10146536276391774,0.0,0.0,0,0,S1-362737291,S2-95911389,0
0.5454545454545454,0.5454545454545454,0.2631578947368421,0.2631578947368421,0.27692307692307694,0.0,0,0,0,0.0,0.4,0.38691369773388823,0.0,0.0,1,0,S1-709699522,S2-163278261,0
0.4888888888888889,0.4888888888888889,0.16666666666666666,0.16666666666666666,0.45161290322580644,0.0,0,0,0,0.0,0.3333333333333333,0.2810485426164713,0.1111111111111111,0.11111111111111113,1,0,S1-709699522,S2-782611104,0
0.4864864864864865,0.4864864864864865,0.12,0.12,0.32727272727272727,0.0,0,0,0,0.0,0.16666666666666666,0.2373497198388668,0.0,0.0,0,0,S1-709699522,S2-806249077,0
0.6666666666666666,0.6666666666666666,0.2631578947368421,0.2631578947368421,0.22950819672131148,0.0,0,0,0,0.0,0.5,0.4329256467767095,0.0,0.0,1,0,S1-709699522,S2-532120159,0
0.5641025641025641,0.5641025641025641,0.2,0.2,0.4230769230769231,0.0,0,0,0,0.0,0.4,0.3235406505157386,0.0,0.0,0,0,S1-709699522,S2-505041498,0
0.375,0.375,0.14705882352941177,0.14705882352941177,0.2413793103448276,0.0,0,0,0,0.0,0.16666666666666666,0.056965184052826086,0.0,0.0,0,0,S1-830156171,S2-781548660,0
0.6333333333333333,0.6333333333333333,0.3157894736842105,0.3157894736842105,0.2803738317757009,0.0,0,0,0,0.0,0.3333333333333333,0.11218110988606744,0.0,0.0,0,0,S1-830156171,S2-915769300,0
0.2641509433962264,0.2641509433962264,0.1282051282051282,0.1282051282051282,0.35789473684210527,0.0,0,0,0,0.0,0.16666666666666666,0.050231484453530865,0.0,0.0,0,0,S1-830156171,S2-531646707,0
0.5882352941176471,0.5882352941176471,0.1836734693877551,0.1836734693877551,0.19230769230769232,0.0,0,0,0,0.0,0.14285714285714285,0.03675582632164073,0.0,0.0,0,0,S1-830156171,S2-523510797,0
0.5925925925925926,0.5925925925925926,0.1282051282051282,0.1282051282051282,0.3838383838383838,0.0,0,0,0,0.0,0.14285714285714285,0.05332639845440145,0.0,0.0,0,0,S1-830156171,S2-693121938,0
0.7567567567567568,0.7567567567567568,0.6111111111111112,0.6111111111111112,0.825,0.0,0,0,0,0.0,0.2,0.0743212115342381,0.75,0.75,0,0,S1-317085559,S2-810964968,1
0.3880597014925373,0.3880597014925373,0.11363636363636363,0.11363636363636363,0.25263157894736843,0.0,0,0,0,0.0,0.125,0.04611199409140541,0.0,0.0,0,0,S1-317085559,S2-436362149,0
0.5454545454545454,0.5454545454545454,0.2553191489361702,0.2553191489361702,0.19047619047619047,0.0,0,0,0,0.0,0.25,0.10310451964869387,0.0,0.0,0,0,S1-317085559,S2-823507255,0
0.3902439024390244,0.3902439024390244,0.18518518518518517,0.18518518518518517,0.27956989247311825,0.0,0,0,0,0.0,0.16666666666666666,0.0640264330369533,0.0,0.0,0,0,S1-317085559,S2-412737242,0
0.52,0.52,0.14285714285714285,0.14285714285714285,0.23529411764705882,0.0,0,0,0,0.0,0.14285714285714285,0.056334202197117524,0.0,0.0,0,0,S1-317085559,S2-657523134,0
0.6530612244897959,0.6530612244897959,0.42857142857142855,0.42857142857142855,0.34285714285714286,0.0,0,0,0,0.0,0.16666666666666666,0.05135607222562754,0.0,0.0,0,0,S1-317085559,S2-257119785,0
0.6666666666666666,0.6666666666666666,0.42857142857142855,0.42857142857142855,0.29411764705882354,0.0,0,0,0,0.0,0.5,0.665002341317858,0.0,0.0,0,0,S1-413204423,S2-383645287,0
0.5263157894736842,0.5263157894736842,0.3,0.3,0.36666666666666664,0.0,0,0,0,0.0,0.3333333333333333,0.5425775048730497,0.1,0.10000000000000002,0,0,S1-413204423,S2-790623025,0
0.47619047619047616,0.47619047619047616,0.25,0.25,0.18181818181818182,0.0,0,0,0,0.0,0.3333333333333333,0.6078007670344473,0.0,0.0,0,0,S1-413204423,S2-857682094,0
0.47058823529411764,0.47058823529411764,0.04,0.04,0.26229508196721313,0.0,0,0,0,0.0,0.2,0.05966148897915054,0.0,0.0,0,0,S1-688328227,S2-610911235,0
0.4727272727272727,0.4727272727272727,0.09523809523809523,0.09523809523809523,0.38596491228070173,0.0,0,0,0,0.0,0.16666666666666666,0.05690245778560343,0.0,0.0,0,0,S1-688328227,S2-577148024,0
0.43902439024390244,0.43902439024390244,0.03225806451612903,0.03225806451612903,0.38461538461538464,0.0,0,0,0,0.0,0.16666666666666666,0.056083727824203684,0.0,0.0,1,0,S1-688328227,S2-6920606,0
0.40625,0.40625,0.0625,0.0625,0.27450980392156865,0.0,0,0,0,0.0,0.125,0.043010502133157116,0.0,0.0,0,0,S1-688328227,S2-540501005,0
0.5106382978723404,0.5106382978723404,0.02702702702702703,0.02702702702702703,0.39215686274509803,0.0,0,0,0,0.0,0.16666666666666666,0.058168957774644044,0.0,0.0,0,0,S1-688328227,S2-690135892,0
0.5714285714285714,0.5714285714285714,0.12121212121212122,0.12121212121212122,0.19642857142857142,0.0,0,0,0,0.0,0.125,0.08504688199856819,0.0,0.0,1,0,S1-475679708,S2-26740863,0
0.42105263157894735,0.42105263157894735,0.06976744186046512,0.06976744186046512,0.32061068702290074,0.0,0,0,0,0.0,0.125,0.07792723169615585,0.0,0.0,0,0,S1-475679708,S2-592991071,0
0.4444444444444444,0.4444444444444444,0.02857142857142857,0.02857142857142857,0.2923076923076923,0.0,0,0,0,0.0,0.16666666666666666,0.10318704422464223,0.05555555555555555,0.055555555555555546,0,0,S1-475679708,S2-128340398,0
0.3793103448275862,0.3793103448275862,0.045454545454545456,0.045454545454545456,0.24778761061946902,0.0,0,0,0,0.0,0.1111111111111111,0.07090353684225364,0.0,0.0,0,0,S1-475679708,S2-955351989,0
0.3137254901960784,0.3137254901960784,0.07894736842105263,0.07894736842105263,0.304,0.0,0,0,0,0.0,0.14285714285714285,0.07918690245978276,0.0,0.0,0,0,S1-475679708,S2-777367118,0
0.41379310344827586,0.41379310344827586,0.02127659574468085,0.02127659574468085,0.2903225806451613,0.0,0,0,0,0.0,0.14285714285714285,0.04134915975552314,0.0,0.0,0,0,S1-239245922,S2-272690307,0
0.27586206896551724,0.27586206896551724,0.02127659574468085,0.02127659574468085,0.18181818181818182,0.0,0,0,0,0.0,0.14285714285714285,0.03924517668573966,0.0,0.0,0,0,S1-239245922,S2-885906075,0
0.22641509433962265,0.22641509433962265,0.023809523809523808,0.023809523809523808,0.26229508196721313,0.0,0,0,0,0.0,0.14285714285714285,0.04454673660134525,0.0,0.0,0,0,S1-239245922,S2-115812716,0
0.33962264150943394,0.33962264150943394,0.023809523809523808,0.023809523809523808,0.30303030303030304,0.0,0,0,0,0.0,0.14285714285714285,0.044307313139995155,0.0,0.0,0,0,S1-239245922,S2-461878491,0
0.2,0.2,0.041666666666666664,0.041666666666666664,0.4838709677419355,0.0,0,0,0,0.0,0.14285714285714285,0.04503169085144526,0.1,0.10000000000000002,0,0,S1-239245922,S2-615211117,0
0.4444444444444444,0.4444444444444444,0.05263157894736842,0.05263157894736842,0.14285714285714285,0.0,0,0,0,0.0,0.25,0.08741014605515897,0.0,0.0,0,0,S1-965205948,S2-63106291,0
0.2857142857142857,0.2857142857142857,0.038461538461538464,0.038461538461538464,0.29508196721311475,0.0,0,0,0,0.0,0.2,0.059711192488568716,0.0,0.0,0,0,S1-965205948,S2-264519859,0
0.42424242424242425,0.42424242424242425,0.041666666666666664,0.041666666666666664,0.16666666666666666,0.0,0,0,0,0.0,0.2,0.05724920055448181,0.0,0.0,0,0,S1-965205948,S2-384811646,0
0.5142857142857142,0.5142857142857142,0.08,0.08,0.26666666666666666,0.0,0,0,0,0.0,0.2,0.06884724193685704,0.1,0.10000000000000002,0,0,S1-965205948,S2-638054355,0
0.3076923076923077,0.3076923076923077,0.025,0.025,0.21875,0.0,0,0,0,0.0,0.125,0.03678296207413157,0.0,0.0,0,0,S1-965205948,S2-987519931,0
0.48148148148148145,0.48148148148148145,0.15384615384615385,0.15384615384615385,0.32323232323232326,0.0,0,0,0,0.0,0.16666666666666666,0.0692481800771602,0.08333333333333333,0.08333333333333334,0,0,S1-441425953,S2-148849701,0
0.6274509803921569,0.6274509803921569,0.16666666666666666,0.16666666666666666,0.3013698630136986,0.0,0,0,0,0.0,0.16666666666666666,0.05395285674610569,0.0,0.0,0,0,S1-441425953,S2-932579977,0
0.5581395348837209,0.5581395348837209,0.1724137931034483,0.1724137931034483,0.25757575757575757,0.0,0,0,0,0.0,0.16666666666666666,0.06722756068629626,0.0,0.0,0,0,S1-441425953,S2-85159878,0
0.18421052631578946,0.18421052631578946,0.08771929824561403,0.08771929824561403,0.13846153846153847,0.0,0,0,0,0.0,0.1,0.026922556755314325,0.0,0.0,0,0,S1-441425953,S2-30704226,0
0.42424242424242425,0.42424242424242425,0.09803921568627451,0.09803921568627451,0.20134228187919462,0.0,0,0,0,0.0,0.14285714285714285,0.05427551144073689,0.0,0.0,0,0,S1-441425953,S2-640390247,0
0.3103448275862069,0.3103448275862069,0.022222222222222223,0.022222222222222223,0.25316455696202533,0.0,0,0,0,0.0,0.1111111111111111,0.030222640743862068,0.0,0.0,0,0,S1-525416530,S2-334558703,0
0.37037037037037035,0.37037037037037035,0.023809523809523808,0.023809523809523808,0.2857142857142857,0.0,0,0,0,0.0,0.125,0.03635336821630387,0.0,0.0,0,0,S1-525416530,S2-970989191,0
0.3448275862068966,0.3448275862068966,0.06818181818181818,0.06818181818181818,0.23809523809523808,0.0,0,0,0,0.0,0.125,0.033233546860661815,0.0,0.0,0,0,S1-525416530,S2-341814395,0
0.37735849056603776,0.37735849056603776,0.024390243902439025,0.024390243902439025,0.2898550724637681,0.0,0,0,0,0.0,0.125,0.03619693696307081,0.0,0.0,0,0,S1-525416530,S2-887947931,0
0.3404255319148936,0.3404255319148936,0.05714285714285714,0.05714285714285714,0.26865671641791045,0.0,0,0,0,0.0,0.14285714285714285,0.038405109042475745,0.0,0.0,0,0,S1-525416530,S2-163126966,0
0.3492063492063492,0.3492063492063492,0.04081632653061224,0.04081632653061224,0.20512820512820512,0.0,0,0,0,0.0,0.1111111111111111,0.05100622672457457,0.0,0.0,0,0,S1-895029531,S2-251315837,0
0.5357142857142857,0.5357142857142857,0.24324324324324326,0.24324324324324326,0.22929936305732485,0.25,1,1,1,0.0,0.3333333333333333,0.21623497528029662,0.0,0.0,0,0,S1-895029531,S2-536586488,0
0.5384615384615384,0.5384615384615384,0.14285714285714285,0.14285714285714285,0.23684210526315788,0.3333333333333333,1,1,1,0.0,0.25,0.11935902756931305,0.0,0.0,0,0,S1-895029531,S2-372921766,0
0.4,0.4,0.02631578947368421,0.02631578947368421,0.21951219512195122,0.0,0,0,0,0.0,0.125,0.07498680075521877,0.0,0.0,0,0,S1-895029531,S2-337682585,0
0.47368421052631576,0.47368421052631576,0.11538461538461539,0.11538461538461539,0.18803418803418803,0.0,0,0,0,0.0,0.16666666666666666,0.1117827047906536,0.0,0.0,0,0,S1-895029531,S2-799959186,0
0.9142857142857143,0.9142857142857143,0.7352941176470589,0.7352941176470589,0.8333333333333334,0.0,0,0,0,0.0,0.5,0.45997239233647513,0.8,0.8,0,0,S1-925919273,S2-329649493,1
0.4,0.4,0.038461538461538464,0.038461538461538464,0.3448275862068966,0.0,0,0,0,0.0,0.125,0.038567682227225335,0.0,0.0,0,0,S1-925919273,S2-774819009,0
0.36363636363636365,0.36363636363636365,0.022727272727272728,0.022727272727272728,0.3508771929824561,0.0,0,0,0,0.0,0.14285714285714285,0.05243224025163126,0.0,0.0,0,0,S1-925919273,S2-566729366,0
0.36666666666666664,0.36666666666666664,0.0425531914893617,0.0425531914893617,0.36666666666666664,0.0,0,0,0,0.0,0.125,0.04440422442310617,0.0,0.0,0,0,S1-925919273,S2-585116844,0
0.25925925925925924,0.25925925925925924,0.023255813953488372,0.023255813953488372,0.26229508196721313,0.0,0,0,0,0.0,0.14285714285714285,0.053011822477221596,0.0,0.0,0,0,S1-925919273,S2-446004862,0
0.10526315789473684,0.10526315789473684,0.021739130434782608,0.021739130434782608,0.375,0.0,0,0,0,0.0,0.14285714285714285,0.049632704497047556,0.1,0.10000000000000002,0,0,S1-925919273,S2-395556260,0
0.38461538461538464,0.38461538461538464,0.10256410256410256,0.10256410256410256,0.2222222222222222,0.0,0,0,0,0.0,0.16666666666666666,0.10244943989907537,0.0,0.0,0,0,S1-181135299,S2-92616386,0
0.53125,0.53125,0.08163265306122448,0.08163265306122448,0.0967741935483871,0.0,0,0,0,0.0,0.125,0.11757437282572068,0.0,0.0,0,0,S1-181135299,S2-336162855,0
0.4528301886792453,0.4528301886792453,0.1875,0.1875,0.1,0.0,0,0,0,0.0,0.2,0.1749236232649389,0.0,0.0,0,0,S1-181135299,S2-474259368,0
0.4186046511627907,0.4186046511627907,0.16666666666666666,0.16666666666666666,0.2413793103448276,0.0,0,0,0,0.0,0.2,0.16264083946326607,0.0,0.0,0,0,S1-181135299,S2-909586040,0
0.48,0.48,0.10810810810810811,0.10810810810810811,0.28888888888888886,0.0,0,0,0,0.0,0.16666666666666666,0.0932696997379985,0.0,0.0,0,0,S1-181135299,S2-747971133,0
0.5,0.5,0.0851063829787234,0.0851063829787234,0.1686746987951807,0.0,0,0,0,0.0,0.125,0.03995306793823579,0.0,0.0,0,0,S1-240331350,S2-945049160,0
0.43478260869565216,0.43478260869565216,0.02857142857142857,0.02857142857142857,0.2891566265060241,0.0,0,0,0,0.0,0.14285714285714285,0.04169217049832128,0.0,0.0,0,0,S1-240331350,S2-53058156,0
0.36666666666666664,0.36666666666666664,0.021739130434782608,0.021739130434782608,0.23880597014925373,0.0,0,0,0,0.0,0.1,0.03264577760999944,0.0,0.0,0,0,S1-240331350,S2-884001566,0
0.3103448275862069,0.3103448275862069,0.045454545454545456,0.045454545454545456,0.27848101265822783,0.0,0,0,0,0.0,0.125,0.04087694643900958,0.0,0.0,1,0,S1-240331350,S2-389011386,0
0.4444444444444444,0.4444444444444444,0.024390243902439025,0.024390243902439025,0.3191489361702128,0.0,0,0,0,0.0,0.1111111111111111,0.029298374462022027,0.0,0.0,0,0,S1-240331350,S2-161055596,0
0.35714285714285715,0.35714285714285715,0.12195121951219512,0.12195121951219512,0.39436619718309857,0.0,0,0,0,0.0,0.14285714285714285,0.059657133399149506,0.05263157894736842,0.052631578947368404,0,0,S1-627414762,S2-777583574,0
0.7346938775510204,0.7346938775510204,0.4444444444444444,0.4444444444444444,0.11702127659574468,0.0,0,0,0,0.0,0.3333333333333333,0.10838294990158227,0.043478260869565216,0.04347826086956521,0,0,S1-627414762,S2-534585614,0
0.5964912280701754,0.5964912280701754,0.1794871794871795,0.1794871794871795,0.26865671641791045,0.0,0,0,0,0.0,0.125,0.039106646535347685,0.05555555555555555,0.055555555555555546,0,0,S1-627414762,S2-881374193,0
0.45454545454545453,0.45454545454545453,0.16666666666666666,0.16666666666666666,0.23863636363636365,0.0,0,0,0,0.0,0.16666666666666666,0.05436125349290062,0.0,0.0,0,0,S1-627414762,S2-538089407,0
0.6415094339622641,0.6415094339622641,0.3870967741935484,0.3870967741935484,0.18085106382978725,0.0,0,0,0,0.0,0.3333333333333333,0.1191746619738659,0.0,0.0,0,0,S1-627414762,S2-677087418,0
0.5853658536585366,0.5853658536585366,0.06451612903225806,0.06451612903225806,0.1791044776119403,0.0,0,0,0,0.0,0.2,0.06457627892165539,0.0,0.0,0,0,S1-216986373,S2-166435596,0
0.5238095238095238,0.5238095238095238,0.0625,0.0625,0.17857142857142858,0.0,0,0,0,0.0,0.2,0.05439878349287082,0.0,0.0,0,0,S1-216986373,S2-563409059,0
0.3181818181818182,0.3181818181818182,0.02857142857142857,0.02857142857142857,0.2608695652173913,0.0,0,0,0,0.0,0.2,0.05420663912848373,0.0,0.0,0,0,S1-216986373,S2-64098875,0
0.5,0.5,0.029411764705882353,0.029411764705882353,0.273972602739726,0.0,0,0,0,0.0,0.16666666666666666,0.04442356853164952,0.0,0.0,0,0,S1-216986373,S2-8341631,0
0.34782608695652173,0.34782608695652173,0.027777777777777776,0.027777777777777776,0.23728813559322035,0.0,0,0,0,0.0,0.16666666666666666,0.05809030210617118,0.0,0.0,0,0,S1-216986373,S2-117156502,0
0.32432432432432434,0.32432432432432434,0.03571428571428571,0.03571428571428571,0.23529411764705882,0.0,0,0,0,0.0,0.2,0.07172972609533132,0.0,0.0,0,0,S1-253317437,S2-113288525,0
0.16216216216216217,0.16216216216216217,0.03571428571428571,0.03571428571428571,0.32098765432098764,0.0,0,0,0,0.0,0.2,0.08319593862180569,0.07692307692307693,0.07692307692307693,0,0,S1-253317437,S2-826175919,0
0.3333333333333333,0.3333333333333333,0.037037037037037035,0.037037037037037035,0.21428571428571427,0.0,0,0,0,0.0,0.2,0.06735188506717114,0.0,0.0,0,0,S1-253317437,S2-482863537,0
0.4375,0.4375,0.043478260869565216,0.043478260869565216,0.23076923076923078,0.0,0,0,0,0.0,0.2,0.06085468919986312,0.0,0.0,0,0,S1-253317437,S2-511431813,0
0.34285714285714286,0.34285714285714286,0.037037037037037035,0.037037037037037035,0.2465753424657534,0.0,0,0,0,0.0,0.25,0.0774989906629261,0.1,0.10000000000000002,0,0,S1-253317437,S2-811884476,0
0.4931506849315068,0.4931506849315068,0.05263157894736842,0.05263157894736842,0.2711864406779661,0.0,0,0,0,0.0,0.1,0.05947602077918779,0.0,0.0,0,0,S1-224729402,S2-131322204,0
0.4722222222222222,0.4722222222222222,0.017241379310344827,0.017241379310344827,0.23529411764705882,0.0,0,0,0,0.0,0.1,0.05005088810493025,0.0625,0.06249999999999999,0,0,S1-224729402,S2-411562397,0
0.4782608695652174,0.4782608695652174,0.02857142857142857,0.02857142857142857,0.2545454545454545,0.0,0,0,0,0.0,0.14285714285714285,0.06702195176970838,0.0,0.0,0,0,S1-224729402,S2-181834912,0
0.43636363636363634,0.43636363636363634,0.023255813953488372,0.023255813953488372,0.25263157894736843,0.0,0,0,0,0.0,0.125,0.05264370118037253,0.0,0.0,0,0,S1-224729402,S2-375012428,0
0.5416666666666666,0.5416666666666666,0.125,0.125,0.24719101123595505,0.0,0,0,0,0.0,0.25,0.11336564661614547,0.0,0.0,0,0,S1-224729402,S2-998878379,0
0.5957446808510638,0.5957446808510638,0.22580645161290322,0.22580645161290322,0.26865671641791045,0.0,0,0,0,0.0,0.16666666666666666,0.18006048255996157,0.0,0.0,0,0,S1-656951309,S2-367268447,0
0.47058823529411764,0.47058823529411764,0.1388888888888889,0.1388888888888889,0.27692307692307694,0.0,0,0,0,0.0,0.14285714285714285,0.19719693862901108,0.0,0.0,0,0,S1-656951309,S2-331161014,0
0.5185185185185185,0.5185185185185185,0.1891891891891892,0.1891891891891892,0.33962264150943394,0.0,0,0,0,0.0,0.16666666666666666,0.2013831046715657,0.0,0.0,0,0,S1-656951309,S2-419144838,0
0.5641025641025641,0.5641025641025641,0.23809523809523808,0.23809523809523808,0.3333333333333333,0.0,0,0,0,0.0,0.25,0.2932750073350156,0.0,0.0,0,0,S1-656951309,S2-911805500,0
0.4864864864864865,0.4864864864864865,0.20833333333333334,0.20833333333333334,0.25806451612903225,0.0,0,0,0,0.0,0.2,0.21693790248853326,0.0,0.0,0,0,S1-656951309,S2-48748003,0
0.631578947368421,0.631578947368421,0.10714285714285714,0.10714285714285714,0.2641509433962264,0.0,0,0,0,0.0,0.25,0.22530319554733286,0.0,0.0,0,0,S1-879496149,S2-127852135,0
0.8235294117647058,0.8235294117647058,0.5555555555555556,0.5555555555555556,0.27450980392156865,0.0,0,0,0,0.0,0.3333333333333333,0.2996909510432943,0.058823529411764705,0.0588235294117647,0,0,S1-879496149,S2-66795391,0
0.5416666666666666,0.5416666666666666,0.3333333333333333,0.3333333333333333,0.36,0.0,0,0,0,0.0,0.2,0.18754549877573015,0.0,0.0,1,0,S1-879496149,S2-343765805,0
0.5,0.5,0.10344827586206896,0.10344827586206896,0.43636363636363634,0.0,0,0,0,0.0,0.2,0.21803623975180156,0.1111111111111111,0.11111111111111113,0,0,S1-879496149,S2-699535842,0
0.5454545454545454,0.5454545454545454,0.125,0.125,0.35714285714285715,0.0,0,0,0,0.0,0.3333333333333333,0.3209555707909883,0.0,0.0,0,0,S1-879496149,S2-736363535,0
0.3508771929824561,0.3508771929824561,0.06818181818181818,0.06818181818181818,0.21052631578947367,0.0,0,0,0,0.0,0.14285714285714285,0.12196052921277349,0.0,0.0,0,0,S1-162671576,S2-557009181,0
0.52,0.52,0.21875,0.21875,0.2545454545454545,0.0,0,0,0,0.0,0.2,0.18814288558135278,0.0,0.0,0,0,S1-162671576,S2-461614178,0
0.2597402597402597,0.2597402597402597,0.06666666666666667,0.06666666666666667,0.3835616438356164,0.0,0,0,0,0.0,0.1,0.0712409667262576,0.0,0.0,0,0,S1-162671576,S2-48072872,0
0.47058823529411764,0.47058823529411764,0.16666666666666666,0.16666666666666666,0.22535211267605634,0.0,0,0,0,0.0,0.16666666666666666,0.14730288976476402,0.0,0.0,0,0,S1-162671576,S2-598245149,0
0.5,0.5,0.14285714285714285,0.14285714285714285,0.1016949152542373,0.0,0,0,0,0.0,0.2,0.26470511204458225,0.0,0.0,0,0,S1-162671576,S2-5341748,0
0.41379310344827586,0.41379310344827586,0.044444444444444446,0.044444444444444446,0.22580645161290322,0.0,0,0,0,0.0,0.125,0.04655040434311601,0.0,0.0,0,0,S1-865468432,S2-793486471,0
0.32,0.32,0.025,0.025,0.3235294117647059,0.0,0,0,0,0.0,0.16666666666666666,0.05822992418307447,0.0,0.0,0,0,S1-865468432,S2-160018247,0
0.56,0.56,0.20588235294117646,0.20588235294117646,0.18604651162790697,0.0,0,0,0,0.0,0.16666666666666666,0.12292239394790783,0.0,0.0,0,0,S1-865468432,S2-392994485,0
0.34615384615384615,0.34615384615384615,0.024390243902439025,0.024390243902439025,0.2857142857142857,0.0,0,0,0,0.0,0.14285714285714285,0.048888464445083164,0.0,0.0,0,0,S1-865468432,S2-819544015,0
0.27586206896551724,0.27586206896551724,0.02127659574468085,0.02127659574468085,0.18181818181818182,0.0,0,0,0,0.0,0.14285714285714285,0.04132628364501642,0.0,0.0,0,0,S1-865468432,S2-986618744,0
0.35294117647058826,0.35294117647058826,0.19444444444444445,0.19444444444444445,0.3559322033898305,0.0,0,0,0,0.0,0.2,0.2523884454501968,0.05263157894736842,0.052631578947368404,0,0,S1-366284662,S2-464471112,0
0.47619047619047616,0.47619047619047616,0.25925925925925924,0.25925925925925924,0.31666666666666665,0.0,0,0,0,0.0,0.2,0.25393977010858804,0.0,0.0,0,0,S1-366284662,S2-725351688,0
0.7096774193548387,0.7096774193548387,0.4117647058823529,0.4117647058823529,0.2978723404255319,0.0,0,0,0,0.0,0.25,0.25317733156691136,0.0,0.0,0,0,S1-366284662,S2-954418257,0
0.4782608695652174,0.4782608695652174,0.22580645161290322,0.22580645161290322,0.18556701030927836,0.0,0,0,0,0.0,0.2,0.2608849726334401,0.0,0.0,0,0,S1-366284662,S2-474645859,0
0.4166666666666667,0.4166666666666667,0.22580645161290322,0.22580645161290322,0.21359223300970873,0.0,0,0,0,0.0,0.14285714285714285,0.1875431821594222,0.0,0.0,0,0,S1-366284662,S2-687204851,0
0.40816326530612246,0.40816326530612246,0.17142857142857143,0.17142857142857143,0.23880597014925373,0.0,0,0,0,0.0,0.2,0.20577045472337885,0.0,0.0,0,0,S1-708342367,S2-447401992,0
0.5294117647058824,0.5294117647058824,0.2857142857142857,0.2857142857142857,0.22535211267605634,0.0,0,0,0,0.0,0.25,0.252938933290854,0.0,0.0,0,0,S1-708342367,S2-763142529,0
0.4186046511627907,0.4186046511627907,0.13333333333333333,0.13333333333333333,0.36065573770491804,0.0,0,0,0,0.0,0.16666666666666666,0.14715628020113494,0.0,0.0,0,0,S1-708342367,S2-111073791,0
0.7027027027027027,0.7027027027027027,0.36363636363636365,0.36363636363636365,0.38235294117647056,0.0,0,0,0,0.0,0.25,0.24060809779492087,0.0,0.0,1,0,S1-708342367,S2-39471338,0
0.6875,0.6875,0.3,0.3,0.4266666666666667,0.0,0,0,0,0.0,0.3333333333333333,0.3884935524208244,0.08333333333333333,0.08333333333333334,0,0,S1-708342367,S2-241240675,0
0.48484848484848486,0.48484848484848486,0.08695652173913043,0.08695652173913043,0.27450980392156865,0.0,0,0,0,0.0,0.2,0.13528491317671418,0.0,0.0,0,0,S1-78755494,S2-446249773,0
0.5142857142857142,0.5142857142857142,0.08333333333333333,0.08333333333333333,0.4,0.0,0,0,0,0.0,0.16666666666666666,0.12516804076749538,0.08333333333333333,0.08333333333333334,0,0,S1-78755494,S2-273848726,0
0.3888888888888889,0.3888888888888889,0.08,0.08,0.4090909090909091,0.0,0,0,0,0.0,0.16666666666666666,0.1305051155955799,0.0,0.0,0,0,S1-78755494,S2-944101064,0
0.34782608695652173,0.34782608695652173,0.06060606060606061,0.06060606060606061,0.2545454545454545,0.0,0,0,0,0.0,0.125,0.10929874453978469,0.0,0.0,1,0,S1-78755494,S2-655354073,0
0.2641509433962264,0.2641509433962264,0.05,0.05,0.34615384615384615,0.0,0,0,0,0.0,0.125,0.10650916041920694,0.0,0.0,0,0,S1-78755494,S2-79785678,0
0.40816326530612246,0.40816326530612246,0.02564102564102564,0.02564102564102564,0.42424242424242425,0.0,0,0,0,0.0,0.16666666666666666,0.04695989453402705,0.0,0.0,0,0,S1-209583901,S2-21108745,0
0.4,0.4,0.05172413793103448,0.05172413793103448,0.20689655172413793,0.0,0,0,0,0.0,0.1111111111111111,0.0422602055289949,0.0,0.0,1,0,S1-209583901,S2-483326033,0
0.2857142857142857,0.2857142857142857,0.0196078431372549,0.0196078431372549,0.26865671641791045,0.0,0,0,0,0.0,0.125,0.043130695497507546,0.0,0.0,0,0,S1-209583901,S2-305376830,0
0.3157894736842105,0.3157894736842105,0.044444444444444446,0.044444444444444446,0.5333333333333333,0.0,0,0,0,0.0,0.14285714285714285,0.04672452521445533,0.0,0.0,0,0,S1-209583901,S2-26165751,0
0.2962962962962963,0.2962962962962963,0.023255813953488372,0.023255813953488372,0.13333333333333333,0.0,0,0,0,0.0,0.16666666666666666,0.050886463779857206,0.0,0.0,0,0,S1-209583901,S2-786646747,0
0.6,0.6,0.2692307692307692,0.2692307692307692,0.208955223880597,0.0,0,0,0,0.0,0.25,0.29106932598305957,0.0,0.0,0,0,S1-187690902,S2-309462635,0
0.5263157894736842,0.5263157894736842,0.18421052631578946,0.18421052631578946,0.21875,0.0,0,0,0,0.0,0.16666666666666666,0.16364929462943315,0.0,0.0,0,0,S1-187690902,S2-789407599,0
0.6341463414634146,0.6341463414634146,0.21428571428571427,0.21428571428571427,0.05714285714285714,0.0,0,0,0,0.0,0.25,0.26766089489316336,0.0,0.0,0,0,S1-187690902,S2-811849963,0
0.5098039215686274,0.5098039215686274,0.13513513513513514,0.13513513513513514,0.10687022900763359,0.0,0,0,0,0.0,0.16666666666666666,0.18275848637378223,0.05263157894736842,0.052631578947368404,0,0,S1-187690902,S2-482118403,0
0.5555555555555556,0.5555555555555556,0.30434782608695654,0.30434782608695654,0.2222222222222222,0.0,0,0,0,0.0,0.3333333333333333,0.28228636171350335,0.0,0.0,0,0,S1-187690902,S2-459447894,0
0.5641025641025641,0.5641025641025641,0.16666666666666666,0.16666666666666666,0.23703703703703705,0.0,0,0,0,0.0,0.2857142857142857,0.13610240412055602,0.0,0.0,0,0,S1-627054721,S2-170928887,0
0.5833333333333334,0.5833333333333334,0.12121212121212122,0.12121212121212122,0.19130434782608696,0.0,0,0,0,0.0,0.125,0.09329274350329382,0.0,0.0,1,0,S1-627054721,S2-102319759,0
0.509090909090909,0.509090909090909,0.10256410256410256,0.10256410256410256,0.16,0.0,0,0,0,0.0,0.25,0.1465974528520007,0.0,0.0,0,0,S1-627054721,S2-139852797,0
0.45714285714285713,0.45714285714285713,0.04,0.04,0.18556701030927836,0.0,0,0,0,0.0,0.16666666666666666,0.07595229708762878,0.0,0.0,0,0,S1-627054721,S2-867279583,0
0.5,0.5,0.13333333333333333,0.13333333333333333,0.20869565217391303,0.0,0,0,0,0.0,0.3333333333333333,0.16647208676047567,0.0,0.0,0,0,S1-627054721,S2-355963934,0
0.36,0.36,0.02564102564102564,0.02564102564102564,0.3125,0.0,0,0,0,0.0,0.14285714285714285,0.04949266646469145,0.0,0.0,0,0,S1-380522570,S2-577186665,0
0.29411764705882354,0.29411764705882354,0.041666666666666664,0.041666666666666664,0.2571428571428571,0.0,0,0,0,0.0,0.16666666666666666,0.06422208200903401,0.0,0.0,0,0,S1-380522570,S2-678675247,0
0.37209302325581395,0.37209302325581395,0.03225806451612903,0.03225806451612903,0.2413793103448276,0.0,0,0,0,0.0,0.125,0.04499373827586591,0.0,0.0,0,0,S1-380522570,S2-942524924,0
0.35714285714285715,0.35714285714285715,0.05263157894736842,0.05263157894736842,0.27586206896551724,0.0,0,0,0,0.0,0.2,0.06841554216570982,0.0,0.0,0,0,S1-380522570,S2-148634621,0
0.3076923076923077,0.3076923076923077,0.03571428571428571,0.03571428571428571,0.45454545454545453,0.0,0,0,0,0.0,0.14285714285714285,0.051256585291767326,0.0,0.0,0,0,S1-380522570,S2-369451415,0
0.5365853658536586,0.5365853658536586,0.06666666666666667,0.06666666666666667,0.3548387096774194,0.0,0,0,0,0.0,0.16666666666666666,0.04368139300826833,0.0,0.0,0,0,S1-621086607,S2-88742973,0
0.4375,0.4375,0.043478260869565216,0.043478260869565216,0.3492063492063492,0.0,0,0,0,0.0,0.2,0.051400145689640714,0.0,0.0,0,0,S1-621086607,S2-451768146,0
0.358974358974359,0.358974358974359,0.03333333333333333,0.03333333333333333,0.35294117647058826,0.0,0,0,0,0.0,0.2,0.048058052370527723,0.09090909090909091,0.09090909090909093,0,0,S1-621086607,S2-342661582,0
0.11320754716981132,0.11320754716981132,0.025,0.025,0.47619047619047616,0.0,0,0,0,0.0,0.125,0.029401018184221844,0.0,0.0,0,0,S1-621086607,S2-748672766,0
0.375,0.375,0.02702702702702703,0.02702702702702703,0.2631578947368421,0.0,0,0,0,0.0,0.14285714285714285,0.04008441308398605,0.0,0.0,0,0,S1-621086607,S2-943071398,0
0.32558139534883723,0.32558139534883723,0.029411764705882353,0.029411764705882353,0.21818181818181817,0.0,0,0,0,0.0,0.2,0.06865343540613508,0.0,0.0,0,0,S1-511909143,S2-865717591,0
0.2564102564102564,0.2564102564102564,0.034482758620689655,0.034482758620689655,0.22641509433962265,0.0,0,0,0,0.0,0.16666666666666666,0.05195942022863204,0.0,0.0,0,0,S1-511909143,S2-109896735,0
0.375,0.375,0.09090909090909091,0.09090909090909091,0.36923076923076925,0.0,0,0,0,0.0,0.2,0.065554389485528,0.0,0.0,0,0,S1-511909143,S2-607906541,0
0.5294117647058824,0.5294117647058824,0.04,0.04,0.25396825396825395,0.0,0,0,0,0.0,0.2,0.05774012887133357,0.0,0.0,0,0,S1-511909143,S2-490810824,0
0.35,0.35,0.03333333333333333,0.03333333333333333,0.3728813559322034,0.0,0,0,0,0.0,0.16666666666666666,0.052861302270627984,0.0,0.0,0,0,S1-511909143,S2-721805066,0
0.42857142857142855,0.42857142857142855,0.15,0.15,0.2912621359223301,0.0,0,0,0,0.0,0.14285714285714285,0.03873198076534184,0.0,0.0,0,0,S1-221908990,S2-426598167,0
0.5581395348837209,0.5581395348837209,0.21428571428571427,0.21428571428571427,0.4067796610169492,0.0,0,0,0,0.0,0.16666666666666666,0.047509638822510795,0.0,0.0,0,0,S1-221908990,S2-141640381,0
0.5777777777777777,0.5777777777777777,0.2,0.2,0.4,0.0,0,0,0,0.0,0.16666666666666666,0.05001062082928197,0.0,0.0,0,0,S1-221908990,S2-558017754,0
0.46153846153846156,0.46153846153846156,0.13157894736842105,0.13157894736842105,0.32432432432432434,0.0,0,0,0,0.0,0.16666666666666666,0.04644214489553304,0.0,0.0,0,0,S1-221908990,S2-318287614,0
0.5116279069767442,0.5116279069767442,0.16666666666666666,0.16666666666666666,0.42857142857142855,0.0,0,0,0,0.0,0.2,0.05484123900948753,0.10526315789473684,0.10526315789473681,0,0,S1-221908990,S2-844376898,0
0.8275862068965517,0.8275862068965517,0.76,0.76,0.5384615384615384,0.0,0,0,0,0.0,1.0,1.0,0.6666666666666666,0.6666666666666667,0,0,S1-848628314,S2-92655767,1
0.4782608695652174,0.4782608695652174,0.25,0.25,0.25882352941176473,0.0,0,0,0,0.0,0.4,0.2913749262259614,0.0,0.0,0,0,S1-848628314,S2-585094590,0
0.46153846153846156,0.46153846153846156,0.1111111111111111,0.1111111111111111,0.33766233766233766,0.0,0,0,0,0.0,0.14285714285714285,0.09160918595037025,0.0,0.0,0,0,S1-848628314,S2-706885212,0
0.4528301886792453,0.4528301886792453,0.10810810810810811,0.10810810810810811,0.3466666666666667,0.0,0,0,0,0.0,0.14285714285714285,0.09934676171714607,0.0,0.0,0,0,S1-848628314,S2-299817326,0
0.3492063492063492,0.3492063492063492,0.09302325581395349,0.09302325581395349,0.25,0.0,0,0,0,0.0,0.14285714285714285,0.10476602090041016,0.0,0.0,0,0,S1-848628314,S2-981571611,0
0.37037037037037035,0.37037037037037035,0.04878048780487805,0.04878048780487805,0.34210526315789475,0.0,0,0,0,0.0,0.16666666666666666,0.1124723935262929,0.0,0.0,0,0,S1-848628314,S2-760449655,0
0.5263157894736842,0.5263157894736842,0.11904761904761904,0.11904761904761904,0.35714285714285715,0.0,0,0,0,0.0,0.14285714285714285,0.043754603862205,0.0,0.0,0,0,S1-428597377,S2-561868528,0
0.47058823529411764,0.47058823529411764,0.13513513513513514,0.13513513513513514,0.2706766917293233,0.0,0,0,0,0.0,0.16666666666666666,0.05433537336494666,0.0,0.0,0,0,S1-428597377,S2-551644836,0
0.5531914893617021,0.5531914893617021,0.1875,0.1875,0.22429906542056074,0.0,0,0,0,0.0,0.16666666666666666,0.04429939903718381,0.0,0.0,0,0,S1-428597377,S2-957336208,0
0.5098039215686274,0.5098039215686274,0.17142857142857143,0.17142857142857143,0.14634146341463414,0.0,0,0,0,0.0,0.14285714285714285,0.04331974846111382,0.0,0.0,0,0,S1-428597377,S2-325770694,0
0.47619047619047616,0.47619047619047616,0.13043478260869565,0.13043478260869565,0.43137254901960786,0.0,0,0,0,0.0,0.14285714285714285,0.047373511444367015,0.08333333333333333,0.08333333333333331,0,0,S1-428597377,S2-382615809,0
0.4782608695652174,0.4782608695652174,0.02857142857142857,0.02857142857142857,0.2711864406779661,0.0,0,0,0,0.0,0.14285714285714285,0.03259739674005887,0.0,0.0,0,0,S1-454579660,S2-156798315,0
0.43478260869565216,0.43478260869565216,0.02857142857142857,0.02857142857142857,0.2153846153846154,0.0,0,0,0,0.0,0.14285714285714285,0.03435171185414779,0.0,0.0,0,0,S1-454579660,S2-419558110,0
0.391304347826087,0.391304347826087,0.029411764705882353,0.029411764705882353,0.24242424242424243,0.0,0,0,0,0.0,0.125,0.03577211961708517,0.0,0.0,0,0,S1-454579660,S2-685989566,0
0.41509433962264153,0.41509433962264153,0.05,0.05,0.18181818181818182,0.0,0,0,0,0.0,0.125,0.0355400901362477,0.0,0.0,0,0,S1-454579660,S2-270196158,0
0.35555555555555557,0.35555555555555557,0.029411764705882353,0.029411764705882353,0.0,0.0,0,0,0,0.0,0.14285714285714285,0.038338707800986624,0.0,0.0,0,1,S1-454579660,S2-766629456,0
0.5306122448979592,0.5306122448979592,0.10810810810810811,0.10810810810810811,0.18421052631578946,0.0,0,0,0,0.0,0.2,0.08534353515309745,0.0,0.0,0,0,S1-151707128,S2-447828663,0
0.4857142857142857,0.4857142857142857,0.18,0.18,0.2830188679245283,0.0,0,0,0,0.0,0.14285714285714285,0.13602751133440755,0.0,0.0,0,0,S1-151707128,S2-274346059,0
0.21052631578947367,0.21052631578947367,0.021739130434782608,0.021739130434782608,0.22580645161290322,0.0,0,0,0,0.0,0.14285714285714285,0.04948677099245368,0.0,0.0,0,0,S1-151707128,S2-666778101,0
0.5,0.5,0.10256410256410256,0.10256410256410256,0.3125,0.0,0,0,0,0.0,0.16666666666666666,0.0660907118347688,0.0,0.0,0,0,S1-151707128,S2-462475089,0
0.36,0.36,0.025,0.025,0.3013698630136986,0.0,0,0,0,0.0,0.16666666666666666,0.05644857983395761,0.0,0.0,0,0,S1-151707128,S2-663507643,0
0.4166666666666667,0.4166666666666667,0.08928571428571429,0.08928571428571429,0.15555555555555556,0.0,0,0,0,0.0,0.14285714285714285,0.11011601364997617,0.0,0.0,0,0,S1-746995563,S2-463200133,0
0.44776119402985076,0.44776119402985076,0.09803921568627451,0.09803921568627451,0.2764227642276423,0.0,0,0,0,0.0,0.14285714285714285,0.097748687546643,0.0,0.0,0,0,S1-746995563,S2-772182834,0
0.41379310344827586,0.41379310344827586,0.11904761904761904,0.11904761904761904,0.34375,0.0,0,0,0,0.0,0.14285714285714285,0.10441498207232404,0.05,0.04999999999999999,0,0,S1-746995563,S2-40508713,0
0.45161290322580644,0.45161290322580644,0.10869565217391304,0.10869565217391304,0.0,0.0,0,0,0,0.0,0.14285714285714285,0.1129347796890057,0.0,0.0,0,1,S1-746995563,S2-400517434,0
0.3389830508474576,0.3389830508474576,0.11627906976744186,0.11627906976744186,0.2727272727272727,0.0,0,0,0,0.0,0.16666666666666666,0.1020991516167855,0.0,0.0,0,0,S1-746995563,S2-253709551,0
0.30303030303030304,0.30303030303030304,0.04,0.04,0.27586206896551724,0.0,0,0,0,0.0,0.25,0.0745556330254315,0.0,0.0,0,0,S1-342774689,S2-199261486,0
0.4375,0.4375,0.043478260869565216,0.043478260869565216,0.4528301886792453,0.0,0,0,0,0.0,0.2,0.061363763492989165,0.1111111111111111,0.11111111111111113,0,0,S1-342774689,S2-655702823,0
0.14285714285714285,0.14285714285714285,0.03225806451612903,0.03225806451612903,0.11267605633802817,0.0,0,0,0,0.0,0.14285714285714285,0.043481194695516465,0.0,0.0,0,0,S1-342774689,S2-398200309,0
0.45714285714285713,0.45714285714285713,0.038461538461538464,0.038461538461538464,0.4,0.0,0,0,0,0.0,0.2,0.05381043679039941,0.0,0.0,0,0,S1-342774689,S2-401571443,0
0.47058823529411764,0.47058823529411764,0.08333333333333333,0.08333333333333333,0.32653061224489793,0.0,0,0,0,0.0,0.2,0.05465398652927249,0.0,0.0,0,0,S1-342774689,S2-85273275,0
0.45714285714285713,0.45714285714285713,0.12,0.12,0.2733812949640288,0.0,0,0,0,0.0,0.25,0.20347878172269998,0.0,0.0,0,0,S1-573874770,S2-571641856,0
0.32432432432432434,0.32432432432432434,0.11538461538461539,0.11538461538461539,0.3783783783783784,0.0,0,0,0,0.0,0.2,0.21120559744705195,0.045454545454545456,0.04545454545454544,0,0,S1-573874770,S2-381588836,0
0.4666666666666667,0.4666666666666667,0.15,0.15,0.13333333333333333,0.0,0,0,0,0.0,0.25,0.21559393485867234,0.0,0.0,0,0,S1-573874770,S2-540724632,0
0.4375,0.4375,0.14285714285714285,0.14285714285714285,0.14285714285714285,0.0,0,0,0,0.0,0.2,0.16003591322411206,0.0,0.0,0,0,S1-573874770,S2-448426707,0
0.33962264150943394,0.33962264150943394,0.1,0.1,0.2992125984251969,0.0,0,0,0,0.0,0.16666666666666666,0.1490586072003366,0.0,0.0,0,0,S1-573874770,S2-526205484,0
0.5531914893617021,0.5531914893617021,0.26666666666666666,0.26666666666666666,0.2571428571428571,0.0,0,0,0,0.0,0.4,0.4172192526076011,0.0,0.0,0,0,S1-779180246,S2-429555722,0
0.5423728813559322,0.5423728813559322,0.20512820512820512,0.20512820512820512,0.3275862068965517,0.0,0,0,0,0.0,0.14285714285714285,0.13703625070031067,0.0,0.0,0,0,S1-779180246,S2-706603868,0
0.5614035087719298,0.5614035087719298,0.21052631578947367,0.21052631578947367,0.3728813559322034,0.0,0,0,0,0.0,0.14285714285714285,0.1458846296308139,0.125,0.12499999999999999,0,0,S1-779180246,S2-856771460,0
0.4482758620689655,0.4482758620689655,0.175,0.175,0.23703703703703705,0.0,0,0,0,0.0,0.125,0.10660687041026905,0.0,0.0,0,0,S1-779180246,S2-510896227,0
0.4642857142857143,0.4642857142857143,0.2222222222222222,0.2222222222222222,0.18333333333333332,0.0,0,0,0,0.0,0.16666666666666666,0.15088420484284337,0.0,0.0,0,0,S1-779180246,S2-463906238,0
0.48484848484848486,0.48484848484848486,0.19047619047619047,0.19047619047619047,0.32,0.0,0,0,0,0.0,0.2,0.17382809777442396,0.0,0.0,0,0,S1-586421885,S2-641120439,0
0.36,0.36,0.11428571428571428,0.11428571428571428,0.3013698630136986,0.0,0,0,0,0.0,0.125,0.0935073855075076,0.0,0.0,0,0,S1-586421885,S2-406065095,0
0.43902439024390244,0.43902439024390244,0.06666666666666667,0.06666666666666667,0.29333333333333333,0.0,0,0,0,0.0,0.16666666666666666,0.2638733993480141,0.0,0.0,0,0,S1-586421885,S2-673104140,0
0.5,0.5,0.16,0.16,0.24615384615384617,0.0,0,0,0,0.0,0.25,0.17720549885074463,0.0,0.0,0,0,S1-586421885,S2-146240716,0
0.44,0.44,0.10810810810810811,0.10810810810810811,0.2619047619047619,0.0,0,0,0,0.0,0.16666666666666666,0.12837500125989768,0.0,0.0,0,0,S1-586421885,S2-976576895,0
0.48484848484848486,0.48484848484848486,0.041666666666666664,0.041666666666666664,0.19718309859154928,0.0,0,0,0,0.0,0.2,0.06880517967388346,0.0,0.0,1,0,S1-363858344,S2-69980126,0
0.38095238095238093,0.38095238095238093,0.1,0.1,0.32142857142857145,0.0,0,0,0,0.0,0.16666666666666666,0.05892088906527286,0.0,0.0,0,0,S1-363858344,S2-518713308,0
0.3829787234042553,0.3829787234042553,0.02702702702702703,0.02702702702702703,0.35135135135135137,0.0,0,0,0,0.0,0.16666666666666666,0.0646969120704025,0.0,0.0,0,0,S1-363858344,S2-923395661,0
0.4782608695652174,0.4782608695652174,0.05714285714285714,0.05714285714285714,0.1791044776119403,0.0,0,0,0,0.0,0.16666666666666666,0.0589515936538522,0.0,0.0,0,0,S1-363858344,S2-43073112,0
0.2962962962962963,0.2962962962962963,0.02564102564102564,0.02564102564102564,0.29850746268656714,0.0,0,0,0,0.0,0.16666666666666666,0.0463238064027259,0.0,0.0,0,0,S1-363858344,S2-805174946,0
0.5,0.5,0.23529411764705882,0.23529411764705882,0.21666666666666667,0.0,0,0,0,0.0,0.14285714285714285,0.12717706723270747,0.0,0.0,0,0,S1-443400373,S2-385908574,0
0.30434782608695654,0.30434782608695654,0.02857142857142857,0.02857142857142857,0.2465753424657534,0.0,0,0,0,0.0,0.14285714285714285,0.057432147650441204,0.0,0.0,0,0,S1-443400373,S2-77059049,0
0.2222222222222222,0.2222222222222222,0.017543859649122806,0.017543859649122806,0.34285714285714286,0.0,0,0,0,0.0,0.09090909090909091,0.03540303062560594,0.0,0.0,0,0,S1-443400373,S2-778516759,0
0.4307692307692308,0.4307692307692308,0.0196078431372549,0.0196078431372549,0.18181818181818182,0.0,0,0,0,0.0,0.25,0.14232881081796475,0.0,0.0,0,0,S1-443400373,S2-853698886,0
0.5333333333333333,0.5333333333333333,0.14545454545454545,0.14545454545454545,0.2828282828282828,0.0,0,0,0,0.0,0.1111111111111111,0.11979710292235726,0.0,0.0,0,0,S1-443400373,S2-108355820,0
0.29411764705882354,0.29411764705882354,0.041666666666666664,0.041666666666666664,0.3235294117647059,0.0,0,0,0,0.0,0.16666666666666666,0.056033387327652416,0.0,0.0,0,0,S1-22744074,S2-760034304,0
0.3333333333333333,0.3333333333333333,0.03225806451612903,0.03225806451612903,0.15384615384615385,0.0,0,0,0,0.0,0.14285714285714285,0.05222760884608121,0.0,0.0,0,0,S1-22744074,S2-479709747,0
0.45,0.45,0.03333333333333333,0.03333333333333333,0.29411764705882354,0.0,0,0,0,0.0,0.16666666666666666,0.049885354679418056,0.0,0.0,0,0,S1-22744074,S2-540454967,0
0.45,0.45,0.034482758620689655,0.034482758620689655,0.1694915254237288,0.0,0,0,0,0.0,0.14285714285714285,0.04232613418635407,0.0,0.0,0,0,S1-22744074,S2-214727627,0
0.34146341463414637,0.34146341463414637,0.03333333333333333,0.03333333333333333,0.23333333333333334,0.0,0,0,0,0.0,0.14285714285714285,0.04516920280369612,0.0,0.0,0,0,S1-22744074,S2-625252110,0
0.9473684210526315,0.9473684210526315,1.0,1.0,0.9491525423728814,1.0,2,1,5,1.0,0.0,0.0,0.6666666666666666,0.6666666666666667,0,0,S1-868741910,S2-538928654,1
0.48484848484848486,0.48484848484848486,0.23809523809523808,0.23809523809523808,0.3103448275862069,0.0,0,0,0,0.0,0.25,0.23684254373035266,0.0,0.0,0,0,S1-868741910,S2-130895748,0
0.5,0.5,0.20833333333333334,0.20833333333333334,0.375,0.0,0,0,0,0.0,0.25,0.2860516456761853,0.0,0.0,0,0,S1-868741910,S2-794813956,0
0.42105263157894735,0.42105263157894735,0.2,0.2,0.18461538461538463,0.0,0,0,0,0.0,0.2,0.23595940278029764,0.0,0.0,0,0,S1-868741910,S2-489542170,0
0.5714285714285714,0.5714285714285714,0.3125,0.3125,0.3448275862068966,0.0,0,0,0,0.0,0.25,0.2811563071372959,0.0,0.0,0,0,S1-868741910,S2-979930583,0
0.42105263157894735,0.42105263157894735,0.2,0.2,0.27692307692307694,0.0,0,0,0,0.0,0.2,0.22744757932501672,0.0,0.0,0,0,S1-868741910,S2-425125718,0
0.4528301886792453,0.4528301886792453,0.15789473684210525,0.15789473684210525,0.14965986394557823,0.0,0,0,0,0.0,0.16666666666666666,0.0884959559366667,0.0,0.0,0,0,S1-546541236,S2-294753168,0
0.5306122448979592,0.5306122448979592,0.17142857142857143,0.17142857142857143,0.12844036697247707,0.0,0,0,0,0.0,0.2,0.14104819087891093,0.0,0.0,0,0,S1-546541236,S2-355461872,0
0.5531914893617021,0.5531914893617021,0.18181818181818182,0.18181818181818182,0.16981132075471697,0.0,0,0,0,0.0,0.2,0.13184894123152713,0.0,0.0,0,0,S1-546541236,S2-30350682,0
0.45901639344262296,0.45901639344262296,0.18181818181818182,0.18181818181818182,0.2702702702702703,0.0,0,0,0,0.0,0.16666666666666666,0.12089762702791543,0.0,0.0,0,0,S1-546541236,S2-261924147,0
0.5306122448979592,0.5306122448979592,0.17142857142857143,0.17142857142857143,0.1523809523809524,0.0,0,0,0,0.0,0.2,0.10791652459410063,0.0,0.0,0,0,S1-546541236,S2-672849552,0
0.3829787234042553,0.3829787234042553,0.02702702702702703,0.02702702702702703,0.4,0.0,0,0,0,0.0,0.16666666666666666,0.07618412489628708,0.0,0.0,0,0,S1-764796931,S2-625899005,0
0.42105263157894735,0.42105263157894735,0.03571428571428571,0.03571428571428571,0.24615384615384617,0.0,0,0,0,0.0,0.16666666666666666,0.07290895205055616,0.0,0.0,0,0,S1-764796931,S2-969067222,0
0.5652173913043478,0.5652173913043478,0.15625,0.15625,0.2608695652173913,0.0,0,0,0,0.0,0.16666666666666666,0.169529769132,0.0,0.0,0,0,S1-764796931,S2-978187214,0
0.3870967741935484,0.3870967741935484,0.045454545454545456,0.045454545454545456,0.37735849056603776,0.0,0,0,0,0.0,0.2,0.08027299517674748,0.0,0.0,0,0,S1-764796931,S2-981718930,0
0.35294117647058826,0.35294117647058826,0.05128205128205128,0.05128205128205128,0.35714285714285715,0.0,0,0,0,0.0,0.14285714285714285,0.0547606163108298,0.1111111111111111,0.11111111111111113,0,0,S1-764796931,S2-738843284,0
0.4782608695652174,0.4782608695652174,0.15151515151515152,0.15151515151515152,0.2962962962962963,0.0,0,0,0,0.0,0.2,0.1774472528189383,0.0,0.0,0,0,S1-648470320,S2-146089827,0
0.5357142857142857,0.5357142857142857,0.21621621621621623,0.21621621621621623,0.20689655172413793,0.0,0,0,0,0.0,0.125,0.09875355255035366,0.0,0.0,0,0,S1-648470320,S2-41663066,0
0.5,0.5,0.20512820512820512,0.20512820512820512,0.3,0.0,0,0,0,0.0,0.14285714285714285,0.16524619012191502,0.0,0.0,1,0,S1-648470320,S2-810749440,0
0.5964912280701754,0.5964912280701754,0.2972972972972973,0.2972972972972973,0.3142857142857143,0.0,0,0,0,0.0,0.4,0.3756772176791994,0.0,0.0,0,0,S1-648470320,S2-819883857,0
0.3333333333333333,0.3333333333333333,0.1,0.1,0.26229508196721313,0.0,0,0,0,0.0,0.14285714285714285,0.1516238748533943,0.0,0.0,0,0,S1-648470320,S2-954624688,0
0.42105263157894735,0.42105263157894735,0.034482758620689655,0.034482758620689655,0.26666666666666666,0.0,0,0,0,0.0,0.2,0.07075273772991356,0.0,0.0,0,0,S1-308760358,S2-544460883,0
0.47058823529411764,0.47058823529411764,0.04,0.04,0.14035087719298245,0.0,0,0,0,0.0,0.2,0.07071402564919896,0.0,0.0,1,0,S1-308760358,S2-619803917,0
0.47058823529411764,0.47058823529411764,0.04,0.04,0.3157894736842105,0.0,0,0,0,0.0,0.2,0.060184160211158404,0.0,0.0,0,0,S1-308760358,S2-782459298,0
0.27586206896551724,0.27586206896551724,0.02127659574468085,0.02127659574468085,0.2553191489361702,0.0,0,0,0,0.0,0.14285714285714285,0.05111876111666114,0.0,0.0,0,0,S1-308760358,S2-823109613,0
0.425531914893617,0.425531914893617,0.02702702702702703,0.02702702702702703,0.23333333333333334,0.0,0,0,0,0.0,0.16666666666666666,0.059794206441144734,0.0,0.0,0,0,S1-308760358,S2-301403948,0
0.6046511627906976,0.6046511627906976,0.2857142857142857,0.2857142857142857,0.2,0.0,0,0,0,0.0,0.25,0.23008684117799238,0.0,0.0,0,0,S1-636874647,S2-505645891,0
0.5909090909090909,0.5909090909090909,0.2857142857142857,0.2857142857142857,0.38095238095238093,0.0,0,0,0,0.0,0.2,0.18390663370003388,0.0,0.0,0,0,S1-636874647,S2-82914747,0
0.5555555555555556,0.5555555555555556,0.21052631578947367,0.21052631578947367,0.25,0.0,0,0,0,0.0,0.2,0.17264898877039309,0.0,0.0,0,0,S1-636874647,S2-347133115,0
0.5283018867924528,0.5283018867924528,0.21621621621621623,0.21621621621621623,0.2413793103448276,0.0,0,0,0,0.0,0.2,0.16620245593528835,0.0,0.0,0,0,S1-636874647,S2-440878082,0
0.7142857142857143,0.7142857142857143,0.38461538461538464,0.38461538461538464,0.16666666666666666,0.0,0,0,0,0.0,0.3333333333333333,0.310750010613486,0.0,0.0,0,0,S1-636874647,S2-491180821,0
0.8292682926829268,0.8292682926829268,0.7,0.7,0.45614035087719296,0.5,1,1,5,1.0,0.0,0.0,0.42857142857142855,0.42857142857142866,0,0,S1-922203858,S2-290968918,1
0.4897959183673469,0.4897959183673469,0.05263157894736842,0.05263157894736842,0.3548387096774194,0.0,0,0,0,0.0,0.16666666666666666,0.052762712406749145,0.0,0.0,0,0,S1-922203858,S2-244028343,0
0.11764705882352941,0.11764705882352941,0.025,0.025,0.11940298507462686,0.0,0,0,0,0.0,0.14285714285714285,0.047927851917817114,0.0,0.0,0,0,S1-922203858,S2-709288220,0
0.46808510638297873,0.46808510638297873,0.05714285714285714,0.05714285714285714,0.27586206896551724,0.0,0,0,0,0.0,0.14285714285714285,0.039796548742308174,0.0,0.0,0,0,S1-922203858,S2-758621653,0
0.3793103448275862,0.3793103448275862,0.046511627906976744,0.046511627906976744,0.0,0.0,0,0,0,0.0,0.1,0.029265654525960645,0.0,0.0,0,1,S1-922203858,S2-29667611,0
0.43478260869565216,0.43478260869565216,0.02857142857142857,0.02857142857142857,0.3384615384615385,0.0,0,0,0,0.0,0.14285714285714285,0.044745162081686204,0.0,0.0,0,0,S1-922203858,S2-307948768,0
0.38461538461538464,0.38461538461538464,0.05555555555555555,0.05555555555555555,0.14814814814814814,0.0,0,0,0,0.0,0.25,0.254616588627044,0.0,0.0,0,0,S1-274625062,S2-738746116,0
0.4166666666666667,0.4166666666666667,0.0625,0.0625,0.08823529411764706,0.0,0,0,0,0.0,0.25,0.2674796591471391,0.0,0.0,0,0,S1-274625062,S2-700570155,0
0.5,0.5,0.1111111111111111,0.1111111111111111,0.29508196721311475,0.0,0,0,0,0.0,0.3333333333333333,0.3105986577667927,0.0,0.0,0,0,S1-274625062,S2-792526166,0
0.42857142857142855,0.42857142857142855,0.10526315789473684,0.10526315789473684,0.41935483870967744,0.0,0,0,0,0.0,0.25,0.3607852164157367,0.09090909090909091,0.09090909090909093,0,0,S1-274625062,S2-753406445,0
0.23809523809523808,0.23809523809523808,0.03125,0.03125,0.3333333333333333,0.0,0,0,0,0.0,0.16666666666666666,0.19497713248355814,0.0,0.0,0,0,S1-274625062,S2-68272273,0
0.43478260869565216,0.43478260869565216,0.02702702702702703,0.02702702702702703,0.11764705882352941,0.0,0,0,0,0.0,0.2,0.05318009789345616,0.0,0.0,0,0,S1-264688076,S2-985541327,0
0.391304347826087,0.391304347826087,0.027777777777777776,0.027777777777777776,0.2857142857142857,0.0,0,0,0,0.0,0.2,0.05267137833354651,0.0,0.0,0,0,S1-264688076,S2-425397364,0
0.4,0.4,0.06896551724137931,0.06896551724137931,0.17857142857142858,0.0,0,0,0,0.0,0.16666666666666666,0.048073916604671245,0.0,0.0,0,0,S1-264688076,S2-752663505,0
0.42105263157894735,0.42105263157894735,0.034482758620689655,0.034482758620689655,0.3728813559322034,0.0,0,0,0,0.0,0.2,0.05154876129261441,0.0,0.0,0,0,S1-264688076,S2-606540369,0
0.37037037037037035,0.37037037037037035,0.047619047619047616,0.047619047619047616,0.4838709677419355,0.0,0,0,0,0.0,0.16666666666666666,0.04803767375242791,0.1111111111111111,0.11111111111111113,1,0,S1-264688076,S2-317563051,0
0.4727272727272727,0.4727272727272727,0.15384615384615385,0.15384615384615385,0.4715447154471545,0.0,0,0,0,0.0,0.14285714285714285,0.07159390249763521,0.13333333333333333,0.13333333333333333,0,0,S1-626004791,S2-175056444,0
0.43902439024390244,0.43902439024390244,0.1111111111111111,0.1111111111111111,0.20512820512820512,0.0,0,0,0,0.0,0.1111111111111111,0.04525211523243099,0.041666666666666664,0.04166666666666666,0,0,S1-626004791,S2-585774381,0
0.4,0.4,0.1,0.1,0.2912621359223301,0.0,0,0,0,0.0,0.14285714285714285,0.054761105731741255,0.0,0.0,0,0,S1-626004791,S2-106947569,0
0.4444444444444444,0.4444444444444444,0.15384615384615385,0.15384615384615385,0.25742574257425743,0.0,0,0,0,0.0,0.16666666666666666,0.07156123353761241,0.0,0.0,0,0,S1-626004791,S2-593731945,0
0.6111111111111112,0.6111111111111112,0.16981132075471697,0.16981132075471697,0.41739130434782606,0.0,0,0,0,0.0,0.14285714285714285,0.041332543343581545,0.06666666666666667,0.06666666666666667,0,0,S1-626004791,S2-226019590,0
0.39436619718309857,0.39436619718309857,0.22448979591836735,0.22448979591836735,0.23880597014925373,0.0,0,0,0,0.0,0.2857142857142857,0.10292172402321709,0.0,0.0,0,0,S1-957666913,S2-850701242,0
0.5925925925925926,0.5925925925925926,0.15789473684210525,0.15789473684210525,0.33557046979865773,0.0,0,0,0,0.0,0.14285714285714285,0.05607745600734714,0.1,0.09999999999999998,0,0,S1-957666913,S2-175921136,0
0.37735849056603776,0.37735849056603776,0.1282051282051282,0.1282051282051282,0.32116788321167883,0.0,0,0,0,0.0,0.16666666666666666,0.06807593639468645,0.0,0.0,0,0,S1-957666913,S2-38640401,0
0.417910447761194,0.417910447761194,0.11764705882352941,0.11764705882352941,0.13592233009708737,0.0,0,0,0,0.0,0.14285714285714285,0.059354898509501944,0.0,0.0,0,0,S1-957666913,S2-118848390,0
0.5352112676056338,0.5352112676056338,0.25,0.25,0.18633540372670807,0.0,0,0,0,0.0,0.2857142857142857,0.09619405119887972,0.0,0.0,0,0,S1-957666913,S2-187933331,0
0.5,0.5,0.25,0.25,0.2826086956521739,0.0,0,0,0,0.0,0.2857142857142857,0.0925174260732296,0.0,0.0,0,0,S1-781865819,S2-10854133,0
0.6551724137931034,0.6551724137931034,0.3333333333333333,0.3333333333333333,0.11764705882352941,0.0,0,0,0,0.0,0.3333333333333333,0.13796078053649824,0.0,0.0,0,0,S1-781865819,S2-741755653,0
0.43636363636363634,0.43636363636363634,0.12195121951219512,0.12195121951219512,0.328125,0.25,1,1,2,0.0,0.16666666666666666,0.06457274463728997,0.0,0.0,0,0,S1-781865819,S2-476145907,0
0.32786885245901637,0.32786885245901637,0.1111111111111111,0.1111111111111111,0.24074074074074073,0.0,0,0,0,0.0,0.125,0.0455897243859654,0.125,0.12499999999999999,0,0,S1-781865819,S2-695241446,0
0.6153846153846154,0.6153846153846154,0.2926829268292683,0.2926829268292683,0.43548387096774194,0.0,0,0,0,0.0,0.2857142857142857,0.12404798451707907,0.1111111111111111,0.11111111111111109,0,0,S1-781865819,S2-223188653,0
0.45454545454545453,0.45454545454545453,0.09803921568627451,0.09803921568627451,0.25555555555555554,0.0,0,0,0,0.0,0.14285714285714285,0.04447710924894318,0.04,0.03999999999999999,0,0,S1-695609253,S2-601724955,0
0.5614035087719298,0.5614035087719298,0.11904761904761904,0.11904761904761904,0.24742268041237114,0.0,0,0,0,0.0,0.16666666666666666,0.054870094109086914,0.03571428571428571,0.0357142857142857,0,0,S1-695609253,S2-241924179,0
0.32432432432432434,0.32432432432432434,0.10526315789473684,0.10526315789473684,0.1256544502617801,0.0,0,0,0,0.0,0.125,0.03796164433758833,0.0,0.0,0,0,S1-695609253,S2-818687100,0
0.4528301886792453,0.3870967741935484,0.1282051282051282,0.10638297872340426,0.15853658536585366,0.0,0,0,0,0.0,0.16666666666666666,0.05997265623353925,0.0,0.0,1,0,S1-695609253,S2-303677389,0
0.43478260869565216,0.43478260869565216,0.09433962264150944,0.09433962264150944,0.40476190476190477,0.0,0,0,0,0.0,0.125,0.037512231558109205,0.0,0.0,0,0,S1-695609253,S2-903687718,0
0.42105263157894735,0.42105263157894735,0.18181818181818182,0.18181818181818182,0.20588235294117646,0.0,0,0,0,0.0,0.3333333333333333,0.481611136621001,0.0,0.0,0,0,S1-553712807,S2-854709063,0
0.2857142857142857,0.2857142857142857,0.1,0.1,0.44776119402985076,0.0,0,0,0,0.0,0.3333333333333333,0.4154030647548042,0.1,0.10000000000000002,1,0,S1-553712807,S2-403022228,0
0.29411764705882354,0.29411764705882354,0.08333333333333333,0.08333333333333333,0.2641509433962264,0.0,0,0,0,0.0,0.2,0.14609863445014065,0.0,0.0,1,0,S1-412363212,S2-843069859,0
0.2631578947368421,0.2631578947368421,0.07407407407407407,0.07407407407407407,0.24096385542168675,0.0,0,0,0,0.0,0.16666666666666666,0.13394098781779812,0.0,0.0,0,0,S1-412363212,S2-276584831,0
0.3404255319148936,0.3404255319148936,0.05555555555555555,0.05555555555555555,0.2222222222222222,0.0,0,0,0,0.0,0.16666666666666666,0.11318190264726564,0.0,0.0,0,0,S1-412363212,S2-580784119,0
0.3783783783783784,0.3783783783783784,0.07692307692307693,0.07692307692307693,0.3793103448275862,0.0,0,0,0,0.0,0.16666666666666666,0.1207970533015786,0.0,0.0,0,0,S1-412363212,S2-952685148,0
0.3,0.3,0.06896551724137931,0.06896551724137931,0.3050847457627119,0.0,0,0,0,0.0,0.16666666666666666,0.11715229854617767,0.0,0.0,0,0,S1-412363212,S2-222379344,0
0.46511627906976744,0.46511627906976744,0.13793103448275862,0.13793103448275862,0.2891566265060241,0.0,0,0,0,0.0,0.14285714285714285,0.04780594713694893,0.0,0.0,0,0,S1-217269610,S2-39986989,0
0.13333333333333333,0.13333333333333333,0.02857142857142857,0.02857142857142857,0.36619718309859156,0.0,0,0,0,0.0,0.16666666666666666,0.05599411489116634,0.07692307692307693,0.07692307692307693,0,0,S1-217269610,S2-689181184,0
0.2857142857142857,0.2857142857142857,0.03125,0.03125,0.35135135135135137,0.0,0,0,0,0.0,0.16666666666666666,0.054500516916395944,0.0,0.0,0,0,S1-217269610,S2-795775532,0
0.36363636363636365,0.36363636363636365,0.029411764705882353,0.029411764705882353,0.36619718309859156,0.0,0,0,0,0.0,0.16666666666666666,0.049625364597165725,0.07692307692307693,0.07692307692307693,0,0,S1-217269610,S2-405065551,0
0.4126984126984127,0.4126984126984127,0.02,0.02,0.39436619718309857,0.0,0,0,0,0.0,0.125,0.047816571259598206,0.07692307692307693,0.07692307692307693,0,0,S1-217269610,S2-86129868,0
0.5909090909090909,0.5909090909090909,0.12903225806451613,0.12903225806451613,0.25806451612903225,0.0,0,0,0,0.0,0.16666666666666666,0.10836678924548235,0.0,0.0,0,0,S1-319975368,S2-111463255,0
0.4897959183673469,0.4897959183673469,0.11428571428571428,0.11428571428571428,0.2903225806451613,0.0,0,0,0,0.0,0.16666666666666666,0.11244686512482883,0.0,0.0,0,0,S1-319975368,S2-387549097,0
0.39215686274509803,0.39215686274509803,0.11764705882352941,0.11764705882352941,0.17391304347826086,0.0,0,0,0,0.0,0.2,0.11377067286236968,0.07142857142857142,0.07142857142857142,0,0,S1-319975368,S2-538471984,0
0.4864864864864865,0.4864864864864865,0.20833333333333334,0.20833333333333334,0.18461538461538463,0.0,0,0,0,0.0,0.2,0.14854090442932844,0.0,0.0,0,0,S1-319975368,S2-919896803,0
0.5294117647058824,0.5294117647058824,0.17391304347826086,0.17391304347826086,0.2857142857142857,0.0,0,0,0,0.0,0.25,0.15896685674888955,0.0,0.0,0,0,S1-319975368,S2-903878991,0
0.48148148148148145,0.48148148148148145,0.15789473684210525,0.15789473684210525,0.29310344827586204,0.0,0,0,0,0.0,0.14285714285714285,0.06580698057228553,0.0,0.0,0,0,S1-537200801,S2-46966643,0
0.6774193548387096,0.6774193548387096,0.21428571428571427,0.21428571428571427,0.23636363636363636,0.0,0,0,0,0.0,0.125,0.04070254261744543,0.0,0.0,0,0,S1-537200801,S2-227475523,0
0.45614035087719296,0.45614035087719296,0.12195121951219512,0.12195121951219512,0.21739130434782608,0.0,0,0,0,0.0,0.125,0.05485309543171615,0.0,0.0,0,0,S1-537200801,S2-666767748,0
0.43478260869565216,0.43478260869565216,0.2127659574468085,0.2127659574468085,0.18181818181818182,0.0,0,0,0,0.0,0.25,0.08163751481855143,0.0,0.0,0,0,S1-537200801,S2-954353829,0
0.40540540540540543,0.40540540540540543,0.19230769230769232,0.19230769230769232,0.15841584158415842,0.0,0,0,0,0.0,0.2857142857142857,0.11307871540090493,0.0,0.0,0,0,S1-537200801,S2-247244617,0
0.2028985507246377,0.2028985507246377,0.11320754716981132,0.11320754716981132,0.34710743801652894,0.0,0,0,0,0.0,0.14285714285714285,0.047462035947734856,0.0,0.0,0,0,S1-837663330,S2-343240591,0
0.6666666666666666,0.6666666666666666,0.3125,0.3125,0.23214285714285715,0.0,0,0,0,0.0,0.2857142857142857,0.1106436171043659,0.0,0.0,0,0,S1-837663330,S2-157331952,0
0.6666666666666666,0.6666666666666666,0.27906976744186046,0.27906976744186046,0.20634920634920634,0.0,0,0,0,0.0,0.2857142857142857,0.11631831641488936,0.0,0.0,0,0,S1-837663330,S2-658905940,0
0.3235294117647059,0.3235294117647059,0.09433962264150944,0.09433962264150944,0.23008849557522124,0.0,0,0,0,0.0,0.14285714285714285,0.059397681998503635,0.0,0.0,0,0,S1-837663330,S2-517181202,0
0.5573770491803278,0.5573770491803278,0.24390243902439024,0.24390243902439024,0.3275862068965517,0.0,0,0,0,0.0,0.3333333333333333,0.1237091034788347,0.0,0.0,0,0,S1-837663330,S2-958696515,0
0.4745762711864407,0.4745762711864407,0.020833333333333332,0.020833333333333332,0.22641509433962265,0.0,0,0,0,0.0,0.14285714285714285,0.058266545882205124,0.0,0.0,1,0,S1-646560721,S2-609158388,0
0.3137254901960784,0.3137254901960784,0.024390243902439025,0.024390243902439025,0.4,0.0,0,0,0,0.0,0.16666666666666666,0.05232805251181396,0.1,0.10000000000000002,0,0,S1-646560721,S2-71788805,0
0.25,0.25,0.02702702702702703,0.02702702702702703,0.26865671641791045,0.0,0,0,0,0.0,0.14285714285714285,0.0429436046776507,0.0,0.0,0,0,S1-646560721,S2-170015494,0
0.27450980392156865,0.27450980392156865,0.05263157894736842,0.05263157894736842,0.3333333333333333,0.0,0,0,0,0.0,0.125,0.04602308477527795,0.0,0.0,0,0,S1-646560721,S2-400517405,0
0.3333333333333333,0.3333333333333333,0.02702702702702703,0.02702702702702703,0.136986301369863,0.0,0,0,0,0.0,0.14285714285714285,0.04721069002341945,0.0,0.0,0,0,S1-646560721,S2-48056964,0
0.45714285714285713,0.45714285714285713,0.12,0.12,0.21818181818181817,0.0,0,0,0,0.0,0.25,0.1877262193437507,0.0,0.0,0,0,S1-156027314,S2-942656573,0
0.4528301886792453,0.4528301886792453,0.075,0.075,0.0,0.0,0,0,0,0.0,0.14285714285714285,0.0999991176703185,0.0,0.0,0,1,S1-156027314,S2-70596325,0
0.39215686274509803,0.39215686274509803,0.07692307692307693,0.07692307692307693,0.4,0.0,0,0,0,0.0,0.16666666666666666,0.14445372975118845,0.0,0.0,0,0,S1-156027314,S2-79660516,0
0.34782608695652173,0.34782608695652173,0.08823529411764706,0.08823529411764706,0.18181818181818182,0.0,0,0,0,0.0,0.16666666666666666,0.13262431562725133,0.0,0.0,0,0,S1-156027314,S2-182997549,0
0.42857142857142855,0.42857142857142855,0.1,0.1,0.32727272727272727,0.0,0,0,0,0.0,0.16666666666666666,0.12111434541042698,0.0,0.0,1,0,S1-156027314,S2-579211181,0
0.3137254901960784,0.3137254901960784,0.025,0.025,0.4186046511627907,0.0,0,0,0,0.0,0.16666666666666666,0.04277312867182245,0.125,0.12500000000000003,0,0,S1-511215631,S2-907593678,0
0.18604651162790697,0.18604651162790697,0.03125,0.03125,0.2692307692307692,0.0,0,0,0,0.0,0.16666666666666666,0.04227763575628772,0.0,0.0,0,0,S1-511215631,S2-957460340,0
0.26666666666666666,0.26666666666666666,0.020833333333333332,0.020833333333333332,0.3137254901960784,0.0,0,0,0,0.0,0.14285714285714285,0.037980378719632044,0.0,0.0,0,0,S1-511215631,S2-317986315,0
0.3783783783783784,0.3783783783783784,0.01694915254237288,0.01694915254237288,0.2978723404255319,0.0,0,0,0,0.0,0.1,0.028672571711669106,0.0,0.0,0,0,S1-511215631,S2-904390909,0
0.38095238095238093,0.38095238095238093,0.0625,0.0625,0.13333333333333333,0.0,0,0,0,0.0,0.125,0.0309847419279166,0.0,0.0,0,0,S1-511215631,S2-632125023,0
0.4489795918367347,0.4489795918367347,0.18181818181818182,0.18181818181818182,0.3880597014925373,0.0,0,0,0,0.0,0.16666666666666666,0.053264575997544944,0.1,0.10000000000000002,0,0,S1-632701413,S2-95209143,0
0.4897959183673469,0.4897959183673469,0.14285714285714285,0.14285714285714285,0.3106796116504854,0.0,0,0,0,0.0,0.16666666666666666,0.04510255507984633,0.0,0.0,0,0,S1-632701413,S2-510058401,0
0.5,0.5,0.18181818181818182,0.18181818181818182,0.192,0.0,0,0,0,0.0,0.16666666666666666,0.054891039325830206,0.0,0.0,0,0,S1-632701413,S2-317463167,0
0.38596491228070173,0.38596491228070173,0.11904761904761904,0.11904761904761904,0.15517241379310345,0.0,0,0,0,0.0,0.16666666666666666,0.05815085115854753,0.0,0.0,0,0,S1-632701413,S2-783469064,0
0.5882352941176471,0.5882352941176471,0.13513513513513514,0.13513513513513514,0.15053763440860216,0.0,0,0,0,0.0,0.16666666666666666,0.05561935632215872,0.0,0.0,0,0,S1-632701413,S2-240380733,0
0.41025641025641024,0.41025641025641024,0.06896551724137931,0.06896551724137931,0.3333333333333333,0.0,0,0,0,0.0,0.2,0.06340333050449352,0.047619047619047616,0.04761904761904761,0,0,S1-620826223,S2-154263143,0
0.43333333333333335,0.43333333333333335,0.0425531914893617,0.0425531914893617,0.34615384615384615,0.0,0,0,0,0.0,0.125,0.045649876932443635,0.09523809523809523,0.09523809523809522,0,0,S1-620826223,S2-780954551,0
0.4782608695652174,0.4782608695652174,0.02857142857142857,0.02857142857142857,0.39490445859872614,0.0,0,0,0,0.0,0.14285714285714285,0.06687538383990424,0.0,0.0,0,0,S1-620826223,S2-140823667,0
0.47619047619047616,0.47619047619047616,0.03125,0.03125,0.29411764705882354,0.0,0,0,0,0.0,0.16666666666666666,0.06810410382358104,0.0,0.0,0,0,S1-620826223,S2-144554513,0
0.5333333333333333,0.5333333333333333,0.13953488372093023,0.13953488372093023,0.13333333333333333,0.0,0,0,0,0.0,0.14285714285714285,0.11128390109635208,0.0,0.0,0,0,S1-620826223,S2-929172133,0
0.5238095238095238,0.5238095238095238,0.1,0.1,0.20408163265306123,0.0,0,0,0,0.0,0.16666666666666666,0.06493984033232052,0.0,0.0,0,0,S1-911327244,S2-428838762,0
0.3902439024390244,0.3902439024390244,0.06451612903225806,0.06451612903225806,0.12307692307692308,0.0,0,0,0,0.0,0.2,0.07230725381983653,0.0,0.0,0,0,S1-911327244,S2-16598221,0
0.22641509433962265,0.22641509433962265,0.023809523809523808,0.023809523809523808,0.12121212121212122,0.0,0,0,0,0.0,0.14285714285714285,0.051106576380117716,0.0,0.0,0,0,S1-911327244,S2-66703653,0
0.13333333333333333,0.13333333333333333,0.030303030303030304,0.030303030303030304,0.24242424242424243,0.0,0,0,0,0.0,0.125,0.04009606440883208,0.0,0.0,0,0,S1-911327244,S2-751058725,0
0.3888888888888889,0.3888888888888889,0.07692307692307693,0.07692307692307693,0.24615384615384617,0.0,0,0,0,0.0,0.2,0.06750099127892874,0.0,0.0,0,0,S1-911327244,S2-434465793,0
1.0,1.0,1.0,1.0,0.25806451612903225,0.0,0,0,0,0.0,1.0,1.0,0.0,0.0,0,0,S1-925840718,S2-943581671,0
0.4878048780487805,0.4878048780487805,0.03125,0.03125,0.38461538461538464,0.0,0,0,0,0.0,0.2,0.08751832000409909,0.1,0.10000000000000002,0,0,S1-337216154,S2-526910208,0
0.3333333333333333,0.3333333333333333,0.037037037037037035,0.037037037037037035,0.32142857142857145,0.0,0,0,0,0.0,0.2,0.07066882383843069,0.0,0.0,0,0,S1-337216154,S2-410574540,0
0.5490196078431373,0.5490196078431373,0.25806451612903225,0.25806451612903225,0.2641509433962264,0.0,0,0,0,0.0,0.3333333333333333,0.2432698659389713,0.0,0.0,1,0,S1-337216154,S2-113726283,0
0.45454545454545453,0.45454545454545453,0.12903225806451613,0.12903225806451613,0.35714285714285715,0.0,0,0,0,0.0,0.16666666666666666,0.16223568915107828,0.0,0.0,0,0,S1-337216154,S2-37960046,0
0.4489795918367347,0.4489795918367347,0.08333333333333333,0.08333333333333333,0.45161290322580644,0.0,0,0,0,0.0,0.14285714285714285,0.04779655223393793,0.0,0.0,1,0,S1-337216154,S2-190362556,0
0.6031746031746031,0.6031746031746031,0.2926829268292683,0.2926829268292683,0.1643835616438356,0.0,0,0,0,0.0,0.3333333333333333,0.1131669931371148,0.0,0.0,0,0,S1-733134110,S2-459611127,0
0.5671641791044776,0.5671641791044776,0.26666666666666666,0.26666666666666666,0.35294117647058826,0.0,0,0,0,0.0,0.3333333333333333,0.08603879202006202,0.0,0.0,0,0,S1-733134110,S2-127318019,0
0.6176470588235294,0.6176470588235294,0.28888888888888886,0.28888888888888886,0.24806201550387597,0.0,0,0,0,0.0,0.3333333333333333,0.09820824810175786,0.0,0.0,1,0,S1-733134110,S2-184786860,0
0.6363636363636364,0.6363636363636364,0.30952380952380953,0.30952380952380953,0.24615384615384617,0.0,0,0,0,0.0,0.3333333333333333,0.09973130299491463,0.058823529411764705,0.0588235294117647,0,0,S1-733134110,S2-720541723,0
0.41935483870967744,0.41935483870967744,0.10638297872340426,0.10638297872340426,0.2909090909090909,0.0,0,0,0,0.0,0.14285714285714285,0.0456460289331511,0.0,0.0,0,0,S1-733134110,S2-760544039,0
0.5098039215686274,0.5098039215686274,0.10526315789473684,0.10526315789473684,0.16393442622950818,0.0,0,0,0,0.0,0.16666666666666666,0.15336154054453247,0.0,0.0,0,0,S1-213509979,S2-454353933,0
0.3225806451612903,0.3225806451612903,0.08333333333333333,0.08333333333333333,0.14,0.0,0,0,0,0.0,0.14285714285714285,0.13856746775498013,0.0,0.0,1,0,S1-213509979,S2-313833051,0
0.3829787234042553,0.3829787234042553,0.11764705882352941,0.11764705882352941,0.24242424242424243,0.0,0,0,0,0.0,0.16666666666666666,0.1772148622680068,0.0,0.0,0,0,S1-213509979,S2-767340382,0
0.4307692307692308,0.4307692307692308,0.1,0.1,0.14285714285714285,0.0,0,0,0,0.0,0.14285714285714285,0.13937602854858813,0.0,0.0,0,0,S1-213509979,S2-294569711,0
0.2903225806451613,0.2903225806451613,0.08695652173913043,0.08695652173913043,0.23529411764705882,0.0,0,0,0,0.0,0.125,0.11088910360736291,0.0,0.0,0,0,S1-213509979,S2-594771962,0
0.34782608695652173,0.34782608695652173,0.1935483870967742,0.1935483870967742,0.27586206896551724,0.0,0,0,0,0.0,0.16666666666666666,0.0956322689127078,0.0,0.0,1,0,S1-830853452,S2-797548741,0
0.4489795918367347,0.4489795918367347,0.17647058823529413,0.17647058823529413,0.0,0.0,0,0,0,0.0,0.16666666666666666,0.11939455209884998,0.0,0.0,0,1,S1-830853452,S2-963341915,0
0.38235294117647056,0.38235294117647056,0.13333333333333333,0.13333333333333333,0.14634146341463414,0.0,0,0,0,0.0,0.14285714285714285,0.0812849674011784,0.0,0.0,0,0,S1-830853452,S2-375350245,0
0.5882352941176471,0.5882352941176471,0.2,0.2,0.2857142857142857,0.0,0,0,0,0.0,0.16666666666666666,0.11423560647793858,0.0,0.0,0,0,S1-830853452,S2-479857814,0
0.5846153846153846,0.5846153846153846,0.125,0.125,0.34615384615384615,0.0,0,0,0,0.0,0.125,0.061990000290023585,0.0,0.0,0,0,S1-830853452,S2-94789761,0
0.5813953488372093,0.5813953488372093,0.2982456140350877,0.2982456140350877,0.25806451612903225,0.0,0,0,0,0.0,0.3333333333333333,0.36111353152164194,0.0,0.0,0,0,S1-316857324,S2-178091874,0
0.5074626865671642,0.5074626865671642,0.1875,0.1875,0.23333333333333334,0.0,0,0,0,0.0,0.16666666666666666,0.17307391741916558,0.0,0.0,0,0,S1-316857324,S2-440892088,0
0.49056603773584906,0.49056603773584906,0.2571428571428571,0.2571428571428571,0.417910447761194,0.0,0,0,0,0.0,0.2,0.18828089351418067,0.09090909090909091,0.09090909090909093,0,0,S1-316857324,S2-876721098,0
0.4927536231884058,0.4927536231884058,0.1836734693877551,0.1836734693877551,0.23880597014925373,0.0,0,0,0,0.0,0.16666666666666666,0.16313055283300884,0.0,0.0,0,0,S1-316857324,S2-61055747,0
0.5245901639344263,0.5245901639344263,0.21428571428571427,0.21428571428571427,0.25806451612903225,0.0,0,0,0,0.0,0.16666666666666666,0.1733245554253006,0.0,0.0,0,0,S1-316857324,S2-33560328,0
0.7,0.7,0.32432432432432434,0.32432432432432434,0.192,0.0,0,0,0,0.0,0.3333333333333333,0.10733372547524868,0.0,0.0,0,0,S1-99873046,S2-828209490,0
0.56,0.56,0.25,0.25,0.2601626016260163,0.0,0,0,0,0.0,0.16666666666666666,0.06294589377344625,0.0,0.0,0,0,S1-99873046,S2-909353162,0
0.6101694915254238,0.6101694915254238,0.3333333333333333,0.3333333333333333,0.2222222222222222,0.0,0,0,0,0.0,0.3333333333333333,0.13672923698855183,0.0,0.0,1,0,S1-99873046,S2-676141449,0
0.7368421052631579,0.7368421052631579,0.35294117647058826,0.35294117647058826,0.25882352941176473,0.0,0,0,0,0.0,0.3333333333333333,0.13938470354450105,0.0,0.0,0,0,S1-99873046,S2-588346400,0
0.6153846153846154,0.6153846153846154,0.2926829268292683,0.2926829268292683,0.4077669902912621,0.0,0,0,0,0.0,0.2857142857142857,0.12716716066593328,0.0,0.0,0,0,S1-99873046,S2-549306926,0
0.4878048780487805,0.4878048780487805,0.13793103448275862,0.13793103448275862,0.4,0.0,0,0,0,0.0,0.2,0.14487551122321748,0.0,0.0,0,0,S1-140101121,S2-277166979,0
0.4,0.4,0.10256410256410256,0.10256410256410256,0.2857142857142857,0.0,0,0,0,0.0,0.14285714285714285,0.10598732925880587,0.0,0.0,0,0,S1-140101121,S2-555603523,0
0.47058823529411764,0.47058823529411764,0.18181818181818182,0.18181818181818182,0.32786885245901637,0.0,0,0,0,0.0,0.2,0.14163933364744444,0.0,0.0,1,0,S1-140101121,S2-690672109,0
0.5714285714285714,0.5714285714285714,0.1724137931034483,0.1724137931034483,0.35294117647058826,0.0,0,0,0,0.0,0.2,0.13851978714425298,0.0,0.0,0,0,S1-140101121,S2-576310584,0
0.5128205128205128,0.5128205128205128,0.14814814814814814,0.14814814814814814,0.2857142857142857,0.0,0,0,0,0.0,0.2,0.17707875659206943,0.0,0.0,0,0,S1-140101121,S2-48437260,0
0.6785714285714286,0.6785714285714286,0.35294117647058826,0.35294117647058826,0.25287356321839083,0.0,0,0,0,0.0,0.3333333333333333,0.12503674929920025,0.0,0.0,0,0,S1-203460032,S2-567813671,0
0.6229508196721312,0.6229508196721312,0.3076923076923077,0.3076923076923077,0.0,0.0,0,0,0,0.0,0.3333333333333333,0.1500195469781936,0.0,0.0,0,1,S1-203460032,S2-639447201,0
0.40816326530612246,0.40816326530612246,0.14285714285714285,0.14285714285714285,0.2549019607843137,0.0,0,0,0,0.0,0.16666666666666666,0.06032252226361183,0.0,0.0,0,0,S1-203460032,S2-734671274,0
0.56,0.56,0.23529411764705882,0.23529411764705882,0.2608695652173913,0.0,0,0,0,0.0,0.2,0.07600710436010011,0.0,0.0,0,0,S1-203460032,S2-887914315,0
0.4,0.4,0.1388888888888889,0.1388888888888889,0.18556701030927836,0.0,0,0,0,0.0,0.16666666666666666,0.07272930029681941,0.0,0.0,0,0,S1-203460032,S2-877235386,0
0.2553191489361702,0.2553191489361702,0.027777777777777776,0.027777777777777776,0.3137254901960784,0.0,0,0,0,0.0,0.14285714285714285,0.05251382641073336,0.0,0.0,0,0,S1-379059429,S2-492489812,0
0.6363636363636364,0.6363636363636364,0.20689655172413793,0.20689655172413793,0.21052631578947367,0.0,0,0,0,0.0,0.4,0.2494410830647963,0.0,0.0,0,0,S1-379059429,S2-850872556,0
0.32,0.32,0.02564102564102564,0.02564102564102564,0.417910447761194,0.0,0,0,0,0.0,0.14285714285714285,0.0471291823007263,0.09090909090909091,0.09090909090909093,0,0,S1-379059429,S2-627532538,0
0.47058823529411764,0.47058823529411764,0.02564102564102564,0.02564102564102564,0.21052631578947367,0.0,0,0,0,0.0,0.125,0.04714317372227238,0.0,0.0,0,0,S1-379059429,S2-27650345,0
0.4,0.4,0.03333333333333333,0.03333333333333333,0.1935483870967742,0.0,0,0,0,0.0,0.16666666666666666,0.049584242481753533,0.0,0.0,0,0,S1-379059429,S2-879690553,0
0.2692307692307692,0.2692307692307692,0.10526315789473684,0.10526315789473684,0.24489795918367346,0.0,0,0,0,0.0,0.14285714285714285,0.15871971533871207,0.1111111111111111,0.11111111111111113,0,0,S1-22969150,S2-316342125,0
0.5142857142857142,0.5142857142857142,0.2857142857142857,0.2857142857142857,0.38461538461538464,0.0,0,0,0,0.0,0.5,0.4200578736592174,0.0,0.0,0,0,S1-22969150,S2-178805416,0
0.2608695652173913,0.2608695652173913,0.12121212121212122,0.12121212121212122,0.3389830508474576,0.0,0,0,0,0.0,0.16666666666666666,0.1628151820193985,0.0,0.0,0,0,S1-22969150,S2-765339178,0
0.3076923076923077,0.3076923076923077,0.10526315789473684,0.10526315789473684,0.0,0.0,0,0,0,0.0,0.14285714285714285,0.16811201448044868,0.0,0.0,0,1,S1-22969150,S2-126536634,0
0.32653061224489793,0.32653061224489793,0.11764705882352941,0.11764705882352941,0.38461538461538464,0.0,0,0,0,0.0,0.125,0.12635018406447748,0.0,0.0,0,0,S1-22969150,S2-402220875,0
0.5,0.5,0.09375,0.09375,0.20689655172413793,0.0,0,0,0,0.0,0.16666666666666666,0.09088510765792794,0.0,0.0,0,0,S1-783250547,S2-338289434,0
0.5806451612903226,0.5806451612903226,0.045454545454545456,0.045454545454545456,0.2727272727272727,0.0,0,0,0,0.0,0.2,0.16960848320494856,0.0,0.0,0,0,S1-783250547,S2-717889177,0
0.5294117647058824,0.5294117647058824,0.13043478260869565,0.13043478260869565,0.21621621621621623,0.0,0,0,0,0.0,0.2,0.11736068646911024,0.07692307692307693,0.07692307692307693,0,0,S1-783250547,S2-85608686,0
0.5454545454545454,0.5454545454545454,0.13636363636363635,0.13636363636363635,0.3389830508474576,0.0,0,0,0,0.0,0.2,0.11986695355177031,0.0,0.0,0,0,S1-783250547,S2-970470671,0
0.391304347826087,0.391304347826087,0.09090909090909091,0.09090909090909091,0.2222222222222222,0.0,0,0,0,0.0,0.14285714285714285,0.08690805681641817,0.0,0.0,0,0,S1-783250547,S2-49696102,0
0.5614035087719298,0.5614035087719298,0.2972972972972973,0.2972972972972973,0.25,0.0,0,0,0,0.0,0.16666666666666666,0.18785960273955213,0.0,0.0,0,0,S1-425699411,S2-718652615,0
0.5882352941176471,0.5882352941176471,0.34375,0.34375,0.16901408450704225,0.0,0,0,0,0.0,0.2,0.20249104045541177,0.0,0.0,0,0,S1-425699411,S2-235969358,0
0.42105263157894735,0.42105263157894735,0.10714285714285714,0.10714285714285714,0.36363636363636365,0.0,0,0,0,0.0,0.25,0.2712613683870248,0.0,0.0,0,0,S1-425699411,S2-851687536,0
0.65,0.65,0.4782608695652174,0.4782608695652174,0.4307692307692308,0.0,0,0,0,0.0,0.3333333333333333,0.3376764735921013,0.0,0.0,0,0,S1-425699411,S2-12836294,0
0.75,0.75,0.4782608695652174,0.4782608695652174,0.22950819672131148,0.0,0,0,0,0.0,0.3333333333333333,0.32691839366239933,0.0,0.0,1,0,S1-425699411,S2-753381184,0
0.6,0.6,0.3157894736842105,0.3157894736842105,0.25136612021857924,0.0,0,0,0,0.0,0.3333333333333333,0.0968998138055115,0.0,0.0,0,0,S1-676591052,S2-491672669,0
0.68,0.68,0.42857142857142855,0.42857142857142855,0.32748538011695905,0.0,0,0,0,0.0,0.3333333333333333,0.12141292720196285,0.05,0.04999999999999999,0,0,S1-676591052,S2-836314629,0
0.5614035087719298,0.5614035087719298,0.2777777777777778,0.2777777777777778,0.30414746543778803,0.0,0,0,0,0.0,0.3333333333333333,0.19360153013699705,0.034482758620689655,0.03448275862068964,0,0,S1-676591052,S2-117521956,0
0.6896551724137931,0.6896551724137931,0.3055555555555556,0.3055555555555556,0.34065934065934067,0.3333333333333333,1,1,1,0.0,0.125,0.0347020977752329,0.08695652173913043,0.08695652173913042,0,0,S1-676591052,S2-723594654,0
0.6,0.6,0.21212121212121213,0.21212121212121213,0.367816091954023,0.3333333333333333,1,1,1,0.0,0.14285714285714285,0.052376677683548846,0.047619047619047616,0.04761904761904761,0,0,S1-676591052,S2-410225032,0
0.3548387096774194,0.3548387096774194,0.04081632653061224,0.04081632653061224,0.2222222222222222,0.0,0,0,0,0.0,0.125,0.04139245200202122,0.0,0.0,0,0,S1-433489019,S2-599508045,0
0.3783783783783784,0.3783783783783784,0.03389830508474576,0.03389830508474576,0.19672131147540983,0.0,0,0,0,0.0,0.1,0.0353443144405886,0.0,0.0,0,0,S1-433489019,S2-654500871,0
0.5,0.5,0.03076923076923077,0.03076923076923077,0.2857142857142857,0.0,0,0,0,0.0,0.1,0.032953706854617404,0.0,0.0,0,0,S1-433489019,S2-596137076,0
0.29411764705882354,0.29411764705882354,0.037037037037037035,0.037037037037037035,0.38596491228070173,0.0,0,0,0,0.0,0.1111111111111111,0.035594596611653394,0.0,0.0,0,0,S1-433489019,S2-768855976,0
0.41379310344827586,0.41379310344827586,0.02127659574468085,0.02127659574468085,0.2222222222222222,0.0,0,0,0,0.0,0.14285714285714285,0.045851045695167174,0.0,0.0,0,0,S1-433489019,S2-296127746,0
0.7096774193548387,0.7096774193548387,0.3157894736842105,0.3157894736842105,0.3333333333333333,0.0,0,0,0,0.0,0.2857142857142857,0.09337536761761168,0.0,0.0,0,0,S1-11472845,S2-925386559,0
0.417910447761194,0.417910447761194,0.24444444444444444,0.24444444444444444,0.2692307692307692,0.0,0,0,0,0.0,0.3333333333333333,0.09908995003848672,0.0,0.0,0,0,S1-11472845,S2-868790822,0
0.6774193548387096,0.6774193548387096,0.3157894736842105,0.3157894736842105,0.2727272727272727,0.0,0,0,0,0.0,0.3333333333333333,0.11475080997784794,0.0,0.0,0,0,S1-11472845,S2-947752614,0
0.375,0.375,0.10869565217391304,0.10869565217391304,0.16216216216216217,0.0,0,0,0,0.0,0.1111111111111111,0.027992511206171335,0.0,0.0,0,0,S1-11472845,S2-899346668,0
0.36065573770491804,0.36065573770491804,0.1111111111111111,0.1111111111111111,0.1267605633802817,0.0,0,0,0,0.0,0.14285714285714285,0.04217386489988686,0.0,0.0,1,0,S1-11472845,S2-466513159,0
0.5925925925925926,0.5925925925925926,0.25,0.25,0.22950819672131148,0.0,0,0,0,0.0,0.25,0.20803498223104683,0.0,0.0,0,0,S1-356686370,S2-637452492,0
0.5517241379310345,0.5517241379310345,0.2857142857142857,0.2857142857142857,0.2962962962962963,0.0,0,0,0,0.0,0.3333333333333333,0.2745546964546199,0.0,0.0,0,0,S1-356686370,S2-306208206,0
0.34146341463414637,0.34146341463414637,0.13793103448275862,0.13793103448275862,0.3076923076923077,0.0,0,0,0,0.0,0.2,0.1314235021264398,0.0,0.0,1,0,S1-356686370,S2-265403699,0
0.5517241379310345,0.5517241379310345,0.23529411764705882,0.23529411764705882,0.25,0.0,0,0,0,0.0,0.2,0.16592784993091014,0.0,0.0,0,0,S1-356686370,S2-755781182,0
0.5161290322580645,0.5161290322580645,0.2,0.2,0.2807017543859649,0.0,0,0,0,0.0,0.25,0.16910105983269275,0.0,0.0,0,0,S1-356686370,S2-240726657,0
0.36065573770491804,0.36065573770491804,0.02040816326530612,0.02040816326530612,0.2857142857142857,0.0,0,0,0,0.0,0.125,0.042248357176272885,0.0,0.0,0,0,S1-706520514,S2-446299402,0
0.5,0.5,0.02631578947368421,0.02631578947368421,0.23728813559322035,0.0,0,0,0,0.0,0.16666666666666666,0.04865787170119816,0.0,0.0,0,0,S1-706520514,S2-766583793,0
0.3076923076923077,0.3076923076923077,0.024390243902439025,0.024390243902439025,0.3333333333333333,0.0,0,0,0,0.0,0.14285714285714285,0.05970329795075447,0.0,0.0,0,0,S1-706520514,S2-498385742,0
0.23809523809523808,0.23809523809523808,0.030303030303030304,0.030303030303030304,0.125,0.0,0,0,0,0.0,0.2,0.06884388798967564,0.0,0.0,0,0,S1-706520514,S2-217188577,0
0.39215686274509803,0.39215686274509803,0.024390243902439025,0.024390243902439025,0.23376623376623376,0.0,0,0,0,0.0,0.16666666666666666,0.06398717967038606,0.0,0.0,0,0,S1-706520514,S2-919862649,0
0.45454545454545453,0.45454545454545453,0.02857142857142857,0.02857142857142857,0.3125,0.0,0,0,0,0.0,0.2,0.13260861546516178,0.0,0.0,0,0,S1-520361644,S2-924874929,0
0.3137254901960784,0.3137254901960784,0.02564102564102564,0.02564102564102564,0.29508196721311475,0.0,0,0,0,0.0,0.125,0.10596839362911671,0.0,0.0,0,0,S1-520361644,S2-550118271,0
0.425531914893617,0.425531914893617,0.02857142857142857,0.02857142857142857,0.2222222222222222,0.0,0,0,0,0.0,0.125,0.1063576598507899,0.0,0.0,0,0,S1-520361644,S2-878672161,0
0.5405405405405406,0.5405405405405406,0.16,0.16,0.3492063492063492,0.0,0,0,0,0.0,0.2,0.13308217746772655,0.0,0.0,0,0,S1-520361644,S2-414019348,0
0.3333333333333333,0.3333333333333333,0.03125,0.03125,0.17647058823529413,0.0,0,0,0,0.0,0.16666666666666666,0.1253986707148844,0.0,0.0,0,0,S1-520361644,S2-166312233,0
0.4666666666666667,0.4666666666666667,0.09523809523809523,0.09523809523809523,0.0,0.0,0,0,0,0.0,0.25,0.06937166246715701,0.0,0.0,0,1,S1-165930026,S2-20257527,0
0.28,0.28,0.06451612903225806,0.06451612903225806,0.26666666666666666,0.0,0,0,0,0.0,0.14285714285714285,0.04467637410365432,0.1111111111111111,0.11111111111111113,0,0,S1-165930026,S2-258588226,0
0.1875,0.1875,0.041666666666666664,0.041666666666666664,0.2222222222222222,0.0,0,0,0,0.0,0.25,0.07359617656159066,0.0,0.0,0,0,S1-165930026,S2-106823,0
0.2222222222222222,0.2222222222222222,0.05263157894736842,0.05263157894736842,0.24615384615384617,0.0,0,0,0,0.0,0.25,0.07821510894331371,0.0,0.0,0,0,S1-165930026,S2-477982967,0
0.358974358974359,0.358974358974359,0.07142857142857142,0.07142857142857142,0.5294117647058824,0.0,0,0,0,0.0,0.16666666666666666,0.045380500313006736,0.1,0.10000000000000002,0,0,S1-165930026,S2-372646223,0
0.4583333333333333,0.4583333333333333,0.05555555555555555,0.05555555555555555,0.18633540372670807,0.0,0,0,0,0.0,0.14285714285714285,0.0589484101940277,0.0,0.0,0,0,S1-45293136,S2-672646805,0
0.3404255319148936,0.3404255319148936,0.03225806451612903,0.03225806451612903,0.17647058823529413,0.0,0,0,0,0.0,0.16666666666666666,0.08242044862728677,0.0,0.0,0,0,S1-45293136,S2-970885323,0
0.3333333333333333,0.3333333333333333,0.03125,0.03125,0.3076923076923077,0.0,0,0,0,0.0,0.16666666666666666,0.07829380544924087,0.0,0.0,0,0,S1-45293136,S2-631688655,0
0.32432432432432434,0.32432432432432434,0.037037037037037035,0.037037037037037035,0.18666666666666668,0.0,0,0,0,0.0,0.16666666666666666,0.09019542266527829,0.0,0.0,0,0,S1-45293136,S2-262102453,0
0.5106382978723404,0.5106382978723404,0.027777777777777776,0.027777777777777776,0.4132231404958678,0.0,0,0,0,0.0,0.14285714285714285,0.07608299964960989,0.058823529411764705,0.0588235294117647,0,0,S1-45293136,S2-403600839,0
0.43333333333333335,0.43333333333333335,0.10869565217391304,0.10869565217391304,0.2542372881355932,0.0,0,0,0,0.0,0.16666666666666666,0.07579728487029959,0.0,0.0,0,0,S1-189176615,S2-445959733,0
0.2153846153846154,0.2153846153846154,0.12244897959183673,0.12244897959183673,0.17647058823529413,0.0,0,0,0,0.0,0.14285714285714285,0.05116811436933851,0.0,0.0,0,0,S1-189176615,S2-306614527,0
0.5588235294117647,0.5588235294117647,0.28888888888888886,0.28888888888888886,0.1095890410958904,0.0,0,0,0,0.0,0.3333333333333333,0.12870000462235323,0.0,0.0,1,0,S1-189176615,S2-7768388,0
0.5806451612903226,0.5806451612903226,0.3,0.3,0.1981981981981982,0.0,0,0,0,0.0,0.3333333333333333,0.11912976112133013,0.0,0.0,0,0,S1-189176615,S2-531810155,0
0.3611111111111111,0.3611111111111111,0.08928571428571429,0.08928571428571429,0.2923076923076923,0.0,0,0,0,0.0,0.125,0.04623500133476988,0.0,0.0,0,0,S1-189176615,S2-524187731,0
0.4444444444444444,0.4444444444444444,0.2619047619047619,0.2619047619047619,0.24390243902439024,0.0,0,0,0,0.0,0.3333333333333333,0.10134961551550356,0.0,0.0,0,0,S1-60462392,S2-517280660,0
0.5846153846153846,0.5846153846153846,0.2857142857142857,0.2857142857142857,0.16,0.0,0,0,0,0.0,0.3333333333333333,0.10615701001340026,0.0,0.0,0,0,S1-60462392,S2-605155181,0
0.5970149253731343,0.5970149253731343,0.26666666666666666,0.26666666666666666,0.28346456692913385,0.0,0,0,0,0.0,0.3333333333333333,0.10286544649272548,0.0,0.0,0,0,S1-60462392,S2-457068672,0
0.34782608695652173,0.34782608695652173,0.09433962264150944,0.09433962264150944,0.19631901840490798,0.0,0,0,0,0.0,0.125,0.03684431616388186,0.0,0.0,0,0,S1-60462392,S2-61550657,0
0.5625,0.5625,0.2857142857142857,0.2857142857142857,0.3230769230769231,0.0,0,0,0,0.0,0.3333333333333333,0.1079733925383414,0.0,0.0,0,0,S1-60462392,S2-652336922,0
0.5405405405405406,0.5405405405405406,0.08333333333333333,0.08333333333333333,0.2,0.0,0,0,0,0.0,0.16666666666666666,0.04949897328265914,0.0,0.0,0,0,S1-627567870,S2-442114133,0
0.46808510638297873,0.46808510638297873,0.058823529411764705,0.058823529411764705,0.2857142857142857,0.0,0,0,0,0.0,0.16666666666666666,0.05298840978205399,0.0,0.0,1,0,S1-627567870,S2-284461674,0
0.13953488372093023,0.13953488372093023,0.03225806451612903,0.03225806451612903,0.32727272727272727,0.0,0,0,0,0.0,0.16666666666666666,0.04938520579441082,0.0,0.0,0,0,S1-627567870,S2-717467859,0
0.3137254901960784,0.3137254901960784,0.05405405405405406,0.05405405405405406,0.22950819672131148,0.0,0,0,0,0.0,0.14285714285714285,0.04490034452111046,0.0,0.0,0,0,S1-627567870,S2-237909268,0
0.3902439024390244,0.3902439024390244,0.034482758620689655,0.034482758620689655,0.23529411764705882,0.0,0,0,0,0.0,0.16666666666666666,0.05133502169591049,0.0,0.0,1,0,S1-627567870,S2-605266158,0
0.28169014084507044,0.28169014084507044,0.125,0.125,0.3851851851851852,0.0,0,0,0,0.0,0.14285714285714285,0.06271653448587769,0.09090909090909091,0.09090909090909088,0,0,S1-464464507,S2-711055878,0
0.5263157894736842,0.5263157894736842,0.11627906976744186,0.11627906976744186,0.23448275862068965,0.0,0,0,0,0.0,0.16666666666666666,0.041763342722969665,0.0,0.0,0,0,S1-464464507,S2-717871003,0
0.3235294117647059,0.3235294117647059,0.11764705882352941,0.11764705882352941,0.13740458015267176,0.0,0,0,0,0.0,0.125,0.03595258802089999,0.0,0.0,0,0,S1-464464507,S2-801129954,0
0.48148148148148145,0.48148148148148145,0.125,0.125,0.2553191489361702,0.0,0,0,0,0.0,0.16666666666666666,0.06382249229004255,0.045454545454545456,0.04545454545454544,0,0,S1-464464507,S2-813884895,0
0.38461538461538464,0.38461538461538464,0.16216216216216217,0.16216216216216217,0.14925373134328357,0.0,0,0,0,0.0,0.16666666666666666,0.06387579287109565,0.0,0.0,1,0,S1-464464507,S2-670985841,0
0.4444444444444444,0.4444444444444444,0.12903225806451613,0.12903225806451613,0.43478260869565216,0.0,0,0,0,0.0,0.14285714285714285,0.15750692349380513,0.09090909090909091,0.09090909090909093,0,0,S1-11171404,S2-384595816,0
0.3333333333333333,0.3333333333333333,0.14285714285714285,0.14285714285714285,0.3333333333333333,0.0,0,0,0,0.0,0.16666666666666666,0.17735157880249575,0.0,0.0,0,0,S1-11171404,S2-693686395,0
0.45454545454545453,0.45454545454545453,0.1,0.1,0.18666666666666668,0.0,0,0,0,0.0,0.125,0.15832970656274564,0.0,0.0,0,0,S1-11171404,S2-194234985,0
0.47368421052631576,0.47368421052631576,0.11538461538461539,0.11538461538461539,0.24615384615384617,0.0,0,0,0,0.0,0.16666666666666666,0.16445111134779983,0.0,0.0,0,0,S1-11171404,S2-304467910,0
0.43243243243243246,0.43243243243243246,0.12,0.12,0.3611111111111111,0.0,0,0,0,0.0,0.16666666666666666,0.21094077973549366,0.08333333333333333,0.08333333333333334,0,0,S1-11171404,S2-331184081,0
0.5185185185185185,0.5185185185185185,0.17647058823529413,0.17647058823529413,0.125,0.0,0,0,0,0.0,0.25,0.18536534889677778,0.0,0.0,0,0,S1-256825450,S2-502361556,0
0.56,0.56,0.1875,0.1875,0.2948717948717949,0.0,0,0,0,0.0,0.3333333333333333,0.19993679413644955,0.0,0.0,0,0,S1-256825450,S2-704563422,0
0.5833333333333334,0.5833333333333334,0.2,0.2,0.22764227642276422,0.0,0,0,0,0.0,0.3333333333333333,0.23007089027233193,0.0,0.0,1,0,S1-256825450,S2-868188063,0
0.5161290322580645,0.5161290322580645,0.15,0.15,0.31724137931034485,0.0,0,0,0,0.0,0.2,0.15489140970688794,0.0,0.0,0,0,S1-256825450,S2-474305415,0
0.5365853658536586,0.5365853658536586,0.17857142857142858,0.17857142857142858,0.2926829268292683,0.0,0,0,0,0.0,0.2,0.14726674837191234,0.0,0.0,0,0,S1-256825450,S2-94162024,0
0.6666666666666666,0.6666666666666666,0.3684210526315789,0.3684210526315789,0.3225806451612903,0.0,0,0,0,0.0,0.25,0.31876738266815213,0.0,0.0,0,0,S1-735713081,S2-566729366,0
0.7096774193548387,0.7096774193548387,0.3888888888888889,0.3888888888888889,0.3157894736842105,0.0,0,0,0,0.0,0.3333333333333333,0.3491889133692855,0.0,0.0,0,0,S1-735713081,S2-749661300,0
0.8823529411764706,0.8823529411764706,0.8,0.8,0.2857142857142857,0.0,0,0,0,0.0,0.6666666666666666,0.8840314133170009,0.1,0.10000000000000002,0,0,S1-735713081,S2-610439166,0
0.4,0.4,0.12,0.12,0.3448275862068966,0.0,0,0,0,0.0,0.25,0.3134175680524812,0.0,0.0,0,0,S1-735713081,S2-971444945,0
0.5714285714285714,0.5714285714285714,0.21739130434782608,0.21739130434782608,0.3157894736842105,0.0,0,0,0,0.0,0.25,0.2411617135375244,0.0,0.0,0,0,S1-735713081,S2-878450581,0
0.37735849056603776,0.37735849056603776,0.024390243902439025,0.024390243902439025,0.3582089552238806,0.0,0,0,0,0.0,0.125,0.04043546756190129,0.0,0.0,0,0,S1-589716025,S2-838095712,0
0.43137254901960786,0.43137254901960786,0.025,0.025,0.3235294117647059,0.0,0,0,0,0.0,0.14285714285714285,0.056008373806560076,0.0,0.0,0,0,S1-589716025,S2-252796448,0
0.3076923076923077,0.3076923076923077,0.034482758620689655,0.034482758620689655,0.19607843137254902,0.0,0,0,0,0.0,0.16666666666666666,0.05725784919246635,0.0,0.0,0,0,S1-589716025,S2-574500589,0
0.4090909090909091,0.4090909090909091,0.030303030303030304,0.030303030303030304,0.2857142857142857,0.5,1,1,2,0.0,0.14285714285714285,0.0530378070144649,0.08333333333333333,0.08333333333333334,0,0,S1-589716025,S2-828228713,0
0.35555555555555557,0.35555555555555557,0.02857142857142857,0.02857142857142857,0.38095238095238093,0.0,0,0,0,0.0,0.16666666666666666,0.08257488463925508,0.0,0.0,0,0,S1-589716025,S2-327486945,0
1.0,1.0,1.0,1.0,1.0,1.0,2,1,4,1.0,1.0,1.0,1.0,1.0,0,0,S1-728680,S2-408590371,1
0.38095238095238093,0.38095238095238093,0.1,0.1,0.32,0.0,0,0,0,0.0,0.16666666666666666,0.13120127047635768,0.0,0.0,0,0,S1-728680,S2-11153999,0
0.2777777777777778,0.2777777777777778,0.13043478260869565,0.13043478260869565,0.36,0.0,0,0,0,0.0,0.25,0.16314225111187466,0.0,0.0,0,0,S1-728680,S2-305410099,0
0.2,0.2,0.08108108108108109,0.08108108108108109,0.2641509433962264,0.0,0,0,0,0.0,0.16666666666666666,0.13092141837530363,0.0,0.0,0,0,S1-728680,S2-109942386,0
0.4,0.4,0.10810810810810811,0.10810810810810811,0.4745762711864407,0.0,0,0,0,0.0,0.16666666666666666,0.13423146950502454,0.1,0.10000000000000002,0,0,S1-728680,S2-152724355,0
0.2857142857142857,0.2857142857142857,0.12,0.12,0.2033898305084746,0.0,0,0,0,0.0,0.25,0.16385117537951177,0.0,0.0,0,0,S1-728680,S2-401859731,0
0.8205128205128205,0.8205128205128205,0.6666666666666666,0.6666666666666666,0.576271186440678,0.0,0,0,0,0.0,0.75,0.8140136260629428,0.5555555555555556,0.5555555555555556,0,0,S1-588360895,S2-157435214,1
0.358974358974359,0.358974358974359,0.03333333333333333,0.03333333333333333,0.21739130434782608,0.0,0,0,0,0.0,0.2,0.0793847000395386,0.0,0.0,0,0,S1-588360895,S2-724544657,0
0.2916666666666667,0.2916666666666667,0.02857142857142857,0.02857142857142857,0.32786885245901637,0.0,0,0,0,0.0,0.14285714285714285,0.04520674375473566,0.0,0.0,0,0,S1-588360895,S2-139139760,0
0.3181818181818182,0.3181818181818182,0.06060606060606061,0.06060606060606061,0.2962962962962963,0.0,0,0,0,0.0,0.16666666666666666,0.05670072783319513,0.0,0.0,0,0,S1-588360895,S2-475654167,0
0.34285714285714286,0.34285714285714286,0.038461538461538464,0.038461538461538464,0.30303030303030304,0.0,0,0,0,0.0,0.2,0.0539194100982443,0.0,0.0,0,0,S1-588360895,S2-288330811,0
0.41379310344827586,0.41379310344827586,0.05263157894736842,0.05263157894736842,0.4067796610169492,0.0,0,0,0,0.0,0.2,0.061443349663414915,0.09090909090909091,0.09090909090909093,0,0,S1-588360895,S2-573296825,0
0.35294117647058826,0.35294117647058826,0.02702702702702703,0.02702702702702703,0.0,0.0,0,0,0,0.0,0.1111111111111111,0.09419398121267226,0.0,0.0,0,1,S1-372605955,S2-724434128,0
0.2807017543859649,0.2807017543859649,0.023809523809523808,0.023809523809523808,0.25396825396825395,0.0,0,0,0,0.0,0.2222222222222222,0.13859096515630925,0.0,0.0,0,0,S1-372605955,S2-28212029,0
0.3548387096774194,0.3548387096774194,0.022222222222222223,0.022222222222222223,0.29508196721311475,0.0,0,0,0,0.0,0.18181818181818182,0.1307748567374296,0.0,0.0,0,0,S1-372605955,S2-752366727,0
0.41509433962264153,0.41509433962264153,0.08108108108108109,0.08108108108108109,0.2807017543859649,0.0,0,0,0,0.0,0.2857142857142857,0.1844899517658037,0.0,0.0,0,0,S1-372605955,S2-607722259,0
0.4067796610169492,0.4067796610169492,0.07142857142857142,0.07142857142857142,0.2777777777777778,0.0,0,0,0,0.0,0.2222222222222222,0.14192047870147564,0.0,0.0,0,0,S1-372605955,S2-248097735,0
0.4,0.4,0.07142857142857142,0.07142857142857142,0.2631578947368421,0.0,0,0,0,0.0,0.3333333333333333,0.16903578900768304,0.0,0.0,0,0,S1-194296830,S2-473496838,0
0.5333333333333333,0.5333333333333333,0.09375,0.09375,0.16666666666666666,0.0,0,0,0,0.0,0.14285714285714285,0.059538823228191554,0.0,0.0,0,0,S1-194296830,S2-819728534,0
0.45454545454545453,0.45454545454545453,0.030303030303030304,0.030303030303030304,0.2268041237113402,0.0,0,0,0,0.0,0.14285714285714285,0.06285777571844135,0.0,0.0,0,0,S1-194296830,S2-736790388,0
0.5555555555555556,0.5555555555555556,0.21739130434782608,0.21739130434782608,0.4074074074074074,0.0,0,0,0,0.0,0.2,0.15869154729012042,0.0,0.0,0,0,S1-194296830,S2-153922830,0
0.36363636363636365,0.36363636363636365,0.030303030303030304,0.030303030303030304,0.13043478260869565,0.0,0,0,0,0.0,0.14285714285714285,0.05871617587458713,0.0,0.0,0,0,S1-194296830,S2-306021730,0
0.49122807017543857,0.49122807017543857,0.23684210526315788,0.23684210526315788,0.3448275862068966,0.0,0,0,0,0.0,0.16666666666666666,0.11131132453396728,0.0,0.0,0,0,S1-645303868,S2-939017341,0
0.4383561643835616,0.4383561643835616,0.18,0.18,0.25396825396825395,0.0,0,0,0,0.0,0.125,0.07357800991212937,0.0,0.0,0,0,S1-645303868,S2-698680841,0
0.4675324675324675,0.4675324675324675,0.18181818181818182,0.18181818181818182,0.28125,0.0,0,0,0,0.0,0.125,0.10281795871373585,0.0,0.0,0,0,S1-645303868,S2-237767186,0
0.5396825396825397,0.5396825396825397,0.23255813953488372,0.23255813953488372,0.3548387096774194,0.0,0,0,0,0.0,0.16666666666666666,0.12857317963845027,0.1,0.10000000000000002,0,0,S1-645303868,S2-731887501,0
0.8,0.8,0.45161290322580644,0.45161290322580644,0.26666666666666666,0.0,0,0,0,0.0,0.4,0.32095985416978634,0.0,0.0,0,0,S1-645303868,S2-750273199,0
0.4117647058823529,0.4117647058823529,0.04,0.04,0.1891891891891892,0.0,0,0,0,0.0,0.2,0.05485366715417154,0.0,0.0,0,0,S1-294553583,S2-612518601,0
0.4666666666666667,0.4666666666666667,0.047619047619047616,0.047619047619047616,0.18181818181818182,0.0,0,0,0,0.0,0.2,0.06058377181006503,0.0,0.0,0,0,S1-294553583,S2-740093549,0
0.2926829268292683,0.2926829268292683,0.03225806451612903,0.03225806451612903,0.2898550724637681,0.0,0,0,0,0.0,0.16666666666666666,0.05079004182348059,0.0,0.0,0,0,S1-294553583,S2-972492057,0
0.5263157894736842,0.5263157894736842,0.03571428571428571,0.03571428571428571,0.2571428571428571,0.0,0,0,0,0.0,0.16666666666666666,0.052674652329468254,0.0,0.0,0,0,S1-294553583,S2-288665152,0
0.11538461538461539,0.11538461538461539,0.024390243902439025,0.024390243902439025,0.31746031746031744,0.0,0,0,0,0.0,0.14285714285714285,0.05480371373048715,0.0,0.0,0,0,S1-294553583,S2-479149881,0
0.3614457831325301,0.3614457831325301,0.1694915254237288,0.1694915254237288,0.07518796992481203,0.0,0,0,0,0.0,0.2222222222222222,0.0800501620807986,0.0,0.0,0,0,S1-418389447,S2-259532390,0
0.45454545454545453,0.45454545454545453,0.2222222222222222,0.2222222222222222,0.20689655172413793,0.0,0,0,0,0.0,0.2857142857142857,0.08720396173889448,0.0,0.0,0,0,S1-418389447,S2-71580724,0
0.6440677966101694,0.6440677966101694,0.3333333333333333,0.3333333333333333,0.2033898305084746,0.0,0,0,0,0.0,0.2857142857142857,0.09709542075509385,0.07692307692307693,0.07692307692307693,0,0,S1-418389447,S2-437423662,0
0.6086956521739131,0.6086956521739131,0.3,0.3,0.3177570093457944,0.0,0,0,0,0.0,0.2857142857142857,0.10211941170930747,0.08333333333333333,0.08333333333333334,1,0,S1-418389447,S2-82807916,0
0.39285714285714285,0.39285714285714285,0.125,0.125,0.2782608695652174,0.0,0,0,0,0.0,0.14285714285714285,0.045634531482944767,0.0,0.0,0,0,S1-418389447,S2-557344852,0
0.2222222222222222,0.2222222222222222,0.030303030303030304,0.030303030303030304,0.16822429906542055,0.0,0,0,0,0.0,0.125,0.041820968698175955,0.0,0.0,0,0,S1-947308637,S2-10022360,0
0.2962962962962963,0.2962962962962963,0.025,0.025,0.3333333333333333,0.0,0,0,0,0.0,0.125,0.06324225814957132,0.1,0.09999999999999998,0,0,S1-947308637,S2-32360456,0
0.32653061224489793,0.32653061224489793,0.02702702702702703,0.02702702702702703,0.1111111111111111,0.0,0,0,0,0.0,0.125,0.04923308600704344,0.0,0.0,0,0,S1-947308637,S2-242468905,0
0.15384615384615385,0.15384615384615385,0.03571428571428571,0.03571428571428571,0.2,0.0,0,0,0,0.0,0.14285714285714285,0.056287487340459824,0.0,0.0,0,0,S1-947308637,S2-926599064,0
0.5,0.5,0.17857142857142858,0.17857142857142858,0.42953020134228187,0.0,0,0,0,0.0,0.2857142857142857,0.12733550060636298,0.09523809523809523,0.09523809523809522,0,0,S1-947308637,S2-526089240,0
0.41935483870967744,0.41935483870967744,0.10869565217391304,0.10869565217391304,0.40540540540540543,0.0,0,0,0,0.0,0.125,0.03235363793888667,0.2,0.20000000000000004,0,0,S1-640972172,S2-156733411,0
0.5531914893617021,0.5531914893617021,0.15625,0.15625,0.1686746987951807,0.0,0,0,0,0.0,0.14285714285714285,0.042473873798740736,0.0,0.0,0,0,S1-640972172,S2-856012172,0
0.5333333333333333,0.5333333333333333,0.16129032258064516,0.16129032258064516,0.21656050955414013,0.0,0,0,0,0.0,0.16666666666666666,0.049442106875557675,0.0,0.0,0,0,S1-640972172,S2-195224749,0
0.41509433962264153,0.41509433962264153,0.13157894736842105,0.13157894736842105,0.23529411764705882,0.0,0,0,0,0.0,0.14285714285714285,0.03876928789475882,0.0,0.0,0,0,S1-640972172,S2-453763837,0
0.39215686274509803,0.39215686274509803,0.13513513513513514,0.13513513513513514,0.288,0.0,0,0,0,0.0,0.16666666666666666,0.05355671316966909,0.0,0.0,0,0,S1-640972172,S2-76889834,0
0.3333333333333333,0.3333333333333333,0.038461538461538464,0.038461538461538464,0.4057971014492754,0.0,0,0,0,0.0,0.16666666666666666,0.04831053412729487,0.1,0.10000000000000002,0,0,S1-603423853,S2-570260257,0
0.3333333333333333,0.3333333333333333,0.037037037037037035,0.037037037037037035,0.4057971014492754,0.0,0,0,0,0.0,0.2,0.06253032923329503,0.0,0.0,0,0,S1-603423853,S2-719994251,0
0.24390243902439024,0.24390243902439024,0.03225806451612903,0.03225806451612903,0.0,0.0,0,0,0,0.0,0.16666666666666666,0.04544776527152082,0.0,0.0,0,1,S1-603423853,S2-566489555,0
0.4,0.4,0.038461538461538464,0.038461538461538464,0.3283582089552239,0.0,0,0,0,0.0,0.2,0.04552910844040106,0.0,0.0,0,0,S1-603423853,S2-472034305,0
0.4117647058823529,0.4117647058823529,0.04,0.04,0.37037037037037035,0.0,0,0,0,0.0,0.2,0.05141209379168183,0.0,0.0,0,0,S1-603423853,S2-136232019,0
0.6031746031746031,0.6031746031746031,0.3,0.3,0.22388059701492538,0.0,0,0,0,0.0,0.2857142857142857,0.09862316643641596,0.0,0.0,0,0,S1-749348831,S2-719227879,0
0.5538461538461539,0.5538461538461539,0.2926829268292683,0.2926829268292683,0.0,0.0,0,0,0,0.0,0.25,0.10739576202102254,0.0,0.0,1,1,S1-749348831,S2-131899197,0
0.4528301886792453,0.4528301886792453,0.13513513513513514,0.13513513513513514,0.5538461538461539,0.0,0,0,0,0.0,0.125,0.044520674362213596,0.1111111111111111,0.11111111111111109,0,0,S1-749348831,S2-598268427,0
0.5818181818181818,0.5818181818181818,0.17142857142857143,0.17142857142857143,0.12345679012345678,0.0,0,0,0,0.0,0.14285714285714285,0.06106347992494805,0.0,0.0,0,0,S1-749348831,S2-867498942,0
0.6984126984126984,0.6984126984126984,0.325,0.325,0.3287671232876712,0.0,0,0,0,0.0,0.3333333333333333,0.12914054475462472,0.08695652173913043,0.08695652173913042,0,0,S1-749348831,S2-450914915,0
0.41025641025641024,0.41025641025641024,0.11538461538461539,0.11538461538461539,0.25,0.0,0,0,0,0.0,0.14285714285714285,0.13106668945967428,0.0,0.0,0,0,S1-747621013,S2-74420544,0
0.6521739130434783,0.6521739130434783,0.34615384615384615,0.34615384615384615,0.3157894736842105,0.0,0,0,0,0.0,0.2857142857142857,0.26849393298635776,0.0,0.0,0,0,S1-747621013,S2-536655086,0
0.7317073170731707,0.7317073170731707,0.34782608695652173,0.34782608695652173,0.2857142857142857,0.0,0,0,0,0.0,0.3333333333333333,0.2857795798514059,0.0,0.0,0,0,S1-747621013,S2-251248160,0
0.35294117647058826,0.35294117647058826,0.08695652173913043,0.08695652173913043,0.25925925925925924,0.0,0,0,0,0.0,0.16666666666666666,0.1464137162967824,0.0,0.0,0,0,S1-747621013,S2-243510489,0
0.5531914893617021,0.5531914893617021,0.2857142857142857,0.2857142857142857,0.23728813559322035,0.0,0,0,0,0.0,0.2857142857142857,0.2693567927204698,0.0,0.0,0,0,S1-747621013,S2-260762399,0
0.2222222222222222,0.2222222222222222,0.05555555555555555,0.05555555555555555,0.38461538461538464,0.0,0,0,0,0.0,0.2,0.06628519815802322,0.0,0.0,1,0,S1-305437015,S2-57173648,0
0.39215686274509803,0.39215686274509803,0.025,0.025,0.2571428571428571,0.0,0,0,0,0.0,0.14285714285714285,0.05841811272085302,0.0,0.0,0,0,S1-305437015,S2-307820118,0
0.5806451612903226,0.5806451612903226,0.045454545454545456,0.045454545454545456,0.417910447761194,0.0,0,0,0,0.0,0.2,0.06791332915371656,0.0,0.0,0,0,S1-305437015,S2-381015934,0
0.20408163265306123,0.20408163265306123,0.03125,0.03125,0.3793103448275862,0.0,0,0,0,0.0,0.16666666666666666,0.057878329157252356,0.0,0.0,0,0,S1-305437015,S2-383110163,0
0.30303030303030304,0.30303030303030304,0.13636363636363635,0.13636363636363635,0.23529411764705882,0.0,0,0,0,0.0,0.2,0.18327266390532798,0.0,0.0,0,0,S1-305437015,S2-600606714,0
0.4444444444444444,0.4444444444444444,0.058823529411764705,0.058823529411764705,0.3157894736842105,0.0,0,0,0,0.0,0.16666666666666666,0.06725260103626762,0.0,0.0,0,0,S1-684012770,S2-610497379,0
0.40816326530612246,0.40816326530612246,0.11764705882352941,0.11764705882352941,0.0,0.0,0,0,0,0.0,0.125,0.12998978806486627,0.0,0.0,0,1,S1-684012770,S2-461096800,0
0.4406779661016949,0.4406779661016949,0.022222222222222223,0.022222222222222223,0.27586206896551724,0.0,0,0,0,0.0,0.125,0.048024470710567334,0.0,0.0,0,0,S1-684012770,S2-725280318,0
0.3111111111111111,0.3111111111111111,0.02857142857142857,0.02857142857142857,0.2413793103448276,0.0,0,0,0,0.0,0.16666666666666666,0.05830935996760668,0.0,0.0,0,0,S1-684012770,S2-834153607,0
0.27586206896551724,0.27586206896551724,0.021739130434782608,0.021739130434782608,0.17857142857142858,0.0,0,0,0,0.0,0.14285714285714285,0.0538016150689571,0.0,0.0,0,0,S1-684012770,S2-743541529,0
0.44,0.44,0.05263157894736842,0.05263157894736842,0.14545454545454545,0.0,0,0,0,0.0,0.14285714285714285,0.0903800248384049,0.0,0.0,0,0,S1-653819606,S2-222745864,0
0.35294117647058826,0.35294117647058826,0.08333333333333333,0.08333333333333333,0.21052631578947367,0.0,0,0,0,0.0,0.2,0.13418564559618312,0.0,0.0,0,0,S1-653819606,S2-75301570,0
0.5263157894736842,0.5263157894736842,0.25,0.25,0.2318840579710145,0.0,0,0,0,0.0,0.2,0.16466970540742965,0.0,0.0,0,0,S1-653819606,S2-797942757,0
0.6808510638297872,0.6808510638297872,0.3103448275862069,0.3103448275862069,0.18461538461538463,0.0,0,0,0,0.0,0.4,0.28256853171368024,0.0,0.0,0,0,S1-653819606,S2-488565793,0
0.3880597014925373,0.3880597014925373,0.11764705882352941,0.11764705882352941,0.16129032258064516,0.0,0,0,0,0.0,0.14285714285714285,0.13382864868797326,0.0,0.0,0,0,S1-653819606,S2-269654902,0
0.6451612903225806,0.6451612903225806,0.375,0.375,0.2857142857142857,0.0,0,0,0,0.0,0.4,0.47553476716287735,0.0,0.0,0,0,S1-677039577,S2-353206893,0
0.5945945945945946,0.5945945945945946,0.20833333333333334,0.20833333333333334,0.14814814814814814,0.0,0,0,0,0.0,0.2,0.21382057436253757,0.0,0.0,0,0,S1-677039577,S2-167063197,0
0.6666666666666666,0.6666666666666666,0.375,0.375,0.2222222222222222,0.0,0,0,0,0.0,0.5,0.526189097332991,0.0,0.0,0,0,S1-677039577,S2-368997016,0
0.6875,0.6875,0.2631578947368421,0.2631578947368421,0.3225806451612903,0.0,0,0,0,0.0,0.2,0.21401765782607188,0.0,0.0,0,0,S1-677039577,S2-949607322,0
0.5,0.5,0.1111111111111111,0.1111111111111111,0.26865671641791045,0.0,0,0,0,0.0,0.2,0.23323260194476186,0.0,0.0,0,0,S1-677039577,S2-581742355,0
0.9230769230769231,0.9230769230769231,0.8695652173913043,0.8695652173913043,0.8787878787878788,0.0,0,0,0,0.0,0.75,0.8903891379206016,0.5,0.5000000000000001,0,0,S1-852279820,S2-839474987,1
0.3333333333333333,0.3333333333333333,0.02631578947368421,0.02631578947368421,0.35714285714285715,0.0,0,0,0,0.0,0.16666666666666666,0.05248126050252575,0.0,0.0,0,0,S1-852279820,S2-998294247,0
0.3728813559322034,0.3728813559322034,0.022727272727272728,0.022727272727272728,0.2903225806451613,0.0,0,0,0,0.0,0.14285714285714285,0.05695892297863439,0.0,0.0,0,0,S1-852279820,S2-424891164,0
0.5306122448979592,0.5306122448979592,0.08333333333333333,0.08333333333333333,0.18461538461538463,0.0,0,0,0,0.0,0.14285714285714285,0.04438737063213433,0.0,0.0,1,0,S1-852279820,S2-596391707,0
0.41935483870967744,0.41935483870967744,0.02040816326530612,0.02040816326530612,0.2222222222222222,0.0,0,0,0,0.0,0.1111111111111111,0.030904040074771117,0.0,0.0,0,0,S1-852279820,S2-725051289,0
0.32558139534883723,0.32558139534883723,0.030303030303030304,0.030303030303030304,0.36666666666666664,0.0,0,0,0,0.0,0.16666666666666666,0.05625460387169129,0.0,0.0,0,0,S1-852279820,S2-300115662,0
0.4489795918367347,0.4489795918367347,0.1111111111111111,0.1111111111111111,0.0,0.0,0,0,0,0.0,0.16666666666666666,0.2007344289710081,0.0,0.0,0,1,S1-244847130,S2-85230387,0
0.6538461538461539,0.6538461538461539,0.19444444444444445,0.19444444444444445,0.16,0.0,0,0,0,0.0,0.16666666666666666,0.13261818420228277,0.0,0.0,0,0,S1-244847130,S2-126584527,0
0.7169811320754716,0.7169811320754716,0.4666666666666667,0.4666666666666667,0.17857142857142858,0.0,0,0,0,0.0,0.4,0.43688971176969854,0.0,0.0,0,0,S1-244847130,S2-200012417,0
0.4406779661016949,0.4406779661016949,0.2564102564102564,0.2564102564102564,0.38095238095238093,0.0,0,0,0,0.0,0.3333333333333333,0.283301387558683,0.0,0.0,0,0,S1-244847130,S2-956972148,0
0.3142857142857143,0.3142857142857143,0.07272727272727272,0.07272727272727272,0.2222222222222222,0.0,0,0,0,0.0,0.125,0.10991027665320724,0.0,0.0,0,0,S1-244847130,S2-739768893,0
0.59375,0.59375,0.2857142857142857,0.2857142857142857,0.26582278481012656,0.0,0,0,0,0.0,0.3333333333333333,0.12939253494330732,0.0,0.0,0,0,S1-153845812,S2-907307129,0
0.5,0.5,0.21951219512195122,0.21951219512195122,0.17142857142857143,0.0,0,0,0,0.0,0.14285714285714285,0.1364915109401574,0.0,0.0,0,0,S1-153845812,S2-244380470,0
0.7096774193548387,0.7096774193548387,0.3333333333333333,0.3333333333333333,0.13432835820895522,0.0,0,0,0,0.0,0.3333333333333333,0.14574740233708233,0.0,0.0,0,0,S1-153845812,S2-895459422,0
0.5333333333333333,0.5333333333333333,0.13636363636363635,0.13636363636363635,0.22105263157894736,0.0,0,0,0,0.0,0.14285714285714285,0.0586841766433016,0.03571428571428571,0.0357142857142857,0,0,S1-153845812,S2-68892550,0
0.6461538461538462,0.6461538461538462,0.3170731707317073,0.3170731707317073,0.22556390977443608,0.0,0,0,0,0.0,0.2857142857142857,0.10442058001894315,0.0,0.0,0,0,S1-153845812,S2-313026470,0
0.39215686274509803,0.39215686274509803,0.024390243902439025,0.024390243902439025,0.0,0.0,0,0,0,0.0,0.16666666666666666,0.045829806615505245,0.0,0.0,0,1,S1-382234885,S2-901480298,0
0.27450980392156865,0.27450980392156865,0.02857142857142857,0.02857142857142857,0.32142857142857145,0.0,0,0,0,0.0,0.16666666666666666,0.05295626713760393,0.0,0.0,0,0,S1-382234885,S2-338740167,0
0.42857142857142855,0.42857142857142855,0.03125,0.03125,0.39344262295081966,0.0,0,0,0,0.0,0.16666666666666666,0.04156581575567698,0.0,0.0,0,0,S1-382234885,S2-94543649,0
0.391304347826087,0.391304347826087,0.027777777777777776,0.027777777777777776,0.2545454545454545,0.0,0,0,0,0.0,0.16666666666666666,0.04772732993068868,0.0,0.0,0,0,S1-382234885,S2-752484276,0
0.3829787234042553,0.3829787234042553,0.05555555555555555,0.05555555555555555,0.24489795918367346,0.0,0,0,0,0.0,0.16666666666666666,0.04581931823392975,0.0,0.0,0,0,S1-382234885,S2-114543440,0
0.4166666666666667,0.4166666666666667,0.09090909090909091,0.09090909090909091,0.2748091603053435,0.0,0,0,0,0.0,0.125,0.04564200583245028,0.0,0.0,0,0,S1-252495749,S2-589233086,0
0.4857142857142857,0.4857142857142857,0.21739130434782608,0.21739130434782608,0.11475409836065574,0.0,0,0,0,0.0,0.2857142857142857,0.1077268375614752,0.0,0.0,0,0,S1-252495749,S2-232062824,0
0.5714285714285714,0.5714285714285714,0.21052631578947367,0.21052631578947367,0.18181818181818182,0.0,0,0,0,0.0,0.25,0.08646197737924892,0.0,0.0,0,0,S1-252495749,S2-670014497,0
0.4444444444444444,0.4444444444444444,0.11320754716981132,0.11320754716981132,0.35036496350364965,0.0,0,0,0,0.0,0.125,0.04038140290618486,0.047619047619047616,0.04761904761904761,0,0,S1-252495749,S2-132098743,0
0.5217391304347826,0.5217391304347826,0.26666666666666666,0.26666666666666666,0.358974358974359,0.0,0,0,0,0.0,0.2857142857142857,0.10375206514179354,0.0,0.0,0,0,S1-252495749,S2-936306988,0
0.37142857142857144,0.37142857142857144,0.1111111111111111,0.1111111111111111,0.3013698630136986,0.0,0,0,0,0.0,0.14285714285714285,0.04369346737913787,0.0,0.0,0,0,S1-226194545,S2-329399212,0
0.36065573770491804,0.36065573770491804,0.10869565217391304,0.10869565217391304,0.2807017543859649,0.0,0,0,0,0.0,0.14285714285714285,0.049569698302778645,0.0,0.0,0,0,S1-226194545,S2-384684038,0
0.5974025974025974,0.5974025974025974,0.25,0.25,0.23357664233576642,0.0,0,0,0,0.0,0.2857142857142857,0.0822163351709897,0.0,0.0,0,0,S1-226194545,S2-257464793,0
0.4375,0.4375,0.10204081632653061,0.10204081632653061,0.2127659574468085,0.0,0,0,0,0.0,0.14285714285714285,0.05163713956647921,0.045454545454545456,0.04545454545454544,0,0,S1-226194545,S2-635182525,0
0.676923076923077,0.676923076923077,0.30952380952380953,0.30952380952380953,0.328125,0.0,0,0,0,0.0,0.3333333333333333,0.10840149493012038,0.09090909090909091,0.09090909090909088,1,0,S1-226194545,S2-907018183,0
0.5581395348837209,0.5581395348837209,0.16666666666666666,0.16666666666666666,0.3384615384615385,0.0,0,0,0,0.0,0.2,0.1690323443652589,0.0,0.0,0,0,S1-165221591,S2-52875047,0
0.5,0.5,0.2,0.2,0.4074074074074074,0.0,0,0,0,0.0,0.2,0.19820958343988856,0.0,0.0,0,0,S1-165221591,S2-568563441,0
0.43902439024390244,0.43902439024390244,0.17857142857142858,0.17857142857142858,0.41379310344827586,0.0,0,0,0,0.0,0.2,0.20507161522867015,0.0,0.0,0,0,S1-165221591,S2-881111001,0
0.45161290322580644,0.45161290322580644,0.10416666666666667,0.10416666666666667,0.3492063492063492,0.0,0,0,0,0.0,0.16666666666666666,0.1465395785989262,0.0,0.0,0,0,S1-165221591,S2-965442823,0
0.45454545454545453,0.45454545454545453,0.16129032258064516,0.16129032258064516,0.0,0.0,0,0,0,0.0,0.2,0.1686524266366218,0.0,0.0,0,1,S1-165221591,S2-686089496,0
0.42105263157894735,0.42105263157894735,0.14285714285714285,0.14285714285714285,0.1951219512195122,0.0,0,0,0,0.0,0.16666666666666666,0.06024540400585541,0.0,0.0,1,0,S1-705778030,S2-975535138,0
0.4918032786885246,0.4918032786885246,0.24390243902439024,0.24390243902439024,0.19718309859154928,0.0,0,0,0,0.0,0.3333333333333333,0.12099549453443244,0.0,0.0,0,0,S1-705778030,S2-954920501,0
0.5714285714285714,0.5714285714285714,0.17777777777777778,0.17777777777777778,0.13186813186813187,0.0,0,0,0,0.0,0.14285714285714285,0.1415336647575849,0.0,0.0,0,0,S1-705778030,S2-107817207,0
0.7213114754098361,0.7213114754098361,0.35135135135135137,0.35135135135135137,0.4,0.0,0,0,0,0.0,0.2857142857142857,0.1013673861799021,0.1,0.09999999999999998,0,0,S1-705778030,S2-171011603,0
0.5641025641025641,0.5641025641025641,0.2653061224489796,0.2653061224489796,0.20382165605095542,0.0,0,0,0,0.0,0.25,0.10384908659125498,0.038461538461538464,0.03846153846153845,0,0,S1-705778030,S2-990277306,0
0.5384615384615384,0.5384615384615384,0.05555555555555555,0.05555555555555555,0.37037037037037035,0.0,0,0,0,0.0,0.25,0.07284263875083993,0.0,0.0,0,0,S1-863952929,S2-477139090,0
0.3157894736842105,0.3157894736842105,0.03571428571428571,0.03571428571428571,0.2413793103448276,0.0,0,0,0,0.0,0.16666666666666666,0.04297910730362672,0.0,0.0,0,0,S1-863952929,S2-592998557,0
0.2909090909090909,0.2909090909090909,0.023255813953488372,0.023255813953488372,0.14925373134328357,0.0,0,0,0,0.0,0.14285714285714285,0.0386485185980991,0.0,0.0,0,0,S1-863952929,S2-661668696,0
0.45,0.45,0.03333333333333333,0.03333333333333333,0.2647058823529412,0.0,0,0,0,0.0,0.16666666666666666,0.05042654573732067,0.0,0.0,0,0,S1-863952929,S2-928601460,0
0.4,0.4,0.03333333333333333,0.03333333333333333,0.26865671641791045,0.0,0,0,0,0.0,0.16666666666666666,0.04614677642583942,0.0,0.0,0,0,S1-863952929,S2-52527172,0
0.6896551724137931,0.6896551724137931,0.35294117647058826,0.35294117647058826,0.45454545454545453,0.0,0,0,0,0.0,0.2857142857142857,0.10828865680831594,0.15384615384615385,0.15384615384615385,0,0,S1-470331416,S2-43777904,0
0.39436619718309857,0.39436619718309857,0.16326530612244897,0.16326530612244897,0.2727272727272727,0.0,0,0,0,0.0,0.1,0.03240443728589566,0.0,0.0,0,0,S1-470331416,S2-555235671,0
0.3728813559322034,0.3728813559322034,0.11904761904761904,0.11904761904761904,0.28865979381443296,0.5,1,1,2,0.0,0.14285714285714285,0.05451769843511418,0.0,0.0,0,0,S1-470331416,S2-352019784,0
0.5098039215686274,0.5098039215686274,0.1388888888888889,0.1388888888888889,0.18518518518518517,0.0,0,0,0,0.0,0.16666666666666666,0.07723893895696361,0.0,0.0,0,0,S1-470331416,S2-848878443,0
0.5714285714285714,0.5714285714285714,0.15384615384615385,0.15384615384615385,0.27419354838709675,0.0,0,0,0,0.0,0.14285714285714285,0.06832438337575474,0.0,0.0,0,0,S1-470331416,S2-944030245,0
0.4186046511627907,0.4186046511627907,0.0967741935483871,0.0967741935483871,0.20408163265306123,0.0,0,0,0,0.0,0.16666666666666666,0.05210842745105014,0.0,0.0,1,0,S1-337316869,S2-951324031,0
0.44,0.44,0.05263157894736842,0.05263157894736842,0.20408163265306123,0.0,0,0,0,0.0,0.14285714285714285,0.0468134704504484,0.0,0.0,1,0,S1-337316869,S2-916253672,0
0.14634146341463414,0.14634146341463414,0.03125,0.03125,0.25,0.0,0,0,0,0.0,0.2,0.07305503594025685,0.0,0.0,0,0,S1-337316869,S2-850339671,0
0.3389830508474576,0.3389830508474576,0.020833333333333332,0.020833333333333332,0.2413793103448276,0.0,0,0,0,0.0,0.14285714285714285,0.04580264098546001,0.0,0.0,0,0,S1-337316869,S2-809440227,0
0.36363636363636365,0.36363636363636365,0.029411764705882353,0.029411764705882353,0.2222222222222222,0.0,0,0,0,0.0,0.16666666666666666,0.052206388983393824,0.0,0.0,0,0,S1-337316869,S2-841088606,0
0.6521739130434783,0.6521739130434783,0.3103448275862069,0.3103448275862069,0.43333333333333335,0.0,0,0,0,0.0,0.25,0.2131841552994518,0.0,0.0,0,0,S1-796244215,S2-644176941,0
0.6341463414634146,0.6341463414634146,0.36,0.36,0.273972602739726,0.0,0,0,0,0.0,0.3333333333333333,0.29673755948750474,0.0,0.0,0,0,S1-796244215,S2-946302042,0
0.4727272727272727,0.4727272727272727,0.25,0.25,0.23880597014925373,0.0,0,0,0,0.0,0.2,0.18256149455374068,0.0,0.0,0,0,S1-796244215,S2-899483981,0
0.7083333333333334,0.7083333333333334,0.4074074074074074,0.4074074074074074,0.3076923076923077,0.0,0,0,0,0.0,0.2,0.21077228647383173,0.0,0.0,0,0,S1-796244215,S2-702275637,0
0.8095238095238095,0.8095238095238095,0.4583333333333333,0.4583333333333333,0.25,0.0,0,0,0,0.0,0.3333333333333333,0.27002004073818453,0.0,0.0,0,0,S1-796244215,S2-209468875,0
0.625,0.625,0.25,0.25,0.17543859649122806,0.0,0,0,0,0.0,0.25,0.28869779374528587,0.0,0.0,0,0,S1-883050466,S2-952137689,0
0.5333333333333333,0.5333333333333333,0.15625,0.15625,0.25925925925925924,0.0,0,0,0,0.0,0.2,0.22631032270836138,0.0,0.0,0,0,S1-883050466,S2-72989446,0
0.5714285714285714,0.5714285714285714,0.1724137931034483,0.1724137931034483,0.36363636363636365,0.0,0,0,0,0.0,0.2,0.21305086772787488,0.0,0.0,0,0,S1-883050466,S2-112271534,0
0.5581395348837209,0.5581395348837209,0.16666666666666666,0.16666666666666666,0.24561403508771928,0.0,0,0,0,0.0,0.2,0.251976272754169,0.0,0.0,1,0,S1-883050466,S2-290209208,0
0.6,0.6,0.2631578947368421,0.2631578947368421,0.2222222222222222,0.0,0,0,0,0.0,0.3333333333333333,0.33004645341106487,0.0,0.0,0,0,S1-883050466,S2-126636801,0
0.25,0.25,0.022727272727272728,0.022727272727272728,0.39705882352941174,0.0,0,0,0,0.0,0.125,0.06712250228959969,0.047619047619047616,0.04761904761904761,0,0,S1-128328437,S2-137278449,0
0.375,0.375,0.12121212121212122,0.12121212121212122,0.25862068965517243,0.0,0,0,0,0.0,0.2857142857142857,0.16956412191668174,0.0,0.0,0,0,S1-128328437,S2-332786546,0
0.5151515151515151,0.5151515151515151,0.08,0.08,0.2222222222222222,0.0,0,0,0,0.0,0.1111111111111111,0.07382129247408786,0.0,0.0,0,0,S1-128328437,S2-606631156,0
0.43137254901960786,0.43137254901960786,0.08108108108108109,0.08108108108108109,0.3582089552238806,0.0,0,0,0,0.0,0.125,0.09694312350248264,0.0,0.0,0,0,S1-128328437,S2-787959048,0
0.3508771929824561,0.3508771929824561,0.09523809523809523,0.09523809523809523,0.3181818181818182,0.0,0,0,0,0.0,0.2857142857142857,0.1612261278769493,0.0,0.0,0,0,S1-128328437,S2-760818279,0
0.3448275862068966,0.3448275862068966,0.09090909090909091,0.09090909090909091,0.27692307692307694,0.0,0,0,0,0.0,0.14285714285714285,0.06375056544311758,0.09090909090909091,0.09090909090909093,0,0,S1-59995424,S2-726466389,0
0.36363636363636365,0.36363636363636365,0.1282051282051282,0.1282051282051282,0.14457831325301204,0.0,0,0,0,0.0,0.125,0.05655987349314451,0.0,0.0,0,0,S1-59995424,S2-178778109,0
0.43636363636363634,0.43636363636363634,0.1,0.1,0.2608695652173913,0.0,0,0,0,0.0,0.125,0.05943495586951664,0.0,0.0,0,0,S1-59995424,S2-72498401,0
0.39215686274509803,0.39215686274509803,0.10526315789473684,0.10526315789473684,0.25806451612903225,0.0,0,0,0,0.0,0.16666666666666666,0.09469929641739448,0.0,0.0,0,0,S1-59995424,S2-921344517,0
0.3829787234042553,0.3829787234042553,0.11764705882352941,0.11764705882352941,0.2153846153846154,0.0,0,0,0,0.0,0.16666666666666666,0.08605857402961563,0.0,0.0,0,0,S1-59995424,S2-92758088,0
0.55,0.55,0.2222222222222222,0.2222222222222222,0.29850746268656714,0.0,0,0,0,0.0,0.25,0.21864971553799117,0.0,0.0,0,0,S1-214294213,S2-597868843,0
0.47058823529411764,0.47058823529411764,0.19444444444444445,0.19444444444444445,0.32786885245901637,0.0,0,0,0,0.0,0.2,0.15690128379439292,0.0,0.0,0,0,S1-214294213,S2-283944762,0
0.4444444444444444,0.4444444444444444,0.15789473684210525,0.15789473684210525,0.3,0.0,0,0,0,0.0,0.14285714285714285,0.14990779786220929,0.0,0.0,0,0,S1-214294213,S2-7503863,0
0.5,0.5,0.16216216216216217,0.16216216216216217,0.30985915492957744,0.0,0,0,0,0.0,0.16666666666666666,0.13910620650215147,0.0,0.0,0,0,S1-214294213,S2-422108677,0
0.5,0.5,0.16216216216216217,0.16216216216216217,0.3137254901960784,0.0,0,0,0,0.0,0.16666666666666666,0.16645148581588295,0.0,0.0,0,0,S1-214294213,S2-263611086,0
0.5641025641025641,0.5641025641025641,0.24,0.24,0.1724137931034483,0.0,0,0,0,0.0,0.2,0.19366308103431007,0.0,0.0,0,0,S1-863976957,S2-445150953,0
0.5333333333333333,0.5333333333333333,0.2,0.2,0.32432432432432434,0.0,0,0,0,0.0,0.16666666666666666,0.16913071730291201,0.0,0.0,0,0,S1-863976957,S2-904554697,0
0.38095238095238093,0.38095238095238093,0.06451612903225806,0.06451612903225806,0.35294117647058826,0.0,0,0,0,0.0,0.16666666666666666,0.21768554950497176,0.0,0.0,0,0,S1-863976957,S2-703561100,0
0.36363636363636365,0.36363636363636365,0.09803921568627451,0.09803921568627451,0.32786885245901637,0.0,0,0,0,0.0,0.14285714285714285,0.12221740122857304,0.0,0.0,0,0,S1-863976957,S2-527354189,0
0.42424242424242425,0.42424242424242425,0.23809523809523808,0.23809523809523808,0.3448275862068966,0.0,0,0,0,0.0,0.25,0.21735583251221413,0.0,0.0,0,0,S1-863976957,S2-220409094,0
0.47619047619047616,0.47619047619047616,0.03125,0.03125,0.3057324840764331,0.0,0,0,0,0.0,0.16666666666666666,0.06396113181781087,0.04,0.03999999999999999,0,0,S1-439517559,S2-330682641,0
0.3181818181818182,0.3181818181818182,0.0625,0.0625,0.3375,0.0,0,0,0,0.0,0.3333333333333333,0.15909970036231416,0.0,0.0,0,0,S1-439517559,S2-654810658,0
0.3783783783783784,0.3783783783783784,0.037037037037037035,0.037037037037037035,0.23214285714285715,0.0,0,0,0,0.0,0.16666666666666666,0.08441190027587842,0.0,0.0,0,0,S1-439517559,S2-912655751,0
0.36,0.36,0.02564102564102564,0.02564102564102564,0.22857142857142856,0.0,0,0,0,0.0,0.14285714285714285,0.08359449332265613,0.0,0.0,0,0,S1-439517559,S2-284282380,0
0.37735849056603776,0.37735849056603776,0.024390243902439025,0.024390243902439025,0.19480519480519481,0.0,0,0,0,0.0,0.125,0.05201353939381626,0.0,0.0,0,0,S1-439517559,S2-899919360,0
0.32786885245901637,0.32786885245901637,0.0425531914893617,0.0425531914893617,0.34615384615384615,0.0,0,0,0,0.0,0.1111111111111111,0.06778925517162504,0.0,0.0,1,0,S1-744150463,S2-317212334,0
0.48148148148148145,0.48148148148148145,0.10256410256410256,0.10256410256410256,0.14736842105263157,0.0,0,0,0,0.0,0.125,0.10386173146744765,0.0,0.0,0,0,S1-744150463,S2-93264161,0
0.6415094339622641,0.6415094339622641,0.2727272727272727,0.2727272727272727,0.0,0.0,0,0,0,0.0,0.2857142857142857,0.3016676188539393,0.0,0.0,0,1,S1-744150463,S2-688694038,0
0.6333333333333333,0.6333333333333333,0.2894736842105263,0.2894736842105263,0.3103448275862069,0.0,0,0,0,0.0,0.2857142857142857,0.27386095110211917,0.0,0.0,0,0,S1-744150463,S2-129811379,0
0.3684210526315789,0.3684210526315789,0.1111111111111111,0.1111111111111111,0.0,0.0,0,0,0,0.0,0.2,0.15034277157430384,0.0,0.0,0,1,S1-744150463,S2-38624546,0
0.3050847457627119,0.3050847457627119,0.02127659574468085,0.02127659574468085,0.36363636363636365,0.0,0,0,0,0.0,0.125,0.0361944439834235,0.1111111111111111,0.11111111111111113,0,0,S1-821180222,S2-593864214,0
0.38461538461538464,0.38461538461538464,0.024390243902439025,0.024390243902439025,0.3448275862068966,0.0,0,0,0,0.0,0.14285714285714285,0.042988066044383176,0.0,0.0,0,0,S1-821180222,S2-414206734,0
0.4,0.4,0.029411764705882353,0.029411764705882353,0.23728813559322035,0.0,0,0,0,0.0,0.14285714285714285,0.04175233858852421,0.0,0.0,0,0,S1-821180222,S2-952108569,0
0.13333333333333333,0.13333333333333333,0.02857142857142857,0.02857142857142857,0.3283582089552239,0.0,0,0,0,0.0,0.16666666666666666,0.04517987035941553,0.0,0.0,0,0,S1-821180222,S2-208451790,0
0.38095238095238093,0.38095238095238093,0.0196078431372549,0.0196078431372549,0.41935483870967744,0.0,0,0,0,0.0,0.125,0.03422276990521018,0.0,0.0,0,0,S1-821180222,S2-28170129,0
0.42105263157894735,0.42105263157894735,0.11627906976744186,0.11627906976744186,0.2711864406779661,0.0,0,0,0,0.0,0.16666666666666666,0.21973953834023166,0.0,0.0,0,0,S1-631240370,S2-358313984,0
0.5373134328358209,0.5373134328358209,0.11764705882352941,0.11764705882352941,0.07874015748031496,0.0,0,0,0,0.0,0.14285714285714285,0.16779659532970895,0.0,0.0,0,0,S1-631240370,S2-424677111,0
0.56,0.56,0.26,0.26,0.16666666666666666,0.5,1,1,1,0.0,0.25,0.0942272048231856,0.0,0.0,0,0,S1-631240370,S2-37251549,0
0.4666666666666667,0.4666666666666667,0.13636363636363635,0.13636363636363635,0.3492063492063492,0.0,0,0,0,0.0,0.14285714285714285,0.05408554472759668,0.0,0.0,0,0,S1-631240370,S2-669741682,0
0.5316455696202531,0.5316455696202531,0.2222222222222222,0.2222222222222222,0.3404255319148936,0.0,0,0,0,0.0,0.25,0.08561902764707123,0.0,0.0,0,0,S1-631240370,S2-327302978,0
0.5714285714285714,0.5714285714285714,0.2564102564102564,0.2564102564102564,0.1864406779661017,0.0,0,0,0,0.0,0.16666666666666666,0.068329273755963,0.0,0.0,0,0,S1-119783341,S2-830055348,0
0.5423728813559322,0.5423728813559322,0.16279069767441862,0.16279069767441862,0.42758620689655175,0.0,0,0,0,0.0,0.16666666666666666,0.057729138953193544,0.15,0.14999999999999997,0,0,S1-119783341,S2-900636476,0
0.43478260869565216,0.43478260869565216,0.15625,0.15625,0.2898550724637681,0.0,0,0,0,0.0,0.16666666666666666,0.05372770532294486,0.0,0.0,0,0,S1-119783341,S2-485131524,0
0.46808510638297873,0.46808510638297873,0.15151515151515152,0.15151515151515152,0.23841059602649006,0.0,0,0,0,0.0,0.16666666666666666,0.06200105131080539,0.041666666666666664,0.04166666666666666,0,0,S1-119783341,S2-31483296,0
0.45901639344262296,0.45901639344262296,0.10869565217391304,0.10869565217391304,0.24719101123595505,0.0,0,0,0,0.0,0.14285714285714285,0.06071353818821519,0.0,0.0,1,0,S1-119783341,S2-473142058,0
0.4166666666666667,0.4166666666666667,0.1875,0.1875,0.3728813559322034,0.0,0,0,0,0.0,0.16666666666666666,0.22089134784034462,0.0,0.0,0,0,S1-927122321,S2-12979363,0
0.3793103448275862,0.3793103448275862,0.022222222222222223,0.022222222222222223,0.27586206896551724,0.0,0,0,0,0.0,0.125,0.048095239245669955,0.0,0.0,0,0,S1-927122321,S2-990919784,0
0.43137254901960786,0.43137254901960786,0.02564102564102564,0.02564102564102564,0.19607843137254902,0.0,0,0,0,0.0,0.14285714285714285,0.0503100723275616,0.0,0.0,0,0,S1-927122321,S2-2948149,0
0.48,0.48,0.08333333333333333,0.08333333333333333,0.38596491228070173,0.0,0,0,0,0.0,0.14285714285714285,0.05259076261301273,0.1111111111111111,0.11111111111111113,0,0,S1-927122321,S2-817896368,0
0.3225806451612903,0.3225806451612903,0.08695652173913043,0.08695652173913043,0.2826086956521739,0.0,0,0,0,0.0,0.125,0.10765050940783641,0.0,0.0,0,0,S1-927122321,S2-276993381,0
0.43137254901960786,0.43137254901960786,0.07894736842105263,0.07894736842105263,0.32967032967032966,0.0,0,0,0,0.0,0.14285714285714285,0.1193462147628116,0.06666666666666667,0.06666666666666667,0,0,S1-368518605,S2-644454423,0
0.5789473684210527,0.5789473684210527,0.2916666666666667,0.2916666666666667,0.23376623376623376,0.0,0,0,0,0.0,0.25,0.25176565609081636,0.043478260869565216,0.04347826086956521,0,0,S1-368518605,S2-230726834,0
0.46808510638297873,0.46808510638297873,0.22580645161290322,0.22580645161290322,0.24390243902439024,0.0,0,0,0,0.0,0.16666666666666666,0.1959577958593568,0.0,0.0,0,0,S1-368518605,S2-762482264,0
0.5909090909090909,0.5909090909090909,0.21428571428571427,0.21428571428571427,0.5734265734265734,0.0,0,0,0,0.0,0.4,0.3961498367500127,0.17391304347826086,0.17391304347826084,0,0,S1-368518605,S2-594630623,0
0.5416666666666666,0.5416666666666666,0.22580645161290322,0.22580645161290322,0.25882352941176473,0.0,0,0,0,0.0,0.14285714285714285,0.16053537308647609,0.0,0.0,0,0,S1-368518605,S2-598035685,0
0.2647058823529412,0.2647058823529412,0.018867924528301886,0.018867924528301886,0.14814814814814814,0.0,0,0,0,0.0,0.1,0.032933953920973695,0.0,0.0,0,0,S1-354493389,S2-513728796,0
0.358974358974359,0.358974358974359,0.034482758620689655,0.034482758620689655,0.21739130434782608,0.0,0,0,0,0.0,0.16666666666666666,0.04661751634999014,0.0,0.0,0,0,S1-354493389,S2-745161764,0
0.4528301886792453,0.4528301886792453,0.023809523809523808,0.023809523809523808,0.3018867924528302,0.0,0,0,0,0.0,0.14285714285714285,0.04521817595218054,0.0,0.0,0,0,S1-354493389,S2-186754161,0
0.34782608695652173,0.34782608695652173,0.02857142857142857,0.02857142857142857,0.19607843137254902,0.0,0,0,0,0.0,0.14285714285714285,0.045047752540212045,0.0,0.0,0,0,S1-354493389,S2-56644207,0
0.46153846153846156,0.46153846153846156,0.05128205128205128,0.05128205128205128,0.2,0.0,0,0,0,0.0,0.125,0.037393651762914565,0.0,0.0,0,0,S1-354493389,S2-852925163,0
0.5263157894736842,0.5263157894736842,0.23684210526315788,0.23684210526315788,0.0975609756097561,0.0,0,0,0,0.0,0.14285714285714285,0.054518238943504944,0.0,0.0,0,0,S1-179671263,S2-458840169,0
0.38095238095238093,0.38095238095238093,0.1724137931034483,0.1724137931034483,0.16766467065868262,0.0,0,0,0,0.0,0.2,0.1716685325591882,0.0,0.0,0,0,S1-179671263,S2-336225475,0
0.4642857142857143,0.4642857142857143,0.14634146341463414,0.14634146341463414,0.147239263803681,0.0,0,0,0,0.0,0.16666666666666666,0.06594799501315818,0.0,0.0,0,0,S1-179671263,S2-810869356,0
0.6060606060606061,0.6060606060606061,0.2727272727272727,0.2727272727272727,0.2564102564102564,0.25,1,1,1,0.0,0.3333333333333333,0.11283006753941334,0.043478260869565216,0.04347826086956521,0,0,S1-179671263,S2-484452861,0
0.6060606060606061,0.6060606060606061,0.2727272727272727,0.2727272727272727,0.20833333333333334,0.0,0,0,0,0.0,0.3333333333333333,0.11081220310821047,0.0,0.0,0,0,S1-179671263,S2-582843375,0
0.6779661016949152,0.6779661016949152,0.32432432432432434,0.32432432432432434,0.2702702702702703,0.0,0,0,0,0.0,0.3333333333333333,0.10983902029683774,0.0,0.0,0,0,S1-318669740,S2-285007589,0
0.5964912280701754,0.5964912280701754,0.34285714285714286,0.34285714285714286,0.28402366863905326,0.1111111111111111,1,1,1,0.0,0.3333333333333333,0.1062438817659899,0.03571428571428571,0.0357142857142857,0,0,S1-318669740,S2-391971256,0
0.6285714285714286,0.6285714285714286,0.325,0.325,0.30939226519337015,0.0,0,0,0,0.0,0.2857142857142857,0.09873058195218504,0.0,0.0,0,0,S1-318669740,S2-727665,0
0.5970149253731343,0.5970149253731343,0.27906976744186046,0.27906976744186046,0.3247863247863248,0.16666666666666666,1,1,1,0.0,0.2857142857142857,0.11384409789570574,0.0,0.0,0,0,S1-318669740,S2-8045335,0
0.4827586206896552,0.4827586206896552,0.11627906976744186,0.11627906976744186,0.20382165605095542,0.4,2,1,1,0.0,0.14285714285714285,0.05441358243658357,0.04,0.03999999999999999,0,0,S1-318669740,S2-524822207,0
0.47058823529411764,0.47058823529411764,0.08695652173913043,0.08695652173913043,0.3333333333333333,0.0,0,0,0,0.0,0.16666666666666666,0.05082488117892548,0.0,0.0,0,0,S1-185666867,S2-564588543,0
0.30434782608695654,0.30434782608695654,0.02857142857142857,0.02857142857142857,0.25396825396825395,0.0,0,0,0,0.0,0.14285714285714285,0.05218566619724366,0.0,0.0,0,0,S1-185666867,S2-260941896,0
0.45,0.45,0.15384615384615385,0.15384615384615385,0.24561403508771928,0.0,0,0,0,0.0,0.3333333333333333,0.1893578922489961,0.0,0.0,0,0,S1-185666867,S2-239699335,0
0.5,0.5,0.11764705882352941,0.11764705882352941,0.2903225806451613,0.0,0,0,0,0.0,0.14285714285714285,0.050727030277293174,0.0,0.0,1,0,S1-185666867,S2-199640929,0
0.13953488372093023,0.13953488372093023,0.03125,0.03125,0.20588235294117646,0.0,0,0,0,0.0,0.14285714285714285,0.04874193448280502,0.09090909090909091,0.09090909090909093,1,0,S1-185666867,S2-306822311,0
0.46153846153846156,0.46153846153846156,0.18518518518518517,0.18518518518518517,0.26356589147286824,0.0,0,0,0,0.0,0.25,0.24979596588306768,0.0,0.0,0,0,S1-536626080,S2-420965122,0
0.6896551724137931,0.6896551724137931,0.2777777777777778,0.2777777777777778,0.3119266055045872,0.0,0,0,0,0.0,0.3333333333333333,0.21471324241382692,0.0,0.0,1,0,S1-536626080,S2-280873399,0
0.2857142857142857,0.2857142857142857,0.14285714285714285,0.14285714285714285,0.17094017094017094,0.0,0,0,0,0.0,0.16666666666666666,0.15370234750095457,0.0,0.0,0,0,S1-536626080,S2-795514719,0
0.2641509433962264,0.2641509433962264,0.1282051282051282,0.1282051282051282,0.31932773109243695,0.0,0,0,0,0.0,0.16666666666666666,0.15877023637079052,0.0,0.0,0,0,S1-536626080,S2-992697930,0
0.6666666666666666,0.4888888888888889,0.2777777777777778,0.1935483870967742,0.2962962962962963,0.0,0,0,0,0.0,0.25,0.38882062716903487,0.0,0.0,1,0,S1-536626080,S2-674056605,0
0.5,0.5,0.22727272727272727,0.22727272727272727,0.1830065359477124,0.0,0,0,0,0.0,0.2,0.07535648109400164,0.0,0.0,0,0,S1-997002640,S2-397756870,0
0.5306122448979592,0.5306122448979592,0.14285714285714285,0.14285714285714285,0.2684563758389262,0.0,0,0,0,0.0,0.16666666666666666,0.0544470775926228,0.0,0.0,0,0,S1-997002640,S2-769755547,0
0.4230769230769231,0.4230769230769231,0.13513513513513514,0.13513513513513514,0.3584905660377358,0.0,0,0,0,0.0,0.14285714285714285,0.054585684075714444,0.15384615384615385,0.15384615384615385,1,0,S1-997002640,S2-838002861,0
0.5660377358490566,0.5660377358490566,0.13157894736842105,0.13157894736842105,0.0,0.0,0,0,0,0.0,0.14285714285714285,0.06655748355904009,0.0,0.0,0,1,S1-997002640,S2-143861551,0
0.49056603773584906,0.49056603773584906,0.16216216216216217,0.16216216216216217,0.16393442622950818,0.0,0,0,0,0.0,0.14285714285714285,0.05131882325394216,0.0,0.0,0,0,S1-997002640,S2-212679934,0
0.4,0.4,0.15384615384615385,0.15384615384615385,0.1724137931034483,0.0,0,0,0,0.0,0.14285714285714285,0.15689339298260632,0.0,0.0,0,0,S1-518046279,S2-232019758,0
0.5357142857142857,0.5357142857142857,0.21052631578947367,0.21052631578947367,0.2553191489361702,0.0,0,0,0,0.0,0.16666666666666666,0.13998066630865239,0.0,0.0,0,0,S1-518046279,S2-314703805,0
0.5454545454545454,0.5454545454545454,0.2,0.2,0.15789473684210525,0.0,0,0,0,0.0,0.2,0.16547991937944723,0.0,0.0,1,0,S1-518046279,S2-141481557,0
0.39344262295081966,0.39344262295081966,0.0851063829787234,0.0851063829787234,0.23809523809523808,0.0,0,0,0,0.0,0.14285714285714285,0.11404790062261085,0.0,0.0,0,0,S1-518046279,S2-944555126,0
0.7058823529411765,0.7058823529411765,0.4,0.4,0.0,0.0,0,0,0,0.0,0.4,0.41533282992269244,0.0,0.0,0,1,S1-518046279,S2-593912063,0
0.5161290322580645,0.5161290322580645,0.2,0.2,0.18461538461538463,0.0,0,0,0,0.0,0.25,0.2524683981117158,0.0,0.0,0,0,S1-600967953,S2-484803668,0
0.7407407407407407,0.7407407407407407,0.4,0.4,0.22857142857142856,0.0,0,0,0,0.0,0.3333333333333333,0.2894662471434093,0.0,0.0,0,0,S1-600967953,S2-401458818,0
0.6153846153846154,0.6153846153846154,0.25,0.25,0.3050847457627119,0.0,0,0,0,0.0,0.3333333333333333,0.28916488680983826,0.1111111111111111,0.11111111111111113,0,0,S1-600967953,S2-295522688,0
0.5,0.5,0.19047619047619047,0.19047619047619047,0.23333333333333334,0.0,0,0,0,0.0,0.25,0.23613987384748714,0.0,0.0,1,0,S1-600967953,S2-436197870,0
0.4444444444444444,0.4444444444444444,0.11428571428571428,0.11428571428571428,0.3013698630136986,0.0,0,0,0,0.0,0.16666666666666666,0.15620864055095465,0.0,0.0,0,0,S1-600967953,S2-61057862,0
0.4482758620689655,0.4482758620689655,0.11363636363636363,0.11363636363636363,0.297029702970297,0.0,0,0,0,0.0,0.16666666666666666,0.12324334076288646,0.0,0.0,0,0,S1-304454391,S2-961330527,0
0.5098039215686274,0.5098039215686274,0.13513513513513514,0.13513513513513514,0.2727272727272727,0.0,0,0,0,0.0,0.16666666666666666,0.12371819191861415,0.0625,0.06249999999999999,1,0,S1-304454391,S2-634451062,0
0.8571428571428571,0.8571428571428571,0.64,0.64,0.2900763358778626,0.0,0,0,0,0.0,0.5,0.35281259493967065,0.043478260869565216,0.04347826086956521,1,0,S1-304454391,S2-764820452,0
0.5333333333333333,0.5333333333333333,0.15625,0.15625,0.35294117647058826,0.0,0,0,0,0.0,0.2,0.16730216965683836,0.0,0.0,0,0,S1-304454391,S2-69418242,0
0.6885245901639344,0.6885245901639344,0.45714285714285713,0.45714285714285713,0.15172413793103448,0.0,0,0,0,0.0,0.3333333333333333,0.2997395100975154,0.0,0.0,0,0,S1-304454391,S2-241020895,0
0.48484848484848486,0.48484848484848486,0.23809523809523808,0.23809523809523808,0.27450980392156865,0.0,0,0,0,0.0,0.25,0.296315658046174,0.0,0.0,0,0,S1-472193814,S2-336916557,0
0.6153846153846154,0.6153846153846154,0.25,0.25,0.33962264150943394,0.0,0,0,0,0.0,0.3333333333333333,0.27704304134433877,0.0,0.0,1,0,S1-472193814,S2-292962180,0
0.6428571428571429,0.6428571428571429,0.23529411764705882,0.23529411764705882,0.4230769230769231,0.0,0,0,0,0.0,0.25,0.3105648781480572,0.0,0.0,0,0,S1-472193814,S2-953538913,0
0.5185185185185185,0.5185185185185185,0.23529411764705882,0.23529411764705882,0.36,0.0,0,0,0,0.0,0.3333333333333333,0.27704304134433877,0.0,0.0,1,0,S1-472193814,S2-693259192,0
0.6153846153846154,0.6153846153846154,0.1875,0.1875,0.22727272727272727,0.0,0,0,0,0.0,0.25,0.26934564805817,0.0,0.0,0,0,S1-472193814,S2-672526329,0
0.4444444444444444,0.4444444444444444,0.15217391304347827,0.15217391304347827,0.15873015873015872,0.0,0,0,0,0.0,0.16666666666666666,0.13217432569704304,0.0,0.0,0,0,S1-391082598,S2-758439618,0
0.5411764705882353,0.5411764705882353,0.12307692307692308,0.12307692307692308,0.2413793103448276,0.0,0,0,0,0.0,0.125,0.12105170720461753,0.0,0.0,0,0,S1-391082598,S2-793269471,0
0.5,0.5,0.17647058823529413,0.17647058823529413,0.3728813559322034,0.0,0,0,0,0.0,0.125,0.11907779027064533,0.0,0.0,0,0,S1-391082598,S2-619789382,0
0.42105263157894735,0.42105263157894735,0.2,0.2,0.16901408450704225,0.0,0,0,0,0.0,0.2,0.14893242999131795,0.0,0.0,0,0,S1-391082598,S2-735364622,0
0.38961038961038963,0.38961038961038963,0.2037037037037037,0.2037037037037037,0.25,0.0,0,0,0,0.0,0.125,0.12211429397194501,0.0,0.0,0,0,S1-391082598,S2-19117006,0
0.4888888888888889,0.4888888888888889,0.029411764705882353,0.029411764705882353,0.3058823529411765,0.0,0,0,0,0.0,0.14285714285714285,0.06277992522694113,0.0,0.0,0,0,S1-402255242,S2-250324108,0
0.5555555555555556,0.5555555555555556,0.023255813953488372,0.023255813953488372,0.24516129032258063,0.0,0,0,0,0.0,0.14285714285714285,0.06550066834241366,0.0,0.0,0,0,S1-402255242,S2-725034324,0
0.46153846153846156,0.46153846153846156,0.025,0.025,0.24528301886792453,0.0,0,0,0,0.0,0.125,0.06833121197540332,0.0,0.0,0,0,S1-402255242,S2-532040823,0
0.3333333333333333,0.3333333333333333,0.03225806451612903,0.03225806451612903,0.17307692307692307,0.0,0,0,0,0.0,0.14285714285714285,0.06734131628566127,0.0,0.0,0,0,S1-402255242,S2-656536767,0
0.3404255319148936,0.3404255319148936,0.027777777777777776,0.027777777777777776,0.1978021978021978,0.0,0,0,0,0.0,0.14285714285714285,0.05785513434771709,0.0,0.0,0,0,S1-402255242,S2-863893538,0
0.43137254901960786,0.43137254901960786,0.025,0.025,0.2909090909090909,0.0,0,0,0,0.0,0.14285714285714285,0.0570308418328777,0.0,0.0,0,0,S1-911576027,S2-676773050,0
0.3492063492063492,0.3492063492063492,0.0851063829787234,0.0851063829787234,0.25396825396825395,0.0,0,0,0,0.0,0.14285714285714285,0.0739077472817509,0.0,0.0,0,0,S1-911576027,S2-313609462,0
0.4528301886792453,0.4528301886792453,0.024390243902439025,0.024390243902439025,0.0,0.0,0,0,0,0.0,0.125,0.05188265785233562,0.0,0.0,0,1,S1-911576027,S2-372192671,0
0.5306122448979592,0.5306122448979592,0.17647058823529413,0.17647058823529413,0.26229508196721313,0.0,0,0,0,0.0,0.16666666666666666,0.25904659004035024,0.0,0.0,0,0,S1-911576027,S2-338198029,0
0.34615384615384615,0.34615384615384615,0.05,0.05,0.4057971014492754,0.0,0,0,0,0.0,0.14285714285714285,0.052268670126463176,0.07692307692307693,0.07692307692307693,0,0,S1-911576027,S2-208911438,0
0.42857142857142855,0.42857142857142855,0.1111111111111111,0.1111111111111111,0.2641509433962264,0.0,0,0,0,0.0,0.2,0.23414347934942994,0.0,0.0,1,0,S1-189749525,S2-420572254,0
0.45454545454545453,0.45454545454545453,0.15384615384615385,0.15384615384615385,0.32142857142857145,0.0,0,0,0,0.0,0.25,0.33195667820009794,0.0,0.0,0,0,S1-189749525,S2-108762336,0
0.36363636363636365,0.36363636363636365,0.08695652173913043,0.08695652173913043,0.2222222222222222,0.0,0,0,0,0.0,0.2,0.25326172732712837,0.0,0.0,0,0,S1-189749525,S2-367564522,0
0.5,0.5,0.18181818181818182,0.18181818181818182,0.25806451612903225,0.0,0,0,0,0.0,0.25,0.2874329304719115,0.0,0.0,0,0,S1-189749525,S2-413704262,0
0.42424242424242425,0.42424242424242425,0.08695652173913043,0.08695652173913043,0.06779661016949153,0.0,0,0,0,0.0,0.2,0.28680122951223486,0.09090909090909091,0.09090909090909093,0,0,S1-189749525,S2-754979062,0
0.6206896551724138,0.6206896551724138,0.3333333333333333,0.3333333333333333,0.1793103448275862,0.0,0,0,0,0.0,0.3333333333333333,0.1442615793129726,0.0,0.0,0,0,S1-46745889,S2-786117872,0
0.4406779661016949,0.4406779661016949,0.11363636363636363,0.11363636363636363,0.203125,0.0,0,0,0,0.0,0.14285714285714285,0.05392863311512334,0.0,0.0,0,0,S1-46745889,S2-949676903,0
0.46875,0.46875,0.13333333333333333,0.13333333333333333,0.23255813953488372,0.0,0,0,0,0.0,0.125,0.048429844942100425,0.0,0.0,0,0,S1-46745889,S2-935425652,0
0.6206896551724138,0.6206896551724138,0.14634146341463414,0.14634146341463414,0.1839080459770115,0.0,0,0,0,0.0,0.14285714285714285,0.04741715253709613,0.0,0.0,0,0,S1-46745889,S2-184662920,0
0.2909090909090909,0.2909090909090909,0.1,0.1,0.2,0.0,0,0,0,0.0,0.14285714285714285,0.16499546408119045,0.0,0.0,0,0,S1-46745889,S2-549002317,0
0.33962264150943394,0.33962264150943394,0.024390243902439025,0.024390243902439025,0.1935483870967742,0.0,0,0,0,0.0,0.125,0.03514524779357681,0.0,0.0,0,0,S1-153776673,S2-538399744,0
0.37735849056603776,0.37735849056603776,0.04878048780487805,0.04878048780487805,0.21428571428571427,0.0,0,0,0,0.0,0.14285714285714285,0.04884185505779932,0.0,0.0,0,0,S1-153776673,S2-543691884,0
0.391304347826087,0.391304347826087,0.02857142857142857,0.02857142857142857,0.15625,0.0,0,0,0,0.0,0.14285714285714285,0.04565367870997065,0.0,0.0,0,0,S1-153776673,S2-19807548,0
0.3448275862068966,0.3448275862068966,0.02127659574468085,0.02127659574468085,0.19047619047619047,0.0,0,0,0,0.0,0.14285714285714285,0.043336788626486565,0.0,0.0,0,0,S1-153776673,S2-796745924,0
0.45,0.45,0.03333333333333333,0.03333333333333333,0.3333333333333333,0.0,0,0,0,0.0,0.16666666666666666,0.045596130615856545,0.0,0.0,0,0,S1-153776673,S2-47852107,0
0.3103448275862069,0.3103448275862069,0.06818181818181818,0.06818181818181818,0.36065573770491804,0.0,0,0,0,0.0,0.125,0.06082546110221635,0.0,0.0,0,0,S1-615253915,S2-177728047,0
0.2857142857142857,0.2857142857142857,0.10869565217391304,0.10869565217391304,0.21875,0.0,0,0,0,0.0,0.1111111111111111,0.059598596306363126,0.0,0.0,0,0,S1-615253915,S2-212187595,0
0.30303030303030304,0.30303030303030304,0.0392156862745098,0.0392156862745098,0.3,0.0,0,0,0,0.0,0.1,0.05978632293475194,0.0,0.0,0,0,S1-615253915,S2-269449784,0
0.27450980392156865,0.27450980392156865,0.05263157894736842,0.05263157894736842,0.31746031746031744,0.0,0,0,0,0.0,0.125,0.04703002875449753,0.0,0.0,0,0,S1-615253915,S2-662277306,0
0.5230769230769231,0.5230769230769231,0.18604651162790697,0.18604651162790697,0.0,0.0,0,0,0,0.0,0.2,0.1686482631439683,0.0,0.0,0,1,S1-615253915,S2-968187940,0
0.6176470588235294,0.6176470588235294,0.26666666666666666,0.26666666666666666,0.27672955974842767,0.0,0,0,0,0.0,0.2857142857142857,0.09806977790687608,0.0,0.0,0,0,S1-765476717,S2-97927080,0
0.4230769230769231,0.4230769230769231,0.13157894736842105,0.13157894736842105,0.23204419889502761,0.0,0,0,0,0.0,0.16666666666666666,0.06176143397359743,0.0,0.0,0,0,S1-765476717,S2-320241085,0
0.6031746031746031,0.6031746031746031,0.17777777777777778,0.17777777777777778,0.389937106918239,0.5,1,1,1,0.0,0.14285714285714285,0.039600130041091114,0.08695652173913043,0.08695652173913042,0,0,S1-765476717,S2-377732067,0
0.5806451612903226,0.5806451612903226,0.3076923076923077,0.3076923076923077,0.4632768361581921,0.0,0,0,0,0.0,0.2857142857142857,0.10359491017816502,0.07407407407407407,0.07407407407407404,0,0,S1-765476717,S2-417014299,0
0.42105263157894735,0.42105263157894735,0.11627906976744186,0.11627906976744186,0.21621621621621623,0.0,0,0,0,0.0,0.16666666666666666,0.05789202462078822,0.0,0.0,0,0,S1-765476717,S2-859385537,0
0.6785714285714286,0.6785714285714286,0.3055555555555556,0.3055555555555556,0.1875,0.0,0,0,0,0.0,0.2,0.24106414992480837,0.0,0.0,0,0,S1-403160679,S2-559062119,0
0.1276595744680851,0.1276595744680851,0.02702702702702703,0.02702702702702703,0.16666666666666666,0.0,0,0,0,0.0,0.16666666666666666,0.047218588453575835,0.0,0.0,0,0,S1-403160679,S2-777468836,0
0.17142857142857143,0.17142857142857143,0.037037037037037035,0.037037037037037035,0.28846153846153844,0.0,0,0,0,0.0,0.25,0.09496176816446539,0.0,0.0,0,0,S1-403160679,S2-629234592,0
0.32,0.32,0.02564102564102564,0.02564102564102564,0.2891566265060241,0.0,0,0,0,0.0,0.14285714285714285,0.04705877812657867,0.0,0.0,1,0,S1-403160679,S2-274960898,0
0.4,0.4,0.07142857142857142,0.07142857142857142,0.5393258426966292,0.0,0,0,0,0.0,0.14285714285714285,0.043154498248944,0.3076923076923077,0.3076923076923077,0,0,S1-403160679,S2-66640013,0
0.46153846153846156,0.46153846153846156,0.07894736842105263,0.07894736842105263,0.2608695652173913,0.0,0,0,0,0.0,0.14285714285714285,0.06815852539915919,0.0,0.0,0,0,S1-806599763,S2-214450731,0
0.3783783783783784,0.3783783783783784,0.07692307692307693,0.07692307692307693,0.22535211267605634,0.0,0,0,0,0.0,0.16666666666666666,0.08480937017128587,0.0,0.0,0,0,S1-806599763,S2-693838110,0
0.2413793103448276,0.2413793103448276,0.022222222222222223,0.022222222222222223,0.3364485981308411,0.0,0,0,0,0.0,0.1111111111111111,0.04409079941135254,0.0,0.0,0,0,S1-806599763,S2-934988109,0
0.35294117647058826,0.35294117647058826,0.025,0.025,0.3146067415730337,0.0,0,0,0,0.0,0.14285714285714285,0.06639085023170856,0.0,0.0,0,0,S1-806599763,S2-484696498,0
0.42105263157894735,0.42105263157894735,0.16666666666666666,0.16666666666666666,0.2823529411764706,0.0,0,0,0,0.0,0.3333333333333333,0.16388971143603456,0.0,0.0,0,0,S1-806599763,S2-13684854,0
0.5769230769230769,0.5769230769230769,0.15789473684210525,0.15789473684210525,0.08928571428571429,0.0,0,0,0,0.0,0.2,0.10835703171843968,0.0,0.0,0,0,S1-543016920,S2-540931339,0
0.36923076923076925,0.36923076923076925,0.125,0.125,0.08695652173913043,0.0,0,0,0,0.0,0.14285714285714285,0.0701750520762652,0.0,0.0,0,0,S1-543016920,S2-899386768,0
0.47619047619047616,0.47619047619047616,0.21428571428571427,0.21428571428571427,0.1111111111111111,0.0,0,0,0,0.0,0.2,0.08227207631739097,0.041666666666666664,0.04166666666666666,0,0,S1-543016920,S2-970404152,0
0.5151515151515151,0.5151515151515151,0.12,0.12,0.1834862385321101,0.0,0,0,0,0.0,0.14285714285714285,0.07933027400126029,0.0,0.0,1,0,S1-543016920,S2-117396409,0
0.5882352941176471,0.5882352941176471,0.19444444444444445,0.19444444444444445,0.16806722689075632,0.0,0,0,0,0.0,0.2,0.09503605957920794,0.0,0.0,0,0,S1-543016920,S2-163939369,0
0.40625,0.40625,0.04081632653061224,0.04081632653061224,0.2831858407079646,0.0,0,0,0,0.0,0.1,0.07341799000612241,0.0,0.0,0,0,S1-288199371,S2-129778618,0
0.36,0.36,0.05405405405405406,0.05405405405405406,0.2900763358778626,0.0,0,0,0,0.0,0.125,0.0822755609650117,0.045454545454545456,0.04545454545454544,0,0,S1-288199371,S2-756528239,0
0.29508196721311475,0.29508196721311475,0.0425531914893617,0.0425531914893617,0.26666666666666666,0.0,0,0,0,0.0,0.1111111111111111,0.0781887763077014,0.0,0.0,0,0,S1-288199371,S2-784114990,0
0.36,0.36,0.08571428571428572,0.08571428571428572,0.2833333333333333,0.0,0,0,0,0.0,0.125,0.08512838676073003,0.0,0.0,0,0,S1-288199371,S2-54970807,0
0.32786885245901637,0.32786885245901637,0.043478260869565216,0.043478260869565216,0.24242424242424243,0.0,0,0,0,0.0,0.1,0.07669331498477588,0.0,0.0,0,0,S1-288199371,S2-922858978,0
0.8620689655172413,0.8620689655172413,0.6551724137931034,0.6551724137931034,0.18691588785046728,0.0,0,0,0,0.0,0.6,0.4677029386000882,0.0,0.0,1,0,S1-238826231,S2-713715659,0
0.4722222222222222,0.4722222222222222,0.1509433962264151,0.1509433962264151,0.3963963963963964,0.0,0,0,0,0.0,0.125,0.11782218028259207,0.045454545454545456,0.04545454545454544,0,0,S1-238826231,S2-168412878,0
0.7164179104477612,0.7164179104477612,0.5277777777777778,0.5277777777777778,0.23357664233576642,0.0,0,0,0,0.0,0.42857142857142855,0.3503721145070989,0.0,0.0,0,0,S1-238826231,S2-490248887,0
0.5230769230769231,0.5230769230769231,0.14893617021276595,0.14893617021276595,0.10909090909090909,0.0,0,0,0,0.0,0.125,0.12489817090909053,0.0,0.0,0,0,S1-238826231,S2-87427393,0
0.24096385542168675,0.24096385542168675,0.12698412698412698,0.12698412698412698,0.2524271844660194,0.0,0,0,0,0.0,0.1111111111111111,0.09996483962330366,0.0,0.0,0,0,S1-238826231,S2-172184748,0
0.35714285714285715,0.35714285714285715,0.045454545454545456,0.045454545454545456,0.28169014084507044,0.0,0,0,0,0.0,0.14285714285714285,0.042688159038341,0.0,0.0,0,0,S1-565897811,S2-163465021,0
0.42857142857142855,0.42857142857142855,0.06451612903225806,0.06451612903225806,0.208955223880597,0.0,0,0,0,0.0,0.16666666666666666,0.043584426968723736,0.0,0.0,0,0,S1-565897811,S2-176474379,0
0.27450980392156865,0.27450980392156865,0.05128205128205128,0.05128205128205128,0.43243243243243246,0.0,0,0,0,0.0,0.14285714285714285,0.04004216437940329,0.09090909090909091,0.09090909090909093,0,0,S1-565897811,S2-713133323,0
0.5625,0.5625,0.047619047619047616,0.047619047619047616,0.29508196721311475,0.0,0,0,0,0.0,0.2,0.05819298191071794,0.0,0.0,0,0,S1-565897811,S2-338612848,0
0.35555555555555557,0.35555555555555557,0.029411764705882353,0.029411764705882353,0.3235294117647059,0.0,0,0,0,0.0,0.14285714285714285,0.04414565714000858,0.0,0.0,0,0,S1-565897811,S2-870480252,0
0.30434782608695654,0.30434782608695654,0.02857142857142857,0.02857142857142857,0.2619047619047619,0.0,0,0,0,0.0,0.14285714285714285,0.06390719943891453,0.0,0.0,0,0,S1-963135499,S2-771902332,0
0.5357142857142857,0.5357142857142857,0.0975609756097561,0.0975609756097561,0.128,0.0,0,0,0,0.0,0.2857142857142857,0.14281346804669542,0.0,0.0,0,0,S1-963135499,S2-778624053,0
0.36923076923076925,0.36923076923076925,0.08333333333333333,0.08333333333333333,0.208,0.0,0,0,0,0.0,0.2222222222222222,0.13078147030397738,0.0,0.0,0,0,S1-963135499,S2-29918577,0
0.6774193548387096,0.6865671641791045,0.3,0.2727272727272727,0.2727272727272727,0.0,0,0,0,0.0,0.14285714285714285,0.18490270179073323,0.0,0.0,1,0,S1-963135499,S2-854793198,0
0.3125,0.3125,0.0196078431372549,0.0196078431372549,0.22950819672131148,0.0,0,0,0,0.0,0.1111111111111111,0.05977218264334145,0.0,0.0,0,0,S1-963135499,S2-535670964,0
0.5714285714285714,0.5714285714285714,0.10416666666666667,0.10416666666666667,0.29,0.0,0,0,0,0.0,0.14285714285714285,0.06445727367554331,0.07142857142857142,0.0714285714285714,0,0,S1-824743221,S2-201666450,0
0.5625,0.5625,0.2857142857142857,0.2857142857142857,0.30434782608695654,0.0,0,0,0,0.0,0.3333333333333333,0.13697838146683958,0.03571428571428571,0.0357142857142857,0,0,S1-824743221,S2-265557209,0
0.43333333333333335,0.43333333333333335,0.10869565217391304,0.10869565217391304,0.2777777777777778,0.0,0,0,0,0.0,0.16666666666666666,0.06026019457671417,0.0,0.0,0,0,S1-824743221,S2-721330697,0
0.5205479452054794,0.5205479452054794,0.2653061224489796,0.2653061224489796,0.22340425531914893,0.0,0,0,0,0.0,0.2857142857142857,0.11353440217706189,0.0,0.0,0,0,S1-824743221,S2-935924615,0
0.375,0.375,0.10204081632653061,0.10204081632653061,0.17204301075268819,0.0,0,0,0,0.0,0.14285714285714285,0.04882284474563814,0.0,0.0,0,0,S1-824743221,S2-668469546,0
0.6666666666666666,0.6666666666666666,0.3333333333333333,0.3333333333333333,0.23376623376623376,0.0,0,0,0,0.0,0.3333333333333333,0.35297005623143773,0.0,0.0,0,0,S1-928763911,S2-694230780,0
0.6666666666666666,0.6666666666666666,0.3333333333333333,0.3333333333333333,0.0,0.0,0,0,0,0.0,0.3333333333333333,0.40797723990159146,0.0,0.0,0,1,S1-928763911,S2-896810430,0
0.6666666666666666,0.6666666666666666,0.375,0.375,0.4722222222222222,0.0,0,0,0,0.0,0.25,0.295922390353897,0.08333333333333333,0.08333333333333334,0,0,S1-928763911,S2-408160661,0
0.45161290322580644,0.45161290322580644,0.15,0.15,0.11594202898550725,0.0,0,0,0,0.0,0.2,0.29519776758806165,0.0,0.0,0,0,S1-928763911,S2-843767755,0
0.5833333333333334,0.5833333333333334,0.3076923076923077,0.3076923076923077,0.24242424242424243,0.0,0,0,0,0.0,0.25,0.3293010134933456,0.0,0.0,0,0,S1-928763911,S2-341786209,0
0.7272727272727273,0.7272727272727273,0.5,0.5,0.12578616352201258,0.0,0,0,0,0.0,0.3333333333333333,0.2158437219522235,0.0,0.0,1,0,S1-848559614,S2-885139037,0
0.5652173913043478,0.5652173913043478,0.32142857142857145,0.32142857142857145,0.24043715846994534,0.0,0,0,0,0.0,0.16666666666666666,0.11986837510257568,0.034482758620689655,0.03448275862068964,0,0,S1-848559614,S2-408560711,0
0.5416666666666666,0.5416666666666666,0.2903225806451613,0.2903225806451613,0.3151515151515151,0.0,0,0,0,0.0,0.2,0.11525579663109822,0.04,0.03999999999999999,0,0,S1-848559614,S2-979688244,0
0.6086956521739131,0.6086956521739131,0.32142857142857145,0.32142857142857145,0.2706766917293233,0.0,0,0,0,0.0,0.2,0.1798050133522212,0.10526315789473684,0.10526315789473681,1,0,S1-848559614,S2-427767176,0
0.5217391304347826,0.5217391304347826,0.3103448275862069,0.3103448275862069,0.13513513513513514,0.0,0,0,0,0.0,0.2,0.12094275842434772,0.0,0.0,0,0,S1-848559614,S2-719544944,0
0.3,0.3,0.034482758620689655,0.034482758620689655,0.1839080459770115,0.0,0,0,0,0.0,0.14285714285714285,0.07427225787655488,0.0,0.0,0,0,S1-528290170,S2-888203615,0
0.5,0.5,0.12903225806451613,0.12903225806451613,0.1917808219178082,0.0,0,0,0,0.0,0.16666666666666666,0.07584726560689738,0.0,0.0,0,0,S1-528290170,S2-727779415,0
0.2702702702702703,0.2702702702702703,0.037037037037037035,0.037037037037037035,0.2937062937062937,0.0,0,0,0,0.0,0.16666666666666666,0.0919702643409946,0.0,0.0,0,0,S1-528290170,S2-700745735,0
0.47619047619047616,0.47619047619047616,0.14285714285714285,0.14285714285714285,0.24817518248175183,0.0,0,0,0,0.0,0.3333333333333333,0.1507360733352238,0.045454545454545456,0.04545454545454544,0,0,S1-528290170,S2-148715684,0
0.2926829268292683,0.2926829268292683,0.03333333333333333,0.03333333333333333,0.2112676056338028,0.0,0,0,0,0.0,0.14285714285714285,0.06419787507625796,0.0,0.0,0,0,S1-528290170,S2-792801275,0
0.46511627906976744,0.46511627906976744,0.21428571428571427,0.21428571428571427,0.22641509433962265,0.0,0,0,0,0.0,0.16666666666666666,0.15752055304595663,0.0,0.0,0,0,S1-773891227,S2-566002214,0
0.45,0.45,0.24,0.24,0.36363636363636365,0.0,0,0,0,0.0,0.16666666666666666,0.1597390078384477,0.0,0.0,0,0,S1-773891227,S2-927550167,0
0.42857142857142855,0.42857142857142855,0.21428571428571427,0.21428571428571427,0.3902439024390244,0.0,0,0,0,0.0,0.2,0.2177635362717426,0.0,0.0,0,0,S1-773891227,S2-950430083,0
0.6060606060606061,0.6060606060606061,0.3,0.3,0.2247191011235955,0.0,0,0,0,0.0,0.25,0.17989293676006737,0.0,0.0,0,0,S1-773891227,S2-1803179,0
0.5714285714285714,0.5714285714285714,0.2857142857142857,0.2857142857142857,0.2809917355371901,0.0,0,0,0,0.0,0.2,0.20684233596709092,0.0,0.0,1,0,S1-773891227,S2-190052859,0
0.52,0.52,0.3333333333333333,0.3333333333333333,0.272,0.0,0,0,0,0.0,0.3333333333333333,0.11203469852944355,0.0,0.0,0,0,S1-691834951,S2-539737486,0
0.6382978723404256,0.6382978723404256,0.15151515151515152,0.15151515151515152,0.25157232704402516,0.0,0,0,0,0.0,0.16666666666666666,0.06822866363247944,0.0,0.0,0,0,S1-691834951,S2-408007392,0
0.47619047619047616,0.47619047619047616,0.13043478260869565,0.13043478260869565,0.37410071942446044,0.0,0,0,0,0.0,0.125,0.04470686320679034,0.0,0.0,0,0,S1-691834951,S2-341336638,0
0.6538461538461539,0.6538461538461539,0.4,0.4,0.0,0.0,0,0,0,0.0,0.3333333333333333,0.11203469852944356,0.0,0.0,0,1,S1-691834951,S2-381031266,0
0.38461538461538464,0.38461538461538464,0.13157894736842105,0.13157894736842105,0.0,0.0,0,0,0,0.0,0.16666666666666666,0.07163109454118499,0.0,0.0,0,1,S1-691834951,S2-784084666,0
0.4444444444444444,0.4444444444444444,0.023809523809523808,0.023809523809523808,0.3157894736842105,0.0,0,0,0,0.0,0.125,0.04481518576854988,0.0,0.0,0,0,S1-522755614,S2-561047397,0
0.3783783783783784,0.3783783783783784,0.3191489361702128,0.3191489361702128,0.34146341463414637,0.0,0,0,0,0.0,0.125,0.10285850233086351,0.0,0.0,0,0,S1-522755614,S2-372876591,0
0.3939393939393939,0.3939393939393939,0.057692307692307696,0.057692307692307696,0.4230769230769231,0.0,0,0,0,0.0,0.14285714285714285,0.0639097747880413,0.0,0.0,0,0,S1-522755614,S2-621958491,0
0.46808510638297873,0.46808510638297873,0.027777777777777776,0.027777777777777776,0.24561403508771928,0.0,0,0,0,0.0,0.16666666666666666,0.05706220971230619,0.0,0.0,0,0,S1-522755614,S2-773004618,0
0.36065573770491804,0.36065573770491804,0.04081632653061224,0.04081632653061224,0.26229508196721313,0.0,0,0,0,0.0,0.14285714285714285,0.055741817921359384,0.0,0.0,1,0,S1-522755614,S2-946087290,0
0.45614035087719296,0.45614035087719296,0.11627906976744186,0.11627906976744186,0.3389830508474576,0.0,0,0,0,0.0,0.2,0.1388594721816364,0.0,0.0,0,0,S1-724933243,S2-634654373,0
0.5217391304347826,0.5217391304347826,0.12121212121212122,0.12121212121212122,0.4262295081967213,0.0,0,0,0,0.0,0.16666666666666666,0.1187377340510057,0.1,0.10000000000000002,0,0,S1-724933243,S2-547444939,0
0.4166666666666667,0.4166666666666667,0.11428571428571428,0.11428571428571428,0.23529411764705882,0.0,0,0,0,0.0,0.16666666666666666,0.10061915197699242,0.0,0.0,0,0,S1-724933243,S2-360579060,0
0.4444444444444444,0.4444444444444444,0.1,0.1,0.3508771929824561,0.0,0,0,0,0.0,0.14285714285714285,0.11115418955990591,0.0,0.0,0,0,S1-724933243,S2-475762872,0
0.40816326530612246,0.40816326530612246,0.10810810810810811,0.10810810810810811,0.3,0.0,0,0,0,0.0,0.2,0.17332405582150454,0.0,0.0,0,0,S1-724933243,S2-438739072,0
0.3018867924528302,0.3018867924528302,0.10810810810810811,0.10810810810810811,0.3673469387755102,0.0,0,0,0,0.0,0.125,0.0802232745739908,0.125,0.12500000000000003,0,0,S1-442512011,S2-351702304,0
0.29411764705882354,0.29411764705882354,0.057692307692307696,0.057692307692307696,0.32727272727272727,0.0,0,0,0,0.0,0.125,0.08288795831000668,0.0,0.0,0,0,S1-442512011,S2-385644974,0
0.3111111111111111,0.3111111111111111,0.16666666666666666,0.16666666666666666,0.24,0.0,0,0,0,0.0,0.16666666666666666,0.1979048761746622,0.0,0.0,0,0,S1-442512011,S2-26273909,0
0.417910447761194,0.417910447761194,0.0851063829787234,0.0851063829787234,0.07058823529411765,0.0,0,0,0,0.0,0.1111111111111111,0.08114783883617488,0.0,0.0,0,0,S1-442512011,S2-414225810,0
0.5714285714285714,0.5714285714285714,0.13043478260869565,0.13043478260869565,0.1728395061728395,0.0,0,0,0,0.0,0.2,0.10695573327511863,0.0,0.0,0,0,S1-442512011,S2-254411741,0
0.5306122448979592,0.5306122448979592,0.14705882352941177,0.14705882352941177,0.265625,0.0,0,0,0,0.0,0.4,0.1896630586338987,0.0,0.0,0,0,S1-203461679,S2-319793940,0
0.43137254901960786,0.43137254901960786,0.1111111111111111,0.1111111111111111,0.2803738317757009,0.0,0,0,0,0.0,0.3333333333333333,0.1478321653289009,0.0,0.0,0,0,S1-203461679,S2-507180008,0
0.48148148148148145,0.48148148148148145,0.13513513513513514,0.13513513513513514,0.2,0.0,0,0,0,0.0,0.2857142857142857,0.13182228255533696,0.0,0.0,0,0,S1-203461679,S2-683214195,0
0.36065573770491804,0.36065573770491804,0.020833333333333332,0.020833333333333332,0.1935483870967742,0.0,0,0,0,0.0,0.125,0.06099774228482079,0.0,0.0,0,0,S1-203461679,S2-528408968,0
0.5925925925925926,0.5925925925925926,0.16666666666666666,0.16666666666666666,0.13592233009708737,0.0,0,0,0,0.0,0.2857142857142857,0.14722620737550346,0.0,0.0,0,0,S1-203461679,S2-151752893,0
0.4489795918367347,0.4489795918367347,0.1111111111111111,0.1111111111111111,0.1724137931034483,0.0,0,0,0,0.0,0.16666666666666666,0.09448265456408393,0.0,0.0,0,0,S1-63626249,S2-601845626,0
0.49056603773584906,0.49056603773584906,0.10256410256410256,0.10256410256410256,0.1391304347826087,0.0,0,0,0,0.0,0.14285714285714285,0.08017737780188845,0.0,0.0,0,0,S1-63626249,S2-724681924,0
0.32786885245901637,0.32786885245901637,0.0851063829787234,0.0851063829787234,0.1935483870967742,0.0,0,0,0,0.0,0.14285714285714285,0.07776115962473419,0.0,0.0,0,0,S1-63626249,S2-368815588,0
0.6,0.6,0.14814814814814814,0.14814814814814814,0.3548387096774194,0.0,0,0,0,0.0,0.2,0.11126571661434435,0.0,0.0,0,0,S1-63626249,S2-886482680,0
0.3673469387755102,0.3673469387755102,0.1111111111111111,0.1111111111111111,0.22580645161290322,0.0,0,0,0,0.0,0.16666666666666666,0.09608686956044443,0.0,0.0,0,0,S1-63626249,S2-854701431,0
0.3793103448275862,0.3793103448275862,0.0425531914893617,0.0425531914893617,0.2,0.0,0,0,0,0.0,0.16666666666666666,0.0500880508959359,0.0,0.0,1,0,S1-850516595,S2-165977841,0
0.3870967741935484,0.3870967741935484,0.07142857142857142,0.07142857142857142,0.2222222222222222,0.0,0,0,0,0.0,0.16666666666666666,0.043363707611292504,0.0,0.0,0,0,S1-850516595,S2-313501849,0
0.39215686274509803,0.39215686274509803,0.024390243902439025,0.024390243902439025,0.23728813559322035,0.0,0,0,0,0.0,0.16666666666666666,0.053937807469806004,0.0,0.0,0,0,S1-850516595,S2-113932717,0
0.26666666666666666,0.26666666666666666,0.02857142857142857,0.02857142857142857,0.3492063492063492,0.0,0,0,0,0.0,0.16666666666666666,0.05114877819016526,0.0,0.0,1,0,S1-850516595,S2-892040407,0
0.36363636363636365,0.36363636363636365,0.04,0.04,0.49230769230769234,0.0,0,0,0,0.0,0.25,0.06885676934047498,0.25,0.25000000000000006,0,0,S1-850516595,S2-124045065,0
0.391304347826087,0.391304347826087,0.15625,0.15625,0.22916666666666666,0.0,0,0,0,0.0,0.16666666666666666,0.058404000705442216,0.0,0.0,0,0,S1-260551786,S2-51037319,0
0.4827586206896552,0.4827586206896552,0.11627906976744186,0.11627906976744186,0.16326530612244897,0.0,0,0,0,0.0,0.14285714285714285,0.06311465128532733,0.0,0.0,0,0,S1-260551786,S2-859321758,0
0.5806451612903226,0.5806451612903226,0.3,0.3,0.2736842105263158,0.0,0,0,0,0.0,0.3333333333333333,0.12777479924681492,0.0,0.0,0,0,S1-260551786,S2-364095445,0
0.5818181818181818,0.5818181818181818,0.15789473684210525,0.15789473684210525,0.24528301886792453,0.0,0,0,0,0.0,0.125,0.04550675733620648,0.0,0.0,0,0,S1-260551786,S2-671066731,0
0.6415094339622641,0.6415094339622641,0.3870967741935484,0.3870967741935484,0.2641509433962264,0.0,0,0,0,0.0,0.3333333333333333,0.10831532344992781,0.0,0.0,0,0,S1-260551786,S2-266325052,0
0.5714285714285714,0.5714285714285714,0.125,0.125,0.25806451612903225,0.0,0,0,0,0.0,0.2,0.3074607713978195,0.0,0.0,0,0,S1-242826945,S2-315714596,0
0.5142857142857142,0.5142857142857142,0.17391304347826086,0.17391304347826086,0.10714285714285714,0.0,0,0,0,0.0,0.2,0.22678871389961688,0.0,0.0,0,0,S1-242826945,S2-557073045,0
0.4186046511627907,0.4186046511627907,0.13333333333333333,0.13333333333333333,0.22950819672131148,0.0,0,0,0,0.0,0.16666666666666666,0.18186432187160417,0.0,0.0,0,0,S1-242826945,S2-243701952,0
0.5161290322580645,0.5161290322580645,0.2,0.2,0.27692307692307694,0.0,0,0,0,0.0,0.25,0.2672674705391137,0.0,0.0,0,0,S1-242826945,S2-630993387,0
0.6923076923076923,0.6923076923076923,0.26666666666666666,0.26666666666666666,0.27586206896551724,0.0,0,0,0,0.0,0.25,0.28342202741215433,0.0,0.0,0,0,S1-242826945,S2-63683178,0
0.33962264150943394,0.33962264150943394,0.023809523809523808,0.023809523809523808,0.2962962962962963,0.0,0,0,0,0.0,0.14285714285714285,0.04734405827799249,0.0,0.0,0,0,S1-836224846,S2-41578847,0
0.25,0.25,0.045454545454545456,0.045454545454545456,0.14814814814814814,0.0,0,0,0,0.0,0.14285714285714285,0.048599185971025555,0.0,0.0,0,0,S1-836224846,S2-419641752,0
0.27450980392156865,0.27450980392156865,0.025,0.025,0.2,0.0,0,0,0,0.0,0.16666666666666666,0.05081021333730186,0.0,0.0,0,0,S1-836224846,S2-446340674,0
0.36363636363636365,0.36363636363636365,0.0784313725490196,0.0784313725490196,0.39215686274509803,0.0,0,0,0,0.0,0.125,0.041766893779268816,0.0,0.0,0,0,S1-836224846,S2-241954400,0
0.37681159420289856,0.37681159420289856,0.017543859649122806,0.017543859649122806,0.3728813559322034,0.0,0,0,0,0.0,0.125,0.0397181942611026,0.0,0.0,0,0,S1-836224846,S2-270322597,0
0.2608695652173913,0.2608695652173913,0.07407407407407407,0.07407407407407407,0.21978021978021978,0.0,0,0,0,0.0,0.2,0.17646514052950965,0.0,0.0,0,0,S1-427418540,S2-631088337,0
0.358974358974359,0.358974358974359,0.11538461538461539,0.11538461538461539,0.10126582278481013,0.0,0,0,0,0.0,0.14285714285714285,0.09243467834704405,0.0,0.0,0,0,S1-427418540,S2-299869061,0
0.2857142857142857,0.2857142857142857,0.06451612903225806,0.06451612903225806,0.09411764705882353,0.0,0,0,0,0.0,0.16666666666666666,0.14241684046725764,0.0,0.0,0,0,S1-427418540,S2-888686313,0
0.32432432432432434,0.32432432432432434,0.07407407407407407,0.07407407407407407,0.12048192771084337,0.0,0,0,0,0.0,0.2,0.1473081883173766,0.0,0.0,0,0,S1-427418540,S2-150965879,0
0.4117647058823529,0.4117647058823529,0.08333333333333333,0.08333333333333333,0.1927710843373494,0.0,0,0,0,0.0,0.2,0.16017426969841556,0.0,0.0,0,0,S1-427418540,S2-630651352,0
0.6511627906976745,0.6511627906976745,0.3076923076923077,0.3076923076923077,0.3548387096774194,0.0,0,0,0,0.0,0.4,0.34416620575402695,0.0,0.0,0,0,S1-962329112,S2-447987372,0
0.5769230769230769,0.5769230769230769,0.2727272727272727,0.2727272727272727,0.21875,0.0,0,0,0,0.0,0.4,0.3618060739292199,0.0,0.0,0,0,S1-962329112,S2-550185186,0
0.7857142857142857,0.7857142857142857,0.6153846153846154,0.6153846153846154,0.36923076923076925,0.0,0,0,0,0.0,0.6666666666666666,0.5843246758825361,0.0,0.0,0,0,S1-962329112,S2-35445404,0
0.65,0.65,0.34782608695652173,0.34782608695652173,0.33962264150943394,0.0,0,0,0,0.0,0.4,0.4276321559977068,0.0,0.0,0,0,S1-962329112,S2-895344296,0
0.5490196078431373,0.5490196078431373,0.24242424242424243,0.24242424242424243,0.2222222222222222,0.0,0,0,0,0.0,0.3333333333333333,0.3013332767807029,0.0,0.0,0,0,S1-962329112,S2-986957778,0
0.4166666666666667,0.4166666666666667,0.02631578947368421,0.02631578947368421,0.2127659574468085,0.0,0,0,0,0.0,0.16666666666666666,0.07862909142898564,0.0,0.0,0,0,S1-118439497,S2-255387214,0
0.2978723404255319,0.2978723404255319,0.02702702702702703,0.02702702702702703,0.22388059701492538,0.0,0,0,0,0.0,0.16666666666666666,0.05878132852239666,0.0,0.0,0,0,S1-118439497,S2-992869586,0
0.32653061224489793,0.32653061224489793,0.02631578947368421,0.02631578947368421,0.19298245614035087,0.0,0,0,0,0.0,0.14285714285714285,0.05196851562015973,0.0,0.0,0,0,S1-118439497,S2-121873343,0
0.40816326530612246,0.40816326530612246,0.02631578947368421,0.02631578947368421,0.25,0.0,0,0,0,0.0,0.14285714285714285,0.05590486602466698,0.0,0.0,0,0,S1-118439497,S2-612031052,0
0.5106382978723404,0.5106382978723404,0.05714285714285714,0.05714285714285714,0.2857142857142857,0.0,0,0,0,0.0,0.3333333333333333,0.1323669892017233,0.0,0.0,0,0,S1-118439497,S2-665144936,0
0.13953488372093023,0.13953488372093023,0.030303030303030304,0.030303030303030304,0.24193548387096775,0.0,0,0,0,0.0,0.16666666666666666,0.145483324989426,0.0,0.0,0,0,S1-53473556,S2-735201125,0
0.4827586206896552,0.4827586206896552,0.14634146341463414,0.14634146341463414,0.19672131147540983,0.0,0,0,0,0.0,0.125,0.13496407579072142,0.1,0.10000000000000002,0,0,S1-53473556,S2-938399615,0
0.2916666666666667,0.2916666666666667,0.027777777777777776,0.027777777777777776,0.20588235294117646,0.0,0,0,0,0.0,0.125,0.1011720175605618,0.09090909090909091,0.09090909090909093,0,0,S1-53473556,S2-951172370,0
0.31746031746031744,0.31746031746031744,0.13043478260869565,0.13043478260869565,0.208955223880597,0.0,0,0,0,0.0,0.125,0.13496965559772717,0.0,0.0,0,0,S1-53473556,S2-65221182,0
0.37037037037037035,0.37037037037037035,0.023809523809523808,0.023809523809523808,0.1791044776119403,0.0,0,0,0,0.0,0.125,0.10803544008729832,0.0,0.0,0,0,S1-53473556,S2-248748392,0
0.2553191489361702,0.2553191489361702,0.027777777777777776,0.027777777777777776,0.26666666666666666,0.0,0,0,0,0.0,0.16666666666666666,0.04585091052487114,0.0,0.0,0,0,S1-539533728,S2-873237992,0
0.47619047619047616,0.47619047619047616,0.15384615384615385,0.15384615384615385,0.36363636363636365,0.0,0,0,0,0.0,0.3333333333333333,0.09778842369451865,0.0,0.0,0,0,S1-539533728,S2-435844413,0
0.3448275862068966,0.3448275862068966,0.05263157894736842,0.05263157894736842,0.4,0.0,0,0,0,0.0,0.16666666666666666,0.05041487360654602,0.09090909090909091,0.09090909090909093,0,0,S1-539533728,S2-654180504,0
0.2702702702702703,0.2702702702702703,0.037037037037037035,0.037037037037037035,0.4225352112676056,0.0,0,0,0,0.0,0.2,0.06002751958839518,0.0,0.0,0,0,S1-539533728,S2-569850262,0
0.5384615384615384,0.5384615384615384,0.05555555555555555,0.05555555555555555,0.16666666666666666,0.0,0,0,0,0.0,0.25,0.07091422117913866,0.0,0.0,0,0,S1-539533728,S2-399290359,0
0.46153846153846156,0.46153846153846156,0.07692307692307693,0.07692307692307693,0.31746031746031744,0.0,0,0,0,0.0,0.14285714285714285,0.04440335585316932,0.0,0.0,1,0,S1-361311127,S2-390967256,0
0.4186046511627907,0.4186046511627907,0.030303030303030304,0.030303030303030304,0.4444444444444444,0.0,0,0,0,0.0,0.16666666666666666,0.057418849061695164,0.0,0.0,0,0,S1-361311127,S2-676103325,0
0.29411764705882354,0.29411764705882354,0.037037037037037035,0.037037037037037035,0.29850746268656714,0.0,0,0,0,0.0,0.1111111111111111,0.04290356848439337,0.0,0.0,1,0,S1-361311127,S2-639417535,0
0.36666666666666664,0.36666666666666664,0.020833333333333332,0.020833333333333332,0.29411764705882354,0.0,0,0,0,0.0,0.125,0.03973916171364706,0.0,0.0,0,0,S1-361311127,S2-680320707,0
0.32653061224489793,0.32653061224489793,0.02564102564102564,0.02564102564102564,0.3384615384615385,0.0,0,0,0,0.0,0.16666666666666666,0.05698441136019609,0.0,0.0,0,0,S1-361311127,S2-252548278,0
0.4722222222222222,0.4722222222222222,0.24489795918367346,0.24489795918367346,0.37333333333333335,0.0,0,0,0,0.0,0.3333333333333333,0.11466897416460685,0.0,0.0,0,0,S1-220595358,S2-762899428,0
0.5846153846153846,0.5846153846153846,0.27906976744186046,0.27906976744186046,0.0,0.0,0,0,0,0.0,0.14285714285714285,0.042639175594741674,0.0,0.0,0,1,S1-220595358,S2-926036035,0
0.32727272727272727,0.32727272727272727,0.125,0.125,0.39490445859872614,0.0,0,0,0,0.0,0.14285714285714285,0.04367480434060535,0.045454545454545456,0.04545454545454544,1,0,S1-220595358,S2-995924697,0
0.37681159420289856,0.37681159420289856,0.09433962264150944,0.09433962264150944,0.2808988764044944,0.0,0,0,0,0.0,0.14285714285714285,0.05173596286525259,0.0,0.0,0,0,S1-220595358,S2-448601082,0
0.5238095238095238,0.5238095238095238,0.2,0.2,0.22535211267605634,0.0,0,0,0,0.0,0.25,0.0800609495891297,0.0,0.0,1,0,S1-220595358,S2-609801997,0
0.5483870967741935,0.5483870967741935,0.275,0.275,0.46,0.0,0,0,0,0.0,0.14285714285714285,0.14050865097927515,0.07142857142857142,0.07142857142857142,0,0,S1-231929455,S2-538378157,0
0.5454545454545454,0.5454545454545454,0.09375,0.09375,0.3119266055045872,0.0,0,0,0,0.0,0.2,0.10429392636449605,0.0,0.0,0,0,S1-231929455,S2-410842022,0
0.32558139534883723,0.32558139534883723,0.030303030303030304,0.030303030303030304,0.2807017543859649,0.0,0,0,0,0.0,0.2,0.12992524597157026,0.0,0.0,0,0,S1-231929455,S2-38897565,0
0.13043478260869565,0.13043478260869565,0.02857142857142857,0.02857142857142857,0.32432432432432434,0.0,0,0,0,0.0,0.2,0.1285614108284899,0.0,0.0,0,0,S1-231929455,S2-777808489,0
0.36065573770491804,0.36065573770491804,0.022222222222222223,0.022222222222222223,0.32989690721649484,0.0,0,0,0,0.0,0.16666666666666666,0.09746760729367684,0.0,0.0,0,0,S1-231929455,S2-338745132,0
0.5185185185185185,0.5185185185185185,0.13513513513513514,0.13513513513513514,0.34108527131782945,0.0,0,0,0,0.0,0.2857142857142857,0.1475737275935729,0.05555555555555555,0.055555555555555546,0,0,S1-363150886,S2-273813722,0
0.15,0.15,0.034482758620689655,0.034482758620689655,0.21568627450980393,0.0,0,0,0,0.0,0.16666666666666666,0.06612808019449605,0.0,0.0,0,0,S1-363150886,S2-860078412,0
0.5098039215686274,0.5098039215686274,0.02564102564102564,0.02564102564102564,0.2517482517482518,0.0,0,0,0,0.0,0.14285714285714285,0.07631479442689179,0.0,0.0,0,0,S1-363150886,S2-21195587,0
0.5531914893617021,0.5531914893617021,0.125,0.125,0.3404255319148936,0.0,0,0,0,0.0,0.3333333333333333,0.1811030322445331,0.0,0.0,0,0,S1-363150886,S2-339142042,0
0.6037735849056604,0.6037735849056604,0.23529411764705882,0.23529411764705882,0.11214953271028037,0.0,0,0,0,0.0,0.3333333333333333,0.16302512598804872,0.0,0.0,0,0,S1-363150886,S2-277086803,0
0.36363636363636365,0.36363636363636365,0.12903225806451613,0.12903225806451613,0.4074074074074074,0.0,0,0,0,0.0,0.16666666666666666,0.13474529020359088,0.0,0.0,1,0,S1-456793005,S2-998124496,0
0.3050847457627119,0.3050847457627119,0.02127659574468085,0.02127659574468085,0.32142857142857145,0.0,0,0,0,0.0,0.125,0.03612405001953138,0.0,0.0,0,0,S1-456793005,S2-730055477,0
0.4897959183673469,0.4897959183673469,0.02631578947368421,0.02631578947368421,0.3157894736842105,0.0,0,0,0,0.0,0.14285714285714285,0.0507737478528609,0.0,0.0,0,0,S1-456793005,S2-904605843,0
0.29333333333333333,0.29333333333333333,0.01818181818181818,0.01818181818181818,0.29508196721311475,0.0,0,0,0,0.0,0.125,0.0377155218171192,0.0,0.0,0,0,S1-456793005,S2-380324577,0
0.425531914893617,0.425531914893617,0.05555555555555555,0.05555555555555555,0.4,0.0,0,0,0,0.0,0.16666666666666666,0.0523166149195355,0.0,0.0,0,0,S1-456793005,S2-735932482,0
0.41025641025641024,0.41025641025641024,0.03333333333333333,0.03333333333333333,0.17543859649122806,0.0,0,0,0,0.0,0.2,0.12518996876418806,0.0,0.0,0,0,S1-742791772,S2-743134992,0
0.5777777777777777,0.5777777777777777,0.16129032258064516,0.16129032258064516,0.23333333333333334,0.0,0,0,0,0.0,0.2,0.1376840525869332,0.0,0.0,0,0,S1-742791772,S2-690666650,0
0.4,0.4,0.027777777777777776,0.027777777777777776,0.0,0.0,0,0,0,0.0,0.2,0.12362486786231426,0.0,0.0,0,1,S1-742791772,S2-147084765,0
0.37735849056603776,0.37735849056603776,0.04878048780487805,0.04878048780487805,0.2641509433962264,0.0,0,0,0,0.0,0.14285714285714285,0.08417731346928797,0.0,0.0,0,0,S1-742791772,S2-125128683,0
0.6792452830188679,0.6792452830188679,0.41935483870967744,0.41935483870967744,0.4413793103448276,0.0,0,0,0,0.0,0.16666666666666666,0.17645193916335158,0.11764705882352941,0.1176470588235294,0,0,S1-742791772,S2-625932000,0
0.4864864864864865,0.4864864864864865,0.16981132075471697,0.16981132075471697,0.12903225806451613,0.0,0,0,0,0.0,0.125,0.10273468132090638,0.0,0.0,0,0,S1-837465983,S2-650444220,0
0.4918032786885246,0.4918032786885246,0.21951219512195122,0.21951219512195122,0.1839080459770115,0.0,0,0,0,0.0,0.14285714285714285,0.12031169084243293,0.0,0.0,0,0,S1-837465983,S2-529162046,0
0.4262295081967213,0.4262295081967213,0.10638297872340426,0.10638297872340426,0.27586206896551724,0.0,0,0,0,0.0,0.16666666666666666,0.1552337571263594,0.0,0.0,0,0,S1-837465983,S2-652497457,0
0.48484848484848486,0.48484848484848486,0.1875,0.1875,0.21212121212121213,0.0,0,0,0,0.0,0.16666666666666666,0.11371206865633061,0.0,0.0,0,0,S1-837465983,S2-368683236,0
0.47761194029850745,0.47761194029850745,0.1836734693877551,0.1836734693877551,0.15789473684210525,0.0,0,0,0,0.0,0.16666666666666666,0.09920912562861102,0.0,0.0,0,0,S1-837465983,S2-100725447,0
0.5142857142857142,0.5142857142857142,0.17391304347826086,0.17391304347826086,0.36666666666666664,0.0,0,0,0,0.0,0.2,0.23538502802473416,0.0,0.0,0,0,S1-709044544,S2-360440011,0
0.6976744186046512,0.6976744186046512,0.4166666666666667,0.4166666666666667,0.21875,0.0,0,0,0,0.0,0.4,0.4663017543766601,0.0,0.0,0,0,S1-709044544,S2-291567252,0
0.7083333333333334,0.7083333333333334,0.3448275862068966,0.3448275862068966,0.34375,0.0,0,0,0,0.0,0.4,0.4338460087711351,0.0,0.0,0,0,S1-709044544,S2-414009062,0
0.6666666666666666,0.6666666666666666,0.3125,0.3125,0.2413793103448276,0.0,0,0,0,0.0,0.4,0.4293594739970899,0.0,0.0,0,0,S1-709044544,S2-921409403,0
0.47058823529411764,0.47058823529411764,0.13043478260869565,0.13043478260869565,0.2916666666666667,0.0,0,0,0,0.0,0.2,0.23621083226274947,0.0,0.0,0,0,S1-709044544,S2-743855755,0
0.46153846153846156,0.46153846153846156,0.13513513513513514,0.13513513513513514,0.16,0.0,0,0,0,0.0,0.14285714285714285,0.043898642240135365,0.058823529411764705,0.0588235294117647,0,0,S1-71798793,S2-894905716,0
0.48484848484848486,0.48484848484848486,0.14583333333333334,0.14583333333333334,0.13924050632911392,0.25,1,1,1,0.0,0.125,0.04906778147948556,0.0,0.0,0,0,S1-71798793,S2-961481026,0
0.6885245901639344,0.6885245901639344,0.3076923076923077,0.3076923076923077,0.3561643835616438,0.0,0,0,0,0.0,0.3333333333333333,0.11328676477110326,0.05,0.04999999999999999,0,0,S1-71798793,S2-799525472,0
0.5074626865671642,0.5074626865671642,0.12,0.12,0.22857142857142856,0.0,0,0,0,0.0,0.125,0.044936552162187726,0.0,0.0,0,0,S1-71798793,S2-141746539,0
0.4406779661016949,0.4406779661016949,0.13953488372093023,0.13953488372093023,0.21656050955414013,0.0,0,0,0,0.0,0.14285714285714285,0.05286532090034464,0.0,0.0,0,0,S1-71798793,S2-845996047,0
0.5454545454545454,0.5454545454545454,0.125,0.125,0.2857142857142857,0.0,0,0,0,0.0,0.2,0.13435876512951897,0.0,0.0,0,0,S1-139439461,S2-427825173,0
0.7407407407407407,0.7407407407407407,0.5172413793103449,0.5172413793103449,0.23333333333333334,0.0,0,0,0,0.0,0.3333333333333333,0.3283688629949826,0.0,0.0,0,0,S1-139439461,S2-924031701,0
0.5,0.5,0.08333333333333333,0.08333333333333333,0.3,0.0,0,0,0,0.0,0.16666666666666666,0.1207927037113712,0.0,0.0,0,0,S1-139439461,S2-817359667,0
0.5,0.5,0.14285714285714285,0.14285714285714285,0.22641509433962265,0.0,0,0,0,0.0,0.2,0.13393966030247303,0.0,0.0,0,0,S1-139439461,S2-551796542,0
0.43333333333333335,0.43333333333333335,0.08888888888888889,0.08888888888888889,0.14285714285714285,0.0,0,0,0,0.0,0.14285714285714285,0.10516980679361944,0.0,0.0,0,0,S1-139439461,S2-556365308,0
0.9824561403508771,0.9824561403508771,0.8076923076923077,0.8076923076923077,0.5806451612903226,1.0,1,1,3,0.0,0.6,0.5269080842082828,1.0,1.0,0,0,S1-57173601,S2-788829116,1
0.2608695652173913,0.2608695652173913,0.027777777777777776,0.027777777777777776,0.19718309859154928,0.0,0,0,0,0.0,0.16666666666666666,0.04938767334511734,0.0,0.0,0,0,S1-57173601,S2-160088871,0
0.4067796610169492,0.4067796610169492,0.020833333333333332,0.020833333333333332,0.1875,0.0,0,0,0,0.0,0.14285714285714285,0.04581109620397471,0.0,0.0,0,0,S1-57173601,S2-761733950,0
0.410958904109589,0.410958904109589,0.03508771929824561,0.03508771929824561,0.1694915254237288,0.0,0,0,0,0.0,0.1111111111111111,0.03671888898058638,0.0,0.0,0,0,S1-57173601,S2-540501005,0
0.36363636363636365,0.36363636363636365,0.022727272727272728,0.022727272727272728,0.24242424242424243,0.0,0,0,0,0.0,0.14285714285714285,0.03981580317634971,0.0,0.0,0,0,S1-57173601,S2-635798251,0
0.42857142857142855,0.42857142857142855,0.025,0.025,0.25806451612903225,0.0,0,0,0,0.0,0.16666666666666666,0.051096602184494994,0.0,0.0,0,0,S1-57173601,S2-919857279,0
0.48148148148148145,0.48148148148148145,0.15384615384615385,0.15384615384615385,0.3103448275862069,0.0,0,0,0,0.0,0.16666666666666666,0.1282380833497033,0.0,0.0,0,0,S1-273149534,S2-495448687,0
0.5454545454545454,0.5454545454545454,0.16129032258064516,0.16129032258064516,0.1694915254237288,0.0,0,0,0,0.0,0.2,0.1431202492215321,0.0,0.0,0,0,S1-273149534,S2-199910285,0
0.4444444444444444,0.4444444444444444,0.21621621621621623,0.21621621621621623,0.28125,0.0,0,0,0,0.0,0.16666666666666666,0.21630447541651135,0.0,0.0,0,0,S1-273149534,S2-775484419,0
0.39215686274509803,0.39215686274509803,0.13513513513513514,0.13513513513513514,0.3728813559322034,0.0,0,0,0,0.0,0.16666666666666666,0.1138459583114163,0.0,0.0,0,0,S1-273149534,S2-182602851,0
0.5,0.5,0.14705882352941177,0.14705882352941177,0.273972602739726,0.0,0,0,0,0.0,0.16666666666666666,0.14483710251575865,0.0,0.0,0,0,S1-273149534,S2-629251209,0
0.32558139534883723,0.32558139534883723,0.029411764705882353,0.029411764705882353,0.21212121212121213,0.0,0,0,0,0.0,0.2,0.07803909920113922,0.1,0.10000000000000002,0,0,S1-449472592,S2-910978799,0
0.20689655172413793,0.20689655172413793,0.047619047619047616,0.047619047619047616,0.25925925925925924,0.0,0,0,0,0.0,0.25,0.0926620513235961,0.1111111111111111,0.11111111111111113,0,0,S1-449472592,S2-272154780,0
0.3076923076923077,0.3076923076923077,0.05263157894736842,0.05263157894736842,0.576271186440678,0.0,0,0,0,0.0,0.14285714285714285,0.06257014080840469,0.25,0.25000000000000006,0,0,S1-449472592,S2-581361436,0
0.25,0.25,0.0625,0.0625,0.2857142857142857,0.0,0,0,0,0.0,0.25,0.08014854604576421,0.0,0.0,0,0,S1-449472592,S2-365749678,0
0.5294117647058824,0.5294117647058824,0.08333333333333333,0.08333333333333333,0.15151515151515152,0.0,0,0,0,0.0,0.2,0.08621697964479882,0.0,0.0,0,0,S1-449472592,S2-190940690,0
0.8666666666666667,0.8666666666666667,0.7692307692307693,0.7692307692307693,1.0,1.0,1,1,4,1.0,0.6666666666666666,0.8796607238178987,1.0,1.0,0,0,S1-454349157,S2-586112434,1
0.56,0.56,0.1875,0.1875,0.31746031746031744,0.0,0,0,0,0.0,0.3333333333333333,0.2881640270555096,0.0,0.0,0,0,S1-454349157,S2-82399596,0
0.6153846153846154,0.6153846153846154,0.1875,0.1875,0.2702702702702703,0.0,0,0,0,0.0,0.25,0.2566537062542653,0.0,0.0,0,0,S1-454349157,S2-651809010,0
0.75,0.75,0.2,0.2,0.18518518518518517,0.0,0,0,0,0.0,0.3333333333333333,0.2835553342717271,0.0,0.0,0,0,S1-454349157,S2-451444908,0
0.3684210526315789,0.3684210526315789,0.11538461538461539,0.11538461538461539,0.1875,0.0,0,0,0,0.0,0.16666666666666666,0.17523223317241968,0.0,0.0,0,0,S1-454349157,S2-711212229,0
0.5294117647058824,0.5294117647058824,0.13636363636363635,0.13636363636363635,0.2857142857142857,0.0,0,0,0,0.0,0.2,0.19885463018537597,0.0,0.0,0,0,S1-454349157,S2-399046577,0
0.3111111111111111,0.3111111111111111,0.02857142857142857,0.02857142857142857,0.2716049382716049,0.0,0,0,0,0.0,0.16666666666666666,0.05303033305742395,0.0,0.0,0,0,S1-323286851,S2-99260781,0
0.3076923076923077,0.3076923076923077,0.023809523809523808,0.023809523809523808,0.3076923076923077,0.0,0,0,0,0.0,0.16666666666666666,0.05384051343878686,0.0,0.0,0,0,S1-323286851,S2-517502045,0
0.42105263157894735,0.42105263157894735,0.03571428571428571,0.03571428571428571,0.3880597014925373,0.0,0,0,0,0.0,0.16666666666666666,0.051765302880586964,0.0,0.0,0,0,S1-323286851,S2-797112138,0
0.3684210526315789,0.3684210526315789,0.03571428571428571,0.03571428571428571,0.2571428571428571,0.0,0,0,0,0.0,0.2,0.06353250728676514,0.0,0.0,0,0,S1-323286851,S2-341535399,0
0.21052631578947367,0.21052631578947367,0.044444444444444446,0.044444444444444446,0.2727272727272727,0.0,0,0,0,0.0,0.14285714285714285,0.04627665855741668,0.0,0.0,0,0,S1-323286851,S2-465311792,0
0.43137254901960786,0.43137254901960786,0.029411764705882353,0.029411764705882353,0.20915032679738563,0.2,1,1,1,0.0,0.16666666666666666,0.08449848106322055,0.0,0.0,0,0,S1-529116284,S2-33026665,0
0.43902439024390244,0.43902439024390244,0.03125,0.03125,0.2988505747126437,0.0,0,0,0,0.0,0.2,0.11007133475132189,0.03571428571428571,0.0357142857142857,0,0,S1-529116284,S2-580947594,0
0.41025641025641024,0.41025641025641024,0.03333333333333333,0.03333333333333333,0.2261904761904762,0.0,0,0,0,0.0,0.2,0.10352711740405737,0.0,0.0,0,0,S1-529116284,S2-176594189,0
0.28,0.28,0.025,0.025,0.24285714285714285,0.0,0,0,0,0.0,0.16666666666666666,0.08371060115007295,0.0,0.0,0,0,S1-529116284,S2-443178543,0
0.4444444444444444,0.4444444444444444,0.037037037037037035,0.037037037037037035,0.2608695652173913,0.0,0,0,0,0.0,0.2,0.09133304687845369,0.0,0.0,0,0,S1-529116284,S2-189977877,0
0.4262295081967213,0.4262295081967213,0.13513513513513514,0.13513513513513514,0.09375,0.0,0,0,0,0.0,0.16666666666666666,0.05654223358671456,0.0,0.0,0,0,S1-596064485,S2-247033038,0
0.5070422535211268,0.5070422535211268,0.2727272727272727,0.2727272727272727,0.24539877300613497,0.0,0,0,0,0.0,0.2857142857142857,0.08076232439215923,0.0,0.0,1,0,S1-596064485,S2-649687413,0
0.5,0.5,0.10416666666666667,0.10416666666666667,0.2727272727272727,0.0,0,0,0,0.0,0.14285714285714285,0.0524268501890009,0.0,0.0,0,0,S1-596064485,S2-387462476,0
0.6551724137931034,0.6551724137931034,0.4,0.4,0.23076923076923078,0.0,0,0,0,0.0,0.3333333333333333,0.10036438146244916,0.045454545454545456,0.04545454545454544,1,0,S1-596064485,S2-612563633,0
0.3880597014925373,0.3880597014925373,0.10638297872340426,0.10638297872340426,0.23668639053254437,0.0,0,0,0,0.0,0.125,0.0428003667890607,0.0,0.0,0,0,S1-596064485,S2-787570292,0
0.55,0.55,0.17857142857142858,0.17857142857142858,0.2716049382716049,0.0,0,0,0,0.0,0.25,0.2739271464146005,0.0,0.0,0,0,S1-139477976,S2-475290703,0
0.39215686274509803,0.39215686274509803,0.10526315789473684,0.10526315789473684,0.2682926829268293,0.0,0,0,0,0.0,0.16666666666666666,0.16426111314469183,0.0,0.0,0,0,S1-139477976,S2-397960618,0
0.6666666666666666,0.6666666666666666,0.2962962962962963,0.2962962962962963,0.19148936170212766,0.0,0,0,0,0.0,0.25,0.2095180371550906,0.0,0.0,0,0,S1-139477976,S2-527656038,0
0.5294117647058824,0.5294117647058824,0.17391304347826086,0.17391304347826086,0.10869565217391304,0.0,0,0,0,0.0,0.25,0.1986874270991999,0.0,0.0,0,0,S1-139477976,S2-875418996,0
0.3870967741935484,0.3870967741935484,0.19047619047619047,0.19047619047619047,0.24489795918367346,0.0,0,0,0,0.0,0.3333333333333333,0.2687617198615312,0.0,0.0,0,0,S1-139477976,S2-682335171,0
0.42857142857142855,0.42857142857142855,0.09090909090909091,0.09090909090909091,0.32786885245901637,0.0,0,0,0,0.0,0.14285714285714285,0.14986614579562488,0.0,0.0,0,0,S1-376882708,S2-516448366,0
0.42105263157894735,0.42105263157894735,0.11627906976744186,0.11627906976744186,0.0,0.0,0,0,0,0.0,0.16666666666666666,0.18195059703900562,0.0,0.0,0,1,S1-376882708,S2-258844278,0
0.45614035087719296,0.45614035087719296,0.14285714285714285,0.14285714285714285,0.2972972972972973,0.0,0,0,0,0.0,0.16666666666666666,0.16238412520914022,0.0,0.0,0,0,S1-376882708,S2-587436725,0
0.4878048780487805,0.4878048780487805,0.17857142857142858,0.17857142857142858,0.25396825396825395,0.0,0,0,0,0.0,0.2,0.18988998580940136,0.0,0.0,0,0,S1-376882708,S2-308636618,0
0.5283018867924528,0.5283018867924528,0.15789473684210525,0.15789473684210525,0.3225806451612903,0.0,0,0,0,0.0,0.16666666666666666,0.20386898007915605,0.0,0.0,0,0,S1-376882708,S2-564768535,0
0.5846153846153846,0.5846153846153846,0.14893617021276595,0.14893617021276595,0.3235294117647059,0.0,0,0,0,0.0,0.125,0.11890630670817935,0.05263157894736842,0.052631578947368404,0,0,S1-178831239,S2-902557079,0
0.4583333333333333,0.4583333333333333,0.02702702702702703,0.02702702702702703,0.37267080745341613,0.0,0,0,0,0.0,0.14285714285714285,0.07329990906350586,0.04,0.03999999999999999,0,0,S1-178831239,S2-304104531,0
0.6666666666666666,0.6666666666666666,0.20512820512820512,0.20512820512820512,0.3380281690140845,0.0,0,0,0,0.0,0.14285714285714285,0.14878875161781766,0.045454545454545456,0.04545454545454544,0,0,S1-178831239,S2-45803531,0
0.40625,0.40625,0.08333333333333333,0.08333333333333333,0.3308270676691729,0.0,0,0,0,0.0,0.25,0.11172973866345906,0.05,0.04999999999999999,0,0,S1-178831239,S2-655877702,0
0.3181818181818182,0.3181818181818182,0.0625,0.0625,0.3177570093457944,0.0,0,0,0,0.0,0.3333333333333333,0.1374586067855078,0.0,0.0,0,0,S1-178831239,S2-571995726,0
0.5882352941176471,0.48,0.1,0.0625,0.19444444444444445,0.0,0,0,0,0.0,0.3333333333333333,0.3294239110694774,0.0,0.0,1,0,S1-75161961,S2-50935266,0
0.4375,0.4375,0.043478260869565216,0.043478260869565216,0.2696629213483146,0.0,0,0,0,0.0,0.2,0.2634920229640515,0.0,0.0,0,0,S1-75161961,S2-472320169,0
0.46153846153846156,0.46153846153846156,0.058823529411764705,0.058823529411764705,0.21621621621621623,0.0,0,0,0,0.0,0.2,0.1834980365286538,0.0,0.0,0,0,S1-75161961,S2-757801428,0
0.4827586206896552,0.4827586206896552,0.2222222222222222,0.2222222222222222,0.3333333333333333,0.0,0,0,0,0.0,0.25,0.2818598315758687,0.0,0.0,0,0,S1-75161961,S2-666079475,0
0.2702702702702703,0.2702702702702703,0.038461538461538464,0.038461538461538464,0.24,0.0,0,0,0,0.0,0.16666666666666666,0.21364784657927832,0.0,0.0,0,0,S1-75161961,S2-251673297,0
0.4,0.4,0.2,0.2,0.09523809523809523,0.0,0,0,0,0.0,0.3333333333333333,0.24869650843653193,0.0,0.0,0,0,S1-438879719,S2-323474816,0
0.3333333333333333,0.3333333333333333,0.16,0.16,0.2748091603053435,0.0,0,0,0,0.0,0.25,0.19585863366770803,0.0,0.0,0,0,S1-438879719,S2-465492790,0
0.41379310344827586,0.41379310344827586,0.2222222222222222,0.2222222222222222,0.17721518987341772,0.0,0,0,0,0.0,0.25,0.23236388229268792,0.0,0.0,0,0,S1-438879719,S2-501445079,0
0.35294117647058826,0.35294117647058826,0.17391304347826086,0.17391304347826086,0.23404255319148937,0.0,0,0,0,0.0,0.25,0.20236533943894117,0.0,0.0,0,0,S1-438879719,S2-335431860,0
0.4444444444444444,0.4444444444444444,0.16666666666666666,0.16666666666666666,0.14457831325301204,0.0,0,0,0,0.0,0.2,0.14421238748528986,0.0,0.0,0,0,S1-438879719,S2-759496235,0
0.5106382978723404,0.5106382978723404,0.22580645161290322,0.22580645161290322,0.19047619047619047,0.0,0,0,0,0.0,0.16666666666666666,0.18926091472030945,0.0,0.0,0,0,S1-183043283,S2-308859411,0
0.45714285714285713,0.45714285714285713,0.16666666666666666,0.16666666666666666,0.29411764705882354,0.0,0,0,0,0.0,0.1,0.1003545931693066,0.0,0.0,0,0,S1-183043283,S2-48117368,0
0.46153846153846156,0.46153846153846156,0.16216216216216217,0.16216216216216217,0.18181818181818182,0.0,0,0,0,0.0,0.16666666666666666,0.16769754170027684,0.0,0.0,0,0,S1-183043283,S2-581095707,0
0.5909090909090909,0.5909090909090909,0.20689655172413793,0.20689655172413793,0.0,0.0,0,0,0,0.0,0.16666666666666666,0.14348962095315781,0.0,0.0,0,1,S1-183043283,S2-762138912,0
0.43333333333333335,0.43333333333333335,0.19444444444444445,0.19444444444444445,0.24242424242424243,0.0,0,0,0,0.0,0.14285714285714285,0.14411140193036134,0.0,0.0,0,0,S1-183043283,S2-956123221,0
0.4,0.4,0.034482758620689655,0.034482758620689655,0.19047619047619047,0.0,0,0,0,0.0,0.14285714285714285,0.03991679519067695,0.0,0.0,1,0,S1-965544718,S2-866071568,0
0.4864864864864865,0.4864864864864865,0.037037037037037035,0.037037037037037035,0.2465753424657534,0.0,0,0,0,0.0,0.16666666666666666,0.04370391515457828,0.0,0.0,0,0,S1-965544718,S2-956818633,0
0.4375,0.4375,0.043478260869565216,0.043478260869565216,0.1935483870967742,0.0,0,0,0,0.0,0.2,0.0668897944594383,0.0,0.0,0,0,S1-965544718,S2-886177372,0
0.4,0.4,0.06896551724137931,0.06896551724137931,0.25396825396825395,0.0,0,0,0,0.0,0.16666666666666666,0.051891299870899577,0.0,0.0,0,0,S1-965544718,S2-280391494,0
0.43243243243243246,0.43243243243243246,0.038461538461538464,0.038461538461538464,0.09375,0.0,0,0,0,0.0,0.16666666666666666,0.047280939537329765,0.0,0.0,0,0,S1-965544718,S2-702243488,0
0.4,0.4,0.02857142857142857,0.02857142857142857,0.15384615384615385,0.0,0,0,0,0.0,0.16666666666666666,0.04696127657803509,0.0,0.0,0,0,S1-835250207,S2-894148535,0
0.31746031746031744,0.31746031746031744,0.02,0.02,0.21875,0.0,0,0,0,0.0,0.125,0.04356336641572828,0.0,0.0,0,0,S1-835250207,S2-845297933,0
0.24,0.24,0.02564102564102564,0.02564102564102564,0.36363636363636365,0.0,0,0,0,0.0,0.14285714285714285,0.03425406689343785,0.0,0.0,0,0,S1-835250207,S2-516270374,0
0.3389830508474576,0.3389830508474576,0.043478260869565216,0.043478260869565216,0.14545454545454545,0.0,0,0,0,0.0,0.125,0.03349646515856294,0.0,0.0,0,0,S1-835250207,S2-988345667,0
0.42857142857142855,0.42857142857142855,0.13333333333333333,0.13333333333333333,0.29508196721311475,0.0,0,0,0,0.0,0.2,0.22853778345379472,0.0,0.0,1,0,S1-835250207,S2-321975134,0
0.5217391304347826,0.5217391304347826,0.1276595744680851,0.1276595744680851,0.2601626016260163,0.0,0,0,0,0.0,0.125,0.043022412592272144,0.0,0.0,0,0,S1-610204973,S2-968836867,0
0.47619047619047616,0.47619047619047616,0.13043478260869565,0.13043478260869565,0.20915032679738563,0.0,0,0,0,0.0,0.125,0.033241830171156846,0.041666666666666664,0.04166666666666666,0,0,S1-610204973,S2-845164094,0
0.45714285714285713,0.45714285714285713,0.11538461538461539,0.11538461538461539,0.1935483870967742,0.0,0,0,0,0.0,0.1111111111111111,0.03589402510833913,0.047619047619047616,0.04761904761904761,0,0,S1-610204973,S2-845331785,0
0.39344262295081966,0.39344262295081966,0.10869565217391304,0.10869565217391304,0.3270440251572327,0.0,0,0,0,0.0,0.14285714285714285,0.04158086856637494,0.037037037037037035,0.03703703703703702,0,0,S1-610204973,S2-869321320,0
0.36,0.36,0.1111111111111111,0.1111111111111111,0.1981981981981982,0.0,0,0,0,0.0,0.14285714285714285,0.22231206029120304,0.0,0.0,0,0,S1-610204973,S2-710570855,0
0.6176470588235294,0.6176470588235294,0.26666666666666666,0.26666666666666666,0.20588235294117646,0.0,0,0,0,0.0,0.2857142857142857,0.11303523542962166,0.0,0.0,0,0,S1-177035204,S2-807088504,0
0.5614035087719298,0.5614035087719298,0.175,0.175,0.22900763358778625,0.0,0,0,0,0.0,0.14285714285714285,0.0618731795794317,0.05,0.04999999999999999,0,0,S1-177035204,S2-904746773,0
0.6451612903225806,0.6451612903225806,0.3,0.3,0.30985915492957744,0.0,0,0,0,0.0,0.3333333333333333,0.1425665208848288,0.09523809523809523,0.09523809523809522,0,0,S1-177035204,S2-861414287,0
0.32142857142857145,0.32142857142857145,0.046511627906976744,0.046511627906976744,0.1797752808988764,0.0,0,0,0,0.0,0.14285714285714285,0.19000297828061768,0.0,0.0,0,0,S1-177035204,S2-868523803,0
0.5569620253164557,0.5569620253164557,0.24528301886792453,0.24528301886792453,0.35658914728682173,0.0,0,0,0,0.0,0.2222222222222222,0.08775333673972938,0.05555555555555555,0.055555555555555546,0,0,S1-177035204,S2-944675361,0
1.0,1.0,1.0,1.0,1.0,1.0,2,1,5,1.0,1.0,1.0,1.0,1.0,0,0,S1-623087726,S2-156629748,1
0.36363636363636365,0.36363636363636365,0.041666666666666664,0.041666666666666664,0.16666666666666666,0.0,0,0,0,0.0,0.2,0.1453842195361139,0.0,0.0,0,0,S1-623087726,S2-726100052,0
0.45714285714285713,0.45714285714285713,0.04,0.04,0.32,0.0,0,0,0,0.0,0.16666666666666666,0.1412685184258248,0.0,0.0,0,0,S1-623087726,S2-498312493,0
0.4444444444444444,0.4444444444444444,0.02857142857142857,0.02857142857142857,0.3225806451612903,0.0,0,0,0,0.0,0.16666666666666666,0.13865510497589983,0.0,0.0,0,0,S1-623087726,S2-972990802,0
0.358974358974359,0.358974358974359,0.034482758620689655,0.034482758620689655,0.22950819672131148,0.0,0,0,0,0.0,0.16666666666666666,0.13429198497339506,0.0,0.0,0,0,S1-623087726,S2-727494571,0
0.4864864864864865,0.4864864864864865,0.037037037037037035,0.037037037037037035,0.3728813559322034,0.0,0,0,0,0.0,0.16666666666666666,0.13153236596470974,0.0,0.0,0,0,S1-623087726,S2-416397669,0
0.47058823529411764,0.47058823529411764,0.13513513513513514,0.13513513513513514,0.2616822429906542,0.0,0,0,0,0.0,0.16666666666666666,0.05389433226848723,0.0,0.0,0,0,S1-817256046,S2-549270974,0
0.47058823529411764,0.47058823529411764,0.13513513513513514,0.13513513513513514,0.31654676258992803,0.0,0,0,0,0.0,0.16666666666666666,0.04631727843270795,0.0,0.0,0,0,S1-817256046,S2-3534056,0
0.4230769230769231,0.4230769230769231,0.16216216216216217,0.16216216216216217,0.22535211267605634,0.0,0,0,0,0.0,0.16666666666666666,0.046934427253125736,0.0,0.0,0,0,S1-817256046,S2-617626654,0
0.4897959183673469,0.4897959183673469,0.17647058823529413,0.17647058823529413,0.3047619047619048,0.0,0,0,0,0.0,0.16666666666666666,0.06000263816758485,0.0,0.0,0,0,S1-817256046,S2-151242144,0
0.4067796610169492,0.4067796610169492,0.11363636363636363,0.11363636363636363,0.2898550724637681,0.0,0,0,0,0.0,0.14285714285714285,0.040631027734992116,0.0,0.0,0,0,S1-817256046,S2-504412784,0
0.30303030303030304,0.30303030303030304,0.041666666666666664,0.041666666666666664,0.29906542056074764,0.0,0,0,0,0.0,0.2,0.07140487776550605,0.0,0.0,0,0,S1-683582649,S2-223285100,0
0.4166666666666667,0.4166666666666667,0.05405405405405406,0.05405405405405406,0.28888888888888886,0.0,0,0,0,0.0,0.16666666666666666,0.0743242575629203,0.0,0.0,0,0,S1-683582649,S2-734953353,0
0.42424242424242425,0.42424242424242425,0.041666666666666664,0.041666666666666664,0.2727272727272727,0.0,0,0,0,0.0,0.2,0.07773771153800423,0.0,0.0,0,0,S1-683582649,S2-297272871,0
0.36363636363636365,0.36363636363636365,0.022727272727272728,0.022727272727272728,0.2,0.0,0,0,0,0.0,0.14285714285714285,0.06594659204246708,0.047619047619047616,0.04761904761904761,0,0,S1-683582649,S2-967479179,0
0.46153846153846156,0.46153846153846156,0.034482758620689655,0.034482758620689655,0.2835820895522388,0.0,0,0,0,0.0,0.16666666666666666,0.06877629715698994,0.0,0.0,1,0,S1-683582649,S2-641190098,0
0.3157894736842105,0.3157894736842105,0.037037037037037035,0.037037037037037035,0.4067796610169492,0.0,0,0,0,0.0,0.16666666666666666,0.06700198959224833,0.0,0.0,0,0,S1-878915110,S2-422884505,0
0.5333333333333333,0.5333333333333333,0.06060606060606061,0.06060606060606061,0.18518518518518517,0.0,0,0,0,0.0,0.14285714285714285,0.04706728833697765,0.0,0.0,0,0,S1-878915110,S2-655999699,0
0.5454545454545454,0.5454545454545454,0.07142857142857142,0.07142857142857142,0.36666666666666664,0.0,0,0,0,0.0,0.25,0.08567274512367501,0.09090909090909091,0.09090909090909093,0,0,S1-878915110,S2-274815545,0
0.41379310344827586,0.41379310344827586,0.05,0.05,0.1694915254237288,0.0,0,0,0,0.0,0.2,0.08388793732980104,0.0,0.0,0,0,S1-878915110,S2-415105143,0
0.42105263157894735,0.42105263157894735,0.07407407407407407,0.07407407407407407,0.34375,0.0,0,0,0,0.0,0.16666666666666666,0.0670374614624644,0.125,0.12500000000000003,0,0,S1-878915110,S2-2740239,0
0.21428571428571427,0.21428571428571427,0.05,0.05,0.23728813559322035,0.0,0,0,0,0.0,0.25,0.08009373727842098,0.0,0.0,0,0,S1-615802022,S2-41104747,0
0.4888888888888889,0.4888888888888889,0.02857142857142857,0.02857142857142857,0.26229508196721313,0.0,0,0,0,0.0,0.16666666666666666,0.04851091551086762,0.0,0.0,0,0,S1-615802022,S2-905347231,0
0.5945945945945946,0.5945945945945946,0.2608695652173913,0.2608695652173913,0.17391304347826086,0.0,0,0,0,0.0,0.2,0.22565095179348693,0.0,0.0,0,0,S1-615802022,S2-605149051,0
0.33962264150943394,0.33962264150943394,0.023255813953488372,0.023255813953488372,0.39344262295081966,0.0,0,0,0,0.0,0.16666666666666666,0.05615078399242828,0.0,0.0,0,0,S1-615802022,S2-830950856,0
0.2564102564102564,0.2564102564102564,0.034482758620689655,0.034482758620689655,0.2647058823529412,0.0,0,0,0,0.0,0.16666666666666666,0.05658558642688476,0.0,0.0,0,0,S1-615802022,S2-285645481,0
0.22950819672131148,0.22950819672131148,0.15555555555555556,0.15555555555555556,0.32653061224489793,0.0,0,0,0,0.0,0.16666666666666666,0.056696929980137374,0.0,0.0,0,0,S1-393854246,S2-668229072,0
0.5660377358490566,0.5660377358490566,0.2222222222222222,0.2222222222222222,0.291970802919708,0.0,0,0,0,0.0,0.16666666666666666,0.06255645763303577,0.0,0.0,0,0,S1-393854246,S2-593925129,0
0.5,0.5,0.14634146341463414,0.14634146341463414,0.41025641025641024,0.0,0,0,0,0.0,0.16666666666666666,0.06656266741342265,0.2,0.2,0,0,S1-393854246,S2-501562255,0
0.4727272727272727,0.4727272727272727,0.15,0.15,0.4444444444444444,0.0,0,0,0,0.0,0.16666666666666666,0.0548027493447807,0.1875,0.1875,0,0,S1-393854246,S2-305263659,0
0.23728813559322035,0.23728813559322035,0.11363636363636363,0.11363636363636363,0.30357142857142855,0.0,0,0,0,0.0,0.16666666666666666,0.04437237119734196,0.0,0.0,0,0,S1-393854246,S2-201861691,0
0.6206896551724138,0.6206896551724138,0.3333333333333333,0.3333333333333333,0.17964071856287425,0.0,0,0,0,0.0,0.3333333333333333,0.13152629113808645,0.0,0.0,0,0,S1-941175311,S2-72846151,0
0.5573770491803278,0.5573770491803278,0.175,0.175,0.26373626373626374,0.0,0,0,0,0.0,0.125,0.05560366566107763,0.05,0.04999999999999999,0,0,S1-941175311,S2-246998858,0
0.5357142857142857,0.5357142857142857,0.12195121951219512,0.12195121951219512,0.26905829596412556,0.0,0,0,0,0.0,0.14285714285714285,0.048066573859694796,0.0,0.0,0,0,S1-941175311,S2-979824716,0
0.625,0.625,0.2926829268292683,0.2926829268292683,0.27692307692307694,0.0,0,0,0,0.0,0.2857142857142857,0.11436204494024815,0.047619047619047616,0.04761904761904761,0,0,S1-941175311,S2-568103792,0
0.52,0.52,0.1388888888888889,0.1388888888888889,0.12422360248447205,0.0,0,0,0,0.0,0.16666666666666666,0.06685711839670326,0.0,0.0,0,0,S1-941175311,S2-997433167,0
0.3103448275862069,0.3103448275862069,0.06666666666666667,0.06666666666666667,0.3076923076923077,0.0,0,0,0,0.0,0.14285714285714285,0.10209440178796703,0.0,0.0,0,0,S1-290923889,S2-559168487,0
0.3492063492063492,0.3492063492063492,0.08163265306122448,0.08163265306122448,0.40310077519379844,0.0,0,0,0,0.0,0.14285714285714285,0.0886414790044016,0.05263157894736842,0.052631578947368404,0,0,S1-290923889,S2-758022033,0
0.37209302325581395,0.37209302325581395,0.14814814814814814,0.14814814814814814,0.38571428571428573,0.0,0,0,0,0.0,0.2,0.10502123776685798,0.05263157894736842,0.052631578947368404,0,0,S1-290923889,S2-222138949,0
0.2857142857142857,0.2857142857142857,0.08571428571428572,0.08571428571428572,0.3,0.0,0,0,0,0.0,0.14285714285714285,0.0931583692256997,0.0,0.0,0,0,S1-290923889,S2-183994815,0
0.4444444444444444,0.4444444444444444,0.1,0.1,0.22807017543859648,0.0,0,0,0,0.0,0.14285714285714285,0.09851193519267083,0.0,0.0,0,0,S1-290923889,S2-698674301,0
0.39215686274509803,0.39215686274509803,0.07692307692307693,0.07692307692307693,0.0,0.0,0,0,0,0.0,0.16666666666666666,0.19718008319585661,0.0,0.0,0,1,S1-716299113,S2-106851447,0
0.27450980392156865,0.27450980392156865,0.1388888888888889,0.1388888888888889,0.2692307692307692,0.0,0,0,0,0.0,0.14285714285714285,0.18526036743642443,0.0,0.0,0,0,S1-716299113,S2-291103991,0
0.5,0.5,0.2647058823529412,0.2647058823529412,0.2222222222222222,0.0,0,0,0,0.0,0.16666666666666666,0.19912013294612968,0.0,0.0,0,0,S1-716299113,S2-904596705,0
0.3508771929824561,0.3508771929824561,0.12195121951219512,0.12195121951219512,0.22580645161290322,0.0,0,0,0,0.0,0.125,0.12762775095216547,0.0,0.0,0,0,S1-716299113,S2-583617574,0
0.4090909090909091,0.4090909090909091,0.09090909090909091,0.09090909090909091,0.2608695652173913,0.0,0,0,0,0.0,0.2,0.1867952054802216,0.0,0.0,0,0,S1-716299113,S2-74023498,0
1.0,1.0,1.0,1.0,0.9299363057324841,1.0,1,1,4,1.0,1.0,1.0,0.9090909090909091,0.9090909090909091,1,0,S1-959912128,S2-149188745,1
0.4838709677419355,0.4838709677419355,0.13636363636363635,0.13636363636363635,0.3333333333333333,0.0,0,0,0,0.0,0.1111111111111111,0.038668992316240144,0.0625,0.06249999999999999,0,0,S1-959912128,S2-522688804,0
0.5217391304347826,0.5217391304347826,0.3023255813953488,0.3023255813953488,0.33121019108280253,0.0,0,0,0,0.0,0.2222222222222222,0.059673629519131174,0.047619047619047616,0.04761904761904761,0,0,S1-959912128,S2-585936881,0
0.6349206349206349,0.6349206349206349,0.3,0.3,0.27350427350427353,0.0,0,0,0,0.0,0.2857142857142857,0.09222642433134853,0.0,0.0,0,0,S1-959912128,S2-225823147,0
0.5588235294117647,0.5588235294117647,0.24444444444444444,0.24444444444444444,0.2328042328042328,0.0,0,0,0,0.0,0.1111111111111111,0.0323872599098553,0.038461538461538464,0.03846153846153845,0,0,S1-959912128,S2-25427710,0
0.5161290322580645,0.5161290322580645,0.13636363636363635,0.13636363636363635,0.2777777777777778,0.0,0,0,0,0.0,0.1111111111111111,0.03903050109874073,0.05263157894736842,0.052631578947368404,0,0,S1-959912128,S2-251767365,0
0.5084745762711864,0.5084745762711864,0.2894736842105263,0.2894736842105263,0.256,0.0,0,0,0,0.0,0.3333333333333333,0.23801714781108882,0.0,0.0,0,0,S1-522984215,S2-64738727,0
0.6296296296296297,0.6296296296296297,0.1891891891891892,0.1891891891891892,0.2014388489208633,0.0,0,0,0,0.0,0.14285714285714285,0.06221021406599687,0.047619047619047616,0.04761904761904761,0,0,S1-522984215,S2-119029058,0
0.43478260869565216,0.43478260869565216,0.11538461538461539,0.11538461538461539,0.22641509433962265,0.0,0,0,0,0.0,0.125,0.04861066464459998,0.0,0.0,0,0,S1-522984215,S2-532114071,0
0.23333333333333334,0.23333333333333334,0.1111111111111111,0.1111111111111111,0.23622047244094488,0.0,0,0,0,0.0,0.14285714285714285,0.052377809400700095,0.05263157894736842,0.052631578947368404,0,0,S1-522984215,S2-992821766,0
0.6461538461538462,0.6461538461538462,0.3170731707317073,0.3170731707317073,0.3142857142857143,0.0,0,0,0,0.0,0.3333333333333333,0.13833905457157786,0.047619047619047616,0.04761904761904761,0,0,S1-522984215,S2-710146348,0
0.4489795918367347,0.4489795918367347,0.25,0.25,0.16842105263157894,0.0,0,0,0,0.0,0.16666666666666666,0.1573454200675627,0.0,0.0,0,0,S1-764787709,S2-888686313,0
0.4406779661016949,0.4406779661016949,0.23529411764705882,0.23529411764705882,0.2608695652173913,0.0,0,0,0,0.0,0.2,0.13495777858008234,0.0,0.0,0,0,S1-764787709,S2-257227373,0
0.631578947368421,0.631578947368421,0.34782608695652173,0.34782608695652173,0.16260162601626016,0.0,0,0,0,0.0,0.25,0.18480209354838045,0.0,0.0,0,0,S1-764787709,S2-785181997,0
0.5945945945945946,0.5945945945945946,0.36363636363636365,0.36363636363636365,0.08163265306122448,0.0,0,0,0,0.0,0.25,0.1819994933217382,0.0,0.0,0,0,S1-764787709,S2-899977042,0
0.5161290322580645,0.5161290322580645,0.14285714285714285,0.14285714285714285,0.15555555555555556,0.0,0,0,0,0.0,0.25,0.30714186553808953,0.0,0.0,0,0,S1-764787709,S2-703154958,0
0.9122807017543859,0.9122807017543859,0.875,0.875,0.9836065573770492,1.0,1,1,5,1.0,0.8,0.8916589038406343,0.6666666666666666,0.6666666666666667,0,0,S1-846895016,S2-55555718,1
0.4,0.4,0.05263157894736842,0.05263157894736842,0.38596491228070173,0.0,0,0,0,0.0,0.14285714285714285,0.1143342417713614,0.0,0.0,0,0,S1-846895016,S2-245131547,0
0.40816326530612246,0.40816326530612246,0.05405405405405406,0.05405405405405406,0.2898550724637681,0.0,0,0,0,0.0,0.14285714285714285,0.09521381466167841,0.0,0.0,0,0,S1-846895016,S2-858373234,0
0.3333333333333333,0.3333333333333333,0.05405405405405406,0.05405405405405406,0.22950819672131148,0.0,0,0,0,0.0,0.16666666666666666,0.11030662820327271,0.0,0.0,0,0,S1-846895016,S2-478396541,0
0.46153846153846156,0.46153846153846156,0.05,0.05,0.3333333333333333,0.0,0,0,0,0.0,0.14285714285714285,0.11497372614473673,0.0,0.0,0,0,S1-846895016,S2-199000482,0
0.3111111111111111,0.3111111111111111,0.058823529411764705,0.058823529411764705,0.3103448275862069,0.0,0,0,0,0.0,0.16666666666666666,0.13026872130354902,0.0,0.0,0,0,S1-846895016,S2-519113888,0
0.37037037037037035,0.37037037037037035,0.024390243902439025,0.024390243902439025,0.20952380952380953,0.0,0,0,0,0.0,0.1111111111111111,0.040890817075894155,0.0,0.0,0,0,S1-766044750,S2-167904201,0
0.5490196078431373,0.5490196078431373,0.11428571428571428,0.11428571428571428,0.35294117647058826,0.0,0,0,0,0.0,0.25,0.10159789342922061,0.10526315789473684,0.10526315789473681,0,0,S1-766044750,S2-601262506,0
0.3157894736842105,0.3157894736842105,0.07692307692307693,0.07692307692307693,0.22916666666666666,0.0,0,0,0,0.0,0.14285714285714285,0.05649569500005274,0.0,0.0,0,0,S1-766044750,S2-248548017,0
0.5172413793103449,0.5172413793103449,0.045454545454545456,0.045454545454545456,0.18181818181818182,0.0,0,0,0,0.0,0.1111111111111111,0.04133989305966492,0.0,0.0,0,0,S1-766044750,S2-236074126,0
0.32,0.32,0.018518518518518517,0.018518518518518517,0.2676056338028169,0.0,0,0,0,0.0,0.1,0.03776927752386574,0.0,0.0,0,0,S1-766044750,S2-728873267,0
0.5194805194805194,0.5194805194805194,0.18181818181818182,0.18181818181818182,0.3128491620111732,0.0,0,0,0,0.0,0.14285714285714285,0.11959852829482728,0.03125,0.031249999999999986,0,0,S1-508039162,S2-949178280,0
0.5675675675675675,0.5675675675675675,0.21153846153846154,0.21153846153846154,0.21468926553672316,0.0,0,0,0,0.0,0.16666666666666666,0.16457889975237514,0.029411764705882353,0.02941176470588234,0,0,S1-508039162,S2-759796699,0
0.41379310344827586,0.41379310344827586,0.2564102564102564,0.2564102564102564,0.19548872180451127,0.0,0,0,0,0.0,0.25,0.17041381934800542,0.0,0.0,1,0,S1-508039162,S2-976227942,0
0.5,0.5,0.23404255319148937,0.23404255319148937,0.29714285714285715,0.25,1,1,1,0.0,0.2,0.15204865649666258,0.06896551724137931,0.06896551724137928,0,0,S1-508039162,S2-682267568,0
0.3582089552238806,0.3582089552238806,0.21739130434782608,0.21739130434782608,0.2634730538922156,0.0,0,0,0,0.0,0.2,0.15039764480632573,0.0,0.0,1,0,S1-508039162,S2-643172343,0
0.5777777777777777,0.5777777777777777,0.2857142857142857,0.2857142857142857,0.30656934306569344,0.0,0,0,0,0.0,0.16666666666666666,0.10930684811315577,0.0,0.0,0,0,S1-132507248,S2-237497049,0
0.3888888888888889,0.3888888888888889,0.12,0.12,0.20224719101123595,0.0,0,0,0,0.0,0.2,0.09458440609189475,0.0,0.0,0,0,S1-132507248,S2-813143578,0
0.4,0.4,0.08823529411764706,0.08823529411764706,0.25316455696202533,0.0,0,0,0,0.0,0.2,0.10635080312142733,0.043478260869565216,0.04347826086956521,0,0,S1-132507248,S2-243652111,0
0.5106382978723404,0.5106382978723404,0.08823529411764706,0.08823529411764706,0.29213483146067415,0.0,0,0,0,0.0,0.14285714285714285,0.08934587290066323,0.04,0.03999999999999999,0,0,S1-132507248,S2-582971022,0
0.42105263157894735,0.42105263157894735,0.1111111111111111,0.1111111111111111,0.27956989247311825,0.0,0,0,0,0.0,0.2,0.11345033618312814,0.07692307692307693,0.07692307692307693,0,0,S1-132507248,S2-962114569,0
0.2777777777777778,0.2777777777777778,0.05263157894736842,0.05263157894736842,0.19047619047619047,0.0,0,0,0,0.0,0.1111111111111111,0.06825501065914764,0.0,0.0,0,0,S1-323657094,S2-332640779,0
0.31746031746031744,0.31746031746031744,0.061224489795918366,0.061224489795918366,0.23255813953488372,0.0,0,0,0,0.0,0.125,0.06319668963417911,0.0,0.0,0,0,S1-323657094,S2-995431484,0
0.35555555555555557,0.35555555555555557,0.125,0.125,0.3157894736842105,0.0,0,0,0,0.0,0.16666666666666666,0.13464732496468032,0.0,0.0,1,0,S1-323657094,S2-101194469,0
0.3870967741935484,0.3870967741935484,0.0851063829787234,0.0851063829787234,0.19047619047619047,0.0,0,0,0,0.0,0.125,0.11538902466435491,0.0,0.0,0,0,S1-323657094,S2-801187929,0
0.35714285714285715,0.35714285714285715,0.07142857142857142,0.07142857142857142,0.3137254901960784,0.0,0,0,0,0.0,0.125,0.06550865112270546,0.0,0.0,0,0,S1-323657094,S2-995003429,0
0.47368421052631576,0.47368421052631576,0.037037037037037035,0.037037037037037035,0.26373626373626374,0.0,0,0,0,0.0,0.14285714285714285,0.06314650381648745,0.0,0.0,0,0,S1-472002771,S2-600035624,0
0.32727272727272727,0.32727272727272727,0.023809523809523808,0.023809523809523808,0.0,0.0,0,0,0,0.0,0.125,0.06933405061335121,0.0,0.0,0,1,S1-472002771,S2-901203153,0
0.36065573770491804,0.36065573770491804,0.10810810810810811,0.10810810810810811,0.22666666666666666,0.0,0,0,0,0.0,0.3333333333333333,0.1618687277490994,0.0,0.0,0,0,S1-472002771,S2-497815809,0
0.27450980392156865,0.27450980392156865,0.08333333333333333,0.08333333333333333,0.23809523809523808,0.0,0,0,0,0.0,0.2857142857142857,0.16420582097372413,0.0,0.0,0,0,S1-472002771,S2-920578119,0
0.45,0.45,0.034482758620689655,0.034482758620689655,0.2376237623762376,0.0,0,0,0,0.0,0.14285714285714285,0.07505564392444,0.0,0.0,0,0,S1-472002771,S2-814825886,0
0.3333333333333333,0.3333333333333333,0.023255813953488372,0.023255813953488372,0.3157894736842105,0.0,0,0,0,0.0,0.14285714285714285,0.04638049490782297,0.0,0.0,0,0,S1-528308886,S2-214339150,0
0.15,0.15,0.03225806451612903,0.03225806451612903,0.36065573770491804,0.0,0,0,0,0.0,0.2,0.05874856914546375,0.0,0.0,0,0,S1-528308886,S2-955374431,0
0.37735849056603776,0.37735849056603776,0.04878048780487805,0.04878048780487805,0.23684210526315788,0.0,0,0,0,0.0,0.14285714285714285,0.050354595754071536,0.0,0.0,0,0,S1-528308886,S2-786885600,0
0.28,0.28,0.025,0.025,0.37681159420289856,0.0,0,0,0,0.0,0.16666666666666666,0.04826270433157867,0.0,0.0,0,0,S1-528308886,S2-77850277,0
0.2631578947368421,0.2631578947368421,0.034482758620689655,0.034482758620689655,0.34782608695652173,0.0,0,0,0,0.0,0.2,0.07314036104115049,0.0,0.0,0,0,S1-528308886,S2-5411904,0
0.23076923076923078,0.23076923076923078,0.025,0.025,0.3283582089552239,0.0,0,0,0,0.0,0.125,0.05662279026337732,0.0,0.0,0,0,S1-364885957,S2-907695861,0
0.38095238095238093,0.38095238095238093,0.06666666666666667,0.06666666666666667,0.18461538461538463,0.0,0,0,0,0.0,0.14285714285714285,0.05139850277148941,0.0,0.0,0,0,S1-364885957,S2-478172701,0
0.3181818181818182,0.3181818181818182,0.03125,0.03125,0.15625,0.0,0,0,0,0.0,0.125,0.05424713588780396,0.0,0.0,0,0,S1-364885957,S2-875242013,0
0.35,0.35,0.03571428571428571,0.03571428571428571,0.15625,0.0,0,0,0,0.0,0.125,0.0421630104854506,0.0,0.0,0,0,S1-364885957,S2-149780376,0
0.4074074074074074,0.4074074074074074,0.03125,0.03125,0.1,0.0,0,0,0,0.0,0.125,0.04043815673096831,0.0,0.0,0,0,S1-364885957,S2-255852747,0
0.30434782608695654,0.30434782608695654,0.02857142857142857,0.02857142857142857,0.29508196721311475,0.0,0,0,0,0.0,0.14285714285714285,0.061371983890874345,0.0,0.0,0,0,S1-148195452,S2-52030436,0
0.3076923076923077,0.3076923076923077,0.034482758620689655,0.034482758620689655,0.2318840579710145,0.0,0,0,0,0.0,0.16666666666666666,0.06642711521253605,0.0,0.0,0,0,S1-148195452,S2-757872658,0
0.35714285714285715,0.35714285714285715,0.022727272727272728,0.022727272727272728,0.37681159420289856,0.0,0,0,0,0.0,0.125,0.04987086909751947,0.0,0.0,0,0,S1-148195452,S2-157683888,0
0.17647058823529413,0.17647058823529413,0.04,0.04,0.4482758620689655,0.0,0,0,0,0.0,0.2,0.0873335019781425,0.1111111111111111,0.11111111111111113,0,0,S1-148195452,S2-112337617,0
0.3111111111111111,0.3111111111111111,0.02857142857142857,0.02857142857142857,0.2191780821917808,0.0,0,0,0,0.0,0.16666666666666666,0.06563443436352602,0.0,0.0,0,0,S1-148195452,S2-960244274,0
0.46153846153846156,0.46153846153846156,0.05555555555555555,0.05555555555555555,0.21212121212121213,0.0,0,0,0,0.0,0.25,0.07376138586905112,0.0,0.0,0,0,S1-36221003,S2-970513240,0
0.34285714285714286,0.34285714285714286,0.125,0.125,0.2903225806451613,0.0,0,0,0,0.0,0.2,0.0667555364501739,0.0,0.0,0,0,S1-36221003,S2-569019785,0
0.30434782608695654,0.30434782608695654,0.027777777777777776,0.027777777777777776,0.0,0.0,0,0,0,0.0,0.16666666666666666,0.05885088832920812,0.0,0.0,0,1,S1-36221003,S2-430199267,0
0.3870967741935484,0.3870967741935484,0.047619047619047616,0.047619047619047616,0.0,0.0,0,0,0,0.0,0.16666666666666666,0.05745139596220588,0.0,0.0,0,1,S1-36221003,S2-174330954,0
0.3333333333333333,0.3333333333333333,0.027777777777777776,0.027777777777777776,0.417910447761194,0.0,0,0,0,0.0,0.14285714285714285,0.05257199805245307,0.07692307692307693,0.07692307692307693,0,0,S1-36221003,S2-504118863,0
0.5625,0.5625,0.2926829268292683,0.2926829268292683,0.32592592592592595,0.0,0,0,0,0.0,0.2857142857142857,0.1021380251733371,0.058823529411764705,0.0588235294117647,0,0,S1-697554505,S2-385285395,0
0.2153846153846154,0.2153846153846154,0.058823529411764705,0.058823529411764705,0.23076923076923078,0.0,0,0,0,0.0,0.125,0.07359136339079682,0.0,0.0,0,0,S1-697554505,S2-568836321,0
0.4262295081967213,0.4262295081967213,0.13636363636363635,0.13636363636363635,0.2903225806451613,0.0,0,0,0,0.0,0.14285714285714285,0.046681597477908024,0.0,0.0,0,0,S1-697554505,S2-905745733,0
0.39436619718309857,0.39436619718309857,0.1346153846153846,0.1346153846153846,0.0,0.0,0,0,0,0.0,0.1111111111111111,0.040244173823267705,0.0,0.0,1,1,S1-697554505,S2-721018947,0
0.44,0.44,0.14285714285714285,0.14285714285714285,0.2692307692307692,0.0,0,0,0,0.0,0.14285714285714285,0.048694444151554786,0.09090909090909091,0.09090909090909093,0,0,S1-697554505,S2-953539608,0
0.47761194029850745,0.47761194029850745,0.09803921568627451,0.09803921568627451,0.16296296296296298,0.0,0,0,0,0.0,0.125,0.037543633834630774,0.05,0.04999999999999999,1,0,S1-521070151,S2-927333668,0
0.38461538461538464,0.38461538461538464,0.18181818181818182,0.18181818181818182,0.25742574257425743,0.0,0,0,0,0.0,0.25,0.0813181009646606,0.0,0.0,0,0,S1-521070151,S2-810128492,0
0.5797101449275363,0.5797101449275363,0.29545454545454547,0.29545454545454547,0.1568627450980392,0.0,0,0,0,0.0,0.2857142857142857,0.09732379849369753,0.0,0.0,0,0,S1-521070151,S2-243703156,0
0.41935483870967744,0.41935483870967744,0.10638297872340426,0.10638297872340426,0.32786885245901637,0.0,0,0,0,0.0,0.14285714285714285,0.04226557082450212,0.05555555555555555,0.055555555555555546,0,0,S1-521070151,S2-185862053,0
0.6944444444444444,0.6944444444444444,0.2978723404255319,0.2978723404255319,0.323943661971831,0.0,0,0,0,0.0,0.2857142857142857,0.07997523082829956,0.047619047619047616,0.04761904761904761,0,0,S1-521070151,S2-718106961,0
0.35294117647058826,0.35294117647058826,0.025,0.025,0.2222222222222222,0.0,0,0,0,0.0,0.14285714285714285,0.040686933256312965,0.0,0.0,0,0,S1-307635173,S2-258605123,0
0.46153846153846156,0.46153846153846156,0.034482758620689655,0.034482758620689655,0.39285714285714285,0.0,0,0,0,0.0,0.16666666666666666,0.04811428996156341,0.0,0.0,0,0,S1-307635173,S2-886046860,0
0.2857142857142857,0.2857142857142857,0.05405405405405406,0.05405405405405406,0.29850746268656714,0.0,0,0,0,0.0,0.14285714285714285,0.03884257867935118,0.0,0.0,0,0,S1-307635173,S2-143871008,0
0.3902439024390244,0.3902439024390244,0.03225806451612903,0.03225806451612903,0.25,0.0,0,0,0,0.0,0.16666666666666666,0.04838035978090713,0.0,0.0,1,0,S1-307635173,S2-81309128,0
0.3333333333333333,0.3333333333333333,0.037037037037037035,0.037037037037037035,0.34782608695652173,0.0,0,0,0,0.0,0.2,0.06389042969582809,0.0,0.0,0,0,S1-307635173,S2-467510865,0
0.38095238095238093,0.38095238095238093,0.13333333333333333,0.13333333333333333,0.17543859649122806,0.0,0,0,0,0.0,0.2,0.16235425527928274,0.0,0.0,0,0,S1-801982051,S2-136334226,0
0.47058823529411764,0.47058823529411764,0.1111111111111111,0.1111111111111111,0.3393939393939394,0.0,0,0,0,0.0,0.16666666666666666,0.15423092373375583,0.041666666666666664,0.04166666666666666,0,0,S1-801982051,S2-12768348,0
0.4,0.4,0.0975609756097561,0.0975609756097561,0.20382165605095542,0.0,0,0,0,0.0,0.14285714285714285,0.12162086571248543,0.0,0.0,0,0,S1-801982051,S2-57844832,0
0.2926829268292683,0.2926829268292683,0.13793103448275862,0.13793103448275862,0.26666666666666666,0.0,0,0,0,0.0,0.2,0.16422694021319037,0.0,0.0,0,0,S1-801982051,S2-232910371,0
0.5238095238095238,0.5238095238095238,0.13333333333333333,0.13333333333333333,0.224,0.0,0,0,0,0.0,0.2,0.1645308009433165,0.0,0.0,1,0,S1-801982051,S2-831399457,0
0.6086956521739131,0.6086956521739131,0.21428571428571427,0.21428571428571427,0.2972972972972973,0.0,0,0,0,0.0,0.3333333333333333,0.309874779151487,0.0,0.0,0,0,S1-442099395,S2-575404746,0
0.5333333333333333,0.5333333333333333,0.2222222222222222,0.2222222222222222,0.2857142857142857,0.0,0,0,0,0.0,0.25,0.26431570091271306,0.0,0.0,0,0,S1-442099395,S2-72823922,0
0.782608695652174,0.782608695652174,0.3076923076923077,0.3076923076923077,0.36923076923076925,0.0,0,0,0,0.0,0.3333333333333333,0.35647301813890786,0.0,0.0,0,0,S1-442099395,S2-828955769,0
0.47058823529411764,0.47058823529411764,0.13043478260869565,0.13043478260869565,0.2727272727272727,0.0,0,0,0,0.0,0.2,0.28427165605266397,0.0,0.0,0,0,S1-442099395,S2-655316441,0
0.6428571428571429,0.6428571428571429,0.23529411764705882,0.23529411764705882,0.34782608695652173,0.0,0,0,0,0.0,0.25,0.2926935577357916,0.0,0.0,0,0,S1-442099395,S2-184844130,0
0.45454545454545453,0.45454545454545453,0.0625,0.0625,0.1774193548387097,0.0,0,0,0,0.0,0.14285714285714285,0.06907661239083289,0.0,0.0,0,0,S1-817898491,S2-604410312,0
0.3,0.3,0.07142857142857142,0.07142857142857142,0.2711864406779661,0.0,0,0,0,0.0,0.3333333333333333,0.1767550956153173,0.0,0.0,0,0,S1-817898491,S2-514164145,0
0.42857142857142855,0.42857142857142855,0.14285714285714285,0.14285714285714285,0.11320754716981132,0.0,0,0,0,0.0,0.3333333333333333,0.1769567524856786,0.0,0.0,0,0,S1-817898491,S2-146008664,0
0.4444444444444444,0.4444444444444444,0.13333333333333333,0.13333333333333333,0.3372093023255814,0.0,0,0,0,0.0,0.2857142857142857,0.1473791500733846,0.04,0.03999999999999999,0,0,S1-817898491,S2-75505577,0
0.42424242424242425,0.42424242424242425,0.09523809523809523,0.09523809523809523,0.29473684210526313,0.0,0,0,0,0.0,0.3333333333333333,0.15944075019485515,0.0,0.0,0,0,S1-817898491,S2-704648035,0
0.2692307692307692,0.2692307692307692,0.025,0.025,0.37735849056603776,0.0,0,0,0,0.0,0.125,0.03255947280172107,0.0,0.0,0,0,S1-521250108,S2-264356042,0
0.4,0.4,0.023255813953488372,0.023255813953488372,0.3157894736842105,0.0,0,0,0,0.0,0.125,0.035458741955767856,0.0,0.0,0,0,S1-521250108,S2-717616158,0
0.38095238095238093,0.38095238095238093,0.03125,0.03125,0.21818181818181817,0.0,0,0,0,0.0,0.16666666666666666,0.04131982166140275,0.0,0.0,0,0,S1-521250108,S2-570121183,0
0.391304347826087,0.391304347826087,0.058823529411764705,0.058823529411764705,0.0,0.0,0,0,0,0.0,0.14285714285714285,0.03766069981939509,0.0,0.0,1,1,S1-521250108,S2-551186748,0
0.39215686274509803,0.39215686274509803,0.02564102564102564,0.02564102564102564,0.39344262295081966,0.0,0,0,0,0.0,0.125,0.03650006535113044,0.1111111111111111,0.11111111111111113,0,0,S1-521250108,S2-982403033,0
0.36363636363636365,0.36363636363636365,0.023809523809523808,0.023809523809523808,0.2653061224489796,0.0,0,0,0,0.0,0.14285714285714285,0.07810878876734764,0.0,0.0,0,0,S1-22371758,S2-154629650,0
0.3333333333333333,0.3333333333333333,0.023809523809523808,0.023809523809523808,0.23655913978494625,0.0,0,0,0,0.0,0.125,0.06707098313665595,0.0,0.0,0,0,S1-22371758,S2-456833676,0
0.782608695652174,0.782608695652174,0.5,0.5,0.1935483870967742,0.0,0,0,0,0.0,0.6,0.37703698158290894,0.045454545454545456,0.04545454545454544,0,0,S1-22371758,S2-428029762,0
0.46153846153846156,0.46153846153846156,0.16666666666666666,0.16666666666666666,0.08403361344537816,0.0,0,0,0,0.0,0.14285714285714285,0.12465239598757419,0.0,0.0,0,0,S1-22371758,S2-411500333,0
0.375,0.375,0.20930232558139536,0.20930232558139536,0.3103448275862069,0.0,0,0,0,0.0,0.25,0.12562046985851588,0.058823529411764705,0.0588235294117647,0,0,S1-22371758,S2-140860054,0
0.5172413793103449,0.5172413793103449,0.14634146341463414,0.14634146341463414,0.13533834586466165,0.0,0,0,0,0.0,0.16666666666666666,0.06297537533873673,0.0,0.0,0,0,S1-983010402,S2-969852468,0
0.38596491228070173,0.38596491228070173,0.12195121951219512,0.12195121951219512,0.2992125984251969,0.0,0,0,0,0.0,0.16666666666666666,0.07231347708478782,0.0,0.0,0,0,S1-983010402,S2-459175414,0
0.6388888888888888,0.6388888888888888,0.2765957446808511,0.2765957446808511,0.24347826086956523,0.0,0,0,0,0.0,0.3333333333333333,0.10823938590247371,0.0,0.0,0,0,S1-983010402,S2-778615935,0
0.5245901639344263,0.5245901639344263,0.16666666666666666,0.16666666666666666,0.52,0.0,0,0,0,0.0,0.14285714285714285,0.0659701332638595,0.1111111111111111,0.11111111111111109,0,0,S1-983010402,S2-734315659,0
0.5573770491803278,0.5573770491803278,0.16666666666666666,0.16666666666666666,0.29411764705882354,0.0,0,0,0,0.0,0.14285714285714285,0.042578174100703234,0.07692307692307693,0.07692307692307693,0,0,S1-983010402,S2-64465381,0
0.27450980392156865,0.27450980392156865,0.07894736842105263,0.07894736842105263,0.36477987421383645,0.0,0,0,0,0.0,0.3333333333333333,0.1300461075013828,0.08695652173913043,0.08695652173913042,0,0,S1-584177675,S2-620063271,0
0.3188405797101449,0.3188405797101449,0.017543859649122806,0.017543859649122806,0.203125,0.0,0,0,0,0.0,0.125,0.05026743113785103,0.0,0.0,0,0,S1-584177675,S2-742454955,0
0.5396825396825397,0.5396825396825397,0.02,0.02,0.20606060606060606,0.0,0,0,0,0.0,0.125,0.058294012400416394,0.0,0.0,0,0,S1-584177675,S2-726231264,0
0.39215686274509803,0.39215686274509803,0.02631578947368421,0.02631578947368421,0.3804347826086957,0.2,1,1,1,0.0,0.14285714285714285,0.057687949787191585,0.03571428571428571,0.0357142857142857,0,0,S1-584177675,S2-222153522,0
0.6538461538461539,0.6538461538461539,0.07692307692307693,0.07692307692307693,0.10344827586206896,0.0,0,0,0,0.0,0.14285714285714285,0.06126625649095325,0.041666666666666664,0.04166666666666666,0,0,S1-584177675,S2-496957962,0
0.4888888888888889,0.4888888888888889,0.16129032258064516,0.16129032258064516,0.16666666666666666,0.0,0,0,0,0.0,0.16666666666666666,0.07731500234325507,0.0,0.0,0,0,S1-108551334,S2-639700532,0
0.43636363636363634,0.43636363636363634,0.125,0.125,0.35658914728682173,0.0,0,0,0,0.0,0.14285714285714285,0.0509879335959806,0.058823529411764705,0.0588235294117647,0,0,S1-108551334,S2-336736780,0
0.3793103448275862,0.3793103448275862,0.14285714285714285,0.14285714285714285,0.25870646766169153,0.2,1,1,1,0.0,0.14285714285714285,0.05200224930387466,0.03571428571428571,0.0357142857142857,0,0,S1-108551334,S2-905097590,0
0.36666666666666664,0.36666666666666664,0.1111111111111111,0.1111111111111111,0.19696969696969696,0.0,0,0,0,0.0,0.14285714285714285,0.043177746372013125,0.05555555555555555,0.055555555555555546,0,0,S1-108551334,S2-441944200,0
0.4528301886792453,0.4528301886792453,0.1282051282051282,0.1282051282051282,0.3717948717948718,0.3333333333333333,1,1,1,0.0,0.16666666666666666,0.07457437457882474,0.09090909090909091,0.09090909090909088,0,0,S1-108551334,S2-158267007,0
0.4444444444444444,0.4444444444444444,0.1935483870967742,0.1935483870967742,0.2222222222222222,0.0,0,0,0,0.0,0.2,0.17208697340380344,0.0,0.0,0,0,S1-38052274,S2-835581207,0
0.3829787234042553,0.3829787234042553,0.05714285714285714,0.05714285714285714,0.1518987341772152,0.0,0,0,0,0.0,0.14285714285714285,0.10536322454116219,0.0,0.0,0,0,S1-38052274,S2-462422692,0
0.4307692307692308,0.4307692307692308,0.125,0.125,0.29333333333333333,0.0,0,0,0,0.0,0.125,0.16136819689600326,0.0,0.0,1,0,S1-38052274,S2-924934259,0
0.36363636363636365,0.36363636363636365,0.06060606060606061,0.06060606060606061,0.3,0.0,0,0,0,0.0,0.16666666666666666,0.11511462848332527,0.0,0.0,0,0,S1-38052274,S2-602479047,0
0.5714285714285714,0.5714285714285714,0.12195121951219512,0.12195121951219512,0.225,0.0,0,0,0,0.0,0.14285714285714285,0.13340592104896973,0.0,0.0,1,0,S1-38052274,S2-630593071,0
0.6808510638297872,0.6808510638297872,0.39285714285714285,0.39285714285714285,0.956989247311828,1.0,2,1,7,0.0,0.5,0.6322576488807454,0.8823529411764706,0.8823529411764706,0,0,S1-470239930,S2-347746473,1
0.3076923076923077,0.3076923076923077,0.05,0.05,0.288,0.0,0,0,0,0.0,0.14285714285714285,0.13460317925456053,0.0,0.0,0,0,S1-470239930,S2-899484431,0
0.5581395348837209,0.5581395348837209,0.13333333333333333,0.13333333333333333,0.0,0.0,0,0,0,0.0,0.16666666666666666,0.15779618709375368,0.0,0.0,1,1,S1-470239930,S2-936401051,0
0.38461538461538464,0.38461538461538464,0.075,0.075,0.5131578947368421,0.0,0,0,0,0.0,0.16666666666666666,0.19365584240137668,0.2,0.19999999999999996,0,0,S1-470239930,S2-866425356,0
0.32,0.32,0.10810810810810811,0.10810810810810811,0.24285714285714285,0.0,0,0,0,0.0,0.16666666666666666,0.14704860303507244,0.043478260869565216,0.04347826086956521,0,0,S1-470239930,S2-236095143,0
0.2857142857142857,0.2857142857142857,0.0625,0.0625,0.2047244094488189,0.0,0,0,0,0.0,0.2,0.1516332682291701,0.0,0.0,0,0,S1-470239930,S2-142542718,0
0.5217391304347826,0.5217391304347826,0.125,0.125,0.30701754385964913,0.0,0,0,0,0.0,0.3333333333333333,0.1421435624196894,0.09090909090909091,0.09090909090909088,0,0,S1-62027609,S2-856605032,0
0.33962264150943394,0.33962264150943394,0.024390243902439025,0.024390243902439025,0.35036496350364965,0.0,0,0,0,0.0,0.125,0.06449551651885456,0.1,0.09999999999999998,0,0,S1-62027609,S2-443505048,0
0.32786885245901637,0.32786885245901637,0.02040816326530612,0.02040816326530612,0.140625,0.0,0,0,0,0.0,0.125,0.06207537075962089,0.0,0.0,0,0,S1-62027609,S2-382068231,0
0.3181818181818182,0.3181818181818182,0.029411764705882353,0.029411764705882353,0.2689075630252101,0.0,0,0,0,0.0,0.16666666666666666,0.06438700819940844,0.05555555555555555,0.055555555555555546,0,0,S1-62027609,S2-75182689,0
0.35555555555555557,0.35555555555555557,0.02857142857142857,0.02857142857142857,0.21621621621621623,0.0,0,0,0,0.0,0.16666666666666666,0.07463385610149056,0.0,0.0,0,0,S1-62027609,S2-519934734,0
0.4864864864864865,0.4864864864864865,0.2,0.2,0.2909090909090909,0.0,0,0,0,0.0,0.25,0.27918256939950076,0.0,0.0,0,0,S1-960426400,S2-481718637,0
0.46511627906976744,0.46511627906976744,0.16666666666666666,0.16666666666666666,0.18518518518518517,0.0,0,0,0,0.0,0.2,0.15727443543567715,0.0,0.0,0,0,S1-960426400,S2-832061298,0
0.47368421052631576,0.47368421052631576,0.2,0.2,0.3389830508474576,0.0,0,0,0,0.0,0.2,0.18130075226004033,0.0,0.0,0,0,S1-960426400,S2-623880468,0
0.5128205128205128,0.5128205128205128,0.19230769230769232,0.19230769230769232,0.25,0.0,0,0,0,0.0,0.2,0.2461672777961183,0.0,0.0,0,0,S1-960426400,S2-188115207,0
0.42857142857142855,0.42857142857142855,0.1724137931034483,0.1724137931034483,0.36666666666666664,0.0,0,0,0,0.0,0.2,0.18133090544693306,0.1111111111111111,0.11111111111111113,1,0,S1-960426400,S2-812643664,0
0.5853658536585366,0.5853658536585366,0.3076923076923077,0.3076923076923077,0.25287356321839083,0.0,0,0,0,0.0,0.25,0.1437207616249638,0.0,0.0,0,0,S1-776894374,S2-818125167,0
0.4444444444444444,0.4444444444444444,0.21621621621621623,0.21621621621621623,0.18181818181818182,0.0,0,0,0,0.0,0.16666666666666666,0.1203191576994404,0.0,0.0,1,0,S1-776894374,S2-16560660,0
0.5531914893617021,0.5531914893617021,0.26666666666666666,0.26666666666666666,0.20408163265306123,0.0,0,0,0,0.0,0.2,0.14602612884728425,0.0,0.0,0,0,S1-776894374,S2-604763898,0
0.5306122448979592,0.5306122448979592,0.24242424242424243,0.24242424242424243,0.11904761904761904,0.0,0,0,0,0.0,0.2,0.11231830190532195,0.0,0.0,0,0,S1-776894374,S2-718291546,0
0.5,0.5,0.20512820512820512,0.20512820512820512,0.21978021978021978,0.0,0,0,0,0.0,0.16666666666666666,0.11237527305460576,0.0,0.0,0,0,S1-776894374,S2-430357089,0
0.3870967741935484,0.3870967741935484,0.043478260869565216,0.043478260869565216,0.23076923076923078,0.0,0,0,0,0.0,0.25,0.07414689274096377,0.0,0.0,0,0,S1-979544001,S2-174235168,0
0.3157894736842105,0.3157894736842105,0.034482758620689655,0.034482758620689655,0.18666666666666668,0.0,0,0,0,0.0,0.2,0.056182562486403825,0.0,0.0,0,0,S1-979544001,S2-928588719,0
0.5142857142857142,0.5142857142857142,0.07692307692307693,0.07692307692307693,0.07272727272727272,0.0,0,0,0,0.0,0.25,0.06581888737029166,0.1111111111111111,0.11111111111111113,1,0,S1-979544001,S2-704872902,0
0.3783783783783784,0.3783783783783784,0.037037037037037035,0.037037037037037035,0.21818181818181817,0.0,0,0,0,0.0,0.2,0.05669498968578772,0.0,0.0,0,0,S1-979544001,S2-124519520,0
0.4444444444444444,0.4444444444444444,0.05263157894736842,0.05263157894736842,0.2033898305084746,0.0,0,0,0,0.0,0.25,0.079800384184605,0.0,0.0,0,0,S1-979544001,S2-786111039,0
0.6111111111111112,0.6111111111111112,0.16,0.16,0.2898550724637681,0.0,0,0,0,0.0,0.3333333333333333,0.3616314514787103,0.0,0.0,0,0,S1-92171564,S2-331311420,0
0.7027027027027027,0.7027027027027027,0.34782608695652173,0.34782608695652173,0.15384615384615385,0.0,0,0,0,0.0,0.3333333333333333,0.3258660552351853,0.0,0.0,0,0,S1-92171564,S2-471575305,0
0.6666666666666666,0.6666666666666666,0.3333333333333333,0.3333333333333333,0.32786885245901637,0.0,0,0,0,0.0,0.25,0.2946462217643095,0.0,0.0,0,0,S1-92171564,S2-850872556,0
0.6857142857142857,0.6857142857142857,0.38095238095238093,0.38095238095238093,0.14035087719298245,0.0,0,0,0,0.0,0.3333333333333333,0.32833853031282256,0.0,0.0,0,0,S1-92171564,S2-140890220,0
0.6857142857142857,0.6857142857142857,0.38095238095238093,0.38095238095238093,0.2153846153846154,0.0,0,0,0,0.0,0.3333333333333333,0.2683448037466001,0.0,0.0,0,0,S1-92171564,S2-4398175,0
0.8571428571428571,0.8571428571428571,0.8125,0.8125,0.7755102040816326,0.5,1,1,2,0.0,0.0,0.0,0.2857142857142857,0.28571428571428575,0,0,S1-595246384,S2-261144736,1
0.30434782608695654,0.30434782608695654,0.02857142857142857,0.02857142857142857,0.2909090909090909,0.0,0,0,0,0.0,0.2,0.05450774606113154,0.0,0.0,0,0,S1-595246384,S2-857339766,0
0.358974358974359,0.358974358974359,0.03333333333333333,0.03333333333333333,0.22641509433962265,0.0,0,0,0,0.0,0.2,0.06920378357888374,0.0,0.0,0,0,S1-595246384,S2-636771725,0
0.30303030303030304,0.30303030303030304,0.01818181818181818,0.01818181818181818,0.26666666666666666,0.0,0,0,0,0.0,0.14285714285714285,0.04910224913382167,0.0,0.0,0,0,S1-595246384,S2-351779082,0
0.38095238095238093,0.38095238095238093,0.029411764705882353,0.029411764705882353,0.2222222222222222,0.0,0,0,0,0.0,0.25,0.07003409141107339,0.0,0.0,0,0,S1-595246384,S2-801127545,0
0.2631578947368421,0.2631578947368421,0.034482758620689655,0.034482758620689655,0.3103448275862069,0.0,0,0,0,0.0,0.2,0.05141464047761471,0.0,0.0,0,0,S1-595246384,S2-47581543,0
0.3076923076923077,0.3076923076923077,0.03333333333333333,0.03333333333333333,0.3129251700680272,0.0,0,0,0,0.0,0.2,0.15228674664486713,0.045454545454545456,0.04545454545454544,0,0,S1-655394702,S2-700242490,0
0.26229508196721313,0.26229508196721313,0.04081632653061224,0.04081632653061224,0.25,0.0,0,0,0,0.0,0.14285714285714285,0.09989807549600907,0.1111111111111111,0.11111111111111109,0,0,S1-655394702,S2-469071732,0
0.36,0.36,0.025,0.025,0.1456953642384106,0.0,0,0,0,0.0,0.16666666666666666,0.11491889664311353,0.14285714285714285,0.14285714285714285,0,0,S1-655394702,S2-22926368,0
0.43902439024390244,0.43902439024390244,0.03125,0.03125,0.11956521739130435,0.0,0,0,0,0.0,0.2,0.11672858617587195,0.11538461538461539,0.11538461538461536,0,0,S1-655394702,S2-25708619,0
0.8181818181818182,0.8181818181818182,0.5,0.5,0.13008130081300814,0.0,0,0,0,0.0,0.5,0.4487443655258721,0.0,0.0,0,0,S1-655394702,S2-814853152,0
0.4878048780487805,0.4878048780487805,0.06666666666666667,0.06666666666666667,0.3235294117647059,0.0,0,0,0,0.0,0.16666666666666666,0.1061050156760698,0.0,0.0,1,0,S1-860329153,S2-225500801,0
0.5128205128205128,0.5128205128205128,0.14814814814814814,0.14814814814814814,0.14084507042253522,0.0,0,0,0,0.0,0.2,0.20017983840489578,0.0,0.0,0,0,S1-860329153,S2-35858812,0
0.4,0.4,0.06666666666666667,0.06666666666666667,0.36619718309859156,0.0,0,0,0,0.0,0.2,0.14403531427218816,0.0,0.0,0,0,S1-860329153,S2-849787980,0
0.2413793103448276,0.2413793103448276,0.043478260869565216,0.043478260869565216,0.0,0.0,0,0,0,0.0,0.14285714285714285,0.10637366614681729,0.0,0.0,0,1,S1-860329153,S2-227360637,0
0.4827586206896552,0.4827586206896552,0.1,0.1,0.26666666666666666,0.0,0,0,0,0.0,0.25,0.18244710416045343,0.0,0.0,0,0,S1-860329153,S2-118357205,0
0.35,0.35,0.03333333333333333,0.03333333333333333,0.42105263157894735,0.0,0,0,0,0.0,0.16666666666666666,0.16500264411562804,0.0,0.0,0,0,S1-132726348,S2-103194364,0
0.42857142857142855,0.42857142857142855,0.05,0.05,0.21621621621621623,0.0,0,0,0,0.0,0.25,0.23464265009349872,0.0,0.0,0,0,S1-132726348,S2-217664115,0
0.42105263157894735,0.42105263157894735,0.037037037037037035,0.037037037037037035,0.2972972972972973,0.0,0,0,0,0.0,0.2,0.16932115227166797,0.0,0.0,0,0,S1-132726348,S2-833825636,0
0.36363636363636365,0.36363636363636365,0.06666666666666667,0.06666666666666667,0.3614457831325301,0.0,0,0,0,0.0,0.3333333333333333,0.28212230018511897,0.0,0.0,1,0,S1-132726348,S2-617320269,0
0.2702702702702703,0.2702702702702703,0.037037037037037035,0.037037037037037035,0.1518987341772152,0.0,0,0,0,0.0,0.16666666666666666,0.150866649866608,0.0,0.0,0,0,S1-132726348,S2-886204153,0
0.5230769230769231,0.5230769230769231,0.19148936170212766,0.19148936170212766,0.1839080459770115,0.0,0,0,0,0.0,0.16666666666666666,0.15943830070495116,0.0,0.0,0,0,S1-471036556,S2-19340872,0
0.3103448275862069,0.3103448275862069,0.11363636363636363,0.11363636363636363,0.21951219512195122,0.0,0,0,0,0.0,0.16666666666666666,0.15278985699836117,0.0,0.0,0,0,S1-471036556,S2-531653094,0
0.4507042253521127,0.4507042253521127,0.17647058823529413,0.17647058823529413,0.23529411764705882,0.0,0,0,0,0.0,0.125,0.10829025494954875,0.0,0.0,0,0,S1-471036556,S2-888584005,0
0.4,0.4,0.13333333333333333,0.13333333333333333,0.1348314606741573,0.0,0,0,0,0.0,0.16666666666666666,0.1415028657435801,0.0,0.0,0,0,S1-471036556,S2-907011794,0
0.46153846153846156,0.46153846153846156,0.23636363636363636,0.23636363636363636,0.3076923076923077,0.0,0,0,0,0.0,0.14285714285714285,0.14671853701057638,0.0,0.0,1,0,S1-471036556,S2-492669899,0
0.3548387096774194,0.3548387096774194,0.02040816326530612,0.02040816326530612,0.0547945205479452,0.0,0,0,0,0.0,0.125,0.04594325733561807,0.07142857142857142,0.07142857142857142,0,0,S1-777263507,S2-756032032,0
0.43243243243243246,0.43243243243243246,0.08771929824561403,0.08771929824561403,0.136986301369863,0.0,0,0,0,0.0,0.1111111111111111,0.1139305317208937,0.0,0.0,0,0,S1-777263507,S2-161404994,0
0.4090909090909091,0.4090909090909091,0.09375,0.09375,0.25806451612903225,0.0,0,0,0,0.0,0.16666666666666666,0.0718130990432875,0.0,0.0,0,0,S1-777263507,S2-155641186,0
0.25396825396825395,0.25396825396825395,0.02,0.02,0.2571428571428571,0.0,0,0,0,0.0,0.1111111111111111,0.03890654154231264,0.0,0.0,0,0,S1-777263507,S2-599308593,0
0.4230769230769231,0.4230769230769231,0.07894736842105263,0.07894736842105263,0.43478260869565216,0.0,0,0,0,0.0,0.3333333333333333,0.2246024369420995,0.0,0.0,1,0,S1-777263507,S2-549915437,0
0.39344262295081966,0.39344262295081966,0.06521739130434782,0.06521739130434782,0.3561643835616438,0.0,0,0,0,0.0,0.1111111111111111,0.09098585360799817,0.0,0.0,0,0,S1-191756474,S2-228372424,0
0.4444444444444444,0.4444444444444444,0.030303030303030304,0.030303030303030304,0.2898550724637681,0.0,0,0,0,0.0,0.125,0.09893148725731929,0.0,0.0,0,0,S1-191756474,S2-743290701,0
0.4583333333333333,0.4583333333333333,0.08571428571428572,0.08571428571428572,0.22857142857142856,0.0,0,0,0,0.0,0.14285714285714285,0.12702734787391642,0.0,0.0,0,0,S1-191756474,S2-479732238,0
0.45454545454545453,0.45454545454545453,0.21428571428571427,0.21428571428571427,0.3058823529411765,0.0,0,0,0,0.0,0.14285714285714285,0.11874852815744456,0.0,0.0,0,0,S1-191756474,S2-831938783,0
0.2222222222222222,0.2222222222222222,0.02040816326530612,0.02040816326530612,0.14285714285714285,0.0,0,0,0,0.0,0.1,0.10062208120842633,0.0,0.0,1,0,S1-191756474,S2-573785986,0
0.52,0.52,0.1388888888888889,0.1388888888888889,0.26595744680851063,0.0,0,0,0,0.0,0.16666666666666666,0.06334423481815873,0.11538461538461539,0.11538461538461536,0,0,S1-615387280,S2-656783647,0
0.6545454545454545,0.6545454545454545,0.35294117647058826,0.35294117647058826,0.0,0.0,0,0,0,0.0,0.16666666666666666,0.05386713457891281,0.0,0.0,0,1,S1-615387280,S2-843419449,0
0.5581395348837209,0.5581395348837209,0.13333333333333333,0.13333333333333333,0.26744186046511625,0.0,0,0,0,0.0,0.16666666666666666,0.10529494182366853,0.08333333333333333,0.08333333333333331,0,0,S1-615387280,S2-50862682,0
0.5652173913043478,0.5652173913043478,0.2,0.2,0.13253012048192772,0.0,0,0,0,0.0,0.14285714285714285,0.053494466701173936,0.0,0.0,0,0,S1-615387280,S2-307446540,0
0.8518518518518519,0.8518518518518519,0.6296296296296297,0.6296296296296297,0.1004566210045662,0.0,0,0,0,0.0,0.6,0.3106098642239254,0.0967741935483871,0.09677419354838707,1,0,S1-615387280,S2-254786189,0
0.2962962962962963,0.2962962962962963,0.023255813953488372,0.023255813953488372,0.10344827586206896,0.0,0,0,0,0.0,0.14285714285714285,0.03314724479893492,0.0,0.0,0,0,S1-257672216,S2-846401072,0
0.30434782608695654,0.30434782608695654,0.029411764705882353,0.029411764705882353,0.2,0.0,0,0,0,0.0,0.125,0.03261031966478223,0.0,0.0,0,0,S1-257672216,S2-655620999,0
0.17543859649122806,0.17543859649122806,0.022222222222222223,0.022222222222222223,0.21875,0.0,0,0,0,0.0,0.125,0.0321539375248712,0.0,0.0,0,0,S1-257672216,S2-485315165,0
0.3137254901960784,0.3137254901960784,0.025,0.025,0.17721518987341772,0.0,0,0,0,0.0,0.14285714285714285,0.03825704649982391,0.0,0.0,0,0,S1-257672216,S2-839763761,0
0.36,0.36,0.02564102564102564,0.02564102564102564,0.45454545454545453,0.0,0,0,0,0.0,0.14285714285714285,0.035430666659077896,0.0,0.0,0,0,S1-257672216,S2-663798519,0
0.6363636363636364,0.6363636363636364,0.2727272727272727,0.2727272727272727,0.2953020134228188,0.0,0,0,0,0.0,0.3333333333333333,0.14256236391589175,0.08695652173913043,0.08695652173913042,0,0,S1-730339344,S2-196204984,0
0.39285714285714285,0.39285714285714285,0.11904761904761904,0.11904761904761904,0.25806451612903225,0.0,0,0,0,0.0,0.16666666666666666,0.0715145537119264,0.0,0.0,0,0,S1-730339344,S2-424767728,0
0.45901639344262296,0.45901639344262296,0.13636363636363635,0.13636363636363635,0.19117647058823528,0.3333333333333333,1,1,1,0.0,0.14285714285714285,0.05305742639499811,0.16666666666666666,0.16666666666666666,0,0,S1-730339344,S2-849374247,0
0.425531914893617,0.425531914893617,0.14705882352941177,0.14705882352941177,0.3194444444444444,0.0,0,0,0,0.0,0.2,0.07345336934139261,0.0,0.0,0,0,S1-730339344,S2-429393647,0
0.5084745762711864,0.5084745762711864,0.2564102564102564,0.2564102564102564,0.38235294117647056,0.0,0,0,0,0.0,0.3333333333333333,0.139000080120776,0.045454545454545456,0.04545454545454544,0,0,S1-730339344,S2-579432065,0
0.6486486486486487,0.6486486486486487,0.20833333333333334,0.20833333333333334,0.26229508196721313,0.0,0,0,0,0.0,0.2,0.05137231237539085,0.0,0.0,0,0,S1-805465460,S2-577773321,0
0.6,0.6,0.17647058823529413,0.17647058823529413,0.275,0.0,0,0,0,0.0,0.16666666666666666,0.039787792962923514,0.0,0.0,0,0,S1-805465460,S2-67353376,0
0.5116279069767442,0.5116279069767442,0.1724137931034483,0.1724137931034483,0.18487394957983194,0.0,0,0,0,0.0,0.2,0.05364825862558995,0.0,0.0,0,0,S1-805465460,S2-176077370,0
0.6046511627906976,0.6046511627906976,0.20689655172413793,0.20689655172413793,0.328125,0.0,0,0,0,0.0,0.2,0.047949220609209746,0.0,0.0,0,0,S1-805465460,S2-669432376,0
0.5,0.5,0.11363636363636363,0.11363636363636363,0.29411764705882354,0.0,0,0,0,0.0,0.14285714285714285,0.04282638045057524,0.0,0.0,0,0,S1-805465460,S2-567467386,0
0.5365853658536586,0.5365853658536586,0.16666666666666666,0.16666666666666666,0.3384615384615385,0.0,0,0,0,0.0,0.1111111111111111,0.09358157388521213,0.0,0.0,0,0,S1-173853575,S2-468040642,0
0.5,0.5,0.2,0.2,0.1565217391304348,0.0,0,0,0,0.0,0.14285714285714285,0.10133742536109322,0.0,0.0,0,0,S1-173853575,S2-150284085,0
0.3582089552238806,0.3582089552238806,0.05555555555555555,0.05555555555555555,0.16129032258064516,0.0,0,0,0,0.0,0.14285714285714285,0.08675570740815508,0.0,0.0,0,0,S1-173853575,S2-630504785,0
0.2727272727272727,0.2727272727272727,0.057692307692307696,0.057692307692307696,0.16666666666666666,0.0,0,0,0,0.0,0.14285714285714285,0.08777635884319011,0.0,0.0,0,0,S1-173853575,S2-748290286,0
0.5915492957746479,0.5915492957746479,0.3111111111111111,0.3111111111111111,0.3389830508474576,0.0,0,0,0,0.0,0.25,0.2806367615096434,0.0,0.0,0,0,S1-173853575,S2-714166116,0
0.29333333333333333,0.29333333333333333,0.04918032786885246,0.04918032786885246,0.32142857142857145,0.0,0,0,0,0.0,0.125,0.044702552915167476,0.0,0.0,0,0,S1-866725334,S2-323858830,0
0.3181818181818182,0.3181818181818182,0.029411764705882353,0.029411764705882353,0.48484848484848486,0.0,0,0,0,0.0,0.16666666666666666,0.05040000347943412,0.09090909090909091,0.09090909090909093,0,0,S1-866725334,S2-295009379,0
0.32786885245901637,0.32786885245901637,0.02040816326530612,0.02040816326530612,0.3283582089552239,0.0,0,0,0,0.0,0.125,0.05532747466901571,0.0,0.0,1,0,S1-866725334,S2-857110642,0
0.2608695652173913,0.2608695652173913,0.027777777777777776,0.027777777777777776,0.24242424242424243,0.0,0,0,0,0.0,0.16666666666666666,0.0694234169567476,0.0,0.0,0,0,S1-866725334,S2-65572893,0
0.2857142857142857,0.2857142857142857,0.03125,0.03125,0.18461538461538463,0.0,0,0,0,0.0,0.16666666666666666,0.054315642206121194,0.0,0.0,0,0,S1-866725334,S2-37621478,0
0.6176470588235294,0.6176470588235294,0.13333333333333333,0.13333333333333333,0.27692307692307694,0.0,0,0,0,0.0,0.14285714285714285,0.0432452928517571,0.0,0.0,1,0,S1-579682598,S2-859910503,0
0.6666666666666666,0.6666666666666666,0.2926829268292683,0.2926829268292683,0.2956521739130435,0.0,0,0,0,0.0,0.3333333333333333,0.10413988872392825,0.0,0.0,0,0,S1-579682598,S2-234416642,0
0.5797101449275363,0.5797101449275363,0.2553191489361702,0.2553191489361702,0.30344827586206896,0.0,0,0,0,0.0,0.3333333333333333,0.12677248935083543,0.0,0.0,0,0,S1-579682598,S2-712400228,0
0.4482758620689655,0.4482758620689655,0.14285714285714285,0.14285714285714285,0.23157894736842105,0.0,0,0,0,0.0,0.16666666666666666,0.06112542200547504,0.0,0.0,1,0,S1-579682598,S2-321160376,0
0.48,0.48,0.1388888888888889,0.1388888888888889,0.144,0.0,0,0,0,0.0,0.16666666666666666,0.05367020914775013,0.05,0.04999999999999999,0,0,S1-579682598,S2-230261448,0
0.40816326530612246,0.40816326530612246,0.02631578947368421,0.02631578947368421,0.28125,0.0,0,0,0,0.0,0.14285714285714285,0.054917761460900105,0.0,0.0,0,0,S1-396475276,S2-875846425,0
0.3902439024390244,0.3902439024390244,0.06896551724137931,0.06896551724137931,0.3561643835616438,0.0,0,0,0,0.0,0.14285714285714285,0.05032571107040004,0.0,0.0,0,0,S1-396475276,S2-656965817,0
0.3888888888888889,0.3888888888888889,0.038461538461538464,0.038461538461538464,0.1875,0.0,0,0,0,0.0,0.16666666666666666,0.0548277975656758,0.0,0.0,0,0,S1-396475276,S2-217066993,0
0.3,0.3,0.034482758620689655,0.034482758620689655,0.21818181818181817,0.0,0,0,0,0.0,0.16666666666666666,0.056623054241779915,0.0,0.0,0,0,S1-396475276,S2-170746855,0
0.31746031746031744,0.31746031746031744,0.0196078431372549,0.0196078431372549,0.35294117647058826,0.0,0,0,0,0.0,0.125,0.0389487839082158,0.0,0.0,0,0,S1-396475276,S2-620290176,0
0.6785714285714286,0.6785714285714286,0.35294117647058826,0.35294117647058826,0.1694915254237288,0.0,0,0,0,0.0,0.3333333333333333,0.15549441750910686,0.0,0.0,0,0,S1-365077515,S2-88861379,0
0.4897959183673469,0.4897959183673469,0.14285714285714285,0.14285714285714285,0.2465753424657534,0.0,0,0,0,0.0,0.16666666666666666,0.06572195394283468,0.0,0.0,0,0,S1-365077515,S2-912718143,0
0.6557377049180327,0.6557377049180327,0.3888888888888889,0.3888888888888889,0.3561643835616438,0.0,0,0,0,0.0,0.2857142857142857,0.10962762193101482,0.09523809523809523,0.09523809523809522,0,0,S1-365077515,S2-72614357,0
0.5365853658536586,0.5365853658536586,0.23076923076923078,0.23076923076923078,0.14473684210526316,0.0,0,0,0,0.0,0.16666666666666666,0.06188780415523501,0.0,0.0,0,0,S1-365077515,S2-93521766,0
0.7169811320754716,0.7169811320754716,0.3870967741935484,0.3870967741935484,0.3181818181818182,0.0,0,0,0,0.0,0.3333333333333333,0.12193126512224574,0.0,0.0,0,0,S1-365077515,S2-428906768,0
0.4057971014492754,0.4057971014492754,0.01818181818181818,0.01818181818181818,0.4,0.0,0,0,0,0.0,0.1,0.040653128775210094,0.0,0.0,0,0,S1-530236704,S2-170230513,0
0.4411764705882353,0.4411764705882353,0.037037037037037035,0.037037037037037035,0.2413793103448276,0.0,0,0,0,0.0,0.1111111111111111,0.042156364358114984,0.0,0.0,0,0,S1-530236704,S2-639617047,0
0.35714285714285715,0.35714285714285715,0.022727272727272728,0.022727272727272728,0.3880597014925373,0.0,0,0,0,0.0,0.125,0.05198917138806175,0.0,0.0,0,0,S1-530236704,S2-461400888,0
0.2857142857142857,0.2857142857142857,0.04081632653061224,0.04081632653061224,0.2553191489361702,0.0,0,0,0,0.0,0.1111111111111111,0.04232751822819611,0.0,0.0,0,0,S1-530236704,S2-10950521,0
0.27692307692307694,0.27692307692307694,0.02,0.02,0.2777777777777778,0.0,0,0,0,0.0,0.1111111111111111,0.047547865030489446,0.0,0.0,0,0,S1-530236704,S2-689509799,0
0.6153846153846154,0.6153846153846154,0.28,0.28,0.31746031746031744,0.0,0,0,0,0.0,0.25,0.32615500050387763,0.0,0.0,0,0,S1-410954417,S2-789950322,0
0.358974358974359,0.358974358974359,0.18518518518518517,0.18518518518518517,0.25,0.0,0,0,0,0.0,0.25,0.3174878565192899,0.0,0.0,0,0,S1-410954417,S2-190049065,0
0.6666666666666666,0.6666666666666666,0.30434782608695654,0.30434782608695654,0.3225806451612903,0.0,0,0,0,0.0,0.3333333333333333,0.3581890764430917,0.0,0.0,0,0,S1-410954417,S2-707575978,0
0.6285714285714286,0.6285714285714286,0.3333333333333333,0.3333333333333333,0.13114754098360656,0.0,0,0,0,0.0,0.25,0.3151196999548596,0.0,0.0,0,0,S1-410954417,S2-331360147,0
0.5581395348837209,0.5581395348837209,0.25,0.25,0.19230769230769232,0.0,0,0,0,0.0,0.2,0.20712244465375174,0.0,0.0,0,0,S1-410954417,S2-384503072,0
0.4444444444444444,0.4444444444444444,0.125,0.125,0.1686746987951807,0.0,0,0,0,0.0,0.16666666666666666,0.0489771840747056,0.045454545454545456,0.04545454545454544,0,0,S1-48649747,S2-520382666,0
0.41509433962264153,0.41509433962264153,0.1282051282051282,0.1282051282051282,0.27450980392156865,0.0,0,0,0,0.0,0.16666666666666666,0.07243751153271649,0.09090909090909091,0.09090909090909088,0,0,S1-48649747,S2-382569180,0
0.4166666666666667,0.4166666666666667,0.17647058823529413,0.17647058823529413,0.24050632911392406,0.0,0,0,0,0.0,0.2,0.1261314317146137,0.047619047619047616,0.04761904761904761,0,0,S1-48649747,S2-971664685,0
0.6451612903225806,0.6451612903225806,0.3,0.3,0.22972972972972974,0.0,0,0,0,0.0,0.3333333333333333,0.11303042473485182,0.0,0.0,0,0,S1-48649747,S2-469517184,0
0.5,0.5,0.11904761904761904,0.11904761904761904,0.2,0.0,0,0,0,0.0,0.16666666666666666,0.06505270530269383,0.043478260869565216,0.04347826086956521,0,0,S1-48649747,S2-494886564,0
0.2926829268292683,0.2926829268292683,0.06666666666666667,0.06666666666666667,0.25,0.0,0,0,0,0.0,0.16666666666666666,0.09787423443560864,0.0,0.0,0,0,S1-679740154,S2-639751075,0
0.3783783783783784,0.3783783783783784,0.07407407407407407,0.07407407407407407,0.17543859649122806,0.0,0,0,0,0.0,0.2,0.13912947543975546,0.0,0.0,1,0,S1-679740154,S2-277998585,0
0.42424242424242425,0.42424242424242425,0.08695652173913043,0.08695652173913043,0.273972602739726,0.0,0,0,0,0.0,0.2,0.11081416490845025,0.0,0.0,0,0,S1-679740154,S2-997147219,0
0.5714285714285714,0.2857142857142857,0.2857142857142857,0.06896551724137931,0.16071428571428573,0.0,0,0,0,0.0,0.5,0.26615091942433416,0.0,0.0,1,0,S1-679740154,S2-740107468,0
0.48484848484848486,0.48484848484848486,0.08695652173913043,0.08695652173913043,0.2413793103448276,0.0,0,0,0,0.0,0.2,0.13771025345425197,0.0,0.0,0,0,S1-679740154,S2-357760514,0
0.4657534246575342,0.4657534246575342,0.25,0.25,0.2542372881355932,0.0,0,0,0,0.0,0.2222222222222222,0.0864458842113641,0.0,0.0,0,0,S1-525946045,S2-338902521,0
0.4,0.4,0.09433962264150944,0.09433962264150944,0.22666666666666666,0.0,0,0,0,0.0,0.1111111111111111,0.039628615974379486,0.0,0.0,0,0,S1-525946045,S2-969055454,0
0.29850746268656714,0.29850746268656714,0.09803921568627451,0.09803921568627451,0.25136612021857924,0.0,0,0,0,0.0,0.125,0.04205954729654991,0.0,0.0,0,0,S1-525946045,S2-778585048,0
0.47058823529411764,0.47058823529411764,0.11764705882352941,0.11764705882352941,0.1956521739130435,0.0,0,0,0,0.0,0.125,0.04412637721265893,0.0,0.0,0,0,S1-525946045,S2-498492409,0
0.4358974358974359,0.4358974358974359,0.09615384615384616,0.09615384615384616,0.3695652173913043,0.0,0,0,0,0.0,0.125,0.049556476683278367,0.0,0.0,0,0,S1-525946045,S2-896386717,0
0.6451612903225806,0.6451612903225806,0.25,0.25,0.15384615384615385,0.0,0,0,0,0.0,0.42857142857142855,0.32556724784655316,0.0,0.0,0,0,S1-622957926,S2-80664701,0
0.5862068965517241,0.5862068965517241,0.20512820512820512,0.20512820512820512,0.3582089552238806,0.0,0,0,0,0.0,0.2857142857142857,0.2077588249560263,0.0,0.0,0,0,S1-622957926,S2-95900149,0
0.41379310344827586,0.41379310344827586,0.06818181818181818,0.06818181818181818,0.2777777777777778,0.0,0,0,0,0.0,0.125,0.10274284520488061,0.0,0.0,0,0,S1-622957926,S2-935514643,0
0.37735849056603776,0.37735849056603776,0.075,0.075,0.24,0.0,0,0,0,0.0,0.14285714285714285,0.10632192813856023,0.0,0.0,1,0,S1-622957926,S2-869328070,0
0.5964912280701754,0.5964912280701754,0.2777777777777778,0.2777777777777778,0.15384615384615385,0.0,0,0,0,0.0,0.5,0.40259893021636706,0.0,0.0,0,0,S1-622957926,S2-138958741,0
0.2916666666666667,0.2916666666666667,0.05714285714285714,0.05714285714285714,0.23809523809523808,0.0,0,0,0,0.0,0.2857142857142857,0.1817704206566389,0.030303030303030304,0.03030303030303029,0,0,S1-541397101,S2-363931091,0
0.3333333333333333,0.3333333333333333,0.02040816326530612,0.02040816326530612,0.1791044776119403,0.0,0,0,0,0.0,0.14285714285714285,0.06791820152749066,0.0,0.0,0,0,S1-541397101,S2-423512432,0
0.5333333333333333,0.5333333333333333,0.1724137931034483,0.1724137931034483,0.2857142857142857,0.0,0,0,0,0.0,0.2857142857142857,0.12242766533085951,0.043478260869565216,0.04347826086956521,0,0,S1-541397101,S2-613777166,0
0.3404255319148936,0.3404255319148936,0.027777777777777776,0.027777777777777776,0.11678832116788321,0.0,0,0,0,0.0,0.14285714285714285,0.07323344784694395,0.0,0.0,0,0,S1-541397101,S2-327374553,0
0.34782608695652173,0.34782608695652173,0.02857142857142857,0.02857142857142857,0.10309278350515463,0.0,0,0,0,0.0,0.14285714285714285,0.07418464539399736,0.0,0.0,0,0,S1-541397101,S2-953099676,0
0.5352112676056338,0.5352112676056338,0.2553191489361702,0.2553191489361702,0.2155688622754491,0.0,0,0,0,0.0,0.2857142857142857,0.09063165753943372,0.0,0.0,0,0,S1-198807329,S2-918052197,0
0.547945205479452,0.547945205479452,0.2653061224489796,0.2653061224489796,0.18947368421052632,0.0,0,0,0,0.0,0.2857142857142857,0.1232937627352503,0.04,0.03999999999999999,0,0,S1-198807329,S2-742897398,0
0.627906976744186,0.627906976744186,0.23728813559322035,0.23728813559322035,0.22093023255813954,0.0,0,0,0,0.0,0.2222222222222222,0.0782060454755673,0.0,0.0,0,0,S1-198807329,S2-381892246,0
0.5066666666666667,0.5066666666666667,0.23076923076923078,0.23076923076923078,0.21428571428571427,0.0,0,0,0,0.0,0.2857142857142857,0.12065602997881428,0.0,0.0,1,0,S1-198807329,S2-120851672,0
0.43333333333333335,0.43333333333333335,0.1111111111111111,0.1111111111111111,0.33121019108280253,0.0,0,0,0,0.0,0.14285714285714285,0.05557345850804953,0.05263157894736842,0.052631578947368404,0,0,S1-198807329,S2-326773021,0
0.6153846153846154,0.6153846153846154,0.24,0.24,0.13793103448275862,0.0,0,0,0,0.0,0.2,0.2522214679942766,0.0,0.0,0,0,S1-349013413,S2-155361721,0
0.5581395348837209,0.5581395348837209,0.21428571428571427,0.21428571428571427,0.14084507042253522,0.0,0,0,0,0.0,0.16666666666666666,0.2090426889817336,0.0,0.0,0,0,S1-349013413,S2-205614877,0
0.48,0.48,0.17142857142857143,0.17142857142857143,0.33962264150943394,0.0,0,0,0,0.0,0.16666666666666666,0.1842459770594731,0.0,0.0,0,0,S1-349013413,S2-873422478,0
0.6111111111111112,0.6111111111111112,0.2608695652173913,0.2608695652173913,0.2727272727272727,0.0,0,0,0,0.0,0.25,0.2510364925002299,0.0,0.0,1,0,S1-349013413,S2-672003446,0
0.5416666666666666,0.5416666666666666,0.18181818181818182,0.18181818181818182,0.22535211267605634,0.0,0,0,0,0.0,0.16666666666666666,0.15343302871156855,0.09090909090909091,0.09090909090909093,0,0,S1-349013413,S2-469460945,0
0.410958904109589,0.410958904109589,0.08771929824561403,0.08771929824561403,0.23376623376623376,0.0,0,0,0,0.0,0.125,0.044956139664573846,0.045454545454545456,0.04545454545454544,0,0,S1-557327401,S2-637024503,0
0.6265060240963856,0.6265060240963856,0.22807017543859648,0.22807017543859648,0.3668639053254438,0.0,0,0,0,0.0,0.25,0.0899094183408721,0.038461538461538464,0.03846153846153845,1,0,S1-557327401,S2-562837696,0
0.4935064935064935,0.4935064935064935,0.2222222222222222,0.2222222222222222,0.30337078651685395,0.0,0,0,0,0.0,0.2857142857142857,0.11064473706308713,0.038461538461538464,0.03846153846153845,0,0,S1-557327401,S2-761250713,0
0.5714285714285714,0.5714285714285714,0.2222222222222222,0.2222222222222222,0.1044776119402985,0.0,0,0,0,0.0,0.2857142857142857,0.0990540261944841,0.0,0.0,0,0,S1-557327401,S2-666086465,0
0.5161290322580645,0.5161290322580645,0.13043478260869565,0.13043478260869565,0.39090909090909093,0.0,0,0,0,0.0,0.14285714285714285,0.049296264236287704,0.0967741935483871,0.09677419354838707,0,0,S1-557327401,S2-314419962,0
0.5217391304347826,0.5217391304347826,0.15384615384615385,0.15384615384615385,0.30434782608695654,0.0,0,0,0,0.0,0.2,0.20358158052273115,0.0,0.0,0,0,S1-990376544,S2-295993670,0
0.3448275862068966,0.3448275862068966,0.05263157894736842,0.05263157894736842,0.24561403508771928,0.0,0,0,0,0.0,0.16666666666666666,0.12111297442553272,0.0,0.0,0,0,S1-990376544,S2-166123856,0
0.20689655172413793,0.20689655172413793,0.05263157894736842,0.05263157894736842,0.18461538461538463,0.0,0,0,0,0.0,0.16666666666666666,0.16828540463507224,0.0,0.0,0,0,S1-990376544,S2-329049774,0
0.45714285714285713,0.45714285714285713,0.043478260869565216,0.043478260869565216,0.5238095238095238,0.0,0,0,0,0.0,0.14285714285714285,0.11822833503627435,0.14285714285714285,0.14285714285714288,0,0,S1-990376544,S2-157730791,0
0.48484848484848486,0.48484848484848486,0.16666666666666666,0.16666666666666666,0.17857142857142858,0.0,0,0,0,0.0,0.2857142857142857,0.2600012790007042,0.0,0.0,0,0,S1-990376544,S2-289366239,0
0.4782608695652174,0.4782608695652174,0.02857142857142857,0.02857142857142857,0.30666666666666664,0.0,0,0,0,0.0,0.14285714285714285,0.06423600882993886,0.05555555555555555,0.055555555555555546,0,0,S1-361470070,S2-888203615,0
0.35294117647058826,0.35294117647058826,0.025,0.025,0.2482758620689655,0.3333333333333333,1,1,1,0.0,0.14285714285714285,0.0565877975698244,0.0,0.0,1,0,S1-361470070,S2-635779822,0
0.5217391304347826,0.5217391304347826,0.12903225806451613,0.12903225806451613,0.23728813559322035,0.0,0,0,0,0.0,0.2857142857142857,0.1147907317776012,0.05555555555555555,0.055555555555555546,0,0,S1-361470070,S2-288310467,0
0.37209302325581395,0.37209302325581395,0.030303030303030304,0.030303030303030304,0.40601503759398494,0.0,0,0,0,0.0,0.16666666666666666,0.06779421893694829,0.10526315789473684,0.10526315789473681,0,0,S1-361470070,S2-714395234,0
0.2608695652173913,0.2608695652173913,0.01818181818181818,0.01818181818181818,0.34146341463414637,0.0,0,0,0,0.0,0.125,0.04680014497667211,0.058823529411764705,0.0588235294117647,0,0,S1-361470070,S2-883245312,0
0.6382978723404256,0.6382978723404256,0.27586206896551724,0.27586206896551724,0.4262295081967213,0.0,0,0,0,0.0,0.3333333333333333,0.32124207284810863,0.0,0.0,1,0,S1-529019136,S2-263408971,0
0.4583333333333333,0.4583333333333333,0.15625,0.15625,0.16666666666666666,0.0,0,0,0,0.0,0.125,0.1195426216293926,0.0,0.0,0,0,S1-529019136,S2-558900667,0
0.45161290322580644,0.45161290322580644,0.21052631578947367,0.21052631578947367,0.22857142857142856,0.0,0,0,0,0.0,0.2,0.16948543823038334,0.0,0.0,0,0,S1-529019136,S2-154472882,0
0.4782608695652174,0.4782608695652174,0.2,0.2,0.31746031746031744,0.0,0,0,0,0.0,0.3333333333333333,0.36827238362349873,0.0,0.0,0,0,S1-529019136,S2-239915859,0
0.5641025641025641,0.5641025641025641,0.15384615384615385,0.15384615384615385,0.36363636363636365,0.0,0,0,0,0.0,0.16666666666666666,0.14923723737062447,0.09090909090909091,0.09090909090909093,0,0,S1-529019136,S2-561512650,0
0.40816326530612246,0.40816326530612246,0.1388888888888889,0.1388888888888889,0.21568627450980393,0.0,0,0,0,0.0,0.2,0.22570295164373955,0.07692307692307693,0.07692307692307693,0,0,S1-986150160,S2-668847785,0
0.49230769230769234,0.49230769230769234,0.1,0.1,0.328125,0.0,0,0,0,0.0,0.14285714285714285,0.20632235432039073,0.0,0.0,0,0,S1-986150160,S2-875780066,0
0.4126984126984127,0.4126984126984127,0.10204081632653061,0.10204081632653061,0.16071428571428573,0.0,0,0,0,0.0,0.16666666666666666,0.05766584208605475,0.0,0.0,1,0,S1-986150160,S2-272524011,0
0.3111111111111111,0.3111111111111111,0.15625,0.15625,0.21686746987951808,0.0,0,0,0,0.0,0.2,0.07640909344033978,0.0,0.0,0,0,S1-986150160,S2-199425487,0
0.5714285714285714,0.5714285714285714,0.1388888888888889,0.1388888888888889,0.3783783783783784,0.0,0,0,0,0.0,0.2,0.06409216664715484,0.045454545454545456,0.04545454545454544,0,0,S1-986150160,S2-16504524,0
0.4,0.4,0.09523809523809523,0.09523809523809523,0.18867924528301888,0.0,0,0,0,0.0,0.25,0.2732479136820784,0.0,0.0,0,0,S1-847383339,S2-152216498,0
0.3137254901960784,0.3137254901960784,0.07692307692307693,0.07692307692307693,0.27941176470588236,0.0,0,0,0,0.0,0.16666666666666666,0.23858654935874032,0.0,0.0,0,0,S1-847383339,S2-159436948,0
0.39285714285714285,0.39285714285714285,0.15,0.15,0.42276422764227645,0.0,0,0,0,0.0,0.14285714285714285,0.14859264593567653,0.05263157894736842,0.052631578947368404,0,0,S1-847383339,S2-781610155,0
0.5454545454545454,0.5454545454545454,0.2413793103448276,0.2413793103448276,0.2014388489208633,0.0,0,0,0,0.0,0.2,0.21976452961928544,0.0,0.0,0,0,S1-847383339,S2-408007392,0
0.4230769230769231,0.4230769230769231,0.17142857142857143,0.17142857142857143,0.2608695652173913,0.2,1,1,1,0.0,0.16666666666666666,0.1393756195712287,0.0,0.0,0,0,S1-847383339,S2-632497467,0
0.5769230769230769,0.5769230769230769,0.1388888888888889,0.1388888888888889,0.1917808219178082,0.0,0,0,0,0.0,0.14285714285714285,0.05541997653943681,0.0,0.0,0,0,S1-832415141,S2-193955069,0
0.5925925925925926,0.5925925925925926,0.13157894736842105,0.13157894736842105,0.3333333333333333,0.0,0,0,0,0.0,0.14285714285714285,0.04791187303133654,0.0,0.0,0,0,S1-832415141,S2-415410357,0
0.6666666666666666,0.6666666666666666,0.35294117647058826,0.35294117647058826,0.2153846153846154,0.0,0,0,0,0.0,0.3333333333333333,0.14313045598829288,0.0,0.0,0,0,S1-832415141,S2-710506734,0
0.7333333333333333,0.7333333333333333,0.34285714285714286,0.34285714285714286,0.17391304347826086,0.0,0,0,0,0.0,0.2857142857142857,0.11263814141895702,0.0,0.0,0,0,S1-832415141,S2-377167561,0
0.6984126984126984,0.6984126984126984,0.34210526315789475,0.34210526315789475,0.27350427350427353,0.0,0,0,0,0.0,0.2857142857142857,0.11289820133355069,0.0,0.0,0,0,S1-832415141,S2-708332987,0
0.4117647058823529,0.4117647058823529,0.09615384615384616,0.09615384615384616,0.27941176470588236,0.0,0,0,0,0.0,0.125,0.04470167890031428,0.045454545454545456,0.04545454545454544,0,0,S1-481886179,S2-295844899,0
0.5846153846153846,0.5846153846153846,0.3076923076923077,0.3076923076923077,0.15294117647058825,0.0,0,0,0,0.0,0.3333333333333333,0.1064038607820282,0.0,0.0,1,0,S1-481886179,S2-405705388,0
0.47761194029850745,0.47761194029850745,0.12,0.12,0.14012738853503184,0.0,0,0,0,0.0,0.125,0.03907769697072703,0.0,0.0,0,0,S1-481886179,S2-996015268,0
0.6229508196721312,0.6229508196721312,0.3076923076923077,0.3076923076923077,0.3076923076923077,0.0,0,0,0,0.0,0.3333333333333333,0.09549671350855353,0.0,0.0,0,0,S1-481886179,S2-179492132,0
0.4528301886792453,0.4528301886792453,0.1282051282051282,0.1282051282051282,0.37037037037037035,0.0,0,0,0,0.0,0.16666666666666666,0.05057509482049102,0.05263157894736842,0.052631578947368404,0,0,S1-481886179,S2-817288807,0
0.4,0.4,0.0625,0.0625,0.22727272727272727,0.0,0,0,0,0.0,0.2,0.2178760174214765,0.037037037037037035,0.03703703703703702,0,0,S1-6475272,S2-752941945,0
0.46153846153846156,0.46153846153846156,0.058823529411764705,0.058823529411764705,0.0,0.0,0,0,0,0.0,0.2,0.188621862905745,0.0,0.0,0,1,S1-6475272,S2-469595679,0
0.4117647058823529,0.4117647058823529,0.043478260869565216,0.043478260869565216,0.20930232558139536,0.16666666666666666,1,1,1,0.0,0.14285714285714285,0.1922905159320948,0.0,0.0,0,0,S1-6475272,S2-652006535,0
0.35294117647058826,0.35294117647058826,0.04,0.04,0.31155778894472363,0.0,0,0,0,0.0,0.2,0.24203196749827352,0.034482758620689655,0.03448275862068964,0,0,S1-6475272,S2-404743089,0
0.22857142857142856,0.22857142857142856,0.04,0.04,0.15384615384615385,0.0,0,0,0,0.0,0.16666666666666666,0.1955294258276442,0.0,0.0,0,0,S1-6475272,S2-174378320,0
0.44,0.44,0.02564102564102564,0.02564102564102564,0.2857142857142857,0.0,0,0,0,0.0,0.2,0.060848060822589624,0.0,0.0,0,0,S1-204148615,S2-84246027,0
0.45,0.45,0.03333333333333333,0.03333333333333333,0.13793103448275862,0.0,0,0,0,0.0,0.16666666666666666,0.06011048361822908,0.0,0.0,0,0,S1-204148615,S2-419575545,0
0.47619047619047616,0.47619047619047616,0.03125,0.03125,0.4262295081967213,0.0,0,0,0,0.0,0.16666666666666666,0.056848199402707536,0.0,0.0,0,0,S1-204148615,S2-416397669,0
0.5,0.5,0.043478260869565216,0.043478260869565216,0.23728813559322035,0.0,0,0,0,0.0,0.2,0.06921085890537944,0.0,0.0,0,0,S1-204148615,S2-635512768,0
0.3,0.3,0.06896551724137931,0.06896551724137931,0.24561403508771928,0.0,0,0,0,0.0,0.16666666666666666,0.07076664056596425,0.0,0.0,0,0,S1-204148615,S2-126132215,0
0.647887323943662,0.647887323943662,0.3409090909090909,0.3409090909090909,0.24836601307189543,0.0,0,0,0,0.0,0.42857142857142855,0.1512535270096122,0.0,0.0,0,0,S1-823558302,S2-932850500,0
0.5230769230769231,0.5230769230769231,0.06,0.06,0.1509433962264151,0.0,0,0,0,0.0,0.1111111111111111,0.07363003368081998,0.0,0.0,0,0,S1-823558302,S2-183840311,0
0.5945945945945946,0.5945945945945946,0.2127659574468085,0.2127659574468085,0.21621621621621623,0.0,0,0,0,0.0,0.25,0.13262117597410045,0.0,0.0,0,0,S1-823558302,S2-771172197,0
0.5915492957746479,0.5915492957746479,0.25,0.25,0.21468926553672316,0.0,0,0,0,0.0,0.2857142857142857,0.08952005657459376,0.0,0.0,0,0,S1-823558302,S2-545621115,0
0.36363636363636365,0.36363636363636365,0.125,0.125,0.15853658536585366,0.0,0,0,0,0.0,0.14285714285714285,0.03962596646670135,0.0,0.0,0,0,S1-823558302,S2-999623722,0
0.3333333333333333,0.3333333333333333,0.06666666666666667,0.06666666666666667,0.23255813953488372,0.0,0,0,0,0.0,0.14285714285714285,0.04864946229335625,0.0,0.0,0,0,S1-418567895,S2-599190443,0
0.35555555555555557,0.35555555555555557,0.02857142857142857,0.02857142857142857,0.4057971014492754,0.0,0,0,0,0.0,0.16666666666666666,0.05987211044275966,0.09090909090909091,0.09090909090909093,0,0,S1-418567895,S2-284212986,0
0.4090909090909091,0.4090909090909091,0.06060606060606061,0.06060606060606061,0.3684210526315789,0.0,0,0,0,0.0,0.16666666666666666,0.06560228914447756,0.0,0.0,0,0,S1-418567895,S2-950548657,0
0.38095238095238093,0.38095238095238093,0.03225806451612903,0.03225806451612903,0.2222222222222222,0.0,0,0,0,0.0,0.14285714285714285,0.05230749880208221,0.0,0.0,0,0,S1-418567895,S2-278183181,0
0.3829787234042553,0.3829787234042553,0.05714285714285714,0.05714285714285714,0.35294117647058826,0.0,0,0,0,0.0,0.14285714285714285,0.05686863668633745,0.0,0.0,0,0,S1-418567895,S2-335392365,0
0.425531914893617,0.425531914893617,0.05714285714285714,0.05714285714285714,0.3389830508474576,0.0,0,0,0,0.0,0.14285714285714285,0.050015626108630994,0.0,0.0,1,0,S1-118463867,S2-995196999,0
0.2564102564102564,0.2564102564102564,0.03571428571428571,0.03571428571428571,0.2903225806451613,0.0,0,0,0,0.0,0.14285714285714285,0.04769822481724959,0.0,0.0,0,0,S1-118463867,S2-208249101,0
0.35555555555555557,0.35555555555555557,0.030303030303030304,0.030303030303030304,0.37735849056603776,0.0,0,0,0,0.0,0.14285714285714285,0.039785103691559076,0.0,0.0,0,0,S1-118463867,S2-67953179,0
0.3333333333333333,0.3333333333333333,0.02702702702702703,0.02702702702702703,0.3137254901960784,0.0,0,0,0,0.0,0.16666666666666666,0.053380852718740275,0.0,0.0,0,0,S1-118463867,S2-347424492,0
0.3448275862068966,0.3448275862068966,0.05263157894736842,0.05263157894736842,0.24489795918367346,0.0,0,0,0,0.0,0.25,0.0868141669179317,0.0,0.0,0,0,S1-118463867,S2-356642288,0
0.5581395348837209,0.5581395348837209,0.4583333333333333,0.4583333333333333,1.0,0.0,0,0,0,0.0,0.5,0.3960327227037095,1.0,1.0,0,0,S1-962497832,S2-749538139,1
0.5,0.5,0.16129032258064516,0.16129032258064516,0.2809917355371901,0.0,0,0,0,0.0,0.2,0.06551617139481111,0.0,0.0,0,0,S1-962497832,S2-906656301,0
0.5128205128205128,0.5128205128205128,0.24,0.24,0.3829787234042553,0.0,0,0,0,0.0,0.2,0.051111476320041975,0.0,0.0,0,0,S1-962497832,S2-939751231,0
0.44,0.44,0.20588235294117646,0.20588235294117646,0.2702702702702703,0.0,0,0,0,0.0,0.16666666666666666,0.05569178470889093,0.0,0.0,0,0,S1-962497832,S2-362872943,0
0.4528301886792453,0.4528301886792453,0.13157894736842105,0.13157894736842105,0.2608695652173913,0.0,0,0,0,0.0,0.14285714285714285,0.049023410226139166,0.0,0.0,0,0,S1-962497832,S2-845128789,0
0.36065573770491804,0.36065573770491804,0.10869565217391304,0.10869565217391304,0.3302752293577982,0.0,0,0,0,0.0,0.14285714285714285,0.060271241342440274,0.06666666666666667,0.06666666666666667,0,0,S1-962497832,S2-875461623,0
0.4444444444444444,0.4444444444444444,0.125,0.125,0.2222222222222222,0.0,0,0,0,0.0,0.16666666666666666,0.1199375973570154,0.0,0.0,0,0,S1-471922891,S2-992650105,0
0.3050847457627119,0.3050847457627119,0.06818181818181818,0.06818181818181818,0.3333333333333333,0.0,0,0,0,0.0,0.14285714285714285,0.2605517274002142,0.05555555555555555,0.055555555555555546,1,0,S1-471922891,S2-331535598,0
0.3,0.3,0.08888888888888889,0.08888888888888889,0.16216216216216217,0.0,0,0,0,0.0,0.125,0.11396828156225364,0.0,0.0,0,0,S1-471922891,S2-556451,0
0.47368421052631576,0.47368421052631576,0.15384615384615385,0.15384615384615385,0.17391304347826086,0.0,0,0,0,0.0,0.2,0.1820087559649479,0.0,0.0,0,0,S1-471922891,S2-184733293,0
0.6,0.6,0.3225806451612903,0.3225806451612903,0.23636363636363636,0.0,0,0,0,0.0,0.4,0.3067443458361707,0.0,0.0,0,0,S1-471922891,S2-726681224,0
0.49122807017543857,0.49122807017543857,0.23076923076923078,0.23076923076923078,0.2647058823529412,0.0,0,0,0,0.0,0.2,0.14952240460802135,0.0,0.0,0,0,S1-407282423,S2-652473215,0
0.5769230769230769,0.5769230769230769,0.2647058823529412,0.2647058823529412,0.2711864406779661,0.0,0,0,0,0.0,0.2,0.1316207249312098,0.0,0.0,0,0,S1-407282423,S2-930040279,0
0.4230769230769231,0.4230769230769231,0.28125,0.28125,0.17391304347826086,0.0,0,0,0,0.0,0.14285714285714285,0.09453155805450525,0.0,0.0,0,0,S1-407282423,S2-940702142,0
0.47761194029850745,0.47761194029850745,0.19148936170212766,0.19148936170212766,0.3225806451612903,0.0,0,0,0,0.0,0.14285714285714285,0.09353589108149325,0.0,0.0,0,0,S1-407282423,S2-978686670,0
0.5652173913043478,0.5652173913043478,0.26666666666666666,0.26666666666666666,0.0,0.0,0,0,0,0.0,0.25,0.22961254517847265,0.0,0.0,0,1,S1-407282423,S2-112533019,0
0.3333333333333333,0.3333333333333333,0.02631578947368421,0.02631578947368421,0.145985401459854,0.0,0,0,0,0.0,0.16666666666666666,0.06524802868021015,0.0,0.0,0,0,S1-807688831,S2-607725833,0
0.41509433962264153,0.41509433962264153,0.04878048780487805,0.04878048780487805,0.2620689655172414,0.0,0,0,0,0.0,0.14285714285714285,0.0714833666287072,0.038461538461538464,0.03846153846153845,0,0,S1-807688831,S2-258040459,0
0.3880597014925373,0.3880597014925373,0.037037037037037035,0.037037037037037035,0.34965034965034963,0.0,0,0,0,0.0,0.125,0.06571580398966072,0.07692307692307693,0.0769230769230769,0,0,S1-807688831,S2-318008644,0
0.4126984126984127,0.4126984126984127,0.0196078431372549,0.0196078431372549,0.21794871794871795,0.0,0,0,0,0.0,0.125,0.05209696488894275,0.03571428571428571,0.0357142857142857,0,0,S1-807688831,S2-358756737,0
0.3448275862068966,0.3448275862068966,0.021739130434782608,0.021739130434782608,0.39572192513368987,0.0,0,0,0,0.0,0.125,0.05195376994471276,0.029411764705882353,0.02941176470588234,0,0,S1-807688831,S2-923288415,0
0.6153846153846154,0.6153846153846154,0.3225806451612903,0.3225806451612903,0.3508771929824561,0.0,0,0,0,0.0,0.2,0.17005665213650345,0.0,0.0,0,0,S1-918541886,S2-134906715,0
0.46875,0.46875,0.125,0.125,0.2641509433962264,0.0,0,0,0,0.0,0.14285714285714285,0.18144750831939446,0.0,0.0,0,0,S1-918541886,S2-925374406,0
0.5901639344262295,0.5901639344262295,0.28205128205128205,0.28205128205128205,0.13793103448275862,0.0,0,0,0,0.0,0.14285714285714285,0.14708289334044447,0.0,0.0,0,0,S1-918541886,S2-109898615,0
0.5,0.5,0.30303030303030304,0.30303030303030304,0.3333333333333333,0.0,0,0,0,0.0,0.2,0.18344104594768723,0.0,0.0,0,0,S1-918541886,S2-367690661,0
0.5614035087719298,0.5614035087719298,0.2631578947368421,0.2631578947368421,0.34615384615384615,0.0,0,0,0,0.0,0.16666666666666666,0.15017881328975238,0.0,0.0,0,0,S1-918541886,S2-462524187,0
0.7058823529411765,0.7058823529411765,0.375,0.375,0.24060150375939848,0.0,0,0,0,0.0,0.25,0.09281832172289492,0.0,0.0,0,0,S1-420655248,S2-738162066,0
0.7076923076923077,0.7076923076923077,0.3333333333333333,0.3333333333333333,0.09523809523809523,0.0,0,0,0,0.0,0.25,0.09576830884358246,0.0,0.0,0,0,S1-420655248,S2-511362824,0
0.43333333333333335,0.43333333333333335,0.11627906976744186,0.11627906976744186,0.20155038759689922,0.0,0,0,0,0.0,0.125,0.04244856573494231,0.0,0.0,0,0,S1-420655248,S2-405158978,0
0.5263157894736842,0.5263157894736842,0.15,0.15,0.4297520661157025,0.0,0,0,0,0.0,0.14285714285714285,0.04647505604604989,0.13333333333333333,0.13333333333333333,0,0,S1-420655248,S2-907428304,0
0.6440677966101694,0.6440677966101694,0.34285714285714286,0.34285714285714286,0.0,0.0,0,0,0,0.0,0.2857142857142857,0.08680697418932806,0.0,0.0,0,1,S1-420655248,S2-308932881,0
0.3611111111111111,0.3611111111111111,0.10909090909090909,0.10909090909090909,0.15294117647058825,0.0,0,0,0,0.0,0.125,0.08775535797177664,0.0,0.0,0,0,S1-763105550,S2-869590324,0
0.3380281690140845,0.3380281690140845,0.034482758620689655,0.034482758620689655,0.18064516129032257,0.0,0,0,0,0.0,0.125,0.07179336609536884,0.0,0.0,0,0,S1-763105550,S2-798081381,0
0.2857142857142857,0.2857142857142857,0.14634146341463414,0.14634146341463414,0.3687150837988827,0.0,0,0,0,0.0,0.16666666666666666,0.09564358987871911,0.11538461538461539,0.11538461538461536,0,0,S1-763105550,S2-528483872,0
0.36,0.36,0.07894736842105263,0.07894736842105263,0.14666666666666667,0.0,0,0,0,0.0,0.16666666666666666,0.11641292130382794,0.0,0.0,0,0,S1-763105550,S2-620506559,0
0.3492063492063492,0.3492063492063492,0.06,0.06,0.2064516129032258,0.0,0,0,0,0.0,0.14285714285714285,0.10136269773318565,0.038461538461538464,0.03846153846153845,0,0,S1-763105550,S2-918374133,0
0.5769230769230769,0.5769230769230769,0.16666666666666666,0.16666666666666666,0.16,0.0,0,0,0,0.0,0.14285714285714285,0.043528329407867355,0.0,0.0,0,0,S1-85203404,S2-111810007,0
0.7083333333333334,0.7083333333333334,0.46153846153846156,0.46153846153846156,0.3620689655172414,0.0,0,0,0,0.0,0.3333333333333333,0.08567040006095067,0.0,0.0,0,0,S1-85203404,S2-244702473,0
0.6101694915254238,0.6101694915254238,0.3333333333333333,0.3333333333333333,0.2518518518518518,0.0,0,0,0,0.0,0.2857142857142857,0.07777070763240615,0.0,0.0,0,0,S1-85203404,S2-345034611,0
0.5660377358490566,0.5660377358490566,0.13157894736842105,0.13157894736842105,0.3013698630136986,0.0,0,0,0,0.0,0.14285714285714285,0.03594720695809197,0.05,0.04999999999999999,0,0,S1-85203404,S2-502138828,0
0.39285714285714285,0.39285714285714285,0.15,0.15,0.18571428571428572,0.0,0,0,0,0.0,0.14285714285714285,0.04682120062407676,0.0,0.0,0,0,S1-85203404,S2-311299344,0
0.4782608695652174,0.4782608695652174,0.027777777777777776,0.027777777777777776,0.4090909090909091,0.0,0,0,0,0.0,0.16666666666666666,0.05087496574439171,0.18181818181818182,0.18181818181818185,0,0,S1-626074257,S2-260444747,0
0.42105263157894735,0.42105263157894735,0.044444444444444446,0.044444444444444446,0.4,0.0,0,0,0,0.0,0.14285714285714285,0.0536761690267345,0.0,0.0,0,0,S1-626074257,S2-949018018,0
0.40816326530612246,0.40816326530612246,0.02631578947368421,0.02631578947368421,0.21686746987951808,0.0,0,0,0,0.0,0.14285714285714285,0.04513358827833929,0.0,0.0,1,0,S1-626074257,S2-27197434,0
0.35294117647058826,0.35294117647058826,0.024390243902439025,0.024390243902439025,0.2558139534883721,0.0,0,0,0,0.0,0.16666666666666666,0.06832737993452542,0.0,0.0,0,0,S1-626074257,S2-941759992,0
0.27450980392156865,0.27450980392156865,0.025,0.025,0.13793103448275862,0.0,0,0,0,0.0,0.14285714285714285,0.048604798669060326,0.0,0.0,0,0,S1-626074257,S2-958840019,0
0.5882352941176471,0.5882352941176471,0.3157894736842105,0.3157894736842105,0.35185185185185186,0.0,0,0,0,0.0,0.2,0.12000557786552227,0.07142857142857142,0.07142857142857142,0,0,S1-134978945,S2-20699984,0
0.4166666666666667,0.4166666666666667,0.2,0.2,0.14583333333333334,0.0,0,0,0,0.0,0.16666666666666666,0.1301046105828118,0.0,0.0,1,0,S1-134978945,S2-888710040,0
0.425531914893617,0.425531914893617,0.1935483870967742,0.1935483870967742,0.36363636363636365,0.0,0,0,0,0.0,0.2,0.1496357631217638,0.0,0.0,0,0,S1-134978945,S2-59760404,0
0.4166666666666667,0.4166666666666667,0.1875,0.1875,0.125,0.0,0,0,0,0.0,0.2,0.1382109359179337,0.0,0.0,0,0,S1-134978945,S2-679625068,0
0.39285714285714285,0.39285714285714285,0.14634146341463414,0.14634146341463414,0.18181818181818182,0.0,0,0,0,0.0,0.2,0.14674026853456443,0.0,0.0,0,0,S1-134978945,S2-508033920,0
0.7671232876712328,0.7671232876712328,0.4418604651162791,0.4418604651162791,0.2677165354330709,0.0,0,0,0,0.0,0.3333333333333333,0.11385512386129802,0.0,0.0,0,0,S1-130181091,S2-939423605,0
0.410958904109589,0.410958904109589,0.19230769230769232,0.19230769230769232,0.2781456953642384,0.0,0,0,0,0.0,0.2857142857142857,0.10031375182307942,0.045454545454545456,0.04545454545454544,0,0,S1-130181091,S2-758022033,0
0.375,0.375,0.19298245614035087,0.19298245614035087,0.26785714285714285,0.0,0,0,0,0.0,0.2857142857142857,0.09952789645431277,0.0,0.0,0,0,S1-130181091,S2-247244617,0
0.5783132530120482,0.5783132530120482,0.17857142857142858,0.17857142857142858,0.35294117647058826,0.0,0,0,0,0.0,0.125,0.05141664075128659,0.0,0.0,0,0,S1-130181091,S2-741227358,0
0.4,0.4,0.10204081632653061,0.10204081632653061,0.2074074074074074,0.0,0,0,0,0.0,0.125,0.04918786883276202,0.0,0.0,0,0,S1-130181091,S2-429122690,0
0.40625,0.40625,0.10204081632653061,0.10204081632653061,0.1732283464566929,0.0,0,0,0,0.0,0.16666666666666666,0.0762990837071317,0.10526315789473684,0.10526315789473681,0,0,S1-11628555,S2-25214620,0
0.5263157894736842,0.5263157894736842,0.2549019607843137,0.2549019607843137,0.38235294117647056,0.0,0,0,0,0.0,0.2857142857142857,0.09784415203207777,0.09523809523809523,0.09523809523809522,0,0,S1-11628555,S2-41641,0
0.4,0.4,0.1,0.1,0.3333333333333333,0.2,1,1,2,0.0,0.14285714285714285,0.05253841371607009,0.09090909090909091,0.09090909090909088,0,0,S1-11628555,S2-522225639,0
0.47058823529411764,0.47058823529411764,0.09803921568627451,0.09803921568627451,0.2446043165467626,0.0,0,0,0,0.0,0.125,0.04371607479578963,0.0,0.0,0,0,S1-11628555,S2-381230212,0
0.5,0.5,0.1346153846153846,0.1346153846153846,0.27058823529411763,0.0,0,0,0,0.0,0.125,0.05412921855107981,0.0,0.0,0,0,S1-11628555,S2-890288524,0
0.4186046511627907,0.4186046511627907,0.17857142857142858,0.17857142857142858,0.3870967741935484,0.0,0,0,0,0.0,0.2,0.19201163730850557,0.0,0.0,0,0,S1-613396463,S2-183080049,0
0.3448275862068966,0.3448275862068966,0.11904761904761904,0.11904761904761904,0.29850746268656714,0.0,0,0,0,0.0,0.14285714285714285,0.13377365372466515,0.0,0.0,1,0,S1-613396463,S2-919147069,0
0.3728813559322034,0.3728813559322034,0.14634146341463414,0.14634146341463414,0.5161290322580645,0.0,0,0,0,0.0,0.14285714285714285,0.13988982663887875,0.1,0.10000000000000002,0,0,S1-613396463,S2-192240996,0
0.48,0.48,0.20588235294117646,0.20588235294117646,0.24347826086956523,0.0,0,0,0,0.0,0.2,0.19898941796568861,0.0,0.0,0,0,S1-613396463,S2-235015904,0
0.6842105263157895,0.6842105263157895,0.45,0.45,0.3125,0.0,0,0,0,0.0,0.25,0.20797266368305248,0.0,0.0,0,0,S1-613396463,S2-549148936,0
0.25,0.25,0.02702702702702703,0.02702702702702703,0.3,0.0,0,0,0,0.0,0.14285714285714285,0.047111449056802986,0.0,0.0,0,0,S1-345465832,S2-57158246,0
0.3793103448275862,0.3793103448275862,0.022222222222222223,0.022222222222222223,0.3225806451612903,0.0,0,0,0,0.0,0.1111111111111111,0.03848530955741057,0.0,0.0,0,0,S1-345465832,S2-299772640,0
0.29850746268656714,0.29850746268656714,0.08,0.08,0.19047619047619047,0.0,0,0,0,0.0,0.1,0.03278401298477177,0.0,0.0,0,0,S1-345465832,S2-26098361,0
0.20689655172413793,0.20689655172413793,0.044444444444444446,0.044444444444444446,0.2033898305084746,0.0,0,0,0,0.0,0.125,0.04218575574507235,0.0,0.0,1,0,S1-345465832,S2-556932415,0
0.35714285714285715,0.35714285714285715,0.022727272727272728,0.022727272727272728,0.14492753623188406,0.0,0,0,0,0.0,0.125,0.040301252293575576,0.0,0.0,0,0,S1-345465832,S2-576524817,0
0.8823529411764706,0.8823529411764706,0.6470588235294118,0.6470588235294118,0.20930232558139536,0.0,0,0,0,0.0,0.3333333333333333,0.20519618473504075,0.0,0.0,0,0,S1-15107568,S2-65458129,0
0.5833333333333334,0.5833333333333334,0.3333333333333333,0.3333333333333333,0.3287671232876712,0.0,0,0,0,0.0,0.2,0.19412382595474323,0.0,0.0,0,0,S1-15107568,S2-162378819,0
0.4727272727272727,0.4727272727272727,0.2777777777777778,0.2777777777777778,0.28888888888888886,0.0,0,0,0,0.0,0.16666666666666666,0.15883118742077895,0.0,0.0,1,0,S1-15107568,S2-721134375,0
0.6808510638297872,0.6808510638297872,0.3333333333333333,0.3333333333333333,0.2631578947368421,0.0,0,0,0,0.0,0.25,0.19439694790210682,0.0,0.0,0,0,S1-15107568,S2-682267568,0
0.5555555555555556,0.5555555555555556,0.2857142857142857,0.2857142857142857,0.15841584158415842,0.0,0,0,0,0.0,0.16666666666666666,0.15745518461496477,0.0,0.0,0,0,S1-15107568,S2-34150269,0
0.33962264150943394,0.33962264150943394,0.05128205128205128,0.05128205128205128,0.23255813953488372,0.0,0,0,0,0.0,0.125,0.06412261467431425,0.0,0.0,0,0,S1-399036405,S2-156590543,0
0.4444444444444444,0.4444444444444444,0.13333333333333333,0.13333333333333333,0.23863636363636365,0.0,0,0,0,0.0,0.2857142857142857,0.1608113634381932,0.037037037037037035,0.03703703703703702,1,0,S1-399036405,S2-966879135,0
0.37209302325581395,0.37209302325581395,0.03125,0.03125,0.17142857142857143,0.0,0,0,0,0.0,0.14285714285714285,0.07124526932589657,0.0,0.0,0,0,S1-399036405,S2-363879558,0
0.56,0.56,0.11428571428571428,0.11428571428571428,0.17307692307692307,0.0,0,0,0,0.0,0.2857142857142857,0.14448974826238065,0.03333333333333333,0.03333333333333332,0,0,S1-399036405,S2-453317682,0
0.4897959183673469,0.4897959183673469,0.11764705882352941,0.11764705882352941,0.36024844720496896,0.3333333333333333,1,1,1,0.0,0.2857142857142857,0.14817473649260088,0.038461538461538464,0.03846153846153845,0,0,S1-399036405,S2-421077741,0
0.6666666666666666,0.6666666666666666,0.34210526315789475,0.34210526315789475,0.3448275862068966,0.0,0,0,0,0.0,0.4,0.12994681287661886,0.0,0.0,0,0,S1-555217698,S2-635255323,0
0.4838709677419355,0.4838709677419355,0.2682926829268293,0.2682926829268293,0.09395973154362416,0.0,0,0,0,0.0,0.3333333333333333,0.10531976063484468,0.0,0.0,0,0,S1-555217698,S2-857426224,0
0.41379310344827586,0.41379310344827586,0.11363636363636363,0.11363636363636363,0.32051282051282054,0.0,0,0,0,0.0,0.16666666666666666,0.05713934936076528,0.047619047619047616,0.04761904761904761,1,0,S1-555217698,S2-347693910,0
0.42105263157894735,0.42105263157894735,0.14634146341463414,0.14634146341463414,0.21212121212121213,0.0,0,0,0,0.0,0.14285714285714285,0.04985150013063999,0.0,0.0,0,0,S1-555217698,S2-106496325,0
0.7213114754098361,0.7213114754098361,0.34210526315789475,0.34210526315789475,0.20588235294117646,0.0,0,0,0,0.0,0.3333333333333333,0.1381555205795976,0.0,0.0,0,0,S1-555217698,S2-492925500,0
0.4745762711864407,0.4745762711864407,0.13953488372093023,0.13953488372093023,0.17777777777777778,0.0,0,0,0,0.0,0.16666666666666666,0.06306730242222952,0.0,0.0,0,0,S1-534148832,S2-900005165,0
0.547945205479452,0.547945205479452,0.32558139534883723,0.32558139534883723,0.20512820512820512,0.0,0,0,0,0.0,0.3333333333333333,0.10714117516156717,0.0,0.0,0,0,S1-534148832,S2-789511558,0
0.6557377049180327,0.6557377049180327,0.3076923076923077,0.3076923076923077,0.2857142857142857,0.0,0,0,0,0.0,0.3333333333333333,0.12396567732257903,0.0,0.0,0,0,S1-534148832,S2-502848819,0
0.375,0.375,0.10416666666666667,0.10416666666666667,0.11363636363636363,0.0,0,0,0,0.0,0.125,0.049152808471218806,0.0,0.0,0,0,S1-534148832,S2-62259690,0
0.47058823529411764,0.47058823529411764,0.13333333333333333,0.13333333333333333,0.33783783783783783,0.0,0,0,0,0.0,0.125,0.055790740635041275,0.0,0.0,0,0,S1-534148832,S2-518777180,0
0.35555555555555557,0.35555555555555557,0.16666666666666666,0.16666666666666666,0.2553191489361702,0.0,0,0,0,0.0,0.14285714285714285,0.15613277190339245,0.0,0.0,0,0,S1-218686696,S2-111073791,0
0.5,0.5,0.19047619047619047,0.19047619047619047,0.2909090909090909,0.0,0,0,0,0.0,0.25,0.21110097057249186,0.0,0.0,0,0,S1-218686696,S2-682446065,0
0.4782608695652174,0.4782608695652174,0.15625,0.15625,0.35555555555555557,0.0,0,0,0,0.0,0.16666666666666666,0.1243327511084049,0.0,0.0,0,0,S1-218686696,S2-298303813,0
0.5263157894736842,0.5263157894736842,0.15384615384615385,0.15384615384615385,0.48148148148148145,0.0,0,0,0,0.0,0.2,0.16338295569774997,0.1,0.10000000000000002,0,0,S1-218686696,S2-336916557,0
0.5,0.5,0.13513513513513514,0.13513513513513514,0.4444444444444444,0.0,0,0,0,0.0,0.14285714285714285,0.10780638129187439,0.1,0.10000000000000002,0,0,S1-218686696,S2-898911648,0
0.56,0.56,0.14285714285714285,0.14285714285714285,0.24175824175824176,0.0,0,0,0,0.0,0.14285714285714285,0.1232011929619134,0.0,0.0,0,0,S1-618129245,S2-854797385,0
0.5454545454545454,0.5454545454545454,0.16666666666666666,0.16666666666666666,0.15555555555555556,0.0,0,0,0,0.0,0.16666666666666666,0.16698086895873052,0.0,0.0,0,0,S1-618129245,S2-392774312,0
0.2807017543859649,0.2807017543859649,0.06818181818181818,0.06818181818181818,0.391304347826087,0.0,0,0,0,0.0,0.14285714285714285,0.10444485772970391,0.0,0.0,0,0,S1-618129245,S2-941823531,0
0.509090909090909,0.509090909090909,0.1891891891891892,0.1891891891891892,0.3157894736842105,0.0,0,0,0,0.0,0.125,0.1675429065707831,0.0,0.0,0,0,S1-618129245,S2-499601706,0
0.2777777777777778,0.2777777777777778,0.12,0.12,0.24444444444444444,0.0,0,0,0,0.0,0.2,0.16555120001131468,0.0,0.0,0,0,S1-618129245,S2-157806144,0
0.3673469387755102,0.3673469387755102,0.02564102564102564,0.02564102564102564,0.31746031746031744,0.0,0,0,0,0.0,0.16666666666666666,0.06028478878504654,0.0,0.0,0,0,S1-802854229,S2-367268,0
0.1276595744680851,0.1276595744680851,0.027777777777777776,0.027777777777777776,0.32098765432098764,0.0,0,0,0,0.0,0.14285714285714285,0.04272483616530934,0.0,0.0,0,0,S1-802854229,S2-760641153,0
0.25,0.25,0.05405405405405406,0.05405405405405406,0.32786885245901637,0.0,0,0,0,0.0,0.16666666666666666,0.05930183895084806,0.1,0.10000000000000002,0,0,S1-802854229,S2-937749012,0
0.13636363636363635,0.13636363636363635,0.029411764705882353,0.029411764705882353,0.3888888888888889,0.0,0,0,0,0.0,0.16666666666666666,0.05479140881077219,0.0,0.0,0,0,S1-802854229,S2-982549999,0
0.2857142857142857,0.2857142857142857,0.06,0.06,0.0,0.0,0,0,0,0.0,0.14285714285714285,0.049547444703564564,0.0,0.0,0,1,S1-802854229,S2-296371420,0
1.0,1.0,1.0,1.0,0.68,1.0,1,1,2,0.0,1.0,0.9999999999999999,0.7142857142857143,0.7142857142857143,1,0,S1-590909205,S2-579841448,1
0.5365853658536586,0.5365853658536586,0.17857142857142858,0.17857142857142858,0.26666666666666666,0.0,0,0,0,0.0,0.2,0.24429520659290024,0.09090909090909091,0.09090909090909093,0,0,S1-590909205,S2-657978571,0
0.5405405405405406,0.5405405405405406,0.25,0.25,0.21428571428571427,0.0,0,0,0,0.0,0.25,0.16774768299295673,0.0,0.0,0,0,S1-590909205,S2-499084316,0
0.43137254901960786,0.43137254901960786,0.16666666666666666,0.16666666666666666,0.2,0.0,0,0,0,0.0,0.16666666666666666,0.13715588064982956,0.0,0.0,0,0,S1-590909205,S2-450684205,0
0.4782608695652174,0.4782608695652174,0.1875,0.1875,0.38461538461538464,0.0,0,0,0,0.0,0.2,0.17974632678811098,0.0,0.0,0,0,S1-590909205,S2-530803874,0
0.52,0.52,0.14285714285714285,0.14285714285714285,0.14814814814814814,0.0,0,0,0,0.0,0.14285714285714285,0.1451137610656178,0.0,0.0,0,0,S1-590909205,S2-595735997,0
0.5671641791044776,0.5671641791044776,0.19148936170212766,0.19148936170212766,0.21212121212121213,0.0,0,0,0,0.0,0.14285714285714285,0.10502948667631157,0.0,0.0,0,0,S1-996189067,S2-254590555,0
0.4225352112676056,0.4225352112676056,0.15384615384615385,0.15384615384615385,0.30303030303030304,0.0,0,0,0,0.0,0.14285714285714285,0.10653765667594968,0.0,0.0,0,0,S1-996189067,S2-499162538,0
0.5,0.5,0.19047619047619047,0.19047619047619047,0.2702702702702703,0.0,0,0,0,0.0,0.16666666666666666,0.10360843401990769,0.0,0.0,0,0,S1-996189067,S2-8599914,0
0.34782608695652173,0.34782608695652173,0.16326530612244897,0.16326530612244897,0.33766233766233766,0.0,0,0,0,0.0,0.125,0.08426226220475702,0.0,0.0,1,0,S1-996189067,S2-179824,0
0.49122807017543857,0.49122807017543857,0.2,0.2,0.1875,0.0,0,0,0,0.0,0.16666666666666666,0.09211208431386644,0.0,0.0,1,0,S1-996189067,S2-403926693,0
0.6885245901639344,0.6885245901639344,0.34210526315789475,0.34210526315789475,0.373134328358209,0.0,0,0,0,0.0,0.3333333333333333,0.11061718530632239,0.09523809523809523,0.09523809523809522,0,0,S1-635344779,S2-565491308,0
0.25,0.25,0.12195121951219512,0.12195121951219512,0.2937062937062937,0.0,0,0,0,0.0,0.14285714285714285,0.05631381903490061,0.0,0.0,0,0,S1-635344779,S2-60973883,0
0.6666666666666666,0.6666666666666666,0.3076923076923077,0.3076923076923077,0.1702127659574468,0.0,0,0,0,0.0,0.4,0.15075254403803828,0.0,0.0,0,0,S1-635344779,S2-645486263,0
0.6206896551724138,0.6206896551724138,0.3333333333333333,0.3333333333333333,0.31336405529953915,0.0,0,0,0,0.0,0.3333333333333333,0.10544300427150637,0.07692307692307693,0.0769230769230769,1,0,S1-635344779,S2-89638223,0
0.4074074074074074,0.4074074074074074,0.1282051282051282,0.1282051282051282,0.4393939393939394,0.0,0,0,0,0.0,0.14285714285714285,0.04985754613761573,0.05,0.04999999999999999,0,0,S1-635344779,S2-136399457,0
0.3829787234042553,0.3829787234042553,0.05714285714285714,0.05714285714285714,0.32941176470588235,0.0,0,0,0,0.0,0.14285714285714285,0.047400777999539394,0.0,0.0,0,0,S1-189719888,S2-797505904,0
0.2916666666666667,0.2916666666666667,0.02702702702702703,0.02702702702702703,0.20588235294117646,0.0,0,0,0,0.0,0.14285714285714285,0.042935398793507,0.0,0.0,0,0,S1-189719888,S2-838725309,0
0.32558139534883723,0.32558139534883723,0.0625,0.0625,0.21052631578947367,0.0,0,0,0,0.0,0.16666666666666666,0.0641470132615905,0.0,0.0,0,0,S1-189719888,S2-755441330,0
0.41509433962264153,0.41509433962264153,0.13157894736842105,0.13157894736842105,0.3013698630136986,0.0,0,0,0,0.0,0.3333333333333333,0.17149317237854877,0.0,0.0,0,0,S1-189719888,S2-465359116,0
0.5652173913043478,0.5652173913043478,0.02857142857142857,0.02857142857142857,0.2191780821917808,0.0,0,0,0,0.0,0.14285714285714285,0.04962645896275286,0.0,0.0,0,0,S1-189719888,S2-411115022,0
0.4166666666666667,0.4166666666666667,0.08333333333333333,0.08333333333333333,0.34782608695652173,0.0,0,0,0,0.0,0.16666666666666666,0.04078750443680758,0.0,0.0,0,0,S1-844561175,S2-410295638,0
0.12,0.12,0.02564102564102564,0.02564102564102564,0.3125,0.0,0,0,0,0.0,0.14285714285714285,0.03364975353475411,0.09090909090909091,0.09090909090909093,0,0,S1-844561175,S2-42090823,0
0.46153846153846156,0.46153846153846156,0.07317073170731707,0.07317073170731707,0.20689655172413793,0.0,0,0,0,0.0,0.2,0.05203555040530902,0.0,0.0,0,0,S1-844561175,S2-45240700,0
0.4,0.4,0.037037037037037035,0.037037037037037035,0.36923076923076925,0.0,0,0,0,0.0,0.25,0.06266599552842171,0.0,0.0,0,0,S1-844561175,S2-53198946,0
0.3333333333333333,0.3333333333333333,0.03125,0.03125,0.3582089552238806,0.0,0,0,0,0.0,0.16666666666666666,0.04690550857490934,0.0,0.0,0,0,S1-844561175,S2-367632867,0
0.42857142857142855,0.42857142857142855,0.11904761904761904,0.11904761904761904,0.20869565217391303,0.0,0,0,0,0.0,0.16666666666666666,0.06421909806624744,0.0,0.0,0,0,S1-166794481,S2-616975394,0
0.6,0.6,0.3111111111111111,0.3111111111111111,0.19310344827586207,0.3333333333333333,1,1,2,0.0,0.2857142857142857,0.12060452541660398,0.045454545454545456,0.04545454545454544,0,0,S1-166794481,S2-880012978,0
0.7142857142857143,0.7142857142857143,0.35294117647058826,0.35294117647058826,0.140625,0.0,0,0,0,0.0,0.3333333333333333,0.14151072363401884,0.0,0.0,0,0,S1-166794481,S2-553479695,0
0.4642857142857143,0.4642857142857143,0.12195121951219512,0.12195121951219512,0.4251968503937008,0.0,0,0,0,0.0,0.14285714285714285,0.05189081706912688,0.11764705882352941,0.1176470588235294,0,0,S1-166794481,S2-414344928,0
0.5423728813559322,0.5423728813559322,0.13953488372093023,0.13953488372093023,0.25,0.0,0,0,0,0.0,0.14285714285714285,0.05867044184405128,0.0,0.0,0,0,S1-166794481,S2-379264064,0
0.75,0.75,0.6,0.6,0.9705882352941176,1.0,1,1,5,1.0,1.0,1.0,0.75,0.75,0,0,S1-248039683,S2-685982976,1
0.35294117647058826,0.35294117647058826,0.04,0.04,0.04819277108433735,0.0,0,0,0,0.0,0.2,0.08410302561234692,0.0,0.0,0,0,S1-248039683,S2-74362901,0
0.5217391304347826,0.5217391304347826,0.027777777777777776,0.027777777777777776,0.21428571428571427,0.0,0,0,0,0.0,0.16666666666666666,0.05528401142223744,0.0,0.0,0,0,S1-248039683,S2-107117525,0
0.3076923076923077,0.3076923076923077,0.034482758620689655,0.034482758620689655,0.16129032258064516,0.0,0,0,0,0.0,0.16666666666666666,0.06219940524730429,0.0,0.0,0,0,S1-248039683,S2-444400449,0
0.625,0.625,0.3157894736842105,0.3157894736842105,0.2857142857142857,0.0,0,0,0,0.0,0.25,0.26235255506351096,0.0,0.0,0,0,S1-248039683,S2-300079264,0
0.42857142857142855,0.42857142857142855,0.2222222222222222,0.2222222222222222,0.3888888888888889,0.0,0,0,0,0.0,0.16666666666666666,0.12993695395350657,0.0,0.0,0,0,S1-248039683,S2-931440474,0
0.48,0.48,0.05263157894736842,0.05263157894736842,0.2857142857142857,0.0,0,0,0,0.0,0.16666666666666666,0.04882352241497186,0.0,0.0,0,0,S1-28683912,S2-968000834,0
0.3125,0.3125,0.043478260869565216,0.043478260869565216,0.34375,0.0,0,0,0,0.0,0.25,0.07635051141847297,0.0,0.0,0,0,S1-28683912,S2-291487348,0
0.37209302325581395,0.37209302325581395,0.030303030303030304,0.030303030303030304,0.0,0.0,0,0,0,0.0,0.2,0.0760836369448514,0.0,0.0,0,1,S1-28683912,S2-735728307,0
0.37735849056603776,0.37735849056603776,0.023809523809523808,0.023809523809523808,0.12121212121212122,0.0,0,0,0,0.0,0.16666666666666666,0.06997511811717415,0.0,0.0,0,0,S1-28683912,S2-457226824,0
0.35714285714285715,0.35714285714285715,0.046511627906976744,0.046511627906976744,0.32786885245901637,0.0,0,0,0,0.0,0.14285714285714285,0.05431473888170893,0.0,0.0,0,0,S1-28683912,S2-725169997,0
0.49122807017543857,0.49122807017543857,0.11904761904761904,0.11904761904761904,0.3,0.0,0,0,0,0.0,0.14285714285714285,0.04234663129364012,0.0,0.0,0,0,S1-548531292,S2-293444864,0
0.6181818181818182,0.6181818181818182,0.15384615384615385,0.15384615384615385,0.2446043165467626,0.0,0,0,0,0.0,0.14285714285714285,0.049460855866244054,0.0,0.0,0,0,S1-548531292,S2-46464921,0
0.6101694915254238,0.6101694915254238,0.3611111111111111,0.3611111111111111,0.2905982905982906,0.0,0,0,0,0.0,0.3333333333333333,0.1291262338124432,0.0,0.0,0,0,S1-548531292,S2-652336922,0
0.6785714285714286,0.6785714285714286,0.35294117647058826,0.35294117647058826,0.24347826086956523,0.0,0,0,0,0.0,0.3333333333333333,0.12060439604399617,0.0,0.0,0,0,S1-548531292,S2-981143195,0
0.38095238095238093,0.38095238095238093,0.10416666666666667,0.10416666666666667,0.14285714285714285,0.0,0,0,0,0.0,0.14285714285714285,0.050411082676648414,0.0,0.0,0,0,S1-548531292,S2-227944353,0
0.15384615384615385,0.15384615384615385,0.034482758620689655,0.034482758620689655,0.46153846153846156,0.0,0,0,0,0.0,0.16666666666666666,0.04602336212664513,0.1111111111111111,0.11111111111111113,0,0,S1-389573026,S2-535412392,0
0.21621621621621623,0.21621621621621623,0.07692307692307693,0.07692307692307693,0.2153846153846154,0.0,0,0,0,0.0,0.16666666666666666,0.045312556494012564,0.0,0.0,0,0,S1-389573026,S2-312776537,0
0.3870967741935484,0.3870967741935484,0.045454545454545456,0.045454545454545456,0.19047619047619047,0.0,0,0,0,0.0,0.2,0.051876012916703414,0.0,0.0,0,0,S1-389573026,S2-655597187,0
0.46511627906976744,0.46511627906976744,0.030303030303030304,0.030303030303030304,0.2222222222222222,0.0,0,0,0,0.0,0.16666666666666666,0.04747462755175668,0.0,0.0,0,0,S1-389573026,S2-836468299,0
0.5714285714285714,0.5714285714285714,0.08,0.08,0.3448275862068966,0.0,0,0,0,0.0,0.2,0.054032548451241884,0.0,0.0,0,0,S1-389573026,S2-553261410,0
0.46153846153846156,0.46153846153846156,0.034482758620689655,0.034482758620689655,0.07692307692307693,0.0,0,0,0,0.0,0.16666666666666666,0.05755944157643855,0.0,0.0,0,0,S1-962375035,S2-45373075,0
0.21428571428571427,0.21428571428571427,0.05,0.05,0.15625,0.0,0,0,0,0.0,0.25,0.09023136187978836,0.0,0.0,0,0,S1-962375035,S2-423003196,0
0.3333333333333333,0.3333333333333333,0.05263157894736842,0.05263157894736842,0.36065573770491804,0.0,0,0,0,0.0,0.2,0.07894629511750617,0.0,0.0,0,0,S1-962375035,S2-181581463,0
0.5,0.5,0.041666666666666664,0.041666666666666664,0.21875,0.0,0,0,0,0.0,0.25,0.07834693059563562,0.0,0.0,0,0,S1-962375035,S2-435377322,0
0.3783783783783784,0.3783783783783784,0.03571428571428571,0.03571428571428571,0.2,0.0,0,0,0,0.0,0.2,0.07688992046322742,0.0,0.0,0,0,S1-962375035,S2-946568110,0
0.45,0.45,0.14814814814814814,0.14814814814814814,0.3333333333333333,0.0,0,0,0,0.0,0.16666666666666666,0.1625797601438139,0.0625,0.06249999999999999,0,0,S1-473080741,S2-340731252,0
0.6521739130434783,0.6521739130434783,0.2857142857142857,0.2857142857142857,0.29545454545454547,0.0,0,0,0,0.0,0.3333333333333333,0.3508583854697185,0.0,0.0,0,0,S1-473080741,S2-639292383,0
0.43137254901960786,0.43137254901960786,0.05128205128205128,0.05128205128205128,0.2716049382716049,0.0,0,0,0,0.0,0.14285714285714285,0.14877863127290794,0.0,0.0,0,0,S1-473080741,S2-520779389,0
0.425531914893617,0.425531914893617,0.05714285714285714,0.05714285714285714,0.3132530120481928,0.0,0,0,0,0.0,0.14285714285714285,0.13781138918737337,0.0,0.0,0,0,S1-473080741,S2-236786664,0
0.52,0.52,0.14285714285714285,0.14285714285714285,0.3023255813953488,0.0,0,0,0,0.0,0.14285714285714285,0.13783415487585626,0.0,0.0,0,0,S1-473080741,S2-359697581,0
0.6666666666666666,0.6666666666666666,0.17142857142857143,0.17142857142857143,0.32857142857142857,0.0,0,0,0,0.0,0.14285714285714285,0.05219506320681555,0.05,0.04999999999999999,0,0,S1-972491065,S2-50513846,0
0.6363636363636364,0.6363636363636364,0.2857142857142857,0.2857142857142857,0.2777777777777778,0.0,0,0,0,0.0,0.25,0.09008952986613267,0.041666666666666664,0.04166666666666666,0,0,S1-972491065,S2-518019034,0
0.3235294117647059,0.3235294117647059,0.09803921568627451,0.09803921568627451,0.32298136645962733,0.0,0,0,0,0.0,0.125,0.04677728128039565,0.0,0.0,0,0,S1-972491065,S2-136482479,0
0.44,0.44,0.1388888888888889,0.1388888888888889,0.34355828220858897,0.0,0,0,0,0.0,0.16666666666666666,0.06433642554414942,0.038461538461538464,0.03846153846153845,0,0,S1-972491065,S2-450726518,0
0.509090909090909,0.509090909090909,0.15384615384615385,0.15384615384615385,0.18691588785046728,0.0,0,0,0,0.0,0.14285714285714285,0.05628764504742913,0.0625,0.06249999999999999,0,0,S1-972491065,S2-26390929,0
0.625,0.625,0.3,0.3,0.11538461538461539,0.0,0,0,0,0.0,0.3333333333333333,0.3411704449294385,0.0,0.0,1,0,S1-614413072,S2-272930358,0
0.42857142857142855,0.42857142857142855,0.13793103448275862,0.13793103448275862,0.4375,0.0,0,0,0,0.0,0.16666666666666666,0.1625042935702956,0.09090909090909091,0.09090909090909093,0,0,S1-614413072,S2-326924360,0
0.2857142857142857,0.2857142857142857,0.08108108108108109,0.08108108108108109,0.1875,0.0,0,0,0,0.0,0.16666666666666666,0.16271448151176376,0.0,0.0,0,0,S1-614413072,S2-378495149,0
0.29411764705882354,0.29411764705882354,0.125,0.125,0.47619047619047616,0.0,0,0,0,0.0,0.25,0.2632696809486094,0.09090909090909091,0.09090909090909093,0,0,S1-614413072,S2-772093277,0
0.36363636363636365,0.36363636363636365,0.0967741935483871,0.0967741935483871,0.3103448275862069,0.0,0,0,0,0.0,0.16666666666666666,0.17578322911608696,0.0,0.0,0,0,S1-614413072,S2-398241068,0
0.2641509433962264,0.2641509433962264,0.023809523809523808,0.023809523809523808,0.24615384615384617,0.0,0,0,0,0.0,0.14285714285714285,0.03881725087905021,0.0,0.0,0,0,S1-705754655,S2-345828971,0
0.32727272727272727,0.32727272727272727,0.022727272727272728,0.022727272727272728,0.14814814814814814,0.0,0,0,0,0.0,0.14285714285714285,0.04418595195289624,0.0,0.0,0,0,S1-705754655,S2-431915492,0
0.41509433962264153,0.41509433962264153,0.04878048780487805,0.04878048780487805,0.1686746987951807,0.0,0,0,0,0.0,0.14285714285714285,0.04172202966505961,0.0,0.0,0,0,S1-705754655,S2-185654339,0
0.15789473684210525,0.15789473684210525,0.03571428571428571,0.03571428571428571,0.3076923076923077,0.0,0,0,0,0.0,0.16666666666666666,0.04417771188692005,0.0,0.0,0,0,S1-705754655,S2-154502876,0
0.4,0.4,0.022727272727272728,0.022727272727272728,0.2,0.0,0,0,0,0.0,0.14285714285714285,0.04091531671548765,0.0,0.0,0,0,S1-705754655,S2-217146842,0
0.10344827586206896,0.10344827586206896,0.021739130434782608,0.021739130434782608,0.2777777777777778,0.0,0,0,0,0.0,0.14285714285714285,0.04156905004195181,0.0,0.0,0,0,S1-665238345,S2-143892274,0
0.5,0.5,0.2222222222222222,0.2222222222222222,0.2898550724637681,0.0,0,0,0,0.0,0.2,0.13812198249340546,0.0,0.0,0,0,S1-665238345,S2-25411805,0
0.4827586206896552,0.4827586206896552,0.06666666666666667,0.06666666666666667,0.18181818181818182,0.0,0,0,0,0.0,0.14285714285714285,0.04894941184938597,0.0,0.0,0,0,S1-665238345,S2-514216877,0
0.4,0.4,0.022727272727272728,0.022727272727272728,0.2898550724637681,0.0,0,0,0,0.0,0.14285714285714285,0.05279812836758149,0.0,0.0,0,0,S1-665238345,S2-53061251,0
0.4,0.4,0.023255813953488372,0.023255813953488372,0.0,0.0,0,0,0,0.0,0.16666666666666666,0.055581143713199055,0.0,0.0,0,1,S1-665238345,S2-305970952,0
0.5581395348837209,0.5581395348837209,0.20689655172413793,0.20689655172413793,0.35294117647058826,0.0,0,0,0,0.0,0.2,0.07239784369513608,0.05263157894736842,0.052631578947368404,0,0,S1-402013672,S2-442714945,0
0.5925925925925926,0.5925925925925926,0.125,0.125,0.0,0.0,0,0,0,0.0,0.16666666666666666,0.05172250553937122,0.0,0.0,0,1,S1-402013672,S2-443308654,0
0.52,0.52,0.16666666666666666,0.16666666666666666,0.109375,0.0,0,0,0,0.0,0.2,0.1399987424027019,0.0,0.0,0,0,S1-402013672,S2-686272215,0
0.46875,0.46875,0.15217391304347827,0.15217391304347827,0.34782608695652173,0.0,0,0,0,0.0,0.125,0.05157887761174771,0.045454545454545456,0.04545454545454544,0,0,S1-402013672,S2-365055172,0
0.5490196078431373,0.5490196078431373,0.16666666666666666,0.16666666666666666,0.11023622047244094,0.0,0,0,0,0.0,0.16666666666666666,0.0987761365067656,0.0,0.0,0,0,S1-402013672,S2-7324747,0
0.5393258426966292,0.5393258426966292,0.1875,0.1875,0.3878787878787879,0.0,0,0,0,0.0,0.2222222222222222,0.0776238754123454,0.125,0.12499999999999997,0,0,S1-289129046,S2-972485350,0
0.42857142857142855,0.42857142857142855,0.11904761904761904,0.11904761904761904,0.15873015873015872,0.0,0,0,0,0.0,0.16666666666666666,0.07181904773424334,0.0,0.0,0,0,S1-289129046,S2-266399994,0
0.5588235294117647,0.5588235294117647,0.26666666666666666,0.26666666666666666,0.27380952380952384,0.0,0,0,0,0.0,0.2857142857142857,0.12154397556791122,0.0,0.0,0,0,S1-289129046,S2-950294869,0
0.6176470588235294,0.6176470588235294,0.2608695652173913,0.2608695652173913,0.2980769230769231,0.0,0,0,0,0.0,0.3333333333333333,0.10517603991170665,0.030303030303030304,0.03030303030303029,0,0,S1-289129046,S2-540380557,0
0.41379310344827586,0.41379310344827586,0.11627906976744186,0.11627906976744186,0.25287356321839083,0.0,0,0,0,0.0,0.16666666666666666,0.06373950033860636,0.03571428571428571,0.0357142857142857,0,0,S1-289129046,S2-959986113,0
0.36363636363636365,0.36363636363636365,0.0975609756097561,0.0975609756097561,0.3157894736842105,0.0,0,0,0,0.0,0.14285714285714285,0.1722029747271898,0.0,0.0,0,0,S1-365527952,S2-979970470,0
0.4489795918367347,0.4489795918367347,0.05128205128205128,0.05128205128205128,0.2898550724637681,0.0,0,0,0,0.0,0.2,0.18842955977130615,0.0,0.0,0,0,S1-365527952,S2-81737850,0
0.5,0.5,0.22857142857142856,0.22857142857142856,0.35294117647058826,0.0,0,0,0,0.0,0.16666666666666666,0.17709706454346855,0.0,0.0,0,0,S1-365527952,S2-361385513,0
0.41935483870967744,0.41935483870967744,0.11363636363636363,0.11363636363636363,0.3125,0.0,0,0,0,0.0,0.14285714285714285,0.17022185460429753,0.0,0.0,0,0,S1-365527952,S2-687819256,0
0.4666666666666667,0.4666666666666667,0.16666666666666666,0.16666666666666666,0.20588235294117646,0.0,0,0,0,0.0,0.125,0.1520027481104276,0.0,0.0,0,0,S1-365527952,S2-199807809,0
0.33766233766233766,0.33766233766233766,0.015625,0.015625,0.0,0.0,0,0,0,0.0,0.1111111111111111,0.048744943249532414,0.0,0.0,0,1,S1-735998756,S2-300722229,0
0.37037037037037035,0.37037037037037035,0.023255813953488372,0.023255813953488372,0.2857142857142857,0.0,0,0,0,0.0,0.14285714285714285,0.06859399491196358,0.0,0.0,0,0,S1-735998756,S2-294301957,0
0.2807017543859649,0.2807017543859649,0.022222222222222223,0.022222222222222223,0.2413793103448276,0.0,0,0,0,0.0,0.125,0.05621770936958947,0.0,0.0,0,0,S1-735998756,S2-205980356,0
0.3389830508474576,0.3389830508474576,0.14285714285714285,0.14285714285714285,0.3103448275862069,0.0,0,0,0,0.0,0.125,0.0807629785262192,0.0,0.0,0,0,S1-735998756,S2-878588453,0
0.5263157894736842,0.5263157894736842,0.03571428571428571,0.03571428571428571,0.2413793103448276,0.0,0,0,0,0.0,0.16666666666666666,0.06272932562728521,0.0,0.0,0,0,S1-735998756,S2-236393485,0
0.4,0.4,0.058823529411764705,0.058823529411764705,0.1686746987951807,0.0,0,0,0,0.0,0.16666666666666666,0.08142970076922319,0.0,0.0,0,0,S1-903019425,S2-43189428,0
0.358974358974359,0.358974358974359,0.034482758620689655,0.034482758620689655,0.26737967914438504,0.0,0,0,0,0.0,0.16666666666666666,0.07793171701073519,0.0,0.0,1,0,S1-903019425,S2-192547825,0
0.52,0.52,0.12121212121212122,0.12121212121212122,0.30434782608695654,0.0,0,0,0,0.0,0.3333333333333333,0.1815560036349581,0.0,0.0,0,0,S1-903019425,S2-555740324,0
0.48,0.48,0.02631578947368421,0.02631578947368421,0.16551724137931034,0.0,0,0,0,0.0,0.125,0.0464510084260934,0.0,0.0,0,0,S1-903019425,S2-639469476,0
0.4186046511627907,0.4186046511627907,0.03125,0.03125,0.10526315789473684,0.0,0,0,0,0.0,0.14285714285714285,0.07192461674833331,0.0,0.0,0,0,S1-903019425,S2-88297436,0
0.5818181818181818,0.5818181818181818,0.2857142857142857,0.2857142857142857,0.21428571428571427,0.0,0,0,0,0.0,0.14285714285714285,0.12967944355939315,0.0,0.0,0,0,S1-623732877,S2-831642837,0
0.5,0.5,0.06060606060606061,0.06060606060606061,0.29411764705882354,0.0,0,0,0,0.0,0.16666666666666666,0.11158200546705535,0.0,0.0,0,0,S1-623732877,S2-227752207,0
0.16666666666666666,0.16666666666666666,0.037037037037037035,0.037037037037037035,0.5964912280701754,0.0,0,0,0,0.0,0.2,0.12512036834909449,0.1,0.09999999999999998,0,0,S1-623732877,S2-552118741,0
0.375,0.375,0.05555555555555555,0.05555555555555555,0.3220338983050847,0.0,0,0,0,0.0,0.14285714285714285,0.11172068811488116,0.0,0.0,0,0,S1-623732877,S2-366272614,0
0.5555555555555556,0.5555555555555556,0.07692307692307693,0.07692307692307693,0.1958041958041958,0.0,0,0,0,0.0,0.2,0.12010717874064585,0.0,0.0,0,0,S1-623732877,S2-397875130,0
0.125,0.125,0.02631578947368421,0.02631578947368421,0.4406779661016949,0.0,0,0,0,0.0,0.16666666666666666,0.0569485424971546,0.1111111111111111,0.11111111111111113,0,0,S1-164124982,S2-46100007,0
0.2857142857142857,0.2857142857142857,0.02702702702702703,0.02702702702702703,0.26229508196721313,0.0,0,0,0,0.0,0.16666666666666666,0.07090136696663571,0.0,0.0,0,0,S1-164124982,S2-608083959,0
0.37209302325581395,0.37209302325581395,0.0625,0.0625,0.3103448275862069,0.0,0,0,0,0.0,0.16666666666666666,0.0541607807579353,0.0,0.0,0,0,S1-164124982,S2-547505916,0
0.36363636363636365,0.36363636363636365,0.02857142857142857,0.02857142857142857,0.25806451612903225,0.0,0,0,0,0.0,0.2,0.05608691361078268,0.0,0.0,0,0,S1-164124982,S2-504561850,0
0.3684210526315789,0.3684210526315789,0.03571428571428571,0.03571428571428571,0.29411764705882354,0.0,0,0,0,0.0,0.16666666666666666,0.05262001178653734,0.0,0.0,0,0,S1-164124982,S2-630789699,0
0.6101694915254238,0.6101694915254238,0.24390243902439024,0.24390243902439024,0.35294117647058826,0.0,0,0,0,0.0,0.2,0.23648833485689466,0.0,0.0,0,0,S1-4109381,S2-969439030,0
0.5,0.5,0.20930232558139536,0.20930232558139536,0.17391304347826086,0.0,0,0,0,0.0,0.2,0.23362208299862067,0.0,0.0,0,0,S1-4109381,S2-361687150,0
0.5833333333333334,0.5833333333333334,0.19230769230769232,0.19230769230769232,0.1875,0.0,0,0,0,0.0,0.16666666666666666,0.18177195904584012,0.0,0.0,0,0,S1-4109381,S2-903739340,0
0.47619047619047616,0.47619047619047616,0.14893617021276595,0.14893617021276595,0.2191780821917808,0.0,0,0,0,0.0,0.16666666666666666,0.193526650509379,0.0,0.0,0,0,S1-4109381,S2-32119444,0
0.6,0.6,0.2647058823529412,0.2647058823529412,0.23529411764705882,0.0,0,0,0,0.0,0.25,0.1982392056239586,0.0,0.0,0,0,S1-4109381,S2-188820988,0
0.4266666666666667,0.4266666666666667,0.1111111111111111,0.1111111111111111,0.21428571428571427,0.0,0,0,0,0.0,0.14285714285714285,0.0458043895340416,0.0,0.0,1,0,S1-240633284,S2-976572610,0
0.5507246376811594,0.5507246376811594,0.20833333333333334,0.20833333333333334,0.33783783783783783,0.0,0,0,0,0.0,0.3333333333333333,0.10369741554346933,0.1,0.09999999999999998,0,0,S1-240633284,S2-781901295,0
0.5245901639344263,0.5245901639344263,0.42857142857142855,0.42857142857142855,0.3111111111111111,0.0,0,0,0,0.0,0.3333333333333333,0.11783711676727358,0.0,0.0,0,0,S1-240633284,S2-777730349,0
0.5882352941176471,0.5882352941176471,0.2608695652173913,0.2608695652173913,0.29069767441860467,0.0,0,0,0,0.0,0.4,0.12086152794313058,0.0,0.0,0,0,S1-240633284,S2-175302726,0
0.3728813559322034,0.3728813559322034,0.13953488372093023,0.13953488372093023,0.31654676258992803,0.0,0,0,0,0.0,0.16666666666666666,0.055087408291926654,0.0,0.0,0,0,S1-240633284,S2-861580327,0
0.32,0.32,0.05128205128205128,0.05128205128205128,0.3380281690140845,0.0,0,0,0,0.0,0.16666666666666666,0.052579013552097806,0.09090909090909091,0.09090909090909093,0,0,S1-633324106,S2-786029497,0
0.5,0.5,0.04878048780487805,0.04878048780487805,0.2702702702702703,0.0,0,0,0,0.0,0.16666666666666666,0.060164428570007006,0.0,0.0,0,0,S1-633324106,S2-501875319,0
0.3508771929824561,0.3508771929824561,0.021739130434782608,0.021739130434782608,0.24561403508771928,0.0,0,0,0,0.0,0.14285714285714285,0.045705567596876766,0.0,0.0,0,0,S1-633324106,S2-896681692,0
0.2962962962962963,0.2962962962962963,0.023255813953488372,0.023255813953488372,0.29850746268656714,0.0,0,0,0,0.0,0.14285714285714285,0.048545092105770835,0.0,0.0,0,0,S1-633324106,S2-446789327,0
0.4057971014492754,0.4057971014492754,0.03636363636363636,0.03636363636363636,0.43478260869565216,0.0,0,0,0,0.0,0.1111111111111111,0.03623254524670487,0.09090909090909091,0.09090909090909093,0,0,S1-633324106,S2-375127812,0
0.47619047619047616,0.47619047619047616,0.03225806451612903,0.03225806451612903,0.2222222222222222,0.0,0,0,0,0.0,0.14285714285714285,0.049775466016395195,0.0,0.0,0,0,S1-643839389,S2-822228321,0
0.24242424242424243,0.24242424242424243,0.021739130434782608,0.021739130434782608,0.0,0.0,0,0,0,0.0,0.125,0.04163335441542107,0.0,0.0,0,1,S1-643839389,S2-101814663,0
0.41935483870967744,0.41935483870967744,0.06521739130434782,0.06521739130434782,0.1935483870967742,0.0,0,0,0,0.0,0.1,0.03298150218879587,0.0,0.0,1,0,S1-643839389,S2-474076008,0
0.35294117647058826,0.35294117647058826,0.02564102564102564,0.02564102564102564,0.2413793103448276,0.0,0,0,0,0.0,0.125,0.0420185798807951,0.0,0.0,0,0,S1-643839389,S2-163944467,0
0.4074074074074074,0.4074074074074074,0.023809523809523808,0.023809523809523808,0.3142857142857143,0.0,0,0,0,0.0,0.125,0.03696389841957712,0.0,0.0,0,0,S1-643839389,S2-382105882,0
0.2692307692307692,0.2692307692307692,0.025,0.025,0.0,0.0,0,0,0,0.0,0.125,0.055868995049703635,0.0,0.0,0,1,S1-381530633,S2-948116290,0
0.391304347826087,0.391304347826087,0.02857142857142857,0.02857142857142857,0.2857142857142857,0.0,0,0,0,0.0,0.14285714285714285,0.050784076984750924,0.0,0.0,0,0,S1-381530633,S2-500258878,0
0.4444444444444444,0.4444444444444444,0.029411764705882353,0.029411764705882353,0.26666666666666666,0.0,0,0,0,0.0,0.14285714285714285,0.0619621623504536,0.0,0.0,0,0,S1-381530633,S2-971223512,0
0.16666666666666666,0.16666666666666666,0.038461538461538464,0.038461538461538464,0.24561403508771928,0.0,0,0,0,0.0,0.16666666666666666,0.06933726821439586,0.0,0.0,0,0,S1-381530633,S2-238776915,0
0.375,0.375,0.05555555555555555,0.05555555555555555,0.4,0.0,0,0,0,0.0,0.14285714285714285,0.054238974454878706,0.09090909090909091,0.09090909090909093,0,0,S1-381530633,S2-870253600,0
0.3018867924528302,0.3018867924528302,0.025,0.025,0.29545454545454547,0.0,0,0,0,0.0,0.1111111111111111,0.030574307101640517,0.0,0.0,0,0,S1-748867572,S2-9038706,0
0.36363636363636365,0.36363636363636365,0.023809523809523808,0.023809523809523808,0.27906976744186046,0.0,0,0,0,0.0,0.125,0.03413663907134089,0.0,0.0,0,0,S1-748867572,S2-398878851,0
0.3103448275862069,0.3103448275862069,0.02127659574468085,0.02127659574468085,0.3023255813953488,0.0,0,0,0,0.0,0.14285714285714285,0.040259462131867964,0.0,0.0,0,0,S1-748867572,S2-794655174,0
0.45714285714285713,0.45714285714285713,0.13043478260869565,0.13043478260869565,0.2716049382716049,0.0,0,0,0,0.0,0.16666666666666666,0.05084671126364953,0.0,0.0,0,0,S1-748867572,S2-84682709,0
0.2857142857142857,0.2857142857142857,0.02631578947368421,0.02631578947368421,0.2702702702702703,0.0,0,0,0,0.0,0.14285714285714285,0.04066307233889165,0.0,0.0,0,0,S1-748867572,S2-844118342,0
1.0,1.0,1.0,1.0,0.5,0.0,0,0,0,0.0,1.0,1.0,0.2,0.20000000000000004,1,0,S1-867508043,S2-570625919,1
0.2978723404255319,0.2978723404255319,0.027777777777777776,0.027777777777777776,0.2318840579710145,0.0,0,0,0,0.0,0.14285714285714285,0.039730598512572456,0.0,0.0,0,0,S1-867508043,S2-215524483,0
0.42105263157894735,0.42105263157894735,0.03571428571428571,0.03571428571428571,0.25,0.0,0,0,0,0.0,0.16666666666666666,0.054619380007267807,0.0,0.0,0,0,S1-867508043,S2-535946097,0
0.35294117647058826,0.35294117647058826,0.04,0.04,0.26506024096385544,0.0,0,0,0,0.0,0.2,0.06020906499717426,0.0,0.0,0,0,S1-867508043,S2-803313161,0
0.3076923076923077,0.3076923076923077,0.025,0.025,0.23880597014925373,0.0,0,0,0,0.0,0.125,0.034915515922729616,0.0,0.0,0,0,S1-867508043,S2-10847918,0
0.42105263157894735,0.42105263157894735,0.037037037037037035,0.037037037037037035,0.3880597014925373,0.0,0,0,0,0.0,0.14285714285714285,0.04257668432058602,0.0,0.0,0,0,S1-867508043,S2-754113131,0
0.5411764705882353,0.5411764705882353,0.22413793103448276,0.22413793103448276,0.2112676056338028,0.0,0,0,0,0.0,0.25,0.09388397984496315,0.058823529411764705,0.0588235294117647,0,0,S1-601051280,S2-339768491,0
0.4507042253521127,0.4507042253521127,0.1346153846153846,0.1346153846153846,0.12307692307692308,0.0,0,0,0,0.0,0.125,0.04943946930136261,0.0,0.0,0,0,S1-601051280,S2-301528823,0
0.5245901639344263,0.5245901639344263,0.25,0.25,0.19736842105263158,0.0,0,0,0,0.0,0.16666666666666666,0.1794799704931412,0.0,0.0,0,0,S1-601051280,S2-950313662,0
0.4864864864864865,0.4864864864864865,0.15384615384615385,0.15384615384615385,0.21428571428571427,0.0,0,0,0,0.0,0.1111111111111111,0.04495187764879632,0.0,0.0,0,0,S1-601051280,S2-416317388,0
0.36923076923076925,0.36923076923076925,0.10204081632653061,0.10204081632653061,0.18064516129032257,0.0,0,0,0,0.0,0.14285714285714285,0.060163263853812335,0.0,0.0,0,0,S1-601051280,S2-396009148,0
0.42105263157894735,0.42105263157894735,0.034482758620689655,0.034482758620689655,0.19672131147540983,0.0,0,0,0,0.0,0.2,0.06593538809561006,0.0,0.0,0,0,S1-777783962,S2-651953887,0
0.32432432432432434,0.32432432432432434,0.03571428571428571,0.03571428571428571,0.36619718309859156,0.0,0,0,0,0.0,0.2,0.07317300879603658,0.0,0.0,0,0,S1-777783962,S2-649917878,0
0.391304347826087,0.391304347826087,0.027777777777777776,0.027777777777777776,0.31746031746031744,0.0,0,0,0,0.0,0.16666666666666666,0.056581816013949134,0.0,0.0,0,0,S1-777783962,S2-431539067,0
0.3333333333333333,0.3333333333333333,0.05555555555555555,0.05555555555555555,0.3389830508474576,0.0,0,0,0,0.0,0.16666666666666666,0.06336171854660107,0.0,0.0,0,0,S1-777783962,S2-837570374,0
0.5161290322580645,0.5161290322580645,0.045454545454545456,0.045454545454545456,0.23728813559322035,0.0,0,0,0,0.0,0.2,0.062348943047963346,0.0,0.0,0,0,S1-777783962,S2-55677442,0
0.417910447761194,0.417910447761194,0.14583333333333334,0.14583333333333334,0.12389380530973451,0.0,0,0,0,0.0,0.125,0.058445845504705954,0.0,0.0,0,0,S1-261995209,S2-58272642,0
0.42857142857142855,0.42857142857142855,0.1320754716981132,0.1320754716981132,0.1320754716981132,0.0,0,0,0,0.0,0.14285714285714285,0.09691129574924078,0.0,0.0,0,0,S1-261995209,S2-87801685,0
0.5306122448979592,0.5306122448979592,0.17647058823529413,0.17647058823529413,0.1834862385321101,0.0,0,0,0,0.0,0.2,0.11480026936311276,0.0,0.0,0,0,S1-261995209,S2-116172784,0
0.5555555555555556,0.5555555555555556,0.2608695652173913,0.2608695652173913,0.2900763358778626,0.0,0,0,0,0.0,0.25,0.1254376653132876,0.045454545454545456,0.04545454545454544,0,0,S1-261995209,S2-887475466,0
0.42857142857142855,0.42857142857142855,0.15384615384615385,0.15384615384615385,0.12244897959183673,0.0,0,0,0,0.0,0.125,0.06354874991091888,0.0,0.0,0,0,S1-261995209,S2-56081912,0
0.4489795918367347,0.4489795918367347,0.02564102564102564,0.02564102564102564,0.43333333333333335,0.0,0,0,0,0.0,0.16666666666666666,0.12586031642703763,0.1875,0.1875,0,0,S1-15488036,S2-994889610,0
0.4444444444444444,0.4444444444444444,0.08333333333333333,0.08333333333333333,0.20952380952380953,0.0,0,0,0,0.0,0.125,0.09353841214681574,0.0,0.0,0,0,S1-15488036,S2-99267247,0
0.34782608695652173,0.34782608695652173,0.027777777777777776,0.027777777777777776,0.26548672566371684,0.5,1,1,1,0.0,0.16666666666666666,0.10544187193087251,0.05263157894736842,0.052631578947368404,0,0,S1-15488036,S2-960109159,0
0.5454545454545454,0.5454545454545454,0.09090909090909091,0.09090909090909091,0.2018348623853211,0.0,0,0,0,0.0,0.2,0.12310863297750531,0.0,0.0,0,0,S1-15488036,S2-749924494,0
0.3888888888888889,0.3888888888888889,0.037037037037037035,0.037037037037037035,0.1941747572815534,0.0,0,0,0,0.0,0.2,0.12271057240690568,0.0,0.0,0,0,S1-15488036,S2-703037938,0
0.5555555555555556,0.5555555555555556,0.023809523809523808,0.023809523809523808,0.23076923076923078,0.25,1,1,1,0.0,0.125,0.06291378235399528,0.0,0.0,0,0,S1-877454911,S2-50034961,0
0.5185185185185185,0.5185185185185185,0.023255813953488372,0.023255813953488372,0.2706766917293233,0.0,0,0,0,0.0,0.14285714285714285,0.06863756033347575,0.0,0.0,0,0,S1-877454911,S2-578601578,0
0.3902439024390244,0.3902439024390244,0.03225806451612903,0.03225806451612903,0.22580645161290322,0.0,0,0,0,0.0,0.16666666666666666,0.10186964151121378,0.0,0.0,0,0,S1-877454911,S2-237865436,0
0.3673469387755102,0.3673469387755102,0.02702702702702703,0.02702702702702703,0.3939393939393939,0.0,0,0,0,0.0,0.125,0.058201626586579305,0.0,0.0,0,0,S1-877454911,S2-957232165,0
0.47619047619047616,0.47619047619047616,0.03125,0.03125,0.18,0.0,0,0,0,0.0,0.16666666666666666,0.07902244405786449,0.0,0.0,0,0,S1-877454911,S2-867914087,0
0.43137254901960786,0.43137254901960786,0.13513513513513514,0.13513513513513514,0.2838709677419355,0.0,0,0,0,0.0,0.16666666666666666,0.06459883222308634,0.0,0.0,0,0,S1-610307816,S2-871788577,0
0.45714285714285713,0.45714285714285713,0.22916666666666666,0.22916666666666666,0.21897810218978103,0.0,0,0,0,0.0,0.2857142857142857,0.10566118937877803,0.05263157894736842,0.052631578947368404,0,0,S1-610307816,S2-850701242,0
0.5333333333333333,0.5333333333333333,0.2549019607843137,0.2549019607843137,0.2953020134228188,0.0,0,0,0,0.0,0.2857142857142857,0.08495131661647475,0.09523809523809523,0.09523809523809522,0,0,S1-610307816,S2-60660322,0
0.4074074074074074,0.4074074074074074,0.125,0.125,0.24113475177304963,0.0,0,0,0,0.0,0.16666666666666666,0.05469626305688002,0.0,0.0,0,0,S1-610307816,S2-6819295,0
0.6333333333333333,0.6333333333333333,0.3157894736842105,0.3157894736842105,0.2360248447204969,0.0,0,0,0,0.0,0.3333333333333333,0.11496557783741576,0.0,0.0,0,0,S1-610307816,S2-960095277,0
0.72,0.72,0.5,0.5,0.9122807017543859,0.0,0,0,0,0.0,0.6666666666666666,0.5817801035300586,0.42857142857142855,0.42857142857142866,0,0,S1-448521657,S2-356729961,1
0.4166666666666667,0.4166666666666667,0.02631578947368421,0.02631578947368421,0.21428571428571427,0.0,0,0,0,0.0,0.16666666666666666,0.11258441747537368,0.0,0.0,0,0,S1-448521657,S2-221750883,0
0.46511627906976744,0.46511627906976744,0.09375,0.09375,0.25,0.0,0,0,0,0.0,0.2,0.1694884745847185,0.0,0.0,0,0,S1-448521657,S2-235319802,0
0.5263157894736842,0.5263157894736842,0.15384615384615385,0.15384615384615385,0.4444444444444444,0.0,0,0,0,0.0,0.2,0.1663588904401738,0.0,0.0,0,0,S1-448521657,S2-658162855,0
0.425531914893617,0.425531914893617,0.12121212121212122,0.12121212121212122,0.27586206896551724,0.0,0,0,0,0.0,0.14285714285714285,0.11708398627205366,0.0,0.0,1,0,S1-448521657,S2-468424378,0
0.5142857142857142,0.5142857142857142,0.125,0.125,0.3137254901960784,0.0,0,0,0,0.0,0.2,0.1706905692671343,0.0,0.0,0,0,S1-448521657,S2-342255431,0
0.5625,0.5625,0.2857142857142857,0.2857142857142857,0.1951219512195122,0.0,0,0,0,0.0,0.16666666666666666,0.1542634394681066,0.0,0.0,0,0,S1-47933500,S2-736262427,0
0.6956521739130435,0.6956521739130435,0.4444444444444444,0.4444444444444444,0.2823529411764706,0.0,0,0,0,0.0,0.25,0.17287681845069322,0.0,0.0,0,0,S1-47933500,S2-300597989,0
0.5818181818181818,0.5818181818181818,0.3142857142857143,0.3142857142857143,0.21428571428571427,0.0,0,0,0,0.0,0.16666666666666666,0.17611772880754728,0.0,0.0,0,0,S1-47933500,S2-943106736,0
0.6333333333333333,0.6333333333333333,0.3157894736842105,0.3157894736842105,0.1523809523809524,0.0,0,0,0,0.0,0.16666666666666666,0.15253912824034974,0.0,0.0,0,0,S1-47933500,S2-539914703,0
0.49230769230769234,0.49230769230769234,0.2619047619047619,0.2619047619047619,0.0,0.0,0,0,0,0.0,0.16666666666666666,0.13245004448054407,0.0,0.0,1,1,S1-47933500,S2-87985253,0
0.5714285714285714,0.5714285714285714,0.13333333333333333,0.13333333333333333,0.21951219512195122,0.0,0,0,0,0.0,0.2,0.18257317868085052,0.0,0.0,0,0,S1-980477796,S2-367558425,0
0.47619047619047616,0.47619047619047616,0.13793103448275862,0.13793103448275862,0.11594202898550725,0.0,0,0,0,0.0,0.16666666666666666,0.14940120018434028,0.0,0.0,0,0,S1-980477796,S2-918628121,0
0.3829787234042553,0.3829787234042553,0.11764705882352941,0.11764705882352941,0.2716049382716049,0.0,0,0,0,0.0,0.16666666666666666,0.1589054122852661,0.0,0.0,1,0,S1-980477796,S2-279884716,0
0.46511627906976744,0.46511627906976744,0.1724137931034483,0.1724137931034483,0.12658227848101267,0.0,0,0,0,0.0,0.2,0.15614768019148106,0.0,0.0,0,0,S1-980477796,S2-308001073,0
0.3829787234042553,0.3829787234042553,0.11764705882352941,0.11764705882352941,0.19753086419753085,0.0,0,0,0,0.0,0.16666666666666666,0.14432006560437804,0.0,0.0,0,0,S1-980477796,S2-522427484,0
0.2926829268292683,0.2926829268292683,0.03125,0.03125,0.2545454545454545,0.0,0,0,0,0.0,0.2,0.06915851265360426,0.0,0.0,1,0,S1-401976544,S2-964939077,0
0.3888888888888889,0.3888888888888889,0.037037037037037035,0.037037037037037035,0.26666666666666666,0.0,0,0,0,0.0,0.2,0.060524020590284354,0.0,0.0,0,0,S1-401976544,S2-809053218,0
0.3,0.3,0.03225806451612903,0.03225806451612903,0.2807017543859649,0.0,0,0,0,0.0,0.2,0.04818955632278752,0.0,0.0,0,0,S1-401976544,S2-799863220,0
0.35714285714285715,0.35714285714285715,0.05263157894736842,0.05263157894736842,0.28125,0.0,0,0,0,0.0,0.3333333333333333,0.0918847388444709,0.0,0.0,0,0,S1-401976544,S2-693053943,0
0.3902439024390244,0.3902439024390244,0.07407407407407407,0.07407407407407407,0.3,0.0,0,0,0,0.0,0.2,0.07300099436221687,0.0,0.0,0,0,S1-401976544,S2-424891164,0
0.4057971014492754,0.4057971014492754,0.11538461538461539,0.11538461538461539,0.32558139534883723,0.0,0,0,0,0.0,0.125,0.034568557219333475,0.0,0.0,0,0,S1-145092915,S2-344531358,0
0.6376811594202898,0.6376811594202898,0.2608695652173913,0.2608695652173913,0.0,0.0,0,0,0,0.0,0.2857142857142857,0.07055471205131258,0.0,0.0,0,1,S1-145092915,S2-365114690,0
0.5945945945945946,0.5945945945945946,0.24,0.24,0.1732283464566929,0.0,0,0,0,0.0,0.25,0.06351798334633765,0.0,0.0,1,0,S1-145092915,S2-990398910,0
0.5,0.5,0.11764705882352941,0.11764705882352941,0.205607476635514,0.0,0,0,0,0.0,0.125,0.040224480279864534,0.0,0.0,0,0,S1-145092915,S2-697924266,0
0.5507246376811594,0.5507246376811594,0.11538461538461539,0.11538461538461539,0.25757575757575757,0.0,0,0,0,0.0,0.125,0.039939963955015256,0.0,0.0,0,0,S1-145092915,S2-974126678,0
0.2857142857142857,0.2857142857142857,0.06818181818181818,0.06818181818181818,0.16981132075471697,0.0,0,0,0,0.0,0.16666666666666666,0.12149604830087189,0.0,0.0,0,0,S1-121320281,S2-81117269,0
0.34146341463414637,0.34146341463414637,0.06666666666666667,0.06666666666666667,0.19298245614035087,0.0,0,0,0,0.0,0.16666666666666666,0.1591143149022331,0.0,0.0,0,0,S1-121320281,S2-777760567,0
0.41379310344827586,0.41379310344827586,0.1,0.1,0.18691588785046728,0.0,0,0,0,0.0,0.25,0.21128299932845027,0.0,0.0,0,0,S1-121320281,S2-764699807,0
0.38095238095238093,0.38095238095238093,0.0851063829787234,0.0851063829787234,0.2206896551724138,0.0,0,0,0,0.0,0.125,0.11767351791822969,0.0,0.0,0,0,S1-121320281,S2-880283678,0
0.3018867924528302,0.3018867924528302,0.04878048780487805,0.04878048780487805,0.1509433962264151,0.0,0,0,0,0.0,0.14285714285714285,0.14098942102995726,0.0,0.0,0,0,S1-121320281,S2-705939052,0
0.5714285714285714,0.5714285714285714,0.24324324324324326,0.24324324324324326,0.11392405063291139,0.0,0,0,0,0.0,0.16666666666666666,0.12840182280244275,0.04,0.03999999999999999,0,0,S1-96174244,S2-542628415,0
0.5964912280701754,0.5964912280701754,0.23684210526315788,0.23684210526315788,0.3287671232876712,0.0,0,0,0,0.0,0.16666666666666666,0.1216823915626437,0.0,0.0,0,0,S1-96174244,S2-469071732,0
0.5263157894736842,0.5263157894736842,0.23684210526315788,0.23684210526315788,0.22972972972972974,0.0,0,0,0,0.0,0.2,0.16791078800524778,0.0,0.0,0,0,S1-96174244,S2-449906402,0
0.5581395348837209,0.5581395348837209,0.34615384615384615,0.34615384615384615,0.2898550724637681,0.0,0,0,0,0.0,0.25,0.15433450645158192,0.0,0.0,0,0,S1-96174244,S2-348879802,0
0.5531914893617021,0.5531914893617021,0.36,0.36,0.24347826086956523,0.0,0,0,0,0.0,0.2,0.1498517472748806,0.0,0.0,0,0,S1-96174244,S2-243511598,0
0.23076923076923078,0.23076923076923078,0.025,0.025,0.20588235294117646,0.0,0,0,0,0.0,0.14285714285714285,0.06499519110756499,0.0,0.0,1,0,S1-126116334,S2-465137088,0
0.15384615384615385,0.15384615384615385,0.034482758620689655,0.034482758620689655,0.22580645161290322,0.0,0,0,0,0.0,0.16666666666666666,0.057134716959421274,0.0,0.0,0,0,S1-126116334,S2-862240490,0
0.2711864406779661,0.2711864406779661,0.021739130434782608,0.021739130434782608,0.39344262295081966,0.0,0,0,0,0.0,0.1111111111111111,0.03674048218773326,0.0,0.0,0,0,S1-126116334,S2-493069902,0
0.22727272727272727,0.22727272727272727,0.03125,0.03125,0.38095238095238093,0.0,0,0,0,0.0,0.16666666666666666,0.052546276847350484,0.0,0.0,0,0,S1-126116334,S2-469881025,0
0.4727272727272727,0.4727272727272727,0.023255813953488372,0.023255813953488372,0.16393442622950818,0.0,0,0,0,0.0,0.14285714285714285,0.05998572636170962,0.0,0.0,0,0,S1-126116334,S2-374840750,0
0.6060606060606061,0.6060606060606061,0.22727272727272727,0.22727272727272727,0.2153846153846154,0.0,0,0,0,0.0,0.3333333333333333,0.33856937971249923,0.0,0.0,0,0,S1-287654159,S2-705013876,0
0.5,0.5,0.18518518518518517,0.18518518518518517,0.6567164179104478,0.0,0,0,0,0.0,0.2,0.21160909632423433,0.1,0.10000000000000002,0,0,S1-287654159,S2-550242100,0
0.6470588235294118,0.6470588235294118,0.21739130434782608,0.21739130434782608,0.21875,0.0,0,0,0,0.0,0.3333333333333333,0.3303467529505394,0.0,0.0,0,0,S1-287654159,S2-592283743,0
0.5714285714285714,0.5714285714285714,0.2727272727272727,0.2727272727272727,0.36666666666666664,0.0,0,0,0,0.0,0.25,0.26563851358654017,0.0,0.0,0,0,S1-287654159,S2-874200500,0
0.44,0.44,0.1388888888888889,0.1388888888888889,0.53125,0.0,0,0,0,0.0,0.2,0.19773225097508992,0.0,0.0,0,0,S1-287654159,S2-167279129,0
0.20512820512820512,0.20512820512820512,0.034482758620689655,0.034482758620689655,0.3275862068965517,0.0,0,0,0,0.0,0.16666666666666666,0.27363596185832634,0.0,0.0,0,0,S1-178092842,S2-854261650,0
0.13636363636363635,0.13636363636363635,0.029411764705882353,0.029411764705882353,0.3492063492063492,0.0,0,0,0,0.0,0.16666666666666666,0.28452694817405827,0.0,0.0,0,0,S1-178092842,S2-762832212,0
0.42105263157894735,0.42105263157894735,0.09090909090909091,0.09090909090909091,0.21428571428571427,0.0,0,0,0,0.0,0.25,0.32094115202388984,0.0,0.0,0,0,S1-178092842,S2-258702122,0
0.38095238095238093,0.38095238095238093,0.08333333333333333,0.08333333333333333,0.23255813953488372,0.0,0,0,0,0.0,0.2,0.2703454314514935,0.0,0.0,0,0,S1-178092842,S2-896591769,0
0.2222222222222222,0.2222222222222222,0.038461538461538464,0.038461538461538464,0.3728813559322034,0.0,0,0,0,0.0,0.16666666666666666,0.27328482471695564,0.0,0.0,0,0,S1-178092842,S2-381232836,0
0.3880597014925373,0.3880597014925373,0.21739130434782608,0.21739130434782608,0.26277372262773724,0.0,0,0,0,0.0,0.3333333333333333,0.11973251654049376,0.0,0.0,0,0,S1-884691997,S2-152644742,0
0.43478260869565216,0.43478260869565216,0.23404255319148937,0.23404255319148937,0.26666666666666666,0.0,0,0,0,0.0,0.3333333333333333,0.1165186058291608,0.047619047619047616,0.04761904761904761,0,0,S1-884691997,S2-629389842,0
0.3448275862068966,0.3448275862068966,0.11627906976744186,0.11627906976744186,0.24390243902439024,0.0,0,0,0,0.0,0.16666666666666666,0.07146054936386559,0.0,0.0,0,0,S1-884691997,S2-373262251,0
0.4838709677419355,0.4838709677419355,0.13043478260869565,0.13043478260869565,0.3709677419354839,0.0,0,0,0,0.0,0.16666666666666666,0.07378323357946028,0.11764705882352941,0.1176470588235294,0,0,S1-884691997,S2-50695556,0
0.5526315789473685,0.5526315789473685,0.1568627450980392,0.1568627450980392,0.23333333333333334,0.0,0,0,0,0.0,0.14285714285714285,0.06080030251603468,0.07692307692307693,0.07692307692307693,0,0,S1-884691997,S2-4527474,0
0.41025641025641024,0.41025641025641024,0.03333333333333333,0.03333333333333333,0.26229508196721313,0.0,0,0,0,0.0,0.2,0.0758674910015265,0.0,0.0,0,0,S1-768526260,S2-456143731,0
0.48484848484848486,0.48484848484848486,0.08333333333333333,0.08333333333333333,0.32432432432432434,0.0,0,0,0,0.0,0.25,0.08270936280355379,0.0,0.0,0,0,S1-768526260,S2-995464320,0
0.36065573770491804,0.36065573770491804,0.02040816326530612,0.02040816326530612,0.3508771929824561,0.0,0,0,0,0.0,0.125,0.03974202532341407,0.0,0.0,0,0,S1-768526260,S2-329387031,0
0.4864864864864865,0.4864864864864865,0.03571428571428571,0.03571428571428571,0.3466666666666667,0.0,0,0,0,0.0,0.2,0.06523124422102691,0.07142857142857142,0.07142857142857142,1,0,S1-768526260,S2-663866697,0
0.3728813559322034,0.3728813559322034,0.02127659574468085,0.02127659574468085,0.25,0.0,0,0,0,0.0,0.125,0.053727026509407354,0.0,0.0,0,0,S1-768526260,S2-500102003,0
0.5,0.5,0.08333333333333333,0.08333333333333333,0.1797752808988764,0.0,0,0,0,0.0,0.25,0.39556967674166976,0.0,0.0,0,0,S1-847444876,S2-905330960,0
0.2222222222222222,0.2222222222222222,0.04,0.04,0.2247191011235955,0.0,0,0,0,0.0,0.14285714285714285,0.20850989076488008,0.0,0.0,1,0,S1-847444876,S2-400185304,0
0.42857142857142855,0.42857142857142855,0.1111111111111111,0.1111111111111111,0.20869565217391303,0.0,0,0,0,0.0,0.2,0.3151429187198234,0.0,0.0,0,0,S1-847444876,S2-41930995,0
0.5555555555555556,0.5555555555555556,0.1,0.1,0.3697478991596639,0.0,0,0,0,0.0,0.25,0.3285198068862232,0.058823529411764705,0.0588235294117647,0,0,S1-847444876,S2-221838505,0
0.2857142857142857,0.2857142857142857,0.05263157894736842,0.05263157894736842,0.3114754098360656,0.0,0,0,0,0.0,0.2,0.3477604563100572,0.05555555555555555,0.055555555555555546,0,0,S1-847444876,S2-859875646,0
0.49122807017543857,0.49122807017543857,0.15,0.15,0.2839506172839506,0.0,0,0,0,0.0,0.125,0.04409353980289287,0.0,0.0,0,0,S1-631326479,S2-404792945,0
0.36363636363636365,0.36363636363636365,0.12195121951219512,0.12195121951219512,0.06756756756756757,0.0,0,0,0,0.0,0.16666666666666666,0.059954370904647794,0.0,0.0,0,0,S1-631326479,S2-804254683,0
0.45161290322580644,0.45161290322580644,0.10869565217391304,0.10869565217391304,0.34328358208955223,0.0,0,0,0,0.0,0.14285714285714285,0.05725553762066963,0.0,0.0,0,0,S1-631326479,S2-900108292,0
0.5625,0.5625,0.2857142857142857,0.2857142857142857,0.3310344827586207,0.0,0,0,0,0.0,0.3333333333333333,0.12101623653872823,0.05,0.04999999999999999,0,0,S1-631326479,S2-524419189,0
0.6349206349206349,0.6349206349206349,0.2926829268292683,0.2926829268292683,0.18791946308724833,0.0,0,0,0,0.0,0.3333333333333333,0.11513546237273965,0.0,0.0,1,0,S1-631326479,S2-669152344,0
0.27906976744186046,0.27906976744186046,0.030303030303030304,0.030303030303030304,0.34782608695652173,0.0,0,0,0,0.0,0.16666666666666666,0.05358106487401642,0.0,0.0,0,0,S1-347872664,S2-996656094,0
0.23880597014925373,0.23880597014925373,0.017857142857142856,0.017857142857142856,0.34285714285714286,0.0,0,0,0,0.0,0.14285714285714285,0.047386637948339055,0.0,0.0,0,0,S1-347872664,S2-858621447,0
0.32727272727272727,0.32727272727272727,0.025,0.025,0.3492063492063492,0.0,0,0,0,0.0,0.16666666666666666,0.06093384177004267,0.0,0.0,0,0,S1-347872664,S2-438260943,0
0.4,0.4,0.022727272727272728,0.022727272727272728,0.2535211267605634,0.0,0,0,0,0.0,0.14285714285714285,0.04603314675223793,0.0,0.0,0,0,S1-347872664,S2-102665150,0
0.2857142857142857,0.2857142857142857,0.021739130434782608,0.021739130434782608,0.0,0.0,0,0,0,0.0,0.16666666666666666,0.046888163087910675,0.0,0.0,0,1,S1-347872664,S2-345480531,0
0.36363636363636365,0.36363636363636365,0.047619047619047616,0.047619047619047616,0.24324324324324326,0.0,0,0,0,0.0,0.125,0.047174613513631586,0.0,0.0,0,0,S1-571564352,S2-791933371,0
0.22857142857142856,0.22857142857142856,0.05454545454545454,0.05454545454545454,0.3103448275862069,0.0,0,0,0,0.0,0.1111111111111111,0.03904390907935961,0.1,0.10000000000000002,0,0,S1-571564352,S2-635905600,0
0.3793103448275862,0.3793103448275862,0.044444444444444446,0.044444444444444446,0.375,0.0,0,0,0,0.0,0.125,0.041090943498705346,0.0,0.0,0,0,S1-571564352,S2-794833499,0
0.375,0.375,0.0392156862745098,0.0392156862745098,0.34782608695652173,0.0,0,0,0,0.0,0.125,0.041245673768451965,0.0,0.0,0,0,S1-571564352,S2-460545987,0
0.39215686274509803,0.39215686274509803,0.02702702702702703,0.02702702702702703,0.2545454545454545,0.0,0,0,0,0.0,0.14285714285714285,0.047228222544849555,0.0,0.0,0,0,S1-571564352,S2-720851260,0
0.37037037037037035,0.37037037037037035,0.1111111111111111,0.1111111111111111,0.2777777777777778,0.0,0,0,0,0.0,0.2,0.14591769901014437,0.0,0.0,0,0,S1-246438279,S2-232558053,0
0.35294117647058826,0.35294117647058826,0.13513513513513514,0.13513513513513514,0.2903225806451613,0.0,0,0,0,0.0,0.16666666666666666,0.1557088822563307,0.0,0.0,0,0,S1-246438279,S2-597816187,0
0.4583333333333333,0.4583333333333333,0.1111111111111111,0.1111111111111111,0.2692307692307692,0.0,0,0,0,0.0,0.2,0.11748777191786812,0.0,0.0,0,0,S1-246438279,S2-309346563,0
0.4444444444444444,0.4444444444444444,0.0975609756097561,0.0975609756097561,0.12698412698412698,0.0,0,0,0,0.0,0.16666666666666666,0.14401497707253255,0.0,0.0,0,0,S1-246438279,S2-220557062,0
0.35294117647058826,0.35294117647058826,0.10256410256410256,0.10256410256410256,0.20408163265306123,0.0,0,0,0,0.0,0.2,0.14064104543637668,0.0,0.0,0,0,S1-246438279,S2-452727355,0
0.36363636363636365,0.36363636363636365,0.13043478260869565,0.13043478260869565,0.0,0.0,0,0,0,0.0,0.25,0.19002425938337075,0.0,0.0,0,1,S1-589278804,S2-16533827,0
0.43243243243243246,0.43243243243243246,0.1111111111111111,0.1111111111111111,0.27450980392156865,0.0,0,0,0,0.0,0.25,0.24119374962501136,0.0,0.0,0,0,S1-589278804,S2-870690768,0
0.30434782608695654,0.30434782608695654,0.08823529411764706,0.08823529411764706,0.20512820512820512,0.0,0,0,0,0.0,0.2,0.20117410785909554,0.0,0.0,0,0,S1-589278804,S2-612664454,0
0.5454545454545454,0.5454545454545454,0.13043478260869565,0.13043478260869565,0.16,0.0,0,0,0,0.0,0.25,0.18894904959377012,0.0,0.0,0,0,S1-589278804,S2-990455350,0
0.36363636363636365,0.36363636363636365,0.09090909090909091,0.09090909090909091,0.3125,0.0,0,0,0,0.0,0.2,0.15877917928502047,0.0,0.0,0,0,S1-589278804,S2-70506128,0
0.47058823529411764,0.47058823529411764,0.18181818181818182,0.18181818181818182,0.21875,0.0,0,0,0,0.0,0.2,0.2100380428054936,0.1,0.10000000000000002,0,0,S1-839983213,S2-740627472,0
0.41025641025641024,0.41025641025641024,0.15384615384615385,0.15384615384615385,0.1935483870967742,0.0,0,0,0,0.0,0.2,0.1608463973886595,0.0,0.0,0,0,S1-839983213,S2-450621863,0
0.4074074074074074,0.4074074074074074,0.1,0.1,0.13114754098360656,0.0,0,0,0,0.0,0.14285714285714285,0.12332494029537008,0.0,0.0,0,0,S1-839983213,S2-781358249,0
0.4444444444444444,0.4444444444444444,0.12903225806451613,0.12903225806451613,0.25396825396825395,0.0,0,0,0,0.0,0.16666666666666666,0.15871013990379038,0.0,0.0,0,0,S1-839983213,S2-30516666,0
0.6060606060606061,0.6060606060606061,0.23809523809523808,0.23809523809523808,0.22580645161290322,0.0,0,0,0,0.0,0.25,0.3610686363292795,0.1,0.10000000000000002,0,0,S1-839983213,S2-44295627,0
0.48,0.48,0.058823529411764705,0.058823529411764705,0.14925373134328357,0.0,0,0,0,0.0,0.25,0.0906368900362138,0.0,0.0,0,0,S1-446846286,S2-680577199,0
0.43243243243243246,0.43243243243243246,0.07407407407407407,0.07407407407407407,0.0625,0.0,0,0,0,0.0,0.2,0.06628675533040745,0.0,0.0,0,0,S1-446846286,S2-110527286,0
0.4,0.4,0.02857142857142857,0.02857142857142857,0.2972972972972973,0.0,0,0,0,0.0,0.16666666666666666,0.05543413756513696,0.0,0.0,0,0,S1-446846286,S2-664324283,0
0.42857142857142855,0.42857142857142855,0.05,0.05,0.3055555555555556,0.0,0,0,0,0.0,0.25,0.08527992524857134,0.0,0.0,0,0,S1-446846286,S2-72104723,0
0.46511627906976744,0.46511627906976744,0.09375,0.09375,0.2777777777777778,0.0,0,0,0,0.0,0.2,0.07214365052407408,0.0,0.0,0,0,S1-446846286,S2-261031654,0
0.64,0.64,0.11764705882352941,0.11764705882352941,0.5079365079365079,0.0,0,0,0,0.0,0.3333333333333333,0.27384152734881834,0.1111111111111111,0.11111111111111113,0,0,S1-501005663,S2-328114598,0
0.3888888888888889,0.3888888888888889,0.07692307692307693,0.07692307692307693,0.32653061224489793,0.0,0,0,0,0.0,0.2,0.22811370122735786,0.0,0.0,0,0,S1-501005663,S2-565816546,0
0.5,0.5,0.10526315789473684,0.10526315789473684,0.29850746268656714,0.0,0,0,0,0.0,0.25,0.2947215731942937,0.0,0.0,0,0,S1-501005663,S2-691715778,0
0.4375,0.4375,0.09090909090909091,0.09090909090909091,0.27692307692307694,0.0,0,0,0,0.0,0.2,0.2191051103572332,0.0,0.0,0,0,S1-501005663,S2-724847000,0
0.45714285714285713,0.45714285714285713,0.125,0.125,0.06896551724137931,0.0,0,0,0,0.0,0.2,0.21286592075071165,0.0,0.0,0,0,S1-501005663,S2-225735693,0
0.32432432432432434,0.32432432432432434,0.037037037037037035,0.037037037037037035,0.2903225806451613,0.0,0,0,0,0.0,0.16666666666666666,0.05610531282698329,0.1,0.10000000000000002,0,0,S1-384763348,S2-930693101,0
0.3225806451612903,0.3225806451612903,0.045454545454545456,0.045454545454545456,0.3548387096774194,0.0,0,0,0,0.0,0.2,0.06570848221170297,0.1111111111111111,0.11111111111111113,0,0,S1-384763348,S2-859653213,0
0.4,0.4,0.058823529411764705,0.058823529411764705,0.2916666666666667,0.0,0,0,0,0.0,0.16666666666666666,0.06023045351690776,0.0,0.0,0,0,S1-384763348,S2-126424806,0
0.39285714285714285,0.39285714285714285,0.022727272727272728,0.022727272727272728,0.358974358974359,0.3333333333333333,1,1,2,0.0,0.125,0.043939318696963076,0.0,0.0,0,0,S1-384763348,S2-698756815,0
0.2222222222222222,0.2222222222222222,0.029411764705882353,0.029411764705882353,0.23076923076923078,0.0,0,0,0,0.0,0.14285714285714285,0.03956664664985824,0.0,0.0,0,0,S1-384763348,S2-84019910,0
0.6470588235294118,0.6470588235294118,0.18181818181818182,0.18181818181818182,0.18867924528301888,0.0,0,0,0,0.0,0.2,0.21050478226785643,0.0,0.0,0,0,S1-49846757,S2-476972843,0
0.47368421052631576,0.47368421052631576,0.15384615384615385,0.15384615384615385,0.2903225806451613,0.0,0,0,0,0.0,0.2,0.19853139316613258,0.0,0.0,1,0,S1-49846757,S2-59952128,0
0.6875,0.6875,0.2,0.2,0.30303030303030304,0.0,0,0,0,0.0,0.2,0.20770872433980495,0.0,0.0,0,0,S1-49846757,S2-745100715,0
0.7567567567567568,0.7567567567567568,0.42857142857142855,0.42857142857142855,0.36363636363636365,0.0,0,0,0,0.0,0.25,0.21995738607170334,0.0,0.0,0,0,S1-49846757,S2-950637232,0
0.3829787234042553,0.3829787234042553,0.12121212121212122,0.12121212121212122,0.2376237623762376,0.0,0,0,0,0.0,0.14285714285714285,0.18046431231835838,0.0,0.0,0,0,S1-49846757,S2-443158306,0
0.8333333333333334,0.8333333333333334,0.47368421052631576,0.47368421052631576,0.9552238805970149,1.0,1,1,2,0.0,0.5,0.28831994812829176,0.7142857142857143,0.7142857142857143,0,0,S1-972278736,S2-500154560,1
0.4489795918367347,0.4489795918367347,0.05263157894736842,0.05263157894736842,0.24615384615384617,0.0,0,0,0,0.0,0.16666666666666666,0.056601576248730384,0.0,0.0,0,0,S1-972278736,S2-255381665,0
0.13043478260869565,0.13043478260869565,0.058823529411764705,0.058823529411764705,0.225,0.0,0,0,0,0.0,0.14285714285714285,0.05415425062613685,0.0,0.0,0,0,S1-972278736,S2-134829180,0
0.41025641025641024,0.41025641025641024,0.03225806451612903,0.03225806451612903,0.21428571428571427,0.0,0,0,0,0.0,0.25,0.08594693247883385,0.0,0.0,0,0,S1-972278736,S2-199917633,0
0.3333333333333333,0.3333333333333333,0.05405405405405406,0.05405405405405406,0.28125,0.0,0,0,0,0.0,0.16666666666666666,0.053337275991972334,0.0,0.0,0,0,S1-972278736,S2-297150813,0
0.35714285714285715,0.35714285714285715,0.05,0.05,0.20588235294117646,0.0,0,0,0,0.0,0.25,0.08594693247883385,0.0,0.0,0,0,S1-972278736,S2-735828967,0
0.509090909090909,0.509090909090909,0.0975609756097561,0.0975609756097561,0.27450980392156865,0.0,0,0,0,0.0,0.14285714285714285,0.08357411030875378,0.0,0.0,0,0,S1-525906481,S2-502406312,0
0.34285714285714286,0.34285714285714286,0.038461538461538464,0.038461538461538464,0.1875,0.0,0,0,0,0.0,0.2,0.11947189405181728,0.0,0.0,0,0,S1-525906481,S2-448330429,0
0.4583333333333333,0.4583333333333333,0.02631578947368421,0.02631578947368421,0.3404255319148936,0.0,0,0,0,0.0,0.16666666666666666,0.09715409540650029,0.05263157894736842,0.052631578947368404,0,0,S1-525906481,S2-950331353,0
0.32653061224489793,0.32653061224489793,0.02631578947368421,0.02631578947368421,0.28187919463087246,0.0,0,0,0,0.0,0.2,0.11280059026824027,0.0,0.0,0,0,S1-525906481,S2-20558309,0
0.43478260869565216,0.43478260869565216,0.02857142857142857,0.02857142857142857,0.26153846153846155,0.0,0,0,0,0.0,0.14285714285714285,0.0792116077953402,0.05263157894736842,0.052631578947368404,1,0,S1-525906481,S2-893778324,0
0.27906976744186046,0.27906976744186046,0.030303030303030304,0.030303030303030304,0.3023255813953488,0.0,0,0,0,0.0,0.16666666666666666,0.06234408156476571,0.0,0.0,0,0,S1-700236999,S2-595121608,0
0.37209302325581395,0.37209302325581395,0.030303030303030304,0.030303030303030304,0.28888888888888886,0.0,0,0,0,0.0,0.16666666666666666,0.06022538133119276,0.0,0.0,0,0,S1-700236999,S2-806963161,0
0.41025641025641024,0.41025641025641024,0.034482758620689655,0.034482758620689655,0.14285714285714285,0.0,0,0,0,0.0,0.16666666666666666,0.06070302223247384,0.0,0.0,0,0,S1-700236999,S2-792941939,0
0.38095238095238093,0.38095238095238093,0.03225806451612903,0.03225806451612903,0.2222222222222222,0.0,0,0,0,0.0,0.14285714285714285,0.04677216272912608,0.0,0.0,0,0,S1-700236999,S2-291362617,0
0.3684210526315789,0.3684210526315789,0.037037037037037035,0.037037037037037035,0.18518518518518517,0.0,0,0,0,0.0,0.14285714285714285,0.05707061767208819,0.0,0.0,0,0,S1-700236999,S2-941552929,0
0.5862068965517241,0.5862068965517241,0.225,0.225,0.24561403508771928,0.0,0,0,0,0.0,0.16666666666666666,0.04554413575552864,0.0,0.0,0,0,S1-647680230,S2-349891158,0
0.6122448979591837,0.6122448979591837,0.14285714285714285,0.14285714285714285,0.18947368421052632,0.0,0,0,0,0.0,0.16666666666666666,0.043119465916374215,0.0,0.0,0,0,S1-647680230,S2-656780934,0
0.4057971014492754,0.4057971014492754,0.09433962264150944,0.09433962264150944,0.2773722627737226,0.0,0,0,0,0.0,0.125,0.03881747711834112,0.0,0.0,0,0,S1-647680230,S2-782602282,0
0.45614035087719296,0.45614035087719296,0.14285714285714285,0.14285714285714285,0.3076923076923077,0.0,0,0,0,0.0,0.16666666666666666,0.04389526465945461,0.0,0.0,0,0,S1-647680230,S2-873457547,0
0.4918032786885246,0.4918032786885246,0.15,0.15,0.3130434782608696,0.0,0,0,0,0.0,0.16666666666666666,0.052263333147014694,0.0625,0.06249999999999999,1,0,S1-647680230,S2-661069916,0
0.7741935483870968,0.7741935483870968,0.43243243243243246,0.43243243243243246,0.2682926829268293,0.0,0,0,0,0.0,0.4,0.38444465122950383,0.0,0.0,0,0,S1-641062012,S2-358529771,0
0.34782608695652173,0.34782608695652173,0.09615384615384616,0.09615384615384616,0.24,0.0,0,0,0,0.0,0.125,0.1509463456804389,0.0,0.0,0,0,S1-641062012,S2-875569585,0
0.4583333333333333,0.4583333333333333,0.17647058823529413,0.17647058823529413,0.3333333333333333,0.0,0,0,0,0.0,0.2,0.17752846427201238,0.0,0.0,0,0,S1-641062012,S2-43399661,0
0.5909090909090909,0.5909090909090909,0.32142857142857145,0.32142857142857145,0.0,0.0,0,0,0,0.0,0.25,0.2697037957065215,0.0,0.0,0,1,S1-641062012,S2-701654562,0
0.46153846153846156,0.46153846153846156,0.18518518518518517,0.18518518518518517,0.3132530120481928,0.0,0,0,0,0.0,0.25,0.20027233618066867,0.0,0.0,0,0,S1-641062012,S2-451098149,0
0.4528301886792453,0.4528301886792453,0.13157894736842105,0.13157894736842105,0.3333333333333333,0.0,0,0,0,0.0,0.14285714285714285,0.14223846433311396,0.0,0.0,0,0,S1-388739688,S2-972894981,0
0.46511627906976744,0.46511627906976744,0.17857142857142858,0.17857142857142858,0.16901408450704225,0.0,0,0,0,0.0,0.2,0.17501779569440185,0.0,0.0,0,0,S1-388739688,S2-454843908,0
0.5,0.5,0.13513513513513514,0.13513513513513514,0.2647058823529412,0.0,0,0,0,0.0,0.14285714285714285,0.12955936959026318,0.0,0.0,0,0,S1-388739688,S2-568522366,0
0.49056603773584906,0.49056603773584906,0.1282051282051282,0.1282051282051282,0.0,0.0,0,0,0,0.0,0.16666666666666666,0.13643644405059518,0.0,0.0,0,1,S1-388739688,S2-12935238,0
0.5833333333333334,0.5833333333333334,0.14285714285714285,0.14285714285714285,0.35,0.0,0,0,0,0.0,0.2,0.13591728760898666,0.0,0.0,0,0,S1-388739688,S2-863896860,0
0.6909090909090909,0.6909090909090909,0.35294117647058826,0.35294117647058826,0.0,0.0,0,0,0,0.0,0.16666666666666666,0.052954743197972685,0.0,0.0,0,1,S1-128371993,S2-302587378,0
0.43137254901960786,0.43137254901960786,0.17142857142857143,0.17142857142857143,0.1267605633802817,0.0,0,0,0,0.0,0.16666666666666666,0.058560695278552,0.0,0.0,0,0,S1-128371993,S2-877673315,0
0.5901639344262295,0.5901639344262295,0.35135135135135137,0.35135135135135137,0.2127659574468085,0.0,0,0,0,0.0,0.2857142857142857,0.10477493800038304,0.058823529411764705,0.0588235294117647,0,0,S1-128371993,S2-588491670,0
0.6666666666666666,0.6666666666666666,0.32,0.32,0.27941176470588236,0.0,0,0,0,0.0,0.4,0.2855478251822819,0.0,0.0,1,0,S1-128371993,S2-837975034,0
0.7058823529411765,0.7058823529411765,0.42857142857142855,0.42857142857142855,0.0,0.0,0,0,0,0.0,0.3333333333333333,0.13717673378436546,0.0,0.0,0,1,S1-128371993,S2-53431024,0
0.34782608695652173,0.34782608695652173,0.058823529411764705,0.058823529411764705,0.32978723404255317,0.0,0,0,0,0.0,0.14285714285714285,0.05359196235755186,0.0,0.0,0,0,S1-306948851,S2-323138183,0
0.23809523809523808,0.23809523809523808,0.03125,0.03125,0.32727272727272727,0.0,0,0,0,0.0,0.16666666666666666,0.06420346536755739,0.0,0.0,0,0,S1-306948851,S2-305192705,0
0.32142857142857145,0.32142857142857145,0.046511627906976744,0.046511627906976744,0.46357615894039733,0.0,0,0,0,0.0,0.125,0.05219359204894727,0.15789473684210525,0.15789473684210523,0,0,S1-306948851,S2-380802789,0
0.33962264150943394,0.33962264150943394,0.10526315789473684,0.10526315789473684,0.2155688622754491,0.0,0,0,0,0.0,0.2857142857142857,0.13676725655898678,0.0,0.0,0,0,S1-306948851,S2-415348613,0
0.4528301886792453,0.4528301886792453,0.023809523809523808,0.023809523809523808,0.36220472440944884,0.0,0,0,0,0.0,0.14285714285714285,0.05520559483189797,0.05263157894736842,0.052631578947368404,0,0,S1-306948851,S2-597577282,0
0.3157894736842105,0.3157894736842105,0.06976744186046512,0.06976744186046512,0.3886255924170616,0.0,0,0,0,0.0,0.14285714285714285,0.07629476402627491,0.0967741935483871,0.09677419354838707,0,0,S1-574678886,S2-129607000,0
0.3902439024390244,0.3902439024390244,0.10714285714285714,0.10714285714285714,0.19393939393939394,0.0,0,0,0,0.0,0.14285714285714285,0.08182625295710347,0.07692307692307693,0.0769230769230769,0,0,S1-574678886,S2-447055701,0
0.5161290322580645,0.5161290322580645,0.15,0.15,0.17777777777777778,0.0,0,0,0,0.0,0.2,0.09194197386223599,0.11538461538461539,0.11538461538461536,0,0,S1-574678886,S2-232213982,0
0.2978723404255319,0.2978723404255319,0.12121212121212122,0.12121212121212122,0.13580246913580246,0.2,1,1,1,0.0,0.16666666666666666,0.0807896254030479,0.0,0.0,0,0,S1-574678886,S2-553698850,0
0.3508771929824561,0.3508771929824561,0.08108108108108109,0.08108108108108109,0.25,0.0,0,0,0,0.0,0.14285714285714285,0.06708982037647616,0.04,0.03999999999999999,0,0,S1-574678886,S2-91377268,0
0.45,0.45,0.06896551724137931,0.06896551724137931,0.2608695652173913,0.0,0,0,0,0.0,0.16666666666666666,0.17681179192507485,0.0,0.0,0,0,S1-860543113,S2-171053780,0
0.358974358974359,0.358974358974359,0.07142857142857142,0.07142857142857142,0.1568627450980392,0.0,0,0,0,0.0,0.16666666666666666,0.13862735302632218,0.0,0.0,0,0,S1-860543113,S2-53970448,0
0.4864864864864865,0.4864864864864865,0.07692307692307693,0.07692307692307693,0.3404255319148936,0.0,0,0,0,0.0,0.16666666666666666,0.12033168861251645,0.0,0.0,0,0,S1-860543113,S2-244547105,0
0.3103448275862069,0.3103448275862069,0.044444444444444446,0.044444444444444446,0.23809523809523808,0.0,0,0,0,0.0,0.125,0.10951236485951721,0.0,0.0,0,0,S1-860543113,S2-554984746,0
0.4444444444444444,0.4444444444444444,0.1111111111111111,0.1111111111111111,0.2222222222222222,0.0,0,0,0,0.0,0.25,0.16483634100376746,0.0,0.0,0,0,S1-860543113,S2-632046372,0
0.3333333333333333,0.3333333333333333,0.021739130434782608,0.021739130434782608,0.21818181818181817,0.0,0,0,0,0.0,0.125,0.04486014537289327,0.0,0.0,0,0,S1-995010385,S2-329874600,0
0.32727272727272727,0.32727272727272727,0.023809523809523808,0.023809523809523808,0.5263157894736842,0.0,0,0,0,0.0,0.14285714285714285,0.04765437045678283,0.1111111111111111,0.11111111111111113,0,0,S1-995010385,S2-667792902,0
0.3902439024390244,0.3902439024390244,0.034482758620689655,0.034482758620689655,0.29411764705882354,0.0,0,0,0,0.0,0.16666666666666666,0.06314675898208517,0.0,0.0,0,0,S1-995010385,S2-58327893,0
0.43137254901960786,0.43137254901960786,0.05405405405405406,0.05405405405405406,0.14545454545454545,0.0,0,0,0,0.0,0.14285714285714285,0.04872614268711286,0.0,0.0,0,0,S1-995010385,S2-760365495,0
0.28,0.28,0.027777777777777776,0.027777777777777776,0.26229508196721313,0.0,0,0,0,0.0,0.125,0.04723545086526587,0.0,0.0,0,0,S1-995010385,S2-658553899,0
0.4074074074074074,0.4074074074074074,0.13157894736842105,0.13157894736842105,0.21978021978021978,0.0,0,0,0,0.0,0.3333333333333333,0.20361685438591495,0.0,0.0,0,0,S1-412863054,S2-742504519,0
0.3137254901960784,0.3137254901960784,0.025,0.025,0.18421052631578946,0.0,0,0,0,0.0,0.16666666666666666,0.07021450143292421,0.0,0.0,0,0,S1-412863054,S2-246576353,0
0.463768115942029,0.463768115942029,0.037037037037037035,0.037037037037037035,0.5238095238095238,0.0,0,0,0,0.0,0.1111111111111111,0.04650782197735191,0.15384615384615385,0.15384615384615385,0,0,S1-412863054,S2-178544570,0
0.46808510638297873,0.46808510638297873,0.027777777777777776,0.027777777777777776,0.14893617021276595,0.0,0,0,0,0.0,0.16666666666666666,0.06322924319337052,0.0,0.0,0,0,S1-412863054,S2-285157821,0
0.4166666666666667,0.4166666666666667,0.02702702702702703,0.02702702702702703,0.25,0.0,0,0,0,0.0,0.16666666666666666,0.09483346509694517,0.0,0.0,0,0,S1-412863054,S2-976155017,0
0.6470588235294118,0.6470588235294118,0.4,0.4,0.12,0.0,0,0,0,0.0,0.3333333333333333,0.3478321049001492,0.0,0.0,0,0,S1-821080296,S2-850027013,0
0.43243243243243246,0.34782608695652173,0.1111111111111111,0.08571428571428572,0.35555555555555557,0.0,0,0,0,0.0,0.25,0.35754998513822794,0.0,0.0,1,0,S1-821080296,S2-378897595,0
0.6451612903225806,0.6451612903225806,0.2631578947368421,0.2631578947368421,0.0,0.0,0,0,0,0.0,0.25,0.22857753296206987,0.0,0.0,0,1,S1-821080296,S2-215076837,0
0.6153846153846154,0.6153846153846154,0.34782608695652173,0.34782608695652173,0.2647058823529412,0.0,0,0,0,0.0,0.2,0.20104443733288005,0.0,0.0,0,0,S1-821080296,S2-525875656,0
0.7096774193548387,0.7096774193548387,0.47058823529411764,0.47058823529411764,0.4,0.0,0,0,0,0.0,0.3333333333333333,0.3504254011457121,0.0,0.0,0,0,S1-821080296,S2-411572018,0
0.43478260869565216,0.43478260869565216,0.05714285714285714,0.05714285714285714,0.4067796610169492,0.0,0,0,0,0.0,0.16666666666666666,0.1648504955405899,0.1,0.10000000000000002,0,0,S1-765934545,S2-89893196,0
0.46808510638297873,0.46808510638297873,0.05555555555555555,0.05555555555555555,0.19607843137254902,0.0,0,0,0,0.0,0.16666666666666666,0.15616034666780712,0.0,0.0,0,0,S1-765934545,S2-639652448,0
0.4117647058823529,0.4117647058823529,0.08,0.08,0.23333333333333334,0.0,0,0,0,0.0,0.25,0.20908129351212712,0.0,0.0,0,0,S1-765934545,S2-889744472,0
0.47619047619047616,0.47619047619047616,0.06451612903225806,0.06451612903225806,0.22535211267605634,0.0,0,0,0,0.0,0.16666666666666666,0.16171553844266098,0.0,0.0,0,0,S1-765934545,S2-476241448,0
0.4,0.4,0.058823529411764705,0.058823529411764705,0.3050847457627119,0.0,0,0,0,0.0,0.16666666666666666,0.17851894224431605,0.0,0.0,0,0,S1-765934545,S2-311927809,0
0.5098039215686274,0.5098039215686274,0.25,0.25,0.18556701030927836,0.0,0,0,0,0.0,0.16666666666666666,0.12754152852417694,0.0,0.0,0,0,S1-151024102,S2-831814027,0
0.5098039215686274,0.5098039215686274,0.23529411764705882,0.23529411764705882,0.2,0.0,0,0,0,0.0,0.16666666666666666,0.10220483349356828,0.0,0.0,0,0,S1-151024102,S2-14241970,0
0.5777777777777777,0.5777777777777777,0.27586206896551724,0.27586206896551724,0.20224719101123595,0.0,0,0,0,0.0,0.2,0.15002447368199362,0.0,0.0,0,0,S1-151024102,S2-596283836,0
0.7,0.7,0.43478260869565216,0.43478260869565216,0.2184873949579832,0.0,0,0,0,0.0,0.25,0.1454500383997185,0.06666666666666667,0.06666666666666667,0,0,S1-151024102,S2-895063285,0
0.5957446808510638,0.5957446808510638,0.25806451612903225,0.25806451612903225,0.0,0.0,0,0,0,0.0,0.2,0.13486532586411965,0.0,0.0,0,1,S1-151024102,S2-417955063,0
0.5531914893617021,0.5531914893617021,0.15151515151515152,0.15151515151515152,0.2857142857142857,0.0,0,0,0,0.0,0.16666666666666666,0.04722848797308973,0.0,0.0,0,0,S1-192373073,S2-400047063,0
0.509090909090909,0.509090909090909,0.15,0.15,0.23404255319148937,0.0,0,0,0,0.0,0.16666666666666666,0.05646359683693297,0.0,0.0,0,0,S1-192373073,S2-807608858,0
0.4489795918367347,0.4489795918367347,0.14285714285714285,0.14285714285714285,0.1111111111111111,0.0,0,0,0,0.0,0.16666666666666666,0.04828080611443567,0.0,0.0,0,0,S1-192373073,S2-277904545,0
0.5217391304347826,0.5217391304347826,0.1875,0.1875,0.46875,0.16666666666666666,1,1,1,0.0,0.2,0.05791680001532158,0.1111111111111111,0.11111111111111109,0,0,S1-192373073,S2-469286794,0
0.46808510638297873,0.46808510638297873,0.15151515151515152,0.15151515151515152,0.1984732824427481,0.0,0,0,0,0.0,0.16666666666666666,0.04901726176445632,0.0,0.0,0,0,S1-192373073,S2-721501168,0
0.12,0.12,0.025,0.025,0.057971014492753624,0.0,0,0,0,0.0,0.16666666666666666,0.04572852834966858,0.0,0.0,0,0,S1-143410687,S2-402896666,0
0.4444444444444444,0.4444444444444444,0.037037037037037035,0.037037037037037035,0.0,0.0,0,0,0,0.0,0.2,0.05989015881659603,0.0,0.0,0,1,S1-143410687,S2-901249510,0
0.3137254901960784,0.3137254901960784,0.02564102564102564,0.02564102564102564,0.12345679012345678,0.0,0,0,0,0.0,0.125,0.038040994156667736,0.0,0.0,0,0,S1-143410687,S2-157804138,0
0.11764705882352941,0.11764705882352941,0.02564102564102564,0.02564102564102564,0.4418604651162791,0.0,0,0,0,0.0,0.125,0.03673881870083305,0.06666666666666667,0.06666666666666667,0,0,S1-143410687,S2-769916885,0
0.39215686274509803,0.39215686274509803,0.07894736842105263,0.07894736842105263,0.28169014084507044,0.0,0,0,0,0.0,0.14285714285714285,0.04541214195332369,0.0,0.0,0,0,S1-143410687,S2-574327889,0
0.4444444444444444,0.4444444444444444,0.07692307692307693,0.07692307692307693,0.3939393939393939,0.0,0,0,0,0.0,0.2,0.07550696058061387,0.1,0.10000000000000002,0,0,S1-81823137,S2-701087262,0
0.3684210526315789,0.3684210526315789,0.1111111111111111,0.1111111111111111,0.26666666666666666,0.0,0,0,0,0.0,0.2,0.18802667320001906,0.0,0.0,0,0,S1-81823137,S2-15275449,0
0.47058823529411764,0.47058823529411764,0.041666666666666664,0.041666666666666664,0.36923076923076925,0.0,0,0,0,0.0,0.16666666666666666,0.06228343018448135,0.0,0.0,0,0,S1-81823137,S2-288665152,0
0.30434782608695654,0.30434782608695654,0.03125,0.03125,0.32786885245901637,0.0,0,0,0,0.0,0.16666666666666666,0.07105390623514347,0.0,0.0,0,0,S1-81823137,S2-864316204,0
0.23728813559322035,0.23728813559322035,0.020833333333333332,0.020833333333333332,0.2028985507246377,0.0,0,0,0,0.0,0.14285714285714285,0.05926902974549304,0.0,0.0,0,0,S1-81823137,S2-833727122,0
0.5306122448979592,0.5306122448979592,0.14285714285714285,0.14285714285714285,0.3235294117647059,0.0,0,0,0,0.0,0.2,0.21160137816756674,0.0,0.0,0,0,S1-681326197,S2-357636745,0
0.5483870967741935,0.5483870967741935,0.15555555555555556,0.15555555555555556,0.38461538461538464,0.0,0,0,0,0.0,0.16666666666666666,0.16716711712971663,0.0,0.0,0,0,S1-681326197,S2-456957169,0
0.6190476190476191,0.6190476190476191,0.2692307692307692,0.2692307692307692,0.2857142857142857,0.0,0,0,0,0.0,0.2,0.1749721563771759,0.0,0.0,0,0,S1-681326197,S2-938114968,0
0.6792452830188679,0.6792452830188679,0.34375,0.34375,0.32786885245901637,0.0,0,0,0,0.0,0.16666666666666666,0.18120427172371653,0.0,0.0,0,0,S1-681326197,S2-392047590,0
0.5714285714285714,0.5714285714285714,0.3103448275862069,0.3103448275862069,0.37735849056603776,0.0,0,0,0,0.0,0.2,0.20061567829254434,0.0,0.0,0,0,S1-681326197,S2-417459879,0
0.6363636363636364,0.6363636363636364,0.1724137931034483,0.1724137931034483,0.31693989071038253,0.0,0,0,0,0.0,0.3333333333333333,0.17873230426582518,0.04,0.03999999999999999,0,0,S1-41168180,S2-382171602,0
0.509090909090909,0.509090909090909,0.10810810810810811,0.10810810810810811,0.17266187050359713,0.0,0,0,0,0.0,0.2857142857142857,0.14656286317209388,0.0,0.0,0,0,S1-41168180,S2-74992830,0
0.5,0.5,0.18181818181818182,0.18181818181818182,0.13580246913580246,0.0,0,0,0,0.0,0.3333333333333333,0.15570233367910144,0.0,0.0,0,0,S1-41168180,S2-340405180,0
0.34615384615384615,0.34615384615384615,0.025,0.025,0.26744186046511625,0.0,0,0,0,0.0,0.125,0.051597380347572566,0.0,0.0,0,0,S1-41168180,S2-938067994,0
0.44,0.44,0.11428571428571428,0.11428571428571428,0.2589928057553957,0.0,0,0,0,0.0,0.2857142857142857,0.1229286824810139,0.045454545454545456,0.04545454545454544,0,0,S1-41168180,S2-310374511,0
0.3333333333333333,0.3333333333333333,0.047619047619047616,0.047619047619047616,0.25925925925925924,0.0,0,0,0,0.0,0.2,0.07574348097146263,0.0,0.0,0,0,S1-391078740,S2-686361176,0
0.5882352941176471,0.5882352941176471,0.08695652173913043,0.08695652173913043,0.23595505617977527,0.0,0,0,0,0.0,0.16666666666666666,0.0637871559872862,0.0,0.0,0,0,S1-391078740,S2-749787711,0
0.5263157894736842,0.5263157894736842,0.03571428571428571,0.03571428571428571,0.17699115044247787,0.0,0,0,0,0.0,0.16666666666666666,0.07018597037750121,0.0,0.0,0,0,S1-391078740,S2-645552685,0
0.2978723404255319,0.2978723404255319,0.058823529411764705,0.058823529411764705,0.35135135135135137,0.0,0,0,0,0.0,0.2857142857142857,0.15387653870957305,0.0,0.0,0,0,S1-391078740,S2-563115127,0
0.4666666666666667,0.4666666666666667,0.02127659574468085,0.02127659574468085,0.19858156028368795,0.0,0,0,0,0.0,0.125,0.06074681692506382,0.0,0.0,0,0,S1-391078740,S2-342871199,0
0.26229508196721313,0.26229508196721313,0.02040816326530612,0.02040816326530612,0.2,0.0,0,0,0,0.0,0.125,0.045440191802157595,0.0,0.0,0,0,S1-773074264,S2-42014990,0
0.36,0.36,0.02564102564102564,0.02564102564102564,0.29850746268656714,0.0,0,0,0,0.0,0.14285714285714285,0.04224464955444637,0.0,0.0,0,0,S1-773074264,S2-277521715,0
0.10344827586206896,0.10344827586206896,0.02127659574468085,0.02127659574468085,0.24324324324324326,0.0,0,0,0,0.0,0.14285714285714285,0.051647743144731896,0.0,0.0,0,0,S1-773074264,S2-286549805,0
0.2641509433962264,0.2641509433962264,0.024390243902439025,0.024390243902439025,0.32,0.0,0,0,0,0.0,0.125,0.03878551911576959,0.0,0.0,0,0,S1-773074264,S2-729287557,0
0.2608695652173913,0.2608695652173913,0.027777777777777776,0.027777777777777776,0.42696629213483145,0.0,0,0,0,0.0,0.16666666666666666,0.06697038187838293,0.0,0.0,0,0,S1-773074264,S2-939981348,0
0.23809523809523808,0.23809523809523808,0.03125,0.03125,0.3389830508474576,0.0,0,0,0,0.0,0.16666666666666666,0.0544176926257825,0.1111111111111111,0.11111111111111113,0,0,S1-207463128,S2-3613152,0
0.3404255319148936,0.3404255319148936,0.02702702702702703,0.02702702702702703,0.3076923076923077,0.0,0,0,0,0.0,0.16666666666666666,0.058197604812434404,0.0,0.0,0,0,S1-207463128,S2-312708764,0
0.2857142857142857,0.2857142857142857,0.06976744186046512,0.06976744186046512,0.23529411764705882,0.0,0,0,0,0.0,0.14285714285714285,0.12655510173528345,0.0,0.0,0,0,S1-207463128,S2-778144738,0
0.391304347826087,0.391304347826087,0.06060606060606061,0.06060606060606061,0.2903225806451613,0.0,0,0,0,0.0,0.125,0.0457299679482193,0.0,0.0,0,0,S1-207463128,S2-900719344,0
0.34782608695652173,0.34782608695652173,0.02857142857142857,0.02857142857142857,0.2222222222222222,0.0,0,0,0,0.0,0.14285714285714285,0.05340525486873278,0.0,0.0,0,0,S1-207463128,S2-993588286,0
1.0,1.0,1.0,1.0,0.8345323741007195,1.0,1,1,3,0.0,1.0,1.0,1.0,1.0,0,0,S1-309504906,S2-269952086,1
0.45,0.45,0.10344827586206896,0.10344827586206896,0.12422360248447205,0.0,0,0,0,0.0,0.2,0.09897517802555215,0.0,0.0,0,0,S1-309504906,S2-73661415,0
0.5454545454545454,0.5454545454545454,0.21052631578947367,0.21052631578947367,0.10152284263959391,0.0,0,0,0,0.0,0.16666666666666666,0.12914602727678723,0.03125,0.031249999999999986,0,0,S1-309504906,S2-699191362,0
0.3137254901960784,0.3137254901960784,0.07894736842105263,0.07894736842105263,0.1782178217821782,0.0,0,0,0,0.0,0.14285714285714285,0.07185634423099065,0.0,0.0,0,0,S1-309504906,S2-864608359,0
0.47619047619047616,0.47619047619047616,0.0967741935483871,0.0967741935483871,0.1643835616438356,0.0,0,0,0,0.0,0.2,0.08836924472221547,0.0,0.0,0,0,S1-309504906,S2-999212071,0
0.3548387096774194,0.3548387096774194,0.10638297872340426,0.10638297872340426,0.21153846153846154,0.0,0,0,0,0.0,0.14285714285714285,0.0935351245681054,0.0,0.0,0,0,S1-309504906,S2-385621768,0
0.576271186440678,0.576271186440678,0.3333333333333333,0.3333333333333333,0.32432432432432434,0.0,0,0,0,0.0,0.2857142857142857,0.09409594219551319,0.0,0.0,0,0,S1-90460007,S2-936627139,0
0.5862068965517241,0.5862068965517241,0.15,0.15,0.29333333333333333,0.0,0,0,0,0.0,0.1111111111111111,0.04920144149622408,0.0,0.0,0,0,S1-90460007,S2-256507866,0
0.4,0.4,0.125,0.125,0.17333333333333334,0.0,0,0,0,0.0,0.14285714285714285,0.058744854773442136,0.0,0.0,0,0,S1-90460007,S2-521478250,0
0.48717948717948717,0.48717948717948717,0.2222222222222222,0.2222222222222222,0.24285714285714285,0.0,0,0,0,0.0,0.25,0.09226812579958812,0.0,0.0,0,0,S1-90460007,S2-761226845,0
0.46875,0.46875,0.23255813953488372,0.23255813953488372,0.2318840579710145,0.0,0,0,0,0.0,0.2857142857142857,0.09728457007202307,0.0,0.0,0,0,S1-90460007,S2-696635067,0
0.24390243902439024,0.24390243902439024,0.06666666666666667,0.06666666666666667,0.0,0.0,0,0,0,0.0,0.16666666666666666,0.13565570279120148,0.0,0.0,0,1,S1-341419376,S2-552647347,0
0.42105263157894735,0.42105263157894735,0.10909090909090909,0.10909090909090909,0.4318181818181818,0.0,0,0,0,0.0,0.2222222222222222,0.15759066965144894,0.23076923076923078,0.2307692307692308,0,0,S1-341419376,S2-643500390,0
0.42857142857142855,0.42857142857142855,0.0784313725490196,0.0784313725490196,0.1927710843373494,0.0,0,0,0,0.0,0.2222222222222222,0.15575328385849116,0.07142857142857142,0.07142857142857142,0,0,S1-341419376,S2-978911640,0
0.41975308641975306,0.41975308641975306,0.06557377049180328,0.06557377049180328,0.4166666666666667,0.0,0,0,0,0.0,0.18181818181818182,0.13486403610986225,0.25,0.25000000000000006,0,0,S1-341419376,S2-68953662,0
0.46153846153846156,0.46153846153846156,0.06896551724137931,0.06896551724137931,0.26666666666666666,0.0,0,0,0,0.0,0.18181818181818182,0.14092940473300858,0.07142857142857142,0.07142857142857142,0,0,S1-341419376,S2-278548355,0
0.5945945945945946,0.5945945945945946,0.07407407407407407,0.07407407407407407,0.4528301886792453,0.0,0,0,0,0.0,0.2,0.11478424987318932,0.0,0.0,0,0,S1-683268414,S2-616917019,0
0.17391304347826086,0.17391304347826086,0.058823529411764705,0.058823529411764705,0.3492063492063492,0.0,0,0,0,0.0,0.16666666666666666,0.10767233543772603,0.0,0.0,0,0,S1-683268414,S2-57518495,0
0.36,0.36,0.05128205128205128,0.05128205128205128,0.3380281690140845,0.0,0,0,0,0.0,0.16666666666666666,0.08854055948678909,0.0,0.0,0,0,S1-683268414,S2-899524575,0
0.5128205128205128,0.5128205128205128,0.06896551724137931,0.06896551724137931,0.38095238095238093,0.0,0,0,0,0.0,0.2,0.12452943844636409,0.0,0.0,0,0,S1-683268414,S2-205522975,0
0.3404255319148936,0.3404255319148936,0.125,0.125,0.2641509433962264,0.0,0,0,0,0.0,0.14285714285714285,0.1256984088638956,0.0,0.0,1,0,S1-683268414,S2-752012958,0
0.4383561643835616,0.4383561643835616,0.1509433962264151,0.1509433962264151,0.24561403508771928,0.0,0,0,0,0.0,0.125,0.09501300489077806,0.0,0.0,0,0,S1-874716873,S2-854643921,0
0.5483870967741935,0.5483870967741935,0.21428571428571427,0.21428571428571427,0.29508196721311475,0.0,0,0,0,0.0,0.14285714285714285,0.10358342682248742,0.0,0.0,0,0,S1-874716873,S2-607226095,0
0.49230769230769234,0.49230769230769234,0.17391304347826086,0.17391304347826086,0.2222222222222222,0.0,0,0,0,0.0,0.14285714285714285,0.11557578272242927,0.0,0.0,0,0,S1-874716873,S2-370192958,0
0.5581395348837209,0.5581395348837209,0.2962962962962963,0.2962962962962963,0.20689655172413793,0.0,0,0,0,0.0,0.2,0.1385653943794826,0.0,0.0,0,0,S1-874716873,S2-526671748,0
0.37209302325581395,0.37209302325581395,0.09375,0.09375,0.2413793103448276,0.0,0,0,0,0.0,0.2,0.19482014681234505,0.0,0.0,0,0,S1-874716873,S2-184086201,0
0.6511627906976745,0.6511627906976745,0.37037037037037035,0.37037037037037035,0.2727272727272727,0.0,0,0,0,0.0,0.3333333333333333,0.3514155398175197,0.0,0.0,0,0,S1-627810837,S2-78346860,0
0.625,0.625,0.3225806451612903,0.3225806451612903,0.2857142857142857,0.0,0,0,0,0.0,0.25,0.21974820458030625,0.0,0.0,0,0,S1-627810837,S2-673308022,0
0.625,0.625,0.3225806451612903,0.3225806451612903,0.2857142857142857,0.0,0,0,0,0.0,0.25,0.26000420849865,0.0,0.0,1,0,S1-627810837,S2-926892922,0
0.5625,0.5625,0.23809523809523808,0.23809523809523808,0.3157894736842105,0.0,0,0,0,0.0,0.3333333333333333,0.3434017981330587,0.0,0.0,0,0,S1-627810837,S2-628886632,0
0.6829268292682927,0.6829268292682927,0.4,0.4,0.3582089552238806,0.0,0,0,0,0.0,0.3333333333333333,0.2855418638303301,0.09090909090909091,0.09090909090909093,0,0,S1-627810837,S2-415500794,0
0.3389830508474576,0.3389830508474576,0.020833333333333332,0.020833333333333332,0.3050847457627119,0.0,0,0,0,0.0,0.14285714285714285,0.047316437159670974,0.0,0.0,0,0,S1-130480236,S2-666060563,0
0.3870967741935484,0.3870967741935484,0.02,0.02,0.3076923076923077,0.0,0,0,0,0.0,0.125,0.039217742558046706,0.0,0.0,0,0,S1-130480236,S2-968000834,0
0.28125,0.28125,0.06,0.06,0.36666666666666664,0.0,0,0,0,0.0,0.125,0.03903823570305013,0.1111111111111111,0.11111111111111113,0,0,S1-130480236,S2-936735748,0
0.449438202247191,0.449438202247191,0.015625,0.015625,0.16129032258064516,0.0,0,0,0,0.0,0.1,0.037394208862255286,0.0,0.0,0,0,S1-130480236,S2-469075541,0
0.3488372093023256,0.3488372093023256,0.0967741935483871,0.0967741935483871,0.18181818181818182,0.0,0,0,0,0.0,0.09090909090909091,0.05595025404144599,0.0,0.0,0,0,S1-130480236,S2-508602353,0
0.5,0.5,0.16279069767441862,0.16279069767441862,0.26666666666666666,0.0,0,0,0,0.0,0.14285714285714285,0.16372308543565114,0.034482758620689655,0.03448275862068964,0,0,S1-458396670,S2-358242450,0
0.4090909090909091,0.4090909090909091,0.12903225806451613,0.12903225806451613,0.12,0.0,0,0,0,0.0,0.16666666666666666,0.15085686625158445,0.0,0.0,0,0,S1-458396670,S2-641956766,0
0.3181818181818182,0.3181818181818182,0.030303030303030304,0.030303030303030304,0.2376237623762376,0.0,0,0,0,0.0,0.14285714285714285,0.14738100212905586,0.0625,0.06249999999999999,0,0,S1-458396670,S2-535430431,0
0.4642857142857143,0.4642857142857143,0.09523809523809523,0.09523809523809523,0.1553398058252427,0.0,0,0,0,0.0,0.14285714285714285,0.12907947769492412,0.0,0.0,0,0,S1-458396670,S2-223728135,0
0.48,0.48,0.10810810810810811,0.10810810810810811,0.27906976744186046,0.0,0,0,0,0.0,0.16666666666666666,0.17687638826195623,0.045454545454545456,0.04545454545454544,0,0,S1-458396670,S2-862759276,0
0.1951219512195122,0.1951219512195122,0.03225806451612903,0.03225806451612903,0.4088397790055249,0.0,0,0,0,0.0,0.16666666666666666,0.2538848941504935,0.0,0.0,0,0,S1-450167159,S2-549359288,0
0.0,0.17777777777777778,0.0,0.029411764705882353,0.5,0.0,0,0,0,0.0,0.0,0.0,0.25,0.24999999999999997,1,0,S1-450167159,S2-519859158,0
0.0,0.2,0.0,0.03333333333333333,0.18840579710144928,0.0,0,0,0,0.0,0.0,0.0,0.0,0.0,1,0,S1-450167159,S2-849610488,0
0.7058823529411765,0.7058823529411765,0.1111111111111111,0.1111111111111111,0.2786885245901639,0.0,0,0,0,0.0,0.6666666666666666,0.5347448877496128,0.0,0.0,0,0,S1-450167159,S2-876734306,0
0.2702702702702703,0.2702702702702703,0.07407407407407407,0.07407407407407407,0.2781456953642384,0.3333333333333333,1,1,1,0.0,0.2,0.2595254740232537,0.0,0.0,0,0,S1-450167159,S2-861114439,0
0.18867924528301888,0.18867924528301888,0.023255813953488372,0.023255813953488372,0.14285714285714285,0.0,0,0,0,0.0,0.16666666666666666,0.054714199235822575,0.0,0.0,0,0,S1-509991975,S2-872030233,0
0.4307692307692308,0.4307692307692308,0.044444444444444446,0.044444444444444446,0.0,0.0,0,0,0,0.0,0.1111111111111111,0.038991692187151386,0.0,0.0,0,1,S1-509991975,S2-78761422,0
0.3333333333333333,0.3333333333333333,0.020833333333333332,0.020833333333333332,0.2318840579710145,0.0,0,0,0,0.0,0.125,0.04053565629201353,0.0,0.0,0,0,S1-509991975,S2-228102183,0
0.5,0.5,0.05,0.05,0.23529411764705882,0.0,0,0,0,0.0,0.16666666666666666,0.057525358328565264,0.0,0.0,0,0,S1-509991975,S2-390696412,0
0.17142857142857143,0.17142857142857143,0.038461538461538464,0.038461538461538464,0.34782608695652173,0.0,0,0,0,0.0,0.2,0.06864905852818703,0.0,0.0,0,0,S1-509991975,S2-836227946,0
0.7887323943661971,0.7887323943661971,0.5526315789473685,0.5526315789473685,1.0,1.0,1,1,4,1.0,0.6666666666666666,0.7705823546240926,1.0,1.0,0,0,S1-622753846,S2-126710665,1
0.5507246376811594,0.5507246376811594,0.09803921568627451,0.09803921568627451,0.23333333333333334,0.0,0,0,0,0.0,0.1,0.10082051099361945,0.0,0.0,0,0,S1-622753846,S2-315317562,0
0.42105263157894735,0.42105263157894735,0.12195121951219512,0.12195121951219512,0.14545454545454545,0.0,0,0,0,0.0,0.125,0.10515423033128148,0.0,0.0,0,0,S1-622753846,S2-681354524,0
0.49122807017543857,0.49122807017543857,0.044444444444444446,0.044444444444444446,0.3548387096774194,0.0,0,0,0,0.0,0.14285714285714285,0.0929031051614709,0.0,0.0,0,0,S1-622753846,S2-35114539,0
0.40625,0.40625,0.10638297872340426,0.10638297872340426,0.46875,0.0,0,0,0,0.0,0.125,0.11494430524391556,0.0,0.0,0,0,S1-622753846,S2-93591264,0
0.509090909090909,0.509090909090909,0.15384615384615385,0.15384615384615385,0.32786885245901637,0.0,0,0,0,0.0,0.14285714285714285,0.1238829560322849,0.0,0.0,1,0,S1-622753846,S2-758068123,0
0.5396825396825397,0.5396825396825397,0.27906976744186046,0.27906976744186046,0.18518518518518517,0.0,0,0,0,0.0,0.2,0.14722457908153477,0.0,0.0,0,0,S1-139425336,S2-103908855,0
0.2857142857142857,0.2857142857142857,0.08163265306122448,0.08163265306122448,0.19047619047619047,0.0,0,0,0,0.0,0.14285714285714285,0.11598069451387884,0.0,0.0,0,0,S1-139425336,S2-379129572,0
0.4827586206896552,0.4827586206896552,0.16666666666666666,0.16666666666666666,0.25,0.0,0,0,0,0.0,0.16666666666666666,0.14779950590412486,0.058823529411764705,0.0588235294117647,0,0,S1-139425336,S2-802260310,0
0.6388888888888888,0.6388888888888888,0.4186046511627907,0.4186046511627907,0.25287356321839083,0.0,0,0,0,0.0,0.2857142857142857,0.24799729246279362,0.0,0.0,0,0,S1-139425336,S2-777790786,0
0.6415094339622641,0.6415094339622641,0.3333333333333333,0.3333333333333333,0.26548672566371684,0.0,0,0,0,0.0,0.2,0.1719211865741553,0.0,0.0,0,0,S1-139425336,S2-850577689,0
0.6122448979591837,0.6122448979591837,0.3125,0.3125,0.22857142857142856,0.0,0,0,0,0.0,0.25,0.22560190692640497,0.0,0.0,0,0,S1-842336417,S2-438853081,0
0.5263157894736842,0.5263157894736842,0.14814814814814814,0.14814814814814814,0.32786885245901637,0.0,0,0,0,0.0,0.25,0.2212800988832215,0.0,0.0,0,0,S1-842336417,S2-311389494,0
0.42857142857142855,0.42857142857142855,0.12903225806451613,0.12903225806451613,0.1702127659574468,0.0,0,0,0,0.0,0.25,0.22448048811124224,0.0,0.0,0,0,S1-842336417,S2-217459950,0
0.2909090909090909,0.2909090909090909,0.12195121951219512,0.12195121951219512,0.19607843137254902,0.0,0,0,0,0.0,0.16666666666666666,0.14853688090629047,0.0,0.0,0,0,S1-842336417,S2-715002690,0
0.7142857142857143,0.7142857142857143,0.4583333333333333,0.4583333333333333,0.41379310344827586,0.0,0,0,0,0.0,0.25,0.32364477511017625,0.0,0.0,1,0,S1-842336417,S2-399535077,0
0.0,0.7727272727272727,0.0,0.2857142857142857,0.9215686274509803,0.5,2,1,2,0.0,0.0,0.0,0.6666666666666666,0.6666666666666667,1,0,S1-149927508,S2-23408126,1
0.0,0.7727272727272727,0.0,0.2857142857142857,0.8775510204081632,0.5,2,1,2,0.0,0.0,0.0,0.6666666666666666,0.6666666666666667,1,0,S1-149927508,S2-570727963,1
0.35714285714285715,0.35714285714285715,0.11904761904761904,0.11904761904761904,0.2696629213483146,0.0,0,0,0,0.0,0.16666666666666666,0.059727580228307126,0.0,0.0,0,0,S1-149927508,S2-855143599,0
0.5098039215686274,0.5098039215686274,0.16666666666666666,0.16666666666666666,0.2773722627737226,0.0,0,0,0,0.0,0.16666666666666666,0.05076971918191407,0.0,0.0,0,0,S1-149927508,S2-86353843,0
0.23333333333333334,0.23333333333333334,0.11363636363636363,0.11363636363636363,0.2857142857142857,0.0,0,0,0,0.0,0.14285714285714285,0.04503146640805207,0.0,0.0,0,0,S1-149927508,S2-950634107,0
0.6046511627906976,0.6046511627906976,0.20689655172413793,0.20689655172413793,0.27184466019417475,0.0,0,0,0,0.0,0.2,0.06283440620459131,0.0,0.0,0,0,S1-149927508,S2-368731281,0
0.5,0.5,0.125,0.125,0.20689655172413793,0.0,0,0,0,0.0,0.125,0.04126918231180997,0.0,0.0,0,0,S1-149927508,S2-902186218,0
0.40540540540540543,0.40540540540540543,0.19230769230769232,0.19230769230769232,0.18274111675126903,0.0,0,0,0,0.0,0.25,0.09142063810203538,0.0,0.0,0,0,S1-530931171,S2-831726341,0
0.4406779661016949,0.4406779661016949,0.1951219512195122,0.1951219512195122,0.10256410256410256,0.0,0,0,0,0.0,0.14285714285714285,0.054843772477347064,0.0,0.0,0,0,S1-530931171,S2-667143036,0
0.46153846153846156,0.46153846153846156,0.10638297872340426,0.10638297872340426,0.21348314606741572,0.0,0,0,0,0.0,0.125,0.043168414381995014,0.0,0.0,0,0,S1-530931171,S2-903221054,0
0.4375,0.4375,0.08163265306122448,0.08163265306122448,0.0,0.0,0,0,0,0.0,0.125,0.12301042018839761,0.0,0.0,0,1,S1-530931171,S2-583007277,0
0.5135135135135135,0.5135135135135135,0.23529411764705882,0.23529411764705882,0.2909090909090909,0.0,0,0,0,0.0,0.2857142857142857,0.10416668804950277,0.04,0.03999999999999999,0,0,S1-530931171,S2-474890471,0
0.25396825396825395,0.25396825396825395,0.061224489795918366,0.061224489795918366,0.29411764705882354,0.0,0,0,0,0.0,0.125,0.03345935035415854,0.0,0.0,0,0,S1-966488145,S2-194970373,0
0.22857142857142856,0.22857142857142856,0.05454545454545454,0.05454545454545454,0.3157894736842105,0.0,0,0,0,0.0,0.1111111111111111,0.028813463950262037,0.0,0.0,0,0,S1-966488145,S2-538563426,0
0.4230769230769231,0.4230769230769231,0.05,0.05,0.24561403508771928,0.0,0,0,0,0.0,0.14285714285714285,0.035010326817625254,0.0,0.0,0,0,S1-966488145,S2-39477764,0
0.3793103448275862,0.3793103448275862,0.021739130434782608,0.021739130434782608,0.2033898305084746,0.0,0,0,0,0.0,0.125,0.0313594767246688,0.0,0.0,0,0,S1-966488145,S2-240550422,0
0.4262295081967213,0.4262295081967213,0.0425531914893617,0.0425531914893617,0.47058823529411764,0.0,0,0,0,0.0,0.125,0.032407277680555076,0.0,0.0,0,0,S1-966488145,S2-559740550,0
0.40963855421686746,0.40963855421686746,0.06153846153846154,0.06153846153846154,0.26229508196721313,0.0,0,0,0,0.0,0.1111111111111111,0.06716775103943333,0.0,0.0,0,0,S1-57454122,S2-757345219,0
0.2857142857142857,0.2857142857142857,0.022222222222222223,0.022222222222222223,0.34234234234234234,0.0,0,0,0,0.0,0.14285714285714285,0.079546177911797,0.0,0.0,0,0,S1-57454122,S2-130781321,0
0.4074074074074074,0.4074074074074074,0.023255813953488372,0.023255813953488372,0.3835616438356164,0.0,0,0,0,0.0,0.14285714285714285,0.09166595599503297,0.045454545454545456,0.04545454545454544,1,0,S1-57454122,S2-734677256,0
0.37681159420289856,0.37681159420289856,0.05454545454545454,0.05454545454545454,0.3469387755102041,0.0,0,0,0,0.0,0.125,0.08303415606080858,0.0,0.0,0,0,S1-57454122,S2-481404605,0
0.4,0.4,0.04918032786885246,0.04918032786885246,0.1456953642384106,0.0,0,0,0,0.0,0.125,0.07423350160683831,0.0,0.0,0,0,S1-57454122,S2-681318359,0
0.42857142857142855,0.42857142857142855,0.017241379310344827,0.017241379310344827,0.15217391304347827,0.0,0,0,0,0.0,0.125,0.0543121511022836,0.0,0.0,0,0,S1-529933418,S2-968661299,0
0.3561643835616438,0.3561643835616438,0.03389830508474576,0.03389830508474576,0.25806451612903225,0.0,0,0,0,0.0,0.1111111111111111,0.05556264283678871,0.0,0.0,1,0,S1-529933418,S2-9857491,0
0.5423728813559322,0.5423728813559322,0.20512820512820512,0.20512820512820512,0.0,0.0,0,0,0,0.0,0.14285714285714285,0.07352418943460644,0.0,0.0,1,1,S1-529933418,S2-925740707,0
0.21875,0.21875,0.0196078431372549,0.0196078431372549,0.25287356321839083,0.0,0,0,0,0.0,0.1111111111111111,0.05240436941988618,0.0,0.0,0,0,S1-529933418,S2-500292863,0
0.59375,0.59375,0.17777777777777778,0.17777777777777778,0.18181818181818182,0.0,0,0,0,0.0,0.125,0.0686682378091241,0.0,0.0,1,0,S1-529933418,S2-403926693,0
0.5573770491803278,0.5573770491803278,0.3076923076923077,0.3076923076923077,0.2809917355371901,0.0,0,0,0,0.0,0.3333333333333333,0.1476998149581948,0.0,0.0,0,0,S1-865571798,S2-201516345,0
0.42857142857142855,0.42857142857142855,0.11904761904761904,0.11904761904761904,0.5,0.0,0,0,0,0.0,0.16666666666666666,0.06562050675069894,0.09090909090909091,0.09090909090909093,0,0,S1-865571798,S2-308576583,0
0.6153846153846154,0.6153846153846154,0.27906976744186046,0.27906976744186046,0.2047244094488189,0.0,0,0,0,0.0,0.3333333333333333,0.14147200239173846,0.0,0.0,0,0,S1-865571798,S2-547544781,0
0.45901639344262296,0.45901639344262296,0.11363636363636363,0.11363636363636363,0.0,0.0,0,0,0,0.0,0.125,0.046717490886953796,0.0,0.0,0,1,S1-865571798,S2-68638699,0
0.5396825396825397,0.5396825396825397,0.10416666666666667,0.10416666666666667,0.20168067226890757,0.0,0,0,0,0.0,0.14285714285714285,0.05941195524814254,0.0,0.0,0,0,S1-865571798,S2-465701618,0
0.3333333333333333,0.3333333333333333,0.03225806451612903,0.03225806451612903,0.24561403508771928,0.0,0,0,0,0.0,0.14285714285714285,0.04599744209159273,0.0,0.0,0,0,S1-28390244,S2-627873325,0
0.30434782608695654,0.30434782608695654,0.02857142857142857,0.02857142857142857,0.22727272727272727,0.0,0,0,0,0.0,0.14285714285714285,0.04532043906243955,0.0,0.0,0,0,S1-28390244,S2-451425252,0
0.3673469387755102,0.3673469387755102,0.02631578947368421,0.02631578947368421,0.18867924528301888,0.0,0,0,0,0.0,0.14285714285714285,0.045893282589561664,0.0,0.0,0,0,S1-28390244,S2-160838636,0
0.39285714285714285,0.39285714285714285,0.046511627906976744,0.046511627906976744,0.3870967741935484,0.0,0,0,0,0.0,0.125,0.045824869723951875,0.0,0.0,0,0,S1-28390244,S2-484698916,0
0.2978723404255319,0.2978723404255319,0.08823529411764706,0.08823529411764706,0.24489795918367346,0.0,0,0,0,0.0,0.14285714285714285,0.0503946438283036,0.0,0.0,0,0,S1-28390244,S2-401500260,0
0.2711864406779661,0.2711864406779661,0.02127659574468085,0.02127659574468085,0.26666666666666666,0.0,0,0,0,0.0,0.125,0.0361489346409233,0.0,0.0,0,0,S1-497879039,S2-421358414,0
0.22950819672131148,0.22950819672131148,0.02040816326530612,0.02040816326530612,0.39215686274509803,0.0,0,0,0,0.0,0.125,0.04048111118317239,0.0,0.0,0,0,S1-497879039,S2-91691402,0
0.15789473684210525,0.15789473684210525,0.03571428571428571,0.03571428571428571,0.37037037037037035,0.0,0,0,0,0.0,0.16666666666666666,0.04875631308608886,0.0,0.0,0,0,S1-497879039,S2-221851509,0
0.3829787234042553,0.3829787234042553,0.027777777777777776,0.027777777777777776,0.3157894736842105,0.0,0,0,0,0.0,0.14285714285714285,0.06803181249853336,0.0,0.0,0,0,S1-497879039,S2-532410838,0
0.43478260869565216,0.43478260869565216,0.02857142857142857,0.02857142857142857,0.22641509433962265,0.0,0,0,0,0.0,0.14285714285714285,0.04002583411325799,0.0,0.0,0,0,S1-497879039,S2-583123120,0
0.3283582089552239,0.3283582089552239,0.12,0.12,0.1807909604519774,0.0,0,0,0,0.0,0.125,0.03936020827755225,0.0,0.0,0,0,S1-986430459,S2-795273521,0
0.40540540540540543,0.40540540540540543,0.08771929824561403,0.08771929824561403,0.16176470588235295,0.0,0,0,0,0.0,0.125,0.03946350532608617,0.0,0.0,0,0,S1-986430459,S2-855444220,0
0.45454545454545453,0.45454545454545453,0.14285714285714285,0.14285714285714285,0.35106382978723405,0.0,0,0,0,0.0,0.14285714285714285,0.044167736359029035,0.030303030303030304,0.03030303030303029,0,0,S1-986430459,S2-609922255,0
0.43333333333333335,0.43333333333333335,0.1111111111111111,0.1111111111111111,0.1875,0.0,0,0,0,0.0,0.14285714285714285,0.03822972789801869,0.0,0.0,0,0,S1-986430459,S2-323387829,0
0.4666666666666667,0.4666666666666667,0.1111111111111111,0.1111111111111111,0.0,0.0,0,0,0,0.0,0.14285714285714285,0.04326581625486113,0.0,0.0,0,1,S1-986430459,S2-491528124,0
0.5,0.5,0.16666666666666666,0.16666666666666666,0.37037037037037035,0.0,0,0,0,0.0,0.1111111111111111,0.07650551034643985,0.1,0.10000000000000002,0,0,S1-15741080,S2-360162386,0
0.4578313253012048,0.4578313253012048,0.16393442622950818,0.16393442622950818,0.22641509433962265,0.0,0,0,0,0.0,0.1111111111111111,0.0670592777941358,0.0,0.0,0,0,S1-15741080,S2-351115999,0
0.35135135135135137,0.35135135135135137,0.06779661016949153,0.06779661016949153,0.1568627450980392,0.0,0,0,0,0.0,0.125,0.08272089376728282,0.0,0.0,0,0,S1-15741080,S2-409989094,0
0.36363636363636365,0.36363636363636365,0.0784313725490196,0.0784313725490196,0.25925925925925924,0.0,0,0,0,0.0,0.125,0.09628808382514678,0.0,0.0,0,0,S1-15741080,S2-938632060,0
0.38961038961038963,0.38961038961038963,0.1016949152542373,0.1016949152542373,0.1702127659574468,0.0,0,0,0,0.0,0.1111111111111111,0.08743120636368171,0.0,0.0,0,0,S1-15741080,S2-466140552,0
0.6829268292682927,0.6829268292682927,0.2692307692307692,0.2692307692307692,0.14814814814814814,0.0,0,0,0,0.0,0.2,0.23895517591852755,0.0,0.0,0,0,S1-226408668,S2-551082031,0
0.5652173913043478,0.5652173913043478,0.2857142857142857,0.2857142857142857,0.32786885245901637,0.0,0,0,0,0.0,0.16666666666666666,0.20905136969040114,0.0,0.0,0,0,S1-226408668,S2-745445816,0
0.7142857142857143,0.7142857142857143,0.36,0.36,0.3333333333333333,0.0,0,0,0,0.0,0.2,0.20934834897378196,0.0,0.0,0,0,S1-226408668,S2-900430343,0
0.56,0.56,0.20588235294117646,0.20588235294117646,0.2222222222222222,0.0,0,0,0,0.0,0.16666666666666666,0.18747915393936376,0.0,0.0,0,0,S1-226408668,S2-444680152,0
0.4375,0.4375,0.19047619047619047,0.19047619047619047,0.25,0.0,0,0,0,0.0,0.25,0.38518641109245194,0.0,0.0,0,0,S1-226408668,S2-743060230,0
0.4444444444444444,0.4444444444444444,0.1282051282051282,0.1282051282051282,0.3333333333333333,0.0,0,0,0,0.0,0.14285714285714285,0.04368311247589637,0.047619047619047616,0.04761904761904761,0,0,S1-251987676,S2-851124531,0
0.6923076923076923,0.6923076923076923,0.4,0.4,0.21333333333333335,0.0,0,0,0,0.0,0.3333333333333333,0.08524299673605075,0.09090909090909091,0.09090909090909088,0,0,S1-251987676,S2-595445197,0
0.6666666666666666,0.6666666666666666,0.3333333333333333,0.3333333333333333,0.26490066225165565,0.0,0,0,0,0.0,0.2857142857142857,0.08190102336263984,0.0,0.0,0,0,S1-251987676,S2-975567090,0
0.68,0.68,0.17647058823529413,0.17647058823529413,0.3333333333333333,0.0,0,0,0,0.0,0.14285714285714285,0.04566426069805496,0.043478260869565216,0.04347826086956521,0,0,S1-251987676,S2-838231640,0
0.5333333333333333,0.5333333333333333,0.16129032258064516,0.16129032258064516,0.3247863247863248,0.0,0,0,0,0.0,0.16666666666666666,0.04622557973187463,0.058823529411764705,0.0588235294117647,0,0,S1-251987676,S2-478007920,0
0.5416666666666666,0.5416666666666666,0.15151515151515152,0.15151515151515152,0.0,0.0,0,0,0,0.0,0.3333333333333333,0.1685192758343955,0.0,0.0,0,1,S1-114965885,S2-313060802,0
0.3181818181818182,0.3181818181818182,0.06060606060606061,0.06060606060606061,0.2898550724637681,0.0,0,0,0,0.0,0.16666666666666666,0.09495464626922574,0.0,0.0,0,0,S1-114965885,S2-796800549,0
0.34375,0.34375,0.04,0.04,0.27956989247311825,0.0,0,0,0,0.0,0.25,0.11444036015493342,0.0,0.0,0,0,S1-114965885,S2-721202582,0
0.43636363636363634,0.43636363636363634,0.022727272727272728,0.022727272727272728,0.23140495867768596,0.0,0,0,0,0.0,0.14285714285714285,0.05907193383641944,0.0,0.0,0,0,S1-114965885,S2-833693132,0
0.2641509433962264,0.2641509433962264,0.025,0.025,0.24242424242424243,0.0,0,0,0,0.0,0.1111111111111111,0.04446875540207384,0.0,0.0,0,0,S1-114965885,S2-596920316,0
0.2926829268292683,0.2926829268292683,0.03225806451612903,0.03225806451612903,0.38095238095238093,0.0,0,0,0,0.0,0.16666666666666666,0.07233586000939986,0.0,0.0,0,0,S1-424984189,S2-299385818,0
0.6382978723404256,0.6382978723404256,0.27586206896551724,0.27586206896551724,0.2716049382716049,0.0,0,0,0,0.0,0.14285714285714285,0.11294469114108588,0.0,0.0,0,0,S1-424984189,S2-927235908,0
0.3829787234042553,0.3829787234042553,0.027777777777777776,0.027777777777777776,0.38596491228070173,0.0,0,0,0,0.0,0.14285714285714285,0.0625389865973045,0.0,0.0,0,0,S1-424984189,S2-996805146,0
0.2692307692307692,0.2692307692307692,0.025,0.025,0.26666666666666666,0.0,0,0,0,0.0,0.125,0.05285429256911298,0.0,0.0,0,0,S1-424984189,S2-155730522,0
0.4074074074074074,0.4074074074074074,0.075,0.075,0.28125,0.0,0,0,0,0.0,0.14285714285714285,0.06463137884403732,0.0,0.0,0,0,S1-424984189,S2-550342516,0
0.3055555555555556,0.3055555555555556,0.08771929824561403,0.08771929824561403,0.26666666666666666,0.0,0,0,0,0.0,0.14285714285714285,0.04341464224846549,0.0,0.0,0,0,S1-760983086,S2-761096241,0
0.43636363636363634,0.43636363636363634,0.15,0.15,0.0,0.0,0,0,0,0.0,0.16666666666666666,0.05810763249663376,0.0,0.0,0,1,S1-760983086,S2-823031082,0
0.47761194029850745,0.47761194029850745,0.09803921568627451,0.09803921568627451,0.11678832116788321,0.0,0,0,0,0.0,0.125,0.040115938163465176,0.0,0.0,0,0,S1-760983086,S2-510281066,0
0.4722222222222222,0.4722222222222222,0.10714285714285714,0.10714285714285714,0.30357142857142855,0.0,0,0,0,0.0,0.14285714285714285,0.04450800871738292,0.0,0.0,0,0,S1-760983086,S2-707578163,0
0.65625,0.65625,0.3170731707317073,0.3170731707317073,0.0,0.0,0,0,0,0.0,0.3333333333333333,0.10732462089874646,0.0,0.0,0,1,S1-760983086,S2-422774272,0
0.6190476190476191,0.6190476190476191,0.4583333333333333,0.4583333333333333,0.463768115942029,0.6666666666666666,2,1,3,0.0,0.0,0.0,0.4,0.4000000000000001,0,0,S1-678082705,S2-462683893,1
0.4074074074074074,0.4074074074074074,0.047619047619047616,0.047619047619047616,0.208955223880597,0.0,0,0,0,0.0,0.14285714285714285,0.050498388230125,0.0,0.0,1,0,S1-678082705,S2-484236833,0
0.4444444444444444,0.4444444444444444,0.058823529411764705,0.058823529411764705,0.32098765432098764,0.0,0,0,0,0.0,0.16666666666666666,0.050185982633414,0.06666666666666667,0.06666666666666667,0,0,S1-678082705,S2-570331579,0
0.41379310344827586,0.41379310344827586,0.02127659574468085,0.02127659574468085,0.2,0.0,0,0,0,0.0,0.14285714285714285,0.049474387047727164,0.0,0.0,0,0,S1-678082705,S2-212890991,0
0.09836065573770492,0.09836065573770492,0.02040816326530612,0.02040816326530612,0.2597402597402597,0.0,0,0,0,0.0,0.125,0.03492396708198213,0.0,0.0,0,0,S1-678082705,S2-809128107,0
0.3793103448275862,0.3793103448275862,0.02127659574468085,0.02127659574468085,0.15151515151515152,0.0,0,0,0,0.0,0.14285714285714285,0.04669182966843256,0.0,0.0,0,0,S1-678082705,S2-263632130,0
0.5909090909090909,0.5909090909090909,0.23333333333333334,0.23333333333333334,0.22018348623853212,0.0,0,0,0,0.0,0.25,0.1623561696584901,0.0,0.0,0,0,S1-371729996,S2-541449340,0
0.6666666666666666,0.6666666666666666,0.38095238095238093,0.38095238095238093,0.1797752808988764,0.0,0,0,0,0.0,0.25,0.21936934857690624,0.0,0.0,0,0,S1-371729996,S2-901433670,0
0.49056603773584906,0.49056603773584906,0.1891891891891892,0.1891891891891892,0.3333333333333333,0.0,0,0,0,0.0,0.16666666666666666,0.12357608737967424,0.0,0.0,0,0,S1-371729996,S2-901491128,0
0.7428571428571429,0.7428571428571429,0.3181818181818182,0.3181818181818182,0.1834862385321101,0.0,0,0,0,0.0,0.3333333333333333,0.23841048874001455,0.0,0.0,0,0,S1-371729996,S2-244139629,0
0.49056603773584906,0.49056603773584906,0.1891891891891892,0.1891891891891892,0.1111111111111111,0.0,0,0,0,0.0,0.16666666666666666,0.15195856864673354,0.0,0.0,0,0,S1-371729996,S2-790732197,0
0.3902439024390244,0.3902439024390244,0.06666666666666667,0.06666666666666667,0.208,0.0,0,0,0,0.0,0.16666666666666666,0.10337014299403462,0.0,0.0,0,0,S1-571889460,S2-397275395,0
0.45161290322580644,0.45161290322580644,0.045454545454545456,0.045454545454545456,0.12612612612612611,0.0,0,0,0,0.0,0.2,0.09817963142408044,0.0,0.0,0,0,S1-571889460,S2-501036762,0
0.3,0.3,0.03333333333333333,0.03333333333333333,0.20588235294117646,0.25,1,1,1,0.0,0.16666666666666666,0.09562503279994826,0.0,0.0,0,0,S1-571889460,S2-542512870,0
0.5142857142857142,0.5142857142857142,0.08,0.08,0.23448275862068965,0.0,0,0,0,0.0,0.2,0.10817708052222841,0.047619047619047616,0.04761904761904761,1,0,S1-571889460,S2-337546786,0
0.3870967741935484,0.3870967741935484,0.045454545454545456,0.045454545454545456,0.25,0.0,0,0,0,0.0,0.2,0.10380892602392527,0.05263157894736842,0.052631578947368404,0,0,S1-571889460,S2-929914478,0
0.4444444444444444,0.4444444444444444,0.07936507936507936,0.07936507936507936,0.19469026548672566,0.0,0,0,0,0.0,0.1,0.0665471514513418,0.0,0.0,0,0,S1-431577188,S2-99267247,0
0.3333333333333333,0.3333333333333333,0.1111111111111111,0.1111111111111111,0.24489795918367346,0.0,0,0,0,0.0,0.14285714285714285,0.04723060051186741,0.0,0.0,0,0,S1-431577188,S2-918341194,0
0.2857142857142857,0.2857142857142857,0.10416666666666667,0.10416666666666667,0.48598130841121495,0.0,0,0,0,0.0,0.14285714285714285,0.04285606029333377,0.2,0.2,0,0,S1-431577188,S2-74681914,0
0.2545454545454545,0.2545454545454545,0.125,0.125,0.5,0.0,0,0,0,0.0,0.14285714285714285,0.039340120644388334,0.17647058823529413,0.1764705882352941,0,0,S1-431577188,S2-91260890,0
0.4225352112676056,0.4225352112676056,0.1,0.1,0.3333333333333333,0.0,0,0,0,0.0,0.14285714285714285,0.049221260826039386,0.0,0.0,0,0,S1-431577188,S2-543415862,0
0.5925925925925926,0.5925925925925926,0.15384615384615385,0.15384615384615385,0.21505376344086022,0.0,0,0,0,0.0,0.2,0.14171254632383543,0.0,0.0,0,0,S1-28049032,S2-89236558,0
0.4117647058823529,0.4117647058823529,0.13636363636363635,0.13636363636363635,0.3793103448275862,0.0,0,0,0,0.0,0.14285714285714285,0.13374548582056336,0.0,0.0,0,0,S1-28049032,S2-957835004,0
0.5416666666666666,0.5416666666666666,0.18181818181818182,0.18181818181818182,0.16666666666666666,0.0,0,0,0,0.0,0.2,0.20386097392446104,0.0,0.0,0,0,S1-28049032,S2-532409011,0
0.41379310344827586,0.41379310344827586,0.14285714285714285,0.14285714285714285,0.32142857142857145,0.0,0,0,0,0.0,0.16666666666666666,0.15933680498148628,0.0,0.0,0,0,S1-28049032,S2-454052495,0
0.3283582089552239,0.3283582089552239,0.12244897959183673,0.12244897959183673,0.3508771929824561,0.0,0,0,0,0.0,0.125,0.11166470029155971,0.0,0.0,0,0,S1-28049032,S2-648288005,0
0.4,0.4,0.22916666666666666,0.22916666666666666,0.34285714285714286,0.0,0,0,0,0.0,0.2857142857142857,0.127373565616262,0.05,0.04999999999999999,0,0,S1-65855707,S2-524328434,0
0.6333333333333333,0.6333333333333333,0.3157894736842105,0.3157894736842105,0.3918918918918919,0.0,0,0,0,0.0,0.3333333333333333,0.11320737983863648,0.045454545454545456,0.04545454545454544,0,0,S1-65855707,S2-55842670,0
0.47619047619047616,0.47619047619047616,0.23809523809523808,0.23809523809523808,0.3620689655172414,0.0,0,0,0,0.0,0.2857142857142857,0.11983593629608534,0.06666666666666667,0.06666666666666667,0,0,S1-65855707,S2-766379227,0
0.5,0.5,0.13157894736842105,0.13157894736842105,0.14953271028037382,0.0,0,0,0,0.0,0.16666666666666666,0.06262904286993844,0.0,0.0,0,0,S1-65855707,S2-91078869,0
0.5423728813559322,0.5423728813559322,0.32432432432432434,0.32432432432432434,0.3787878787878788,0.0,0,0,0,0.0,0.3333333333333333,0.16179371013912747,0.125,0.12499999999999999,0,0,S1-65855707,S2-938955832,0
0.38235294117647056,0.38235294117647056,0.17391304347826086,0.17391304347826086,0.21052631578947367,0.0,0,0,0,0.0,0.1111111111111111,0.13711775654260436,0.0,0.0,0,0,S1-491641613,S2-499092593,0
0.7741935483870968,0.7741935483870968,0.47058823529411764,0.47058823529411764,0.2641509433962264,0.0,0,0,0,0.0,0.3333333333333333,0.2755724318615104,0.0,0.0,0,0,S1-491641613,S2-705426500,0
0.3333333333333333,0.3333333333333333,0.030303030303030304,0.030303030303030304,0.3,0.0,0,0,0,0.0,0.2,0.20987668210461452,0.0,0.0,0,0,S1-491641613,S2-424687567,0
0.5098039215686274,0.5098039215686274,0.24242424242424243,0.24242424242424243,0.35714285714285715,0.0,0,0,0,0.0,0.2,0.26420485046176717,0.1111111111111111,0.11111111111111113,0,0,S1-491641613,S2-357044164,0
0.29411764705882354,0.29411764705882354,0.038461538461538464,0.038461538461538464,0.17857142857142858,0.0,0,0,0,0.0,0.25,0.257471842221259,0.0,0.0,0,0,S1-491641613,S2-123172108,0
0.509090909090909,0.509090909090909,0.21875,0.21875,0.2391304347826087,0.0,0,0,0,0.0,0.2,0.14724232562709355,0.0,0.0,0,0,S1-428161632,S2-97406596,0
0.3142857142857143,0.3142857142857143,0.14,0.14,0.1986754966887417,0.0,0,0,0,0.0,0.125,0.0939783578475703,0.0,0.0,0,0,S1-428161632,S2-422824479,0
0.41509433962264153,0.41509433962264153,0.23529411764705882,0.23529411764705882,0.25,0.0,0,0,0,0.0,0.16666666666666666,0.14292466355463335,0.07142857142857142,0.07142857142857142,0,0,S1-428161632,S2-536589781,0
0.5714285714285714,0.5714285714285714,0.20588235294117646,0.20588235294117646,0.2571428571428571,0.0,0,0,0,0.0,0.2,0.1287570269887785,0.0,0.0,0,0,S1-428161632,S2-276653703,0
0.6122448979591837,0.6122448979591837,0.21212121212121213,0.21212121212121213,0.24242424242424243,0.0,0,0,0,0.0,0.16666666666666666,0.11577580444552785,0.0,0.0,0,0,S1-428161632,S2-902685687,0
0.45161290322580644,0.45161290322580644,0.10638297872340426,0.10638297872340426,0.17333333333333334,0.0,0,0,0,0.0,0.14285714285714285,0.05567062999157993,0.0,0.0,0,0,S1-770791373,S2-361655013,0
0.5507246376811594,0.5507246376811594,0.2553191489361702,0.2553191489361702,0.16541353383458646,0.0,0,0,0,0.0,0.3333333333333333,0.10325531851180102,0.0,0.0,0,0,S1-770791373,S2-895346162,0
0.46153846153846156,0.46153846153846156,0.09803921568627451,0.09803921568627451,0.17054263565891473,0.0,0,0,0,0.0,0.16666666666666666,0.053091255923760516,0.0,0.0,0,0,S1-770791373,S2-578901977,0
0.4126984126984127,0.4126984126984127,0.10204081632653061,0.10204081632653061,0.3728813559322034,0.0,0,0,0,0.0,0.16666666666666666,0.05593367899179161,0.07142857142857142,0.07142857142857142,0,0,S1-770791373,S2-134208979,0
0.32432432432432434,0.32432432432432434,0.08928571428571429,0.08928571428571429,0.26373626373626374,0.0,0,0,0,0.0,0.125,0.046546749158816514,0.0,0.0,0,0,S1-770791373,S2-810781302,0
0.6341463414634146,0.6341463414634146,0.375,0.375,0.3,0.0,0,0,0,0.0,0.25,0.22496999799478756,0.0,0.0,0,0,S1-305869423,S2-69907469,0
0.4745762711864407,0.4745762711864407,0.11627906976744186,0.11627906976744186,0.3380281690140845,0.0,0,0,0,0.0,0.14285714285714285,0.14910471567796948,0.0,0.0,0,0,S1-305869423,S2-439110659,0
0.48484848484848486,0.48484848484848486,0.225,0.225,0.23728813559322035,0.0,0,0,0,0.0,0.16666666666666666,0.16934602368104446,0.0,0.0,0,0,S1-305869423,S2-901603849,0
0.49230769230769234,0.49230769230769234,0.20454545454545456,0.20454545454545456,0.1724137931034483,0.0,0,0,0,0.0,0.14285714285714285,0.11942945867676223,0.0,0.0,1,0,S1-305869423,S2-204282579,0
0.5957446808510638,0.5957446808510638,0.3103448275862069,0.3103448275862069,0.26229508196721313,0.0,0,0,0,0.0,0.2,0.1543759015573781,0.0,0.0,0,0,S1-305869423,S2-876244376,0
0.13636363636363635,0.13636363636363635,0.029411764705882353,0.029411764705882353,0.3103448275862069,0.0,0,0,0,0.0,0.16666666666666666,0.05579865957252008,0.0,0.0,0,0,S1-668826483,S2-315785427,0
0.4186046511627907,0.4186046511627907,0.030303030303030304,0.030303030303030304,0.36923076923076925,0.0,0,0,0,0.0,0.16666666666666666,0.05258491972426383,0.0,0.0,0,0,S1-668826483,S2-762739307,0
0.3111111111111111,0.3111111111111111,0.02857142857142857,0.02857142857142857,0.0,0.0,0,0,0,0.0,0.16666666666666666,0.04661670000530775,0.0,0.0,0,1,S1-668826483,S2-159836615,0
0.358974358974359,0.358974358974359,0.034482758620689655,0.034482758620689655,0.24,0.0,0,0,0,0.0,0.16666666666666666,0.05105714776539277,0.0,0.0,0,0,S1-668826483,S2-419787844,0
0.11764705882352941,0.11764705882352941,0.025,0.025,0.26229508196721313,0.0,0,0,0,0.0,0.14285714285714285,0.04450767138543554,0.0,0.0,0,0,S1-668826483,S2-268961827,0
0.4444444444444444,0.4444444444444444,0.046511627906976744,0.046511627906976744,0.3050847457627119,0.0,0,0,0,0.0,0.16666666666666666,0.06880560518464605,0.0,0.0,0,0,S1-852429384,S2-803893792,0
0.43478260869565216,0.43478260869565216,0.02702702702702703,0.02702702702702703,0.3384615384615385,0.0,0,0,0,0.0,0.2,0.0771731515448052,0.0,0.0,0,0,S1-852429384,S2-37867838,0
0.43137254901960786,0.43137254901960786,0.05128205128205128,0.05128205128205128,0.24561403508771928,0.0,0,0,0,0.0,0.16666666666666666,0.06479094810496941,0.0,0.0,0,0,S1-852429384,S2-406284749,0
0.15384615384615385,0.15384615384615385,0.03571428571428571,0.03571428571428571,0.37735849056603776,0.0,0,0,0,0.0,0.14285714285714285,0.057953622501708775,0.0,0.0,0,0,S1-852429384,S2-42744733,0
0.5945945945945946,0.5945945945945946,0.25,0.25,0.21739130434782608,0.0,0,0,0,0.0,0.25,0.29505794030392946,0.0,0.0,0,0,S1-852429384,S2-753872167,0
0.36363636363636365,0.36363636363636365,0.14285714285714285,0.14285714285714285,0.26865671641791045,0.0,0,0,0,0.0,0.14285714285714285,0.1162372273243572,0.0,0.0,0,0,S1-470910360,S2-491696628,0
0.5217391304347826,0.5217391304347826,0.12121212121212122,0.12121212121212122,0.4,0.0,0,0,0,0.0,0.16666666666666666,0.1515885984756959,0.0,0.0,0,0,S1-470910360,S2-73062083,0
0.43636363636363634,0.43636363636363634,0.21621621621621623,0.21621621621621623,0.37037037037037035,0.0,0,0,0,0.0,0.14285714285714285,0.1263076847364,0.0,0.0,0,0,S1-470910360,S2-626336673,0
0.5789473684210527,0.5789473684210527,0.14814814814814814,0.14814814814814814,0.35294117647058826,0.0,0,0,0,0.0,0.25,0.21612547736190021,0.0,0.0,0,0,S1-470910360,S2-991229460,0
0.5,0.5,0.14285714285714285,0.14285714285714285,0.25806451612903225,0.0,0,0,0,0.0,0.2,0.19659256829396096,0.0,0.0,0,0,S1-470910360,S2-979345096,0
0.6,0.6,0.2553191489361702,0.2553191489361702,0.24060150375939848,0.0,0,0,0,0.0,0.2857142857142857,0.10492975823267861,0.0,0.0,0,0,S1-360029669,S2-518012954,0
0.21875,0.21875,0.10204081632653061,0.10204081632653061,0.18404907975460122,0.0,0,0,0,0.0,0.14285714285714285,0.05582747958063835,0.0,0.0,0,0,S1-360029669,S2-727796564,0
0.5,0.5,0.13636363636363635,0.13636363636363635,0.36942675159235666,0.0,0,0,0,0.0,0.14285714285714285,0.06115440567646403,0.041666666666666664,0.04166666666666666,0,0,S1-360029669,S2-821982484,0
0.5333333333333333,0.5333333333333333,0.24,0.24,0.4,0.0,0,0,0,0.0,0.2857142857142857,0.1276476449722751,0.045454545454545456,0.04545454545454544,1,0,S1-360029669,S2-158588717,0
0.43636363636363634,0.43636363636363634,0.12195121951219512,0.12195121951219512,0.39416058394160586,0.5,1,1,1,0.0,0.16666666666666666,0.0803713390927132,0.1,0.09999999999999998,0,0,S1-360029669,S2-730972312,0
0.3684210526315789,0.3684210526315789,0.1111111111111111,0.1111111111111111,0.24742268041237114,0.0,0,0,0,0.0,0.2,0.20413782378619177,0.0,0.0,0,0,S1-947237456,S2-236260750,0
0.5263157894736842,0.5263157894736842,0.10714285714285714,0.10714285714285714,0.11842105263157894,0.0,0,0,0,0.0,0.25,0.25514329004323133,0.0,0.0,0,0,S1-947237456,S2-114952866,0
0.4411764705882353,0.4411764705882353,0.20833333333333334,0.20833333333333334,0.22580645161290322,0.0,0,0,0,0.0,0.14285714285714285,0.17767155222667252,0.0,0.0,1,0,S1-947237456,S2-601367025,0
0.5217391304347826,0.5217391304347826,0.3448275862068966,0.3448275862068966,0.208955223880597,0.3333333333333333,1,1,1,0.0,0.25,0.17022546842718972,0.05263157894736842,0.052631578947368404,0,0,S1-947237456,S2-907631785,0
0.5882352941176471,0.5882352941176471,0.3125,0.3125,0.24193548387096775,0.0,0,0,0,0.0,0.2,0.19853825266177969,0.0,0.0,0,0,S1-947237456,S2-734790502,0
0.42105263157894735,0.42105263157894735,0.11904761904761904,0.11904761904761904,0.21212121212121213,0.0,0,0,0,0.0,0.14285714285714285,0.12658343738202166,0.0,0.0,0,0,S1-628872895,S2-215052257,0
0.5555555555555556,0.5555555555555556,0.2608695652173913,0.2608695652173913,0.22950819672131148,0.0,0,0,0,0.0,0.25,0.2713543494855755,0.0,0.0,0,0,S1-628872895,S2-669460042,0
0.43478260869565216,0.43478260869565216,0.1875,0.1875,0.26666666666666666,0.0,0,0,0,0.0,0.2,0.18224352622598602,0.0,0.0,0,0,S1-628872895,S2-112482670,0
0.8,0.8,0.5,0.5,0.273972602739726,0.0,0,0,0,0.0,0.3333333333333333,0.2901418653790806,0.0,0.0,0,0,S1-628872895,S2-121599850,0
0.4878048780487805,0.4878048780487805,0.21428571428571427,0.21428571428571427,0.1724137931034483,0.0,0,0,0,0.0,0.25,0.2663459033108762,0.0,0.0,0,0,S1-628872895,S2-813351287,0
0.5714285714285714,0.5714285714285714,0.10526315789473684,0.10526315789473684,0.23423423423423423,0.0,0,0,0,0.0,0.25,0.10333545682606132,0.0,0.0,0,0,S1-171963189,S2-365433059,0
0.24242424242424243,0.24242424242424243,0.08333333333333333,0.08333333333333333,0.5,0.0,0,0,0,0.0,0.25,0.12431114754456853,0.07692307692307693,0.07692307692307693,0,0,S1-171963189,S2-242775721,0
0.391304347826087,0.391304347826087,0.05714285714285714,0.05714285714285714,0.36619718309859156,0.0,0,0,0,0.0,0.2,0.12079041884164884,0.0,0.0,0,0,S1-171963189,S2-63021526,0
0.5161290322580645,0.5161290322580645,0.09090909090909091,0.09090909090909091,0.3939393939393939,0.0,0,0,0,0.0,0.25,0.13507350025437875,0.0,0.0,0,0,S1-171963189,S2-983803862,0
0.42105263157894735,0.42105263157894735,0.07142857142857142,0.07142857142857142,0.36666666666666664,0.0,0,0,0,0.0,0.2,0.12556836834134455,0.0,0.0,0,0,S1-171963189,S2-681165740,0
0.36363636363636365,0.36363636363636365,0.041666666666666664,0.041666666666666664,0.30985915492957744,0.0,0,0,0,0.0,0.2,0.0724823673815039,0.0,0.0,0,0,S1-509799823,S2-40520317,0
0.11764705882352941,0.11764705882352941,0.025,0.025,0.15789473684210525,0.0,0,0,0,0.0,0.14285714285714285,0.05354859401312341,0.0,0.0,0,0,S1-509799823,S2-892367472,0
0.5454545454545454,0.5454545454545454,0.15384615384615385,0.15384615384615385,0.0,0.0,0,0,0,0.0,0.14285714285714285,0.0889395635744941,0.0,0.0,0,1,S1-509799823,S2-90682936,0
0.509090909090909,0.509090909090909,0.15384615384615385,0.15384615384615385,0.273972602739726,0.0,0,0,0,0.0,0.14285714285714285,0.10860055245814605,0.0,0.0,0,0,S1-509799823,S2-149283423,0
0.34285714285714286,0.34285714285714286,0.038461538461538464,0.038461538461538464,0.3157894736842105,0.0,0,0,0,0.0,0.2,0.07322747990034885,0.0,0.0,0,0,S1-509799823,S2-722562835,0
0.47619047619047616,0.47619047619047616,0.2222222222222222,0.2222222222222222,0.1935483870967742,0.0,0,0,0,0.0,0.16666666666666666,0.18438897619957403,0.0,0.0,0,0,S1-819244531,S2-525977114,0
0.5294117647058824,0.5294117647058824,0.2857142857142857,0.2857142857142857,0.2608695652173913,0.0,0,0,0,0.0,0.25,0.27282781314476634,0.0,0.0,0,0,S1-819244531,S2-956236326,0
0.32653061224489793,0.32653061224489793,0.08108108108108109,0.08108108108108109,0.17777777777777778,0.0,0,0,0,0.0,0.16666666666666666,0.17913035756869344,0.0,0.0,0,0,S1-819244531,S2-768070636,0
0.21818181818181817,0.21818181818181817,0.046511627906976744,0.046511627906976744,0.21487603305785125,0.0,0,0,0,0.0,0.14285714285714285,0.17110059110030054,0.0,0.0,0,0,S1-819244531,S2-688113115,0
0.5,0.5,0.13333333333333333,0.13333333333333333,0.26229508196721313,0.0,0,0,0,0.0,0.25,0.26134229932571124,0.1,0.10000000000000002,0,0,S1-819244531,S2-139620173,0
0.5357142857142857,0.5357142857142857,0.12195121951219512,0.12195121951219512,0.2706766917293233,0.0,0,0,0,0.0,0.14285714285714285,0.051130297066998134,0.047619047619047616,0.04761904761904761,0,0,S1-602436239,S2-387392795,0
0.3076923076923077,0.3076923076923077,0.10204081632653061,0.10204081632653061,0.044444444444444446,0.5,1,1,1,0.0,0.125,0.03966501030101317,0.0,0.0,0,0,S1-602436239,S2-503594558,0
0.5573770491803278,0.5573770491803278,0.19047619047619047,0.19047619047619047,0.2564102564102564,0.0,0,0,0,0.0,0.125,0.04926406662671741,0.0,0.0,0,0,S1-602436239,S2-25128308,0
0.6071428571428571,0.6071428571428571,0.35294117647058826,0.35294117647058826,0.18461538461538463,0.0,0,0,0,0.0,0.3333333333333333,0.11805015761575342,0.09090909090909091,0.09090909090909088,0,0,S1-602436239,S2-729554163,0
0.7058823529411765,0.7058823529411765,0.20588235294117646,0.20588235294117646,0.25806451612903225,0.0,0,0,0,0.0,0.14285714285714285,0.03988320738273928,0.0,0.0,0,0,S1-602436239,S2-735200327,0
0.3783783783783784,0.3783783783783784,0.07142857142857142,0.07142857142857142,0.24,0.0,0,0,0,0.0,0.1111111111111111,0.04304360900910792,0.0,0.0,0,0,S1-118155765,S2-680904789,0
0.6567164179104478,0.6567164179104478,0.2727272727272727,0.2727272727272727,0.34285714285714286,0.0,0,0,0,0.0,0.2857142857142857,0.16937209671998743,0.0,0.0,0,0,S1-118155765,S2-792919342,0
0.5396825396825397,0.5396825396825397,0.20930232558139536,0.20930232558139536,0.3333333333333333,0.0,0,0,0,0.0,0.125,0.11181290407417269,0.0,0.0,0,0,S1-118155765,S2-104700387,0
0.2222222222222222,0.2222222222222222,0.0196078431372549,0.0196078431372549,0.2727272727272727,0.0,0,0,0,0.0,0.125,0.054258011048040844,0.0,0.0,0,0,S1-118155765,S2-996129147,0
0.27692307692307694,0.27692307692307694,0.019230769230769232,0.019230769230769232,0.4482758620689655,0.0,0,0,0,0.0,0.1111111111111111,0.0456627483953535,0.09090909090909091,0.09090909090909093,0,0,S1-118155765,S2-667560801,0
0.47619047619047616,0.47619047619047616,0.13793103448275862,0.13793103448275862,0.41509433962264153,0.0,0,0,0,0.0,0.16666666666666666,0.13124658667855404,0.0,0.0,0,0,S1-320608894,S2-921543902,0
0.42857142857142855,0.42857142857142855,0.07272727272727272,0.07272727272727272,0.25882352941176473,0.0,0,0,0,0.0,0.125,0.10586338986973984,0.0,0.0,0,0,S1-320608894,S2-836085735,0
0.5238095238095238,0.5238095238095238,0.13793103448275862,0.13793103448275862,0.17857142857142858,0.0,0,0,0,0.0,0.16666666666666666,0.14495896596326255,0.0,0.0,0,0,S1-320608894,S2-900878584,0
0.43137254901960786,0.43137254901960786,0.1388888888888889,0.1388888888888889,0.2909090909090909,0.0,0,0,0,0.0,0.14285714285714285,0.12381359341193522,0.0,0.0,1,0,S1-320608894,S2-263408971,0
0.39215686274509803,0.39215686274509803,0.10810810810810811,0.10810810810810811,0.21428571428571427,0.0,0,0,0,0.0,0.14285714285714285,0.12527359185352988,0.0,0.0,0,0,S1-320608894,S2-379542996,0
0.4166666666666667,0.4166666666666667,0.027777777777777776,0.027777777777777776,0.37349397590361444,0.0,0,0,0,0.0,0.125,0.06699672730124114,0.0,0.0,0,0,S1-219779866,S2-296997871,0
0.42857142857142855,0.42857142857142855,0.022727272727272728,0.022727272727272728,0.3469387755102041,0.0,0,0,0,0.0,0.125,0.06167883590595505,0.0,0.0,0,0,S1-219779866,S2-64375977,0
0.39215686274509803,0.39215686274509803,0.17647058823529413,0.17647058823529413,0.1728395061728395,0.0,0,0,0,0.0,0.14285714285714285,0.07135070565367742,0.0,0.0,0,0,S1-219779866,S2-355596040,0
0.358974358974359,0.358974358974359,0.03571428571428571,0.03571428571428571,0.21621621621621623,0.0,0,0,0,0.0,0.14285714285714285,0.061609821754618765,0.0,0.0,0,0,S1-219779866,S2-553258219,0
0.56,0.56,0.02631578947368421,0.02631578947368421,0.38095238095238093,0.0,0,0,0,0.0,0.14285714285714285,0.07532407518352183,0.0625,0.06249999999999999,0,0,S1-219779866,S2-956008814,0
0.45454545454545453,0.45454545454545453,0.16666666666666666,0.16666666666666666,0.27350427350427353,0.0,0,0,0,0.0,0.16666666666666666,0.06033571924015142,0.0,0.0,0,0,S1-189041788,S2-156249699,0
0.6666666666666666,0.6666666666666666,0.3125,0.3125,0.3076923076923077,0.0,0,0,0,0.0,0.4,0.23995609525042733,0.0,0.0,0,0,S1-189041788,S2-772784712,0
0.5490196078431373,0.5490196078431373,0.2,0.2,0.3373493975903614,0.0,0,0,0,0.0,0.16666666666666666,0.057901001617929417,0.0,0.0,0,0,S1-189041788,S2-759057689,0
0.5833333333333334,0.5833333333333334,0.18181818181818182,0.18181818181818182,0.33043478260869563,0.0,0,0,0,0.0,0.16666666666666666,0.05002586684444352,0.0,0.0,0,0,S1-189041788,S2-786303439,0
0.5945945945945946,0.5945945945945946,0.20833333333333334,0.20833333333333334,0.26865671641791045,0.0,0,0,0,0.0,0.2,0.0740252168381365,0.0,0.0,0,0,S1-189041788,S2-249341656,0
0.2857142857142857,0.2857142857142857,0.02631578947368421,0.02631578947368421,0.30985915492957744,0.0,0,0,0,0.0,0.14285714285714285,0.062421867328032045,0.0,0.0,0,0,S1-565244562,S2-631268169,0
0.4090909090909091,0.4090909090909091,0.029411764705882353,0.029411764705882353,0.37735849056603776,0.25,1,1,1,0.0,0.16666666666666666,0.0916229127574618,0.125,0.12499999999999999,1,0,S1-565244562,S2-475706345,0
0.5,0.5,0.038461538461538464,0.038461538461538464,0.19801980198019803,0.0,0,0,0,0.0,0.16666666666666666,0.09594779169724495,0.0,0.0,1,0,S1-565244562,S2-68180310,0
0.35555555555555557,0.35555555555555557,0.030303030303030304,0.030303030303030304,0.2857142857142857,0.0,0,0,0,0.0,0.14285714285714285,0.07050388728424359,0.045454545454545456,0.04545454545454544,0,0,S1-565244562,S2-576176294,0
0.4,0.4,0.05,0.05,0.32116788321167883,0.0,0,0,0,0.0,0.16666666666666666,0.0863808222786526,0.045454545454545456,0.04545454545454544,0,0,S1-565244562,S2-630105463,0
0.41935483870967744,0.41935483870967744,0.04081632653061224,0.04081632653061224,0.25,0.0,0,0,0,0.0,0.125,0.044794647335350296,0.0,0.0,0,0,S1-566066314,S2-173714131,0
0.6428571428571429,0.6428571428571429,0.18421052631578946,0.18421052631578946,0.2903225806451613,0.0,0,0,0,0.0,0.2857142857142857,0.11923886240369563,0.0,0.0,0,0,S1-566066314,S2-95612105,0
0.32432432432432434,0.32432432432432434,0.03773584905660377,0.03773584905660377,0.2857142857142857,0.0,0,0,0,0.0,0.1111111111111111,0.03152538721501525,0.0,0.0,0,0,S1-566066314,S2-977952545,0
0.35294117647058826,0.35294117647058826,0.025,0.025,0.2,0.0,0,0,0,0.0,0.14285714285714285,0.040634060749974346,0.0,0.0,0,0,S1-566066314,S2-407029165,0
0.32653061224489793,0.32653061224489793,0.02564102564102564,0.02564102564102564,0.2857142857142857,0.0,0,0,0,0.0,0.16666666666666666,0.04901418651392434,0.0,0.0,0,0,S1-566066314,S2-941342559,0
0.4,0.4,0.022727272727272728,0.022727272727272728,0.14634146341463414,0.0,0,0,0,0.0,0.14285714285714285,0.062400322843042734,0.0,0.0,0,0,S1-9804105,S2-497347249,0
0.40816326530612246,0.40816326530612246,0.02702702702702703,0.02702702702702703,0.12195121951219512,0.0,0,0,0,0.0,0.14285714285714285,0.07221871320884235,0.0,0.0,0,0,S1-9804105,S2-118711492,0
0.48,0.48,0.05128205128205128,0.05128205128205128,0.19148936170212766,0.0,0,0,0,0.0,0.16666666666666666,0.05802439102185968,0.0,0.0,0,0,S1-9804105,S2-481178815,0
0.4406779661016949,0.4406779661016949,0.044444444444444446,0.044444444444444446,0.1875,0.0,0,0,0,0.0,0.125,0.05233510203417366,0.0,0.0,0,0,S1-9804105,S2-157995270,0
0.3333333333333333,0.3333333333333333,0.020833333333333332,0.020833333333333332,0.06896551724137931,0.0,0,0,0,0.0,0.14285714285714285,0.06297211329167811,0.0,0.0,0,0,S1-9804105,S2-834942927,0
0.34285714285714286,0.34285714285714286,0.04,0.04,0.2857142857142857,0.0,0,0,0,0.0,0.16666666666666666,0.05057984168627397,0.0,0.0,0,0,S1-770208796,S2-762525692,0
0.2564102564102564,0.2564102564102564,0.037037037037037035,0.037037037037037035,0.1111111111111111,0.0,0,0,0,0.0,0.14285714285714285,0.04260981507587915,0.0,0.0,0,0,S1-770208796,S2-443938429,0
0.3333333333333333,0.3333333333333333,0.04,0.04,0.42105263157894735,0.0,0,0,0,0.0,0.14285714285714285,0.042480867149835566,0.0,0.0,0,0,S1-770208796,S2-568987552,0
0.47058823529411764,0.47058823529411764,0.041666666666666664,0.041666666666666664,0.17142857142857143,0.0,0,0,0,0.0,0.16666666666666666,0.042469120459414825,0.0,0.0,0,0,S1-770208796,S2-87097963,0
0.4117647058823529,0.4117647058823529,0.041666666666666664,0.041666666666666664,0.2641509433962264,0.0,0,0,0,0.0,0.16666666666666666,0.051338497563107086,0.0,0.0,0,0,S1-770208796,S2-175732856,0
0.75,0.75,0.35294117647058826,0.35294117647058826,0.22807017543859648,0.0,0,0,0,0.0,0.3333333333333333,0.12071959032579567,0.0,0.0,0,0,S1-261865426,S2-748520716,0
0.6268656716417911,0.6268656716417911,0.30952380952380953,0.30952380952380953,0.23931623931623933,0.0,0,0,0,0.0,0.3333333333333333,0.11223196688265415,0.0,0.0,0,0,S1-261865426,S2-597161505,0
0.4,0.4,0.1388888888888889,0.1388888888888889,0.288,0.0,0,0,0,0.0,0.16666666666666666,0.07597489935749857,0.047619047619047616,0.04761904761904761,0,0,S1-261865426,S2-317082788,0
0.5454545454545454,0.5454545454545454,0.15,0.15,0.40298507462686567,0.0,0,0,0,0.0,0.16666666666666666,0.07363241480266858,0.09090909090909091,0.09090909090909088,0,0,S1-261865426,S2-543542788,0
0.509090909090909,0.509090909090909,0.125,0.125,0.11965811965811966,0.0,0,0,0,0.0,0.14285714285714285,0.05253644754055987,0.05,0.04999999999999999,0,0,S1-261865426,S2-909474634,0
0.5714285714285714,0.5714285714285714,0.2608695652173913,0.2608695652173913,0.3170731707317073,0.16666666666666666,1,1,1,0.0,0.25,0.08260792108072194,0.0,0.0,0,0,S1-139113776,S2-470070439,0
0.45161290322580644,0.45161290322580644,0.10869565217391304,0.10869565217391304,0.2732919254658385,0.0,0,0,0,0.0,0.125,0.0460356994116545,0.04,0.03999999999999999,0,0,S1-139113776,S2-419297872,0
0.5151515151515151,0.5151515151515151,0.1,0.1,0.23529411764705882,0.0,0,0,0,0.0,0.125,0.04091037039069405,0.0,0.0,0,0,S1-139113776,S2-926925413,0
0.4918032786885246,0.4918032786885246,0.13636363636363635,0.13636363636363635,0.20155038759689922,0.5,1,1,1,0.0,0.14285714285714285,0.05855821985222191,0.0,0.0,1,0,S1-139113776,S2-326444306,0
0.5517241379310345,0.5517241379310345,0.175,0.175,0.31007751937984496,0.0,0,0,0,0.0,0.125,0.05151806797674427,0.0,0.0,0,0,S1-139113776,S2-180999100,0
0.5454545454545454,0.5454545454545454,0.12244897959183673,0.12244897959183673,0.265625,0.0,0,0,0,0.0,0.125,0.04735252872563883,0.0,0.0,0,0,S1-829335167,S2-850973276,0
0.5757575757575758,0.5757575757575758,0.26666666666666666,0.26666666666666666,0.20155038759689922,0.0,0,0,0,0.0,0.4,0.12247170066179078,0.0,0.0,0,0,S1-829335167,S2-431489570,0
0.6129032258064516,0.6129032258064516,0.3,0.3,0.30927835051546393,0.0,0,0,0,0.0,0.3333333333333333,0.09370018589094634,0.0,0.0,0,0,S1-829335167,S2-385705003,0
0.410958904109589,0.410958904109589,0.08928571428571429,0.08928571428571429,0.22429906542056074,0.0,0,0,0,0.0,0.1111111111111111,0.03352344464616162,0.0,0.0,0,0,S1-829335167,S2-198215595,0
0.4146341463414634,0.4146341463414634,0.21428571428571427,0.21428571428571427,0.2571428571428571,0.25,1,1,2,0.0,0.2222222222222222,0.06985967075086841,0.0,0.0,1,0,S1-829335167,S2-436157121,0
0.3188405797101449,0.3188405797101449,0.03773584905660377,0.03773584905660377,0.3466666666666667,0.0,0,0,0,0.0,0.09090909090909091,0.05510830696500325,0.07692307692307693,0.07692307692307693,1,0,S1-268870909,S2-712901459,0
0.4533333333333333,0.4533333333333333,0.16981132075471697,0.16981132075471697,0.23529411764705882,0.0,0,0,0,0.0,0.1,0.10031097834514636,0.08333333333333333,0.08333333333333334,0,0,S1-268870909,S2-969734088,0
0.4594594594594595,0.4594594594594595,0.1509433962264151,0.1509433962264151,0.2631578947368421,0.0,0,0,0,0.0,0.1,0.08040079461053713,0.0,0.0,0,0,S1-268870909,S2-102787141,0
0.40963855421686746,0.40963855421686746,0.13114754098360656,0.13114754098360656,0.23423423423423423,0.0,0,0,0,0.0,0.09090909090909091,0.06997184599171105,0.0,0.0,0,0,S1-268870909,S2-552994791,0
0.16216216216216217,0.16216216216216217,0.034482758620689655,0.034482758620689655,0.2702702702702703,0.0,0,0,0,0.0,0.09090909090909091,0.0631727872341789,0.0,0.0,0,0,S1-268870909,S2-95398254,0
0.4090909090909091,0.4090909090909091,0.16129032258064516,0.16129032258064516,0.16,0.0,0,0,0,0.0,0.2,0.16535423514768877,0.0,0.0,0,0,S1-957762263,S2-606645923,0
0.5454545454545454,0.5454545454545454,0.17857142857142858,0.17857142857142858,0.2857142857142857,0.0,0,0,0,0.0,0.16666666666666666,0.15786990597985184,0.0,0.0,0,0,S1-957762263,S2-36556809,0
0.5454545454545454,0.5454545454545454,0.23809523809523808,0.23809523809523808,0.32,0.0,0,0,0,0.0,0.25,0.18032792618044552,0.0,0.0,1,0,S1-957762263,S2-418155035,0
0.4888888888888889,0.4888888888888889,0.16129032258064516,0.16129032258064516,0.25,0.0,0,0,0,0.0,0.16666666666666666,0.14525085237208965,0.0,0.0,0,0,S1-957762263,S2-494905313,0
0.5714285714285714,0.5714285714285714,0.22727272727272727,0.22727272727272727,0.2978723404255319,0.0,0,0,0,0.0,0.2,0.1678235829994485,0.0,0.0,0,0,S1-957762263,S2-255711279,0
0.3902439024390244,0.3902439024390244,0.10344827586206896,0.10344827586206896,0.19444444444444445,0.0,0,0,0,0.0,0.16666666666666666,0.04821240545153224,0.0,0.0,1,0,S1-803728022,S2-79925809,0
0.2978723404255319,0.2978723404255319,0.05714285714285714,0.05714285714285714,0.20588235294117646,0.0,0,0,0,0.0,0.14285714285714285,0.05107009864133262,0.0,0.0,0,0,S1-803728022,S2-579008291,0
0.16216216216216217,0.16216216216216217,0.03571428571428571,0.03571428571428571,0.21212121212121213,0.0,0,0,0,0.0,0.2,0.064333117357901,0.0,0.0,0,0,S1-803728022,S2-307182556,0
0.41025641025641024,0.41025641025641024,0.10714285714285714,0.10714285714285714,0.23728813559322035,0.0,0,0,0,0.0,0.2,0.058433747369412835,0.0,0.0,0,0,S1-803728022,S2-160369295,0
0.42857142857142855,0.42857142857142855,0.05,0.05,0.2222222222222222,0.0,0,0,0,0.0,0.25,0.0707760075114962,0.0,0.0,0,0,S1-803728022,S2-706628846,0
0.5,0.5,0.2,0.2,0.4,0.0,0,0,0,0.0,0.14285714285714285,0.1676651412442395,0.1,0.10000000000000002,0,0,S1-896912085,S2-480846308,0
0.45,0.45,0.14285714285714285,0.14285714285714285,0.26666666666666666,0.0,0,0,0,0.0,0.2,0.21685810633211478,0.0,0.0,0,0,S1-896912085,S2-535119618,0
0.47619047619047616,0.47619047619047616,0.13333333333333333,0.13333333333333333,0.0,0.0,0,0,0,0.0,0.2,0.19887748381076076,0.0,0.0,0,1,S1-896912085,S2-766629456,0
0.6808510638297872,0.6808510638297872,0.52,0.52,0.26229508196721313,0.0,0,0,0,0.0,0.4,0.44194621049485483,0.0,0.0,0,0,S1-896912085,S2-896970044,0
0.5128205128205128,0.5128205128205128,0.14814814814814814,0.14814814814814814,0.2545454545454545,0.0,0,0,0,0.0,0.2,0.22634917465725107,0.0,0.0,0,0,S1-896912085,S2-691578119,0
0.5964912280701754,0.5964912280701754,0.34285714285714286,0.34285714285714286,0.1839080459770115,0.0,0,0,0,0.0,0.3333333333333333,0.13079830904065423,0.0,0.0,0,0,S1-14229676,S2-728957315,0
0.3673469387755102,0.3673469387755102,0.14285714285714285,0.14285714285714285,0.26851851851851855,0.0,0,0,0,0.0,0.16666666666666666,0.056020292100299074,0.03225806451612903,0.03225806451612902,0,0,S1-14229676,S2-621352657,0
0.6666666666666666,0.6666666666666666,0.375,0.375,0.3027027027027027,0.0,0,0,0,0.0,0.3333333333333333,0.11389037495135267,0.037037037037037035,0.03703703703703702,1,0,S1-14229676,S2-470509714,0
0.5671641791044776,0.5671641791044776,0.1956521739130435,0.1956521739130435,0.2978723404255319,0.0,0,0,0,0.0,0.125,0.036861769897795736,0.04,0.03999999999999999,0,0,S1-14229676,S2-777160152,0
0.509090909090909,0.509090909090909,0.16216216216216217,0.16216216216216217,0.16774193548387098,0.0,0,0,0,0.0,0.125,0.04335422373160577,0.0,0.0,0,0,S1-14229676,S2-639384377,0
0.2807017543859649,0.2807017543859649,0.021739130434782608,0.021739130434782608,0.3,0.0,0,0,0,0.0,0.14285714285714285,0.040869691867298254,0.0,0.0,0,0,S1-465795645,S2-110343274,0
0.2564102564102564,0.2564102564102564,0.03333333333333333,0.03333333333333333,0.13559322033898305,0.0,0,0,0,0.0,0.2,0.06386396918836534,0.0,0.0,0,0,S1-465795645,S2-281289464,0
0.35714285714285715,0.35714285714285715,0.022727272727272728,0.022727272727272728,0.17543859649122806,0.0,0,0,0,0.0,0.125,0.052801188447319146,0.0,0.0,0,0,S1-465795645,S2-150623896,0
0.3225806451612903,0.3225806451612903,0.045454545454545456,0.045454545454545456,0.4,0.0,0,0,0,0.0,0.2,0.06972926029468243,0.0,0.0,0,0,S1-465795645,S2-358188027,0
0.46808510638297873,0.46808510638297873,0.05555555555555555,0.05555555555555555,0.14814814814814814,0.0,0,0,0,0.0,0.16666666666666666,0.04816920932417917,0.0,0.0,0,0,S1-465795645,S2-245245411,0
0.5614035087719298,0.5614035087719298,0.11904761904761904,0.11904761904761904,0.19047619047619047,0.0,0,0,0,0.0,0.14285714285714285,0.040430780738786525,0.0,0.0,0,0,S1-879998753,S2-134214424,0
0.576271186440678,0.576271186440678,0.13953488372093023,0.13953488372093023,0.1044776119402985,0.0,0,0,0,0.0,0.14285714285714285,0.04883000916117071,0.0,0.0,0,0,S1-879998753,S2-479556958,0
0.6181818181818182,0.6181818181818182,0.15384615384615385,0.15384615384615385,0.13253012048192772,0.0,0,0,0,0.0,0.14285714285714285,0.04646919285629474,0.04,0.03999999999999999,0,0,S1-879998753,S2-721333437,0
0.6296296296296297,0.6296296296296297,0.29411764705882354,0.29411764705882354,0.4155844155844156,0.0,0,0,0,0.0,0.3333333333333333,0.10075435464065208,0.11764705882352941,0.1176470588235294,0,0,S1-879998753,S2-207462895,0
0.2692307692307692,0.2692307692307692,0.13157894736842105,0.13157894736842105,0.2413793103448276,0.0,0,0,0,0.0,0.16666666666666666,0.03943870395117499,0.0,0.0,0,0,S1-879998753,S2-10181433,0
0.32653061224489793,0.32653061224489793,0.02702702702702703,0.02702702702702703,0.2692307692307692,0.0,0,0,0,0.0,0.14285714285714285,0.04676050916245347,0.0,0.0,0,0,S1-791147850,S2-36305326,0
0.3076923076923077,0.3076923076923077,0.02564102564102564,0.02564102564102564,0.4057971014492754,0.0,0,0,0,0.0,0.1111111111111111,0.035707008675493444,0.08333333333333333,0.08333333333333334,0,0,S1-791147850,S2-570158332,0
0.2641509433962264,0.2641509433962264,0.024390243902439025,0.024390243902439025,0.14545454545454545,0.0,0,0,0,0.0,0.125,0.03874554490542243,0.0,0.0,0,0,S1-791147850,S2-872667264,0
0.27450980392156865,0.27450980392156865,0.025,0.025,0.32786885245901637,0.0,0,0,0,0.0,0.14285714285714285,0.04243906809133498,0.0,0.0,0,0,S1-791147850,S2-666906418,0
0.34782608695652173,0.34782608695652173,0.02702702702702703,0.02702702702702703,0.4727272727272727,0.0,0,0,0,0.0,0.2,0.05773764644317789,0.1111111111111111,0.11111111111111113,0,0,S1-791147850,S2-801877070,0
0.55,0.55,0.23076923076923078,0.23076923076923078,0.2727272727272727,0.0,0,0,0,0.0,0.25,0.2649694960317993,0.0,0.0,0,0,S1-437831575,S2-152504068,0
0.45,0.45,0.2692307692307692,0.2692307692307692,0.2962962962962963,0.0,0,0,0,0.0,0.25,0.270717099266341,0.0,0.0,0,0,S1-437831575,S2-435844413,0
0.4888888888888889,0.4888888888888889,0.1875,0.1875,0.33962264150943394,0.0,0,0,0,0.0,0.25,0.2843337922783165,0.0,0.0,0,0,S1-437831575,S2-28485591,0
0.4,0.4,0.13636363636363635,0.13636363636363635,0.21212121212121213,0.0,0,0,0,0.0,0.14285714285714285,0.2079416819583218,0.0,0.0,0,0,S1-437831575,S2-582035444,0
0.6222222222222222,0.6222222222222222,0.22580645161290322,0.22580645161290322,0.3018867924528302,0.0,0,0,0,0.0,0.25,0.21980325658711328,0.0,0.0,0,0,S1-437831575,S2-728777466,0
0.4,0.4,0.1875,0.1875,0.2682926829268293,0.0,0,0,0,0.0,0.3333333333333333,0.4390773152870823,0.0,0.0,0,0,S1-144321036,S2-441336406,0
0.2857142857142857,0.2857142857142857,0.12,0.12,0.32098765432098764,0.0,0,0,0,0.0,0.25,0.280578654147068,0.07692307692307693,0.07692307692307693,0,0,S1-144321036,S2-940327088,0
0.5263157894736842,0.5263157894736842,0.3,0.3,0.21052631578947367,0.0,0,0,0,0.0,0.3333333333333333,0.41648432890357984,0.0,0.0,0,0,S1-144321036,S2-489646312,0
0.23809523809523808,0.23809523809523808,0.0967741935483871,0.0967741935483871,0.20270270270270271,0.0,0,0,0,0.0,0.2,0.36374648547871286,0.0,0.0,0,0,S1-144321036,S2-293176398,0
0.3225806451612903,0.3225806451612903,0.13636363636363635,0.13636363636363635,0.2558139534883721,0.0,0,0,0,0.0,0.3333333333333333,0.3365754352005666,0.0,0.0,0,0,S1-144321036,S2-237457760,0
0.4,0.4,0.046511627906976744,0.046511627906976744,0.27586206896551724,0.0,0,0,0,0.0,0.14285714285714285,0.047742206302923605,0.0,0.0,0,0,S1-479849368,S2-329488948,0
0.45454545454545453,0.45454545454545453,0.029411764705882353,0.029411764705882353,0.3103448275862069,0.0,0,0,0,0.0,0.16666666666666666,0.05849255393167928,0.0,0.0,0,0,S1-479849368,S2-465534292,0
0.27586206896551724,0.27586206896551724,0.05128205128205128,0.05128205128205128,0.3157894736842105,0.0,0,0,0,0.0,0.14285714285714285,0.0482920696295243,0.0,0.0,0,0,S1-479849368,S2-779617421,0
0.33962264150943394,0.33962264150943394,0.024390243902439025,0.024390243902439025,0.25,0.0,0,0,0,0.0,0.125,0.041586318166867746,0.0,0.0,0,0,S1-479849368,S2-618036642,0
0.47058823529411764,0.47058823529411764,0.025,0.025,0.25,0.0,0,0,0,0.0,0.14285714285714285,0.05366959627554621,0.0,0.0,0,0,S1-479849368,S2-983123295,0
0.4,0.4,0.2222222222222222,0.2222222222222222,0.3492063492063492,0.0,0,0,0,0.0,0.25,0.2600782142024457,0.0,0.0,0,0,S1-711789509,S2-961376212,0
0.3050847457627119,0.3050847457627119,0.020833333333333332,0.020833333333333332,0.36065573770491804,0.0,0,0,0,0.0,0.14285714285714285,0.05338904649661502,0.1111111111111111,0.11111111111111113,0,0,S1-711789509,S2-631878479,0
0.2926829268292683,0.2926829268292683,0.03225806451612903,0.03225806451612903,0.21428571428571427,0.0,0,0,0,0.0,0.16666666666666666,0.05553147923434135,0.0,0.0,0,0,S1-711789509,S2-728392916,0
0.4,0.4,0.02564102564102564,0.02564102564102564,0.24615384615384617,0.0,0,0,0,0.0,0.14285714285714285,0.04560029626437688,0.0,0.0,0,0,S1-711789509,S2-763101660,0
0.4782608695652174,0.4782608695652174,0.05555555555555555,0.05555555555555555,0.25396825396825395,0.0,0,0,0,0.0,0.2,0.06532541363137222,0.0,0.0,0,0,S1-711789509,S2-965085514,0
0.7058823529411765,0.7058823529411765,0.4642857142857143,0.4642857142857143,0.20833333333333334,0.0,0,0,0,0.0,0.3333333333333333,0.1228404957788619,0.0,0.0,1,0,S1-925337241,S2-48340945,0
0.6181818181818182,0.6181818181818182,0.2857142857142857,0.2857142857142857,0.421875,0.0,0,0,0,0.0,0.3333333333333333,0.2772554887427455,0.05263157894736842,0.052631578947368404,0,0,S1-925337241,S2-973718819,0
0.45161290322580644,0.45161290322580644,0.10638297872340426,0.10638297872340426,0.29310344827586204,0.0,0,0,0,0.0,0.14285714285714285,0.045341474390221896,0.0,0.0,0,0,S1-925337241,S2-357814677,0
0.4074074074074074,0.4074074074074074,0.1282051282051282,0.1282051282051282,0.2616822429906542,0.0,0,0,0,0.0,0.14285714285714285,0.052529755676267366,0.0,0.0,0,0,S1-925337241,S2-563266613,0
0.4838709677419355,0.4838709677419355,0.10638297872340426,0.10638297872340426,0.35384615384615387,0.16666666666666666,1,1,1,0.0,0.14285714285714285,0.053800427082987434,0.05555555555555555,0.055555555555555546,0,0,S1-925337241,S2-962687144,0
0.4,0.4,0.029411764705882353,0.029411764705882353,0.27848101265822783,0.0,0,0,0,0.0,0.16666666666666666,0.05210434816260281,0.0,0.0,0,0,S1-605234653,S2-543073374,0
0.5,0.5,0.023809523809523808,0.023809523809523808,0.17073170731707318,0.0,0,0,0,0.0,0.16666666666666666,0.05371060722889081,0.0,0.0,0,0,S1-605234653,S2-932669591,0
0.3333333333333333,0.3333333333333333,0.022727272727272728,0.022727272727272728,0.36363636363636365,0.0,0,0,0,0.0,0.16666666666666666,0.04752080859041637,0.07692307692307693,0.07692307692307693,0,0,S1-605234653,S2-785884339,0
0.35294117647058826,0.35294117647058826,0.025,0.025,0.21951219512195122,0.0,0,0,0,0.0,0.16666666666666666,0.047122988863294565,0.0,0.0,0,0,S1-605234653,S2-108023325,0
0.2608695652173913,0.2608695652173913,0.03571428571428571,0.03571428571428571,0.25,0.0,0,0,0,0.0,0.125,0.036599480467089045,0.0,0.0,0,0,S1-605234653,S2-809989736,0
0.4583333333333333,0.4583333333333333,0.08108108108108109,0.08108108108108109,0.3492063492063492,0.0,0,0,0,0.0,0.2,0.1841252753981469,0.0,0.0,0,0,S1-511358845,S2-119207709,0
0.39344262295081966,0.39344262295081966,0.0625,0.0625,0.24074074074074073,0.0,0,0,0,0.0,0.14285714285714285,0.17052599985187172,0.0,0.0,0,0,S1-511358845,S2-549306926,0
0.44,0.44,0.07894736842105263,0.07894736842105263,0.2857142857142857,0.0,0,0,0,0.0,0.16666666666666666,0.22990851702828638,0.0,0.0,0,0,S1-511358845,S2-317010557,0
0.5,0.5,0.3235294117647059,0.3235294117647059,0.5,0.0,0,0,0,0.0,0.25,0.20776107733667684,0.18181818181818182,0.18181818181818185,0,0,S1-511358845,S2-755591297,0
0.6274509803921569,0.6274509803921569,0.34375,0.34375,0.2857142857142857,0.0,0,0,0,0.0,0.2,0.1705912105170041,0.0,0.0,0,0,S1-511358845,S2-100641441,0
0.4642857142857143,0.4642857142857143,0.12195121951219512,0.12195121951219512,0.26262626262626265,0.0,0,0,0,0.0,0.16666666666666666,0.06166741792874903,0.03225806451612903,0.03225806451612902,0,0,S1-866735103,S2-551109833,0
0.5666666666666667,0.5666666666666667,0.11363636363636363,0.11363636363636363,0.10526315789473684,0.0,0,0,0,0.0,0.125,0.04151957574627275,0.0,0.0,0,0,S1-866735103,S2-381230212,0
0.5925925925925926,0.5925925925925926,0.15789473684210525,0.15789473684210525,0.21052631578947367,0.0,0,0,0,0.0,0.14285714285714285,0.05669188649616732,0.04,0.03999999999999999,0,0,S1-866735103,S2-547631447,0
0.5106382978723404,0.5106382978723404,0.15151515151515152,0.15151515151515152,0.19393939393939394,0.0,0,0,0,0.0,0.16666666666666666,0.06732198887846562,0.0,0.0,0,0,S1-866735103,S2-343396102,0
0.6545454545454545,0.6545454545454545,0.36363636363636365,0.36363636363636365,0.29850746268656714,0.0,0,0,0,0.0,0.3333333333333333,0.1420332755853144,0.03225806451612903,0.03225806451612902,0,0,S1-866735103,S2-900342569,0
0.6274509803921569,0.6274509803921569,0.4,0.4,0.1791044776119403,0.0,0,0,0,0.0,0.2,0.288320665955213,0.0,0.0,0,0,S1-492161824,S2-752949161,0
0.6382978723404256,0.6382978723404256,0.3103448275862069,0.3103448275862069,0.19672131147540983,0.0,0,0,0,0.0,0.4,0.41237194315961184,0.0,0.0,0,0,S1-492161824,S2-361730591,0
0.45,0.45,0.2727272727272727,0.2727272727272727,0.07272727272727272,0.0,0,0,0,0.0,0.6666666666666666,0.5896976655912435,0.0,0.0,0,0,S1-492161824,S2-489679509,0
0.6122448979591837,0.6122448979591837,0.17647058823529413,0.17647058823529413,0.12698412698412698,0.0,0,0,0,0.0,0.4,0.3723567778944475,0.0,0.0,0,0,S1-492161824,S2-854951998,0
0.49122807017543857,0.49122807017543857,0.14634146341463414,0.14634146341463414,0.3333333333333333,0.0,0,0,0,0.0,0.3333333333333333,0.28576278724211285,0.18181818181818182,0.18181818181818185,0,0,S1-492161824,S2-705914352,0
0.4166666666666667,0.4166666666666667,0.02631578947368421,0.02631578947368421,0.28169014084507044,0.0,0,0,0,0.0,0.16666666666666666,0.05013124261900383,0.0,0.0,0,0,S1-592018304,S2-340570273,0
0.4186046511627907,0.4186046511627907,0.030303030303030304,0.030303030303030304,0.40476190476190477,0.0,0,0,0,0.0,0.16666666666666666,0.062048994047304504,0.06666666666666667,0.06666666666666667,0,0,S1-592018304,S2-603448238,0
0.4528301886792453,0.4528301886792453,0.047619047619047616,0.047619047619047616,0.32432432432432434,0.0,0,0,0,0.0,0.16666666666666666,0.05754226991303798,0.07692307692307693,0.07692307692307693,1,0,S1-592018304,S2-803599426,0
0.4,0.4,0.02564102564102564,0.02564102564102564,0.345679012345679,0.0,0,0,0,0.0,0.14285714285714285,0.051540451112264414,0.07142857142857142,0.07142857142857142,0,0,S1-592018304,S2-683692604,0
0.47058823529411764,0.47058823529411764,0.02564102564102564,0.02564102564102564,0.225,0.0,0,0,0,0.0,0.14285714285714285,0.050267040239897844,0.0,0.0,0,0,S1-592018304,S2-923197463,0
0.5079365079365079,0.5079365079365079,0.18181818181818182,0.18181818181818182,0.24324324324324326,0.0,0,0,0,0.0,0.16666666666666666,0.1403199341313887,0.0,0.0,0,0,S1-170295653,S2-738039956,0
0.5373134328358209,0.5373134328358209,0.16666666666666666,0.16666666666666666,0.18666666666666668,0.0,0,0,0,0.0,0.125,0.10830252097629973,0.0,0.0,0,0,S1-170295653,S2-925014858,0
0.4918032786885246,0.4918032786885246,0.18604651162790697,0.18604651162790697,0.45901639344262296,0.0,0,0,0,0.0,0.14285714285714285,0.12992266853111958,0.0,0.0,0,0,S1-170295653,S2-662796435,0
0.5142857142857142,0.5142857142857142,0.1568627450980392,0.1568627450980392,0.3548387096774194,0.0,0,0,0,0.0,0.125,0.0969479061089356,0.0,0.0,0,0,S1-170295653,S2-592359559,0
0.5151515151515151,0.5151515151515151,0.17391304347826086,0.17391304347826086,0.28125,0.0,0,0,0,0.0,0.14285714285714285,0.13732753051796318,0.0,0.0,0,0,S1-170295653,S2-613269139,0
0.4888888888888889,0.4888888888888889,0.15625,0.15625,0.21153846153846154,0.0,0,0,0,0.0,0.2,0.056614004981623785,0.06666666666666667,0.06666666666666667,0,0,S1-264163570,S2-167585022,0
0.5306122448979592,0.5306122448979592,0.17647058823529413,0.17647058823529413,0.25,0.0,0,0,0,0.0,0.16666666666666666,0.0731060710135389,0.0,0.0,1,0,S1-264163570,S2-572006518,0
0.4897959183673469,0.4897959183673469,0.17647058823529413,0.17647058823529413,0.2677165354330709,0.0,0,0,0,0.0,0.16666666666666666,0.0602663056282614,0.0,0.0,0,0,S1-264163570,S2-49662831,0
0.5172413793103449,0.5172413793103449,0.175,0.175,0.17647058823529413,0.0,0,0,0,0.0,0.14285714285714285,0.051364954423544024,0.0,0.0,0,0,S1-264163570,S2-280443108,0
0.4897959183673469,0.4897959183673469,0.17647058823529413,0.17647058823529413,0.4025157232704403,0.0,0,0,0,0.0,0.16666666666666666,0.05941303818026666,0.041666666666666664,0.04166666666666666,0,0,S1-264163570,S2-403499157,0
0.35714285714285715,0.35714285714285715,0.023255813953488372,0.023255813953488372,0.1487603305785124,0.0,0,0,0,0.0,0.1111111111111111,0.04488884506826934,0.0,0.0,0,0,S1-726645061,S2-985634342,0
0.5423728813559322,0.5423728813559322,0.0975609756097561,0.0975609756097561,0.2975206611570248,0.0,0,0,0,0.0,0.25,0.09949984639794328,0.0,0.0,0,0,S1-726645061,S2-268691746,0
0.4642857142857143,0.4642857142857143,0.1282051282051282,0.1282051282051282,0.18333333333333332,0.0,0,0,0,0.0,0.25,0.11664976126704697,0.0,0.0,1,0,S1-726645061,S2-723492714,0
0.4126984126984127,0.4126984126984127,0.02,0.02,0.2905982905982906,0.0,0,0,0,0.0,0.1111111111111111,0.04625659995773647,0.0,0.0,0,0,S1-726645061,S2-687348070,0
0.3384615384615385,0.3384615384615385,0.04,0.04,0.22988505747126436,0.0,0,0,0,0.0,0.1,0.042380167336545364,0.0,0.0,0,0,S1-726645061,S2-416028570,0
0.47619047619047616,0.47619047619047616,0.0625,0.0625,0.31746031746031744,0.0,0,0,0,0.0,0.25,0.09170775777018653,0.0,0.0,0,0,S1-978120807,S2-331954526,0
0.08695652173913043,0.08695652173913043,0.017857142857142856,0.017857142857142856,0.27692307692307694,0.0,0,0,0,0.0,0.1111111111111111,0.03160944187302903,0.0,0.0,0,0,S1-978120807,S2-418208254,0
0.4411764705882353,0.4411764705882353,0.01818181818181818,0.01818181818181818,0.3793103448275862,0.0,0,0,0,0.0,0.1111111111111111,0.0298092373562302,0.0,0.0,0,0,S1-978120807,S2-267722345,0
0.24,0.24,0.01694915254237288,0.01694915254237288,0.24242424242424243,0.0,0,0,0,0.0,0.08333333333333333,0.022313973390334783,0.0,0.0,0,0,S1-978120807,S2-869993077,0
0.3333333333333333,0.3333333333333333,0.020833333333333332,0.020833333333333332,0.3076923076923077,0.0,0,0,0,0.0,0.125,0.03184368606346721,0.0,0.0,0,0,S1-978120807,S2-360689061,0
0.4864864864864865,0.4864864864864865,0.19230769230769232,0.19230769230769232,0.23668639053254437,0.0,0,0,0,0.0,0.3333333333333333,0.10794395525710185,0.0,0.0,0,0,S1-2820639,S2-395271825,0
0.5614035087719298,0.5614035087719298,0.15,0.15,0.1746031746031746,0.0,0,0,0,0.0,0.125,0.04975421794387898,0.0,0.0,0,0,S1-2820639,S2-286059043,0
0.4827586206896552,0.4827586206896552,0.17073170731707318,0.17073170731707318,0.2878787878787879,0.0,0,0,0,0.0,0.14285714285714285,0.05038244545876105,0.0,0.0,0,0,S1-2820639,S2-104315701,0
0.4918032786885246,0.4918032786885246,0.24390243902439024,0.24390243902439024,0.24193548387096775,0.0,0,0,0,0.0,0.3333333333333333,0.095003274132398,0.0,0.0,0,0,S1-2820639,S2-244864021,0
0.42105263157894735,0.42105263157894735,0.10344827586206896,0.10344827586206896,0.22666666666666666,0.0,0,0,0,0.0,0.125,0.046099162129077095,0.047619047619047616,0.04761904761904761,0,0,S1-2820639,S2-82336999,0
0.43478260869565216,0.43478260869565216,0.09090909090909091,0.09090909090909091,0.18421052631578946,0.0,0,0,0,0.0,0.14285714285714285,0.11137514737221851,0.0,0.0,0,0,S1-628535606,S2-580924847,0
0.5,0.5,0.16666666666666666,0.16666666666666666,0.29411764705882354,0.0,0,0,0,0.0,0.25,0.18276379569393442,0.0,0.0,1,0,S1-628535606,S2-704375062,0
0.3673469387755102,0.3673469387755102,0.08333333333333333,0.08333333333333333,0.3902439024390244,0.0,0,0,0,0.0,0.14285714285714285,0.12174902358706045,0.07142857142857142,0.07142857142857142,0,0,S1-628535606,S2-858639259,0
0.46511627906976744,0.46511627906976744,0.0967741935483871,0.0967741935483871,0.3055555555555556,0.0,0,0,0,0.0,0.16666666666666666,0.12344462453794956,0.0,0.0,0,0,S1-628535606,S2-510623544,0
0.39215686274509803,0.39215686274509803,0.07894736842105263,0.07894736842105263,0.18666666666666668,0.0,0,0,0,0.0,0.14285714285714285,0.11452480784156459,0.0,0.0,0,0,S1-628535606,S2-16873798,0
0.0,0.6585365853658537,0.0,0.11666666666666667,0.6415094339622641,1.0,4,1,4,1.0,0.0,0.0,1.0,1.0,1,0,S1-695179945,S2-188277280,1
0.39473684210526316,0.39473684210526316,0.08771929824561403,0.08771929824561403,0.23376623376623376,0.0,0,0,0,0.0,0.1111111111111111,0.12357170119168923,0.0,0.0,0,0,S1-695179945,S2-832659124,0
0.38461538461538464,0.38461538461538464,0.18181818181818182,0.18181818181818182,0.24,0.0,0,0,0,0.0,0.2857142857142857,0.09095642072581771,0.0,0.0,0,0,S1-695179945,S2-173957330,0
0.6756756756756757,0.6756756756756757,0.32608695652173914,0.32608695652173914,0.21052631578947367,0.0,0,0,0,0.0,0.2857142857142857,0.12027794506521798,0.0,0.0,0,0,S1-695179945,S2-816989315,0
0.4931506849315068,0.4931506849315068,0.25,0.25,0.3925233644859813,0.2,1,1,2,0.0,0.2857142857142857,0.10123360012474308,0.0,0.0,0,0,S1-695179945,S2-210159109,0
0.4411764705882353,0.4411764705882353,0.14893617021276595,0.14893617021276595,0.25,0.0,0,0,0,0.0,0.125,0.04567431850883427,0.0,0.0,0,0,S1-695179945,S2-867393619,0
0.5,0.5,0.14285714285714285,0.14285714285714285,0.4,0.0,0,0,0,0.0,0.2,0.2327293966493161,0.0,0.0,0,0,S1-491839212,S2-258999394,0
0.5217391304347826,0.5217391304347826,0.21428571428571427,0.21428571428571427,0.32727272727272727,0.0,0,0,0,0.0,0.3333333333333333,0.3723628139539202,0.0,0.0,0,0,S1-491839212,S2-58857912,0
0.4444444444444444,0.4444444444444444,0.12,0.12,0.14035087719298245,0.0,0,0,0,0.0,0.2,0.22598083418314013,0.0,0.0,1,0,S1-491839212,S2-968416263,0
0.375,0.375,0.16666666666666666,0.16666666666666666,0.32727272727272727,0.0,0,0,0,0.0,0.25,0.31785280552949685,0.0,0.0,1,0,S1-491839212,S2-551682928,0
0.5217391304347826,0.5217391304347826,0.21428571428571427,0.21428571428571427,0.0,0.0,0,0,0,0.0,0.3333333333333333,0.2896416126870052,0.0,0.0,0,1,S1-491839212,S2-503956565,0
0.5416666666666666,0.5416666666666666,0.14705882352941177,0.14705882352941177,0.2809917355371901,0.3333333333333333,1,1,1,0.0,0.16666666666666666,0.05749728568495061,0.0,0.0,0,0,S1-508823400,S2-640374635,0
0.44,0.44,0.1388888888888889,0.1388888888888889,0.26666666666666666,0.0,0,0,0,0.0,0.16666666666666666,0.04416931554934962,0.0,0.0,0,0,S1-508823400,S2-331585237,0
0.41509433962264153,0.41509433962264153,0.1282051282051282,0.1282051282051282,0.2786885245901639,0.0,0,0,0,0.0,0.16666666666666666,0.05491055366021708,0.0,0.0,0,0,S1-508823400,S2-191282645,0
0.6785714285714286,0.6785714285714286,0.35294117647058826,0.35294117647058826,0.47863247863247865,0.0,0,0,0,0.0,0.3333333333333333,0.09352777133268644,0.15384615384615385,0.15384615384615385,1,0,S1-508823400,S2-261701530,0
0.5714285714285714,0.5714285714285714,0.15217391304347827,0.15217391304347827,0.25688073394495414,0.0,0,0,0,0.0,0.14285714285714285,0.04269918470381942,0.0,0.0,0,0,S1-508823400,S2-520536911,0
0.5106382978723404,0.5106382978723404,0.027777777777777776,0.027777777777777776,0.28205128205128205,0.0,0,0,0,0.0,0.14285714285714285,0.05037197107346576,0.0,0.0,1,0,S1-489691585,S2-709337610,0
0.2916666666666667,0.2916666666666667,0.02631578947368421,0.02631578947368421,0.1686746987951807,0.0,0,0,0,0.0,0.16666666666666666,0.06770434214039583,0.0,0.0,1,0,S1-489691585,S2-443701884,0
0.4444444444444444,0.4444444444444444,0.029411764705882353,0.029411764705882353,0.2619047619047619,0.0,0,0,0,0.0,0.14285714285714285,0.04732584354656803,0.08333333333333333,0.08333333333333334,0,0,S1-489691585,S2-76189258,0
0.36363636363636365,0.36363636363636365,0.029411764705882353,0.029411764705882353,0.2631578947368421,0.0,0,0,0,0.0,0.16666666666666666,0.05875103207981311,0.0,0.0,0,0,S1-489691585,S2-379505774,0
0.2807017543859649,0.2807017543859649,0.05263157894736842,0.05263157894736842,0.41304347826086957,0.0,0,0,0,0.0,0.14285714285714285,0.04287927898562461,0.0,0.0,1,0,S1-489691585,S2-444276474,0
0.4230769230769231,0.4230769230769231,0.13157894736842105,0.13157894736842105,0.22058823529411764,0.0,0,0,0,0.0,0.16666666666666666,0.15862984015725218,0.0,0.0,0,0,S1-948070214,S2-37251549,0
0.5128205128205128,0.5128205128205128,0.19230769230769232,0.19230769230769232,0.21487603305785125,0.0,0,0,0,0.0,0.2,0.16696351770844042,0.0,0.0,0,0,S1-948070214,S2-822732917,0
0.39215686274509803,0.39215686274509803,0.13513513513513514,0.13513513513513514,0.2608695652173913,0.0,0,0,0,0.0,0.16666666666666666,0.16738734660968044,0.0,0.0,0,0,S1-948070214,S2-905528847,0
0.5625,0.5625,0.25,0.25,0.26153846153846155,0.0,0,0,0,0.0,0.25,0.21190595241865495,0.05263157894736842,0.052631578947368404,0,0,S1-948070214,S2-366878307,0
0.39215686274509803,0.39215686274509803,0.13513513513513514,0.13513513513513514,0.22807017543859648,0.0,0,0,0,0.0,0.16666666666666666,0.14944924124822953,0.0,0.0,0,0,S1-948070214,S2-621961918,0
0.43478260869565216,0.43478260869565216,0.05714285714285714,0.05714285714285714,0.4383561643835616,0.0,0,0,0,0.0,0.16666666666666666,0.10212160477304792,0.08333333333333333,0.08333333333333334,0,0,S1-722194164,S2-24569010,0
0.5365853658536586,0.5365853658536586,0.06666666666666667,0.06666666666666667,0.25,0.0,0,0,0,0.0,0.16666666666666666,0.09624560684687257,0.0,0.0,0,0,S1-722194164,S2-926915714,0
0.46153846153846156,0.46153846153846156,0.07142857142857142,0.07142857142857142,0.3611111111111111,0.0,0,0,0,0.0,0.2,0.11408689975982818,0.0,0.0,0,0,S1-722194164,S2-592694791,0
0.30434782608695654,0.30434782608695654,0.06060606060606061,0.06060606060606061,0.36065573770491804,0.0,0,0,0,0.0,0.16666666666666666,0.08057379841387906,0.0,0.0,0,0,S1-722194164,S2-98227356,0
0.3333333333333333,0.3333333333333333,0.05405405405405406,0.05405405405405406,0.24242424242424243,0.0,0,0,0,0.0,0.16666666666666666,0.0893122840948616,0.0,0.0,1,0,S1-722194164,S2-769288315,0
0.509090909090909,0.509090909090909,0.15384615384615385,0.15384615384615385,0.2465753424657534,0.0,0,0,0,0.0,0.14285714285714285,0.05318071590349842,0.0,0.0,0,0,S1-411741340,S2-335692422,0
0.4307692307692308,0.4307692307692308,0.125,0.125,0.2608695652173913,0.0,0,0,0,0.0,0.125,0.05042899542277549,0.0,0.0,0,0,S1-411741340,S2-239194132,0
0.37037037037037035,0.37037037037037035,0.125,0.125,0.28187919463087246,0.0,0,0,0,0.0,0.16666666666666666,0.05597871763681882,0.0,0.0,0,0,S1-411741340,S2-321505289,0
0.5714285714285714,0.5714285714285714,0.18,0.18,0.4444444444444444,0.0,0,0,0,0.0,0.125,0.043599246222192266,0.10526315789473684,0.10526315789473681,0,0,S1-411741340,S2-526495995,0
0.7301587301587301,0.7301587301587301,0.358974358974359,0.358974358974359,0.13740458015267176,0.0,0,0,0,0.0,0.3333333333333333,0.11061374382635923,0.0,0.0,0,0,S1-411741340,S2-490777873,0
0.5660377358490566,0.5660377358490566,0.19444444444444445,0.19444444444444445,0.40816326530612246,0.0,0,0,0,0.0,0.14285714285714285,0.05435640996750112,0.09090909090909091,0.09090909090909088,0,0,S1-984063589,S2-379401013,0
0.38596491228070173,0.38596491228070173,0.11904761904761904,0.11904761904761904,0.2803738317757009,0.0,0,0,0,0.0,0.14285714285714285,0.051041659670200294,0.0,0.0,0,0,S1-984063589,S2-408366868,0
0.6470588235294118,0.6470588235294118,0.35714285714285715,0.35714285714285715,0.4642857142857143,0.0,0,0,0,0.0,0.2857142857142857,0.10982906483470065,0.1111111111111111,0.11111111111111109,0,0,S1-984063589,S2-874468311,0
0.7272727272727273,0.6666666666666666,0.35294117647058826,0.2727272727272727,0.44871794871794873,0.0,0,0,0,0.0,0.4,0.19855354039806167,0.08333333333333333,0.08333333333333331,1,0,S1-984063589,S2-904814484,0
0.4406779661016949,0.4406779661016949,0.11363636363636363,0.11363636363636363,0.18181818181818182,0.0,0,0,0,0.0,0.14285714285714285,0.06313339856654972,0.0,0.0,0,0,S1-984063589,S2-435578029,0
0.3076923076923077,0.3076923076923077,0.019230769230769232,0.019230769230769232,0.21212121212121213,0.0,0,0,0,0.0,0.1111111111111111,0.03298232206513793,0.08333333333333333,0.08333333333333334,0,0,S1-200188182,S2-366922209,0
0.13636363636363635,0.13636363636363635,0.029411764705882353,0.029411764705882353,0.16,0.0,0,0,0,0.0,0.16666666666666666,0.05291841892239748,0.0,0.0,0,0,S1-200188182,S2-891078320,0
0.4067796610169492,0.4067796610169492,0.043478260869565216,0.043478260869565216,0.13114754098360656,0.0,0,0,0,0.0,0.125,0.03712965672486261,0.0,0.0,0,0,S1-200188182,S2-795907054,0
0.32142857142857145,0.32142857142857145,0.022727272727272728,0.022727272727272728,0.2535211267605634,0.0,0,0,0,0.0,0.125,0.07608117127050945,0.0,0.0,0,0,S1-200188182,S2-24740502,0
0.3333333333333333,0.3333333333333333,0.015625,0.015625,0.24,0.0,0,0,0,0.0,0.1,0.03203475658062574,0.0,0.0,0,0,S1-200188182,S2-411849140,0
0.2857142857142857,0.2857142857142857,0.13333333333333333,0.13333333333333333,0.125,0.0,0,0,0,0.0,0.2,0.2691381578810794,0.0,0.0,0,0,S1-419205217,S2-327854822,0
0.23529411764705882,0.23529411764705882,0.10256410256410256,0.10256410256410256,0.12121212121212122,0.0,0,0,0,0.0,0.2,0.25310360646140334,0.0,0.0,1,0,S1-419205217,S2-982004297,0
0.4,0.4,0.1,0.1,0.24561403508771928,0.0,0,0,0,0.0,0.14285714285714285,0.049233031770019024,0.0,0.0,0,0,S1-237535578,S2-759231140,0
0.5714285714285714,0.5714285714285714,0.10416666666666667,0.10416666666666667,0.27956989247311825,0.0,0,0,0,0.0,0.14285714285714285,0.05317110703013022,0.0,0.0,0,0,S1-237535578,S2-50930109,0
0.39344262295081966,0.39344262295081966,0.10638297872340426,0.10638297872340426,0.23333333333333334,0.0,0,0,0,0.0,0.16666666666666666,0.0605070336660999,0.0,0.0,1,0,S1-237535578,S2-347693910,0
0.4358974358974359,0.4358974358974359,0.1,0.1,0.35,0.0,0,0,0,0.0,0.125,0.047862137236211806,0.0,0.0,0,0,S1-237535578,S2-702070746,0
0.6301369863013698,0.6301369863013698,0.22,0.22,0.18181818181818182,0.0,0,0,0,0.0,0.2857142857142857,0.10479289952431498,0.0,0.0,0,0,S1-237535578,S2-386508249,0
0.4126984126984127,0.4126984126984127,0.10638297872340426,0.10638297872340426,0.3076923076923077,0.0,0,0,0,0.0,0.125,0.045018510225939494,0.0,0.0,0,0,S1-16383097,S2-278115032,0
0.7272727272727273,0.7272727272727273,0.3023255813953488,0.3023255813953488,0.26277372262773724,0.0,0,0,0,0.0,0.3333333333333333,0.1104699020587534,0.0,0.0,0,0,S1-16383097,S2-441158784,0
0.43478260869565216,0.43478260869565216,0.11538461538461539,0.11538461538461539,0.11666666666666667,0.0,0,0,0,0.0,0.125,0.04956963940969525,0.0,0.0,0,0,S1-16383097,S2-560951999,0
0.5573770491803278,0.5573770491803278,0.3076923076923077,0.3076923076923077,0.0,0.0,0,0,0,0.0,0.3333333333333333,0.12094444148948029,0.0,0.0,0,1,S1-16383097,S2-258730821,0
0.6363636363636364,0.6363636363636364,0.30952380952380953,0.30952380952380953,0.2535211267605634,0.0,0,0,0,0.0,0.2857142857142857,0.08836477665999556,0.0,0.0,0,0,S1-16383097,S2-16314614,0
0.4528301886792453,0.4528301886792453,0.21621621621621623,0.21621621621621623,0.0,0.0,0,0,0,0.0,0.2,0.20148716437671943,0.0,0.0,0,1,S1-349877360,S2-689329503,0
0.6511627906976745,0.6511627906976745,0.34615384615384615,0.34615384615384615,0.23129251700680273,0.0,0,0,0,0.0,0.2,0.15750062852944277,0.0,0.0,0,0,S1-349877360,S2-807605983,0
0.5652173913043478,0.5652173913043478,0.26666666666666666,0.26666666666666666,0.16541353383458646,0.0,0,0,0,0.0,0.2,0.17995521453452595,0.0,0.0,0,0,S1-349877360,S2-892946995,0
0.6153846153846154,0.6153846153846154,0.3333333333333333,0.3333333333333333,0.16923076923076924,0.0,0,0,0,0.0,0.25,0.17847392453942784,0.0,0.0,0,0,S1-349877360,S2-637005420,0
0.6896551724137931,0.6190476190476191,0.5,0.3076923076923077,0.1935483870967742,0.0,0,0,0,0.0,0.5,0.3272341777147859,0.0,0.0,1,0,S1-349877360,S2-740889258,0
0.5882352941176471,0.5882352941176471,0.22727272727272727,0.22727272727272727,0.31746031746031744,0.0,0,0,0,0.0,0.25,0.21986994277722435,0.0,0.0,0,0,S1-235027629,S2-525175518,0
0.6451612903225806,0.6451612903225806,0.2631578947368421,0.2631578947368421,0.34375,0.0,0,0,0,0.0,0.25,0.2612577040168323,0.0,0.0,0,0,S1-235027629,S2-966126558,0
0.4444444444444444,0.4444444444444444,0.15151515151515152,0.15151515151515152,0.3466666666666667,0.0,0,0,0,0.0,0.25,0.20806368849988408,0.0,0.0,0,0,S1-235027629,S2-993107908,0
0.5365853658536586,0.5365853658536586,0.17857142857142858,0.17857142857142858,0.08108108108108109,0.0,0,0,0,0.0,0.2,0.16564770115531566,0.0,0.0,0,0,S1-235027629,S2-528542733,0
0.5555555555555556,0.5555555555555556,0.20833333333333334,0.20833333333333334,0.29508196721311475,0.0,0,0,0,0.0,0.25,0.17859412183151738,0.0,0.0,0,0,S1-235027629,S2-940005694,0
0.25,0.25,0.05555555555555555,0.05555555555555555,0.17391304347826086,0.0,0,0,0,0.0,0.16666666666666666,0.049951077116521886,0.0,0.0,0,0,S1-546553221,S2-209320719,0
0.36619718309859156,0.36619718309859156,0.017857142857142856,0.017857142857142856,0.0,0.0,0,0,0,0.0,0.1111111111111111,0.045814831496100536,0.0,0.0,0,1,S1-546553221,S2-305829019,0
0.36,0.36,0.02631578947368421,0.02631578947368421,0.1875,0.0,0,0,0,0.0,0.14285714285714285,0.04411613238633179,0.0,0.0,0,0,S1-546553221,S2-343501791,0
0.2962962962962963,0.2962962962962963,0.023809523809523808,0.023809523809523808,0.3333333333333333,0.0,0,0,0,0.0,0.14285714285714285,0.04865050003119574,0.0,0.0,0,0,S1-546553221,S2-802775739,0
0.45454545454545453,0.45454545454545453,0.030303030303030304,0.030303030303030304,0.0,0.0,0,0,0,0.0,0.16666666666666666,0.04965916250665341,0.0,0.0,0,1,S1-546553221,S2-71777139,0
0.6285714285714286,0.6285714285714286,0.2857142857142857,0.2857142857142857,0.128,0.0,0,0,0,0.0,0.2,0.12942519757939377,0.0,0.0,0,0,S1-473031691,S2-284389076,0
0.46511627906976744,0.46511627906976744,0.1724137931034483,0.1724137931034483,0.2708333333333333,0.0,0,0,0,0.0,0.16666666666666666,0.11720882613489254,0.0,0.0,0,0,S1-473031691,S2-419492386,0
0.47619047619047616,0.47619047619047616,0.1724137931034483,0.1724137931034483,0.3013698630136986,0.0,0,0,0,0.0,0.2,0.126499430193188,0.0,0.0,0,0,S1-473031691,S2-358665602,0
0.43902439024390244,0.43902439024390244,0.17857142857142858,0.17857142857142858,0.18181818181818182,0.0,0,0,0,0.0,0.2,0.13647653776255617,0.0,0.0,0,0,S1-473031691,S2-535371149,0
0.6111111111111112,0.6111111111111112,0.21739130434782608,0.21739130434782608,0.20915032679738563,0.0,0,0,0,0.0,0.2,0.11816769848449381,0.0,0.0,0,0,S1-473031691,S2-190376125,0
0.4230769230769231,0.4230769230769231,0.047619047619047616,0.047619047619047616,0.2647058823529412,0.0,0,0,0,0.0,0.2,0.1293600466086198,0.1,0.10000000000000002,0,0,S1-424648001,S2-235816582,0
0.4489795918367347,0.4489795918367347,0.05128205128205128,0.05128205128205128,0.25806451612903225,0.0,0,0,0,0.0,0.2,0.116973236626643,0.0,0.0,1,0,S1-424648001,S2-828819520,0
0.32142857142857145,0.32142857142857145,0.06818181818181818,0.06818181818181818,0.24615384615384617,0.0,0,0,0,0.0,0.16666666666666666,0.11996632182426745,0.0,0.0,0,0,S1-424648001,S2-144370074,0
0.3829787234042553,0.3829787234042553,0.08333333333333333,0.08333333333333333,0.13793103448275862,0.0,0,0,0,0.0,0.2,0.15754376470255152,0.0,0.0,0,0,S1-424648001,S2-780131339,0
0.4444444444444444,0.4444444444444444,0.12121212121212122,0.12121212121212122,0.3582089552238806,0.0,0,0,0,0.0,0.2,0.12304191723975168,0.1111111111111111,0.11111111111111113,0,0,S1-424648001,S2-474327813,0
0.42424242424242425,0.42424242424242425,0.043478260869565216,0.043478260869565216,0.23728813559322035,0.0,0,0,0,0.0,0.16666666666666666,0.08196199259508863,0.0,0.0,0,0,S1-496945280,S2-484838771,0
0.4827586206896552,0.4827586206896552,0.10526315789473684,0.10526315789473684,0.3706896551724138,0.0,0,0,0,0.0,0.2,0.09833179212941,0.05555555555555555,0.05555555555555553,0,0,S1-496945280,S2-227189733,0
0.4,0.4,0.058823529411764705,0.058823529411764705,0.12290502793296089,0.0,0,0,0,0.0,0.16666666666666666,0.09213766865693336,0.07142857142857142,0.0714285714285714,0,0,S1-496945280,S2-569901340,0
0.42105263157894735,0.42105263157894735,0.043478260869565216,0.043478260869565216,0.25882352941176473,0.0,0,0,0,0.0,0.2,0.10330282581571372,0.037037037037037035,0.03703703703703702,0,0,S1-496945280,S2-591193857,0
0.37037037037037035,0.37037037037037035,0.05555555555555555,0.05555555555555555,0.2617801047120419,0.0,0,0,0,0.0,0.2,0.08906763434483492,0.0,0.0,0,0,S1-496945280,S2-56309474,0
0.4444444444444444,0.4444444444444444,0.041666666666666664,0.041666666666666664,0.3448275862068966,0.0,0,0,0,0.0,0.1111111111111111,0.054156439304516336,0.09090909090909091,0.09090909090909093,1,0,S1-144429105,S2-725419484,0
0.37333333333333335,0.37333333333333335,0.016666666666666666,0.016666666666666666,0.16393442622950818,0.0,0,0,0,0.0,0.1,0.055669886088726535,0.0,0.0,0,0,S1-144429105,S2-273673165,0
0.2909090909090909,0.2909090909090909,0.023809523809523808,0.023809523809523808,0.26229508196721313,0.0,0,0,0,0.0,0.125,0.0660806357017813,0.0,0.0,0,0,S1-144429105,S2-976148413,0
0.2647058823529412,0.2647058823529412,0.018867924528301886,0.018867924528301886,0.3548387096774194,0.0,0,0,0,0.0,0.1,0.056573356780528036,0.0,0.0,0,0,S1-144429105,S2-415650310,0
0.3103448275862069,0.3103448275862069,0.022222222222222223,0.022222222222222223,0.2857142857142857,0.0,0,0,0,0.0,0.125,0.06680126092510758,0.0,0.0,0,0,S1-144429105,S2-427260671,0
0.5641025641025641,0.5641025641025641,0.06666666666666667,0.06666666666666667,0.2807017543859649,0.0,0,0,0,0.0,0.25,0.06513020449658166,0.0,0.0,0,0,S1-291230458,S2-372652350,0
0.5106382978723404,0.5106382978723404,0.05555555555555555,0.05555555555555555,0.17391304347826086,0.0,0,0,0,0.0,0.16666666666666666,0.04554769634954809,0.0,0.0,0,0,S1-291230458,S2-263666800,0
0.35714285714285715,0.35714285714285715,0.022727272727272728,0.022727272727272728,0.1,0.0,0,0,0,0.0,0.14285714285714285,0.04020756931332637,0.0,0.0,1,0,S1-291230458,S2-141172698,0
0.391304347826087,0.391304347826087,0.05714285714285714,0.05714285714285714,0.0,0.0,0,0,0,0.0,0.16666666666666666,0.04640620920578584,0.0,0.0,0,1,S1-291230458,S2-303342988,0
0.43243243243243246,0.43243243243243246,0.03571428571428571,0.03571428571428571,0.34615384615384615,0.0,0,0,0,0.0,0.2,0.055230988933509785,0.0,0.0,0,0,S1-291230458,S2-799291838,0
0.3673469387755102,0.3673469387755102,0.02564102564102564,0.02564102564102564,0.1978021978021978,0.0,0,0,0,0.0,0.16666666666666666,0.05863993644579638,0.0,0.0,0,0,S1-942010454,S2-216568703,0
0.391304347826087,0.391304347826087,0.027777777777777776,0.027777777777777776,0.2247191011235955,0.0,0,0,0,0.0,0.16666666666666666,0.05502143508041853,0.0,0.0,1,0,S1-942010454,S2-446530625,0
0.3157894736842105,0.3157894736842105,0.021739130434782608,0.021739130434782608,0.3218390804597701,0.0,0,0,0,0.0,0.14285714285714285,0.03805041035452786,0.0,0.0,0,0,S1-942010454,S2-340489094,0
0.5,0.5,0.12195121951219512,0.12195121951219512,0.18604651162790697,0.0,0,0,0,0.0,0.14285714285714285,0.04719090619255867,0.0,0.0,0,0,S1-942010454,S2-690135892,0
0.41379310344827586,0.41379310344827586,0.025,0.025,0.1875,0.0,0,0,0,0.0,0.16666666666666666,0.049674196021445106,0.0,0.0,0,0,S1-942010454,S2-377641113,0
0.18604651162790697,0.18604651162790697,0.06451612903225806,0.06451612903225806,0.3235294117647059,0.0,0,0,0,0.0,0.14285714285714285,0.10013358709041512,0.0,0.0,0,0,S1-434606158,S2-806171685,0
0.46808510638297873,0.46808510638297873,0.058823529411764705,0.058823529411764705,0.31746031746031744,0.0,0,0,0,0.0,0.125,0.10822755886658653,0.0,0.0,0,0,S1-434606158,S2-31639686,0
0.3728813559322034,0.3728813559322034,0.044444444444444446,0.044444444444444446,0.0,0.0,0,0,0,0.0,0.125,0.08263838766167689,0.0,0.0,0,1,S1-434606158,S2-745810793,0
0.36065573770491804,0.36065573770491804,0.044444444444444446,0.044444444444444446,0.36666666666666664,0.0,0,0,0,0.0,0.1111111111111111,0.07197792534351605,0.0,0.0,0,0,S1-434606158,S2-196501023,0
0.4642857142857143,0.4642857142857143,0.07317073170731707,0.07317073170731707,0.40540540540540543,0.0,0,0,0,0.0,0.25,0.17434743719340187,0.1,0.10000000000000002,0,0,S1-434606158,S2-802260852,0
0.3673469387755102,0.3673469387755102,0.05405405405405406,0.05405405405405406,0.45161290322580644,0.0,0,0,0,0.0,0.14285714285714285,0.04419276551618276,0.0,0.0,0,0,S1-361942672,S2-201968637,0
0.4,0.4,0.05128205128205128,0.05128205128205128,0.3076923076923077,0.0,0,0,0,0.0,0.16666666666666666,0.049483399263551636,0.0,0.0,0,0,S1-361942672,S2-7951292,0
0.4074074074074074,0.4074074074074074,0.047619047619047616,0.047619047619047616,0.07692307692307693,0.0,0,0,0,0.0,0.14285714285714285,0.04414871312593544,0.0,0.0,0,0,S1-361942672,S2-894862123,0
0.25,0.25,0.0392156862745098,0.0392156862745098,0.2571428571428571,0.0,0,0,0,0.0,0.125,0.04493950863710647,0.0,0.0,0,0,S1-361942672,S2-305775719,0
0.34782608695652173,0.34782608695652173,0.027777777777777776,0.027777777777777776,0.3076923076923077,0.0,0,0,0,0.0,0.16666666666666666,0.05072527290882794,0.0,0.0,0,0,S1-361942672,S2-559982541,0
0.5185185185185185,0.5185185185185185,0.023255813953488372,0.023255813953488372,0.2318840579710145,0.0,0,0,0,0.0,0.14285714285714285,0.0512203740931109,0.0,0.0,0,0,S1-622623094,S2-570260257,0
0.24489795918367346,0.24489795918367346,0.02564102564102564,0.02564102564102564,0.39436619718309857,0.0,0,0,0,0.0,0.16666666666666666,0.05276309937768782,0.09090909090909091,0.09090909090909093,0,0,S1-622623094,S2-620103842,0
0.3793103448275862,0.3793103448275862,0.09090909090909091,0.09090909090909091,0.2413793103448276,0.0,0,0,0,0.0,0.14285714285714285,0.050876580825210405,0.0,0.0,0,0,S1-622623094,S2-281167505,0
0.26229508196721313,0.26229508196721313,0.02,0.02,0.3125,0.0,0,0,0,0.0,0.14285714285714285,0.046568789486227634,0.0,0.0,1,0,S1-622623094,S2-546567175,0
0.32,0.32,0.025,0.025,0.3448275862068966,0.0,0,0,0,0.0,0.16666666666666666,0.054871532383850584,0.0,0.0,0,0,S1-622623094,S2-593842806,0
0.38095238095238093,0.38095238095238093,0.03125,0.03125,0.3548387096774194,0.0,0,0,0,0.0,0.2,0.0730750214229945,0.1111111111111111,0.11111111111111113,0,0,S1-509369968,S2-466835209,0
0.49056603773584906,0.49056603773584906,0.075,0.075,0.24242424242424243,0.0,0,0,0,0.0,0.16666666666666666,0.05959414621498957,0.0,0.0,0,0,S1-509369968,S2-690677343,0
0.35555555555555557,0.35555555555555557,0.02857142857142857,0.02857142857142857,0.3235294117647059,0.0,0,0,0,0.0,0.2,0.0812955622916687,0.0,0.0,0,0,S1-509369968,S2-783862779,0
0.358974358974359,0.358974358974359,0.034482758620689655,0.034482758620689655,0.23728813559322035,0.0,0,0,0,0.0,0.2,0.0779527232294036,0.0,0.0,0,0,S1-509369968,S2-971924,0
0.23809523809523808,0.23809523809523808,0.03225806451612903,0.03225806451612903,0.3333333333333333,0.0,0,0,0,0.0,0.16666666666666666,0.06626825962537154,0.0,0.0,0,0,S1-509369968,S2-987023108,0
0.45,0.45,0.03225806451612903,0.03225806451612903,0.20689655172413793,0.0,0,0,0,0.0,0.2,0.0703198039717242,0.0,0.0,0,0,S1-162868364,S2-10990833,0
0.375,0.375,0.02631578947368421,0.02631578947368421,0.35294117647058826,0.0,0,0,0,0.0,0.16666666666666666,0.07489954259822072,0.0,0.0,1,0,S1-162868364,S2-428831891,0
0.47368421052631576,0.47368421052631576,0.1111111111111111,0.1111111111111111,0.45901639344262296,0.0,0,0,0,0.0,0.2,0.07265298847486702,0.1,0.10000000000000002,0,0,S1-162868364,S2-465992679,0
0.42857142857142855,0.42857142857142855,0.05,0.05,0.22641509433962265,0.0,0,0,0,0.0,0.25,0.08090778539990025,0.0,0.0,0,0,S1-162868364,S2-707388820,0
0.35294117647058826,0.35294117647058826,0.045454545454545456,0.045454545454545456,0.19607843137254902,0.0,0,0,0,0.0,0.25,0.0924217106949643,0.0,0.0,0,0,S1-162868364,S2-1411324,0
0.2978723404255319,0.2978723404255319,0.08823529411764706,0.08823529411764706,0.49411764705882355,0.0,0,0,0,0.0,0.14285714285714285,0.14639175391141837,0.16666666666666666,0.16666666666666669,0,0,S1-756184526,S2-443178543,0
0.75,0.75,0.42857142857142855,0.42857142857142855,0.25396825396825395,0.0,0,0,0,0.0,0.6,0.4992176992424614,0.0,0.0,0,0,S1-756184526,S2-545093932,0
0.5416666666666666,0.5416666666666666,0.02702702702702703,0.02702702702702703,0.2682926829268293,0.0,0,0,0,0.0,0.14285714285714285,0.07457456063268017,0.0,0.0,0,0,S1-756184526,S2-951706003,0
0.2857142857142857,0.2857142857142857,0.022727272727272728,0.022727272727272728,0.3333333333333333,0.0,0,0,0,0.0,0.125,0.04845580028672672,0.0,0.0,0,0,S1-756184526,S2-908962117,0
0.5142857142857142,0.5142857142857142,0.08333333333333333,0.08333333333333333,0.2926829268292683,0.0,0,0,0,0.0,0.16666666666666666,0.06923254868328899,0.0,0.0,1,0,S1-756184526,S2-545026531,0
0.5263157894736842,0.5263157894736842,0.24,0.24,0.25396825396825395,0.0,0,0,0,0.0,0.25,0.2926153054984645,0.0,0.0,0,0,S1-505907550,S2-497683641,0
0.4444444444444444,0.4444444444444444,0.15789473684210525,0.15789473684210525,0.3235294117647059,0.0,0,0,0,0.0,0.16666666666666666,0.157636636724437,0.0,0.0,0,0,S1-505907550,S2-58438228,0
0.47368421052631576,0.47368421052631576,0.24,0.24,0.22580645161290322,0.0,0,0,0,0.0,0.25,0.2538521903194694,0.0,0.0,0,0,S1-505907550,S2-17648668,0
0.5333333333333333,0.5333333333333333,0.1935483870967742,0.1935483870967742,0.29850746268656714,0.0,0,0,0,0.0,0.2,0.2018839547729113,0.0,0.0,0,0,S1-505907550,S2-218554948,0
0.47058823529411764,0.47058823529411764,0.16216216216216217,0.16216216216216217,0.35294117647058826,0.0,0,0,0,0.0,0.2,0.23102947346637578,0.0,0.0,0,0,S1-505907550,S2-671396424,0
0.48484848484848486,0.48484848484848486,0.17391304347826086,0.17391304347826086,0.19047619047619047,0.0,0,0,0,0.0,0.125,0.09716624787421006,0.0,0.0,1,0,S1-369544943,S2-588004289,0
0.49122807017543857,0.49122807017543857,0.20512820512820512,0.20512820512820512,0.32786885245901637,0.0,0,0,0,0.0,0.14285714285714285,0.07838199719381493,0.1,0.10000000000000002,0,0,S1-369544943,S2-223094290,0
0.4857142857142857,0.4857142857142857,0.1702127659574468,0.1702127659574468,0.0,0.0,0,0,0,0.0,0.14285714285714285,0.10921329033228792,0.0,0.0,0,1,S1-369544943,S2-966569344,0
0.4117647058823529,0.4117647058823529,0.16666666666666666,0.16666666666666666,0.3050847457627119,0.0,0,0,0,0.0,0.125,0.09828026481174702,0.0,0.0,0,0,S1-369544943,S2-431990505,0
0.5531914893617021,0.5531914893617021,0.25806451612903225,0.25806451612903225,0.2641509433962264,0.0,0,0,0,0.0,0.2,0.16979234906342483,0.0,0.0,0,0,S1-369544943,S2-963593928,0
0.3389830508474576,0.3389830508474576,0.11904761904761904,0.11904761904761904,0.0,0.0,0,0,0,0.0,0.14285714285714285,0.13554204158150351,0.0,0.0,0,1,S1-621607897,S2-926396350,0
0.5128205128205128,0.5128205128205128,0.24,0.24,0.24,0.0,0,0,0,0.0,0.25,0.13989720238851208,0.0,0.0,0,0,S1-621607897,S2-487011346,0
0.45901639344262296,0.45901639344262296,0.16216216216216217,0.16216216216216217,0.17475728155339806,0.0,0,0,0,0.0,0.16666666666666666,0.08932399912847455,0.0,0.0,0,0,S1-621607897,S2-957748528,0
0.26229508196721313,0.26229508196721313,0.13636363636363635,0.13636363636363635,0.2828282828282828,0.0,0,0,0,0.0,0.14285714285714285,0.07290429703417743,0.0,0.0,0,0,S1-621607897,S2-625054480,0
0.631578947368421,0.631578947368421,0.30434782608695654,0.30434782608695654,0.0,0.0,0,0,0,0.0,0.25,0.1156872980053255,0.0,0.0,0,1,S1-621607897,S2-81870778,0
0.49122807017543857,0.49122807017543857,0.23076923076923078,0.23076923076923078,0.32432432432432434,0.0,0,0,0,0.0,0.16666666666666666,0.18626655158775457,0.058823529411764705,0.0588235294117647,1,0,S1-366418998,S2-167572212,0
0.8,0.8,0.45,0.45,0.21666666666666667,0.0,0,0,0,0.0,0.3333333333333333,0.25410712443484423,0.0,0.0,0,0,S1-366418998,S2-702483271,0
0.717948717948718,0.717948717948718,0.375,0.375,0.2975206611570248,0.0,0,0,0,0.0,0.3333333333333333,0.215904789993918,0.0,0.0,0,0,S1-366418998,S2-205821610,0
0.5652173913043478,0.5652173913043478,0.1875,0.1875,0.3458646616541353,0.0,0,0,0,0.0,0.2,0.32887212567245994,0.0,0.0,0,0,S1-366418998,S2-431192649,0
0.3548387096774194,0.3548387096774194,0.2619047619047619,0.2619047619047619,0.25225225225225223,0.0,0,0,0,0.0,0.16666666666666666,0.17406026202586353,0.0,0.0,0,0,S1-366418998,S2-457642891,0
0.3181818181818182,0.3181818181818182,0.16129032258064516,0.16129032258064516,0.24691358024691357,0.0,0,0,0,0.0,0.2,0.32401748361115934,0.0,0.0,0,0,S1-766331481,S2-770140109,0
0.45161290322580644,0.45161290322580644,0.2,0.2,0.18518518518518517,0.0,0,0,0,0.0,0.25,0.35243911829097435,0.0,0.0,0,0,S1-766331481,S2-2948149,0
0.5142857142857142,0.5142857142857142,0.21739130434782608,0.21739130434782608,0.4642857142857143,0.0,0,0,0,0.0,0.25,0.27603851427263343,0.0,0.0,0,0,S1-766331481,S2-160381723,0
0.5853658536585366,0.5853658536585366,0.17857142857142858,0.17857142857142858,0.2727272727272727,0.0,0,0,0,0.0,0.2,0.2571307857328476,0.0,0.0,0,0,S1-766331481,S2-766644907,0
0.4888888888888889,0.4888888888888889,0.15625,0.15625,0.3548387096774194,0.0,0,0,0,0.0,0.2,0.25149763251951657,0.0,0.0,0,0,S1-766331481,S2-531951088,0
0.6268656716417911,0.6268656716417911,0.2727272727272727,0.2727272727272727,0.09836065573770492,0.0,0,0,0,0.0,0.2857142857142857,0.10051486002537395,0.0,0.0,0,0,S1-847187523,S2-252156394,0
0.41509433962264153,0.41509433962264153,0.13157894736842105,0.13157894736842105,0.2112676056338028,0.0,0,0,0,0.0,0.14285714285714285,0.05225157641614517,0.0,0.0,0,0,S1-847187523,S2-673979567,0
0.5454545454545454,0.5454545454545454,0.2857142857142857,0.2857142857142857,0.26865671641791045,0.0,0,0,0,0.0,0.25,0.09818653085232465,0.09523809523809523,0.09523809523809522,0,0,S1-847187523,S2-458525684,0
0.5405405405405406,0.5405405405405406,0.17307692307692307,0.17307692307692307,0.3,0.0,0,0,0,0.0,0.1,0.041544848184904275,0.045454545454545456,0.04545454545454544,0,0,S1-847187523,S2-420936026,0
0.5569620253164557,0.5569620253164557,0.21818181818181817,0.21818181818181817,0.42424242424242425,0.16666666666666666,1,1,1,0.0,0.25,0.09828818229869553,0.11538461538461539,0.11538461538461536,0,0,S1-847187523,S2-77107800,0
0.44,0.44,0.02564102564102564,0.02564102564102564,0.3262411347517731,0.0,0,0,0,0.0,0.14285714285714285,0.06090843698003096,0.05,0.04999999999999999,0,0,S1-607621688,S2-938054832,0
0.6341463414634146,0.6341463414634146,0.19230769230769232,0.19230769230769232,0.2978723404255319,0.0,0,0,0,0.0,0.3333333333333333,0.13695444550806143,0.047619047619047616,0.04761904761904761,0,0,S1-607621688,S2-869000123,0
0.48484848484848486,0.48484848484848486,0.043478260869565216,0.043478260869565216,0.32,0.0,0,0,0,0.0,0.16666666666666666,0.059208939466996194,0.08333333333333333,0.08333333333333331,1,0,S1-607621688,S2-356613819,0
0.47058823529411764,0.47058823529411764,0.02564102564102564,0.02564102564102564,0.3597122302158273,0.0,0,0,0,0.0,0.125,0.05142218900530739,0.047619047619047616,0.04761904761904761,0,0,S1-607621688,S2-446039848,0
0.5909090909090909,0.5909090909090909,0.030303030303030304,0.030303030303030304,0.3712574850299401,0.0,0,0,0,0.0,0.14285714285714285,0.056644845931154146,0.041666666666666664,0.04166666666666666,0,0,S1-607621688,S2-640940637,0
0.6875,0.6875,0.3,0.3,0.2222222222222222,0.0,0,0,0,0.0,0.25,0.08567838300108813,0.0,0.0,1,0,S1-402366232,S2-972219702,0
0.5882352941176471,0.5882352941176471,0.3333333333333333,0.3333333333333333,0.17142857142857143,0.0,0,0,0,0.0,0.2857142857142857,0.08732665172594936,0.0,0.0,0,0,S1-402366232,S2-808051542,0
0.6181818181818182,0.6181818181818182,0.15789473684210525,0.15789473684210525,0.34375,0.0,0,0,0,0.0,0.125,0.04141395906420252,0.05555555555555555,0.055555555555555546,0,0,S1-402366232,S2-334719343,0
0.4166666666666667,0.4166666666666667,0.15151515151515152,0.15151515151515152,0.27631578947368424,0.0,0,0,0,0.0,0.14285714285714285,0.053209779155490716,0.05,0.04999999999999999,1,0,S1-402366232,S2-928483387,0
0.5757575757575758,0.5757575757575758,0.2857142857142857,0.2857142857142857,0.16923076923076924,0.0,0,0,0,0.0,0.25,0.09189342273322124,0.0,0.0,0,0,S1-402366232,S2-574216519,0
0.32558139534883723,0.32558139534883723,0.030303030303030304,0.030303030303030304,0.2909090909090909,0.0,0,0,0,0.0,0.16666666666666666,0.06266552240389725,0.0,0.0,0,0,S1-448606757,S2-511177805,0
0.4583333333333333,0.4583333333333333,0.02631578947368421,0.02631578947368421,0.18518518518518517,0.0,0,0,0,0.0,0.16666666666666666,0.05893923079662444,0.0,0.0,0,0,S1-448606757,S2-559659257,0
0.5846153846153846,0.5846153846153846,0.1956521739130435,0.1956521739130435,0.1839080459770115,0.0,0,0,0,0.0,0.14285714285714285,0.17930726567624836,0.0,0.0,0,0,S1-448606757,S2-644606151,0
0.4262295081967213,0.4262295081967213,0.04081632653061224,0.04081632653061224,0.2608695652173913,0.0,0,0,0,0.0,0.14285714285714285,0.06104167616765744,0.0,0.0,0,0,S1-448606757,S2-560630594,0
0.417910447761194,0.417910447761194,0.09803921568627451,0.09803921568627451,0.28169014084507044,0.0,0,0,0,0.0,0.125,0.1260117179979123,0.0,0.0,0,0,S1-448606757,S2-228515145,0
0.43636363636363634,0.43636363636363634,0.15384615384615385,0.15384615384615385,0.24074074074074073,0.0,0,0,0,0.0,0.14285714285714285,0.052961673745773444,0.0,0.0,0,0,S1-912855728,S2-840637471,0
0.48148148148148145,0.48148148148148145,0.15789473684210525,0.15789473684210525,0.36942675159235666,0.0,0,0,0,0.0,0.14285714285714285,0.04364743756727259,0.047619047619047616,0.04761904761904761,0,0,S1-912855728,S2-601720783,0
0.42857142857142855,0.42857142857142855,0.15,0.15,0.16666666666666666,0.0,0,0,0,0.0,0.14285714285714285,0.0439387769762505,0.0,0.0,0,0,S1-912855728,S2-105645585,0
0.3611111111111111,0.3611111111111111,0.11320754716981132,0.11320754716981132,0.4230769230769231,0.0,0,0,0,0.0,0.1111111111111111,0.040748587697109935,0.15384615384615385,0.15384615384615385,0,0,S1-912855728,S2-374460637,0
0.4482758620689655,0.4482758620689655,0.17073170731707318,0.17073170731707318,0.10714285714285714,0.0,0,0,0,0.0,0.14285714285714285,0.047951564085408876,0.0,0.0,0,0,S1-912855728,S2-460058923,0
0.6,0.6,0.13513513513513514,0.13513513513513514,0.19718309859154928,0.0,0,0,0,0.0,0.2,0.16239529031426822,0.0,0.0,0,0,S1-949657622,S2-935759438,0
0.4897959183673469,0.4897959183673469,0.14285714285714285,0.14285714285714285,0.17647058823529413,0.0,0,0,0,0.0,0.16666666666666666,0.14199139898476995,0.0,0.0,0,0,S1-949657622,S2-370818886,0
0.4888888888888889,0.4888888888888889,0.15625,0.15625,0.19718309859154928,0.0,0,0,0,0.0,0.2,0.1446777266111511,0.0,0.0,0,0,S1-949657622,S2-333532534,0
0.47058823529411764,0.47058823529411764,0.2826086956521739,0.2826086956521739,0.24817518248175183,0.0,0,0,0,0.0,0.16666666666666666,0.10912327254342281,0.0,0.0,0,0,S1-949657622,S2-50747688,0
0.5797101449275363,0.5797101449275363,0.2,0.2,0.1592920353982301,0.0,0,0,0,0.0,0.14285714285714285,0.08677644722982446,0.0,0.0,0,0,S1-949657622,S2-809386295,0
0.6923076923076923,0.6923076923076923,0.4,0.4,0.15254237288135594,0.0,0,0,0,0.0,0.3333333333333333,0.10025639945047753,0.0,0.0,0,0,S1-185701127,S2-679638927,0
0.21212121212121213,0.21212121212121213,0.1,0.1,0.3511450381679389,0.0,0,0,0,0.0,0.14285714285714285,0.047308178785290055,0.0,0.0,0,0,S1-185701127,S2-827132162,0
0.42105263157894735,0.42105263157894735,0.11627906976744186,0.11627906976744186,0.2542372881355932,0.0,0,0,0,0.0,0.16666666666666666,0.04937710143038492,0.0,0.0,0,0,S1-185701127,S2-90531864,0
0.6774193548387096,0.6774193548387096,0.3076923076923077,0.3076923076923077,0.33093525179856115,0.0,0,0,0,0.0,0.2857142857142857,0.09139311898144824,0.05,0.04999999999999999,1,0,S1-185701127,S2-149188745,0
0.5384615384615384,0.5384615384615384,0.16666666666666666,0.16666666666666666,0.2802547770700637,0.0,0,0,0,0.0,0.14285714285714285,0.04972984250172641,0.0,0.0,0,0,S1-185701127,S2-515051949,0
0.3404255319148936,0.3404255319148936,0.027777777777777776,0.027777777777777776,0.07920792079207921,0.0,0,0,0,0.0,0.14285714285714285,0.047720510092386204,0.0,0.0,0,0,S1-620903013,S2-809240735,0
0.16666666666666666,0.16666666666666666,0.038461538461538464,0.038461538461538464,0.3764705882352941,0.0,0,0,0,0.0,0.16666666666666666,0.06701157936685931,0.041666666666666664,0.04166666666666666,0,0,S1-620903013,S2-647818663,0
0.4090909090909091,0.4090909090909091,0.03125,0.03125,0.10101010101010101,0.0,0,0,0,0.0,0.125,0.048068264104177034,0.0,0.0,0,0,S1-620903013,S2-793590849,0
0.5,0.5,0.02702702702702703,0.02702702702702703,0.22857142857142856,0.0,0,0,0,0.0,0.14285714285714285,0.07004859064479126,0.0,0.0,0,0,S1-620903013,S2-614419131,0
0.5,0.5,0.18181818181818182,0.18181818181818182,0.21052631578947367,0.0,0,0,0,0.0,0.3333333333333333,0.13389142506007562,0.0,0.0,0,0,S1-620903013,S2-131052563,0
0.41025641025641024,0.41025641025641024,0.2,0.2,0.16666666666666666,0.0,0,0,0,0.0,0.2,0.1311514178266733,0.0,0.0,0,0,S1-132546739,S2-134982374,0
0.48484848484848486,0.48484848484848486,0.23809523809523808,0.23809523809523808,0.3829787234042553,0.0,0,0,0,0.0,0.25,0.2217783882157439,0.1111111111111111,0.11111111111111113,0,0,S1-132546739,S2-652160731,0
0.6206896551724138,0.6206896551724138,0.29411764705882354,0.29411764705882354,0.39285714285714285,0.0,0,0,0,0.0,0.25,0.22880230987764832,0.0,0.0,0,0,S1-132546739,S2-874418557,0
0.4186046511627907,0.4186046511627907,0.16666666666666666,0.16666666666666666,0.24390243902439024,0.0,0,0,0,0.0,0.2,0.19258510912605653,0.0,0.0,0,0,S1-132546739,S2-393613738,0
0.41025641025641024,0.41025641025641024,0.19230769230769232,0.19230769230769232,0.5423728813559322,0.0,0,0,0,0.0,0.2,0.19881779079585227,0.1,0.10000000000000002,0,0,S1-132546739,S2-321373584,0
0.4878048780487805,0.4878048780487805,0.03225806451612903,0.03225806451612903,0.2711864406779661,0.0,0,0,0,0.0,0.16666666666666666,0.04511309728737175,0.0,0.0,0,0,S1-819531198,S2-534215438,0
0.3333333333333333,0.3333333333333333,0.03125,0.03125,0.34782608695652173,0.0,0,0,0,0.0,0.16666666666666666,0.04818660923824946,0.14285714285714285,0.14285714285714288,0,0,S1-819531198,S2-607166133,0
0.125,0.125,0.02702702702702703,0.02702702702702703,0.27586206896551724,0.0,0,0,0,0.0,0.14285714285714285,0.042945744102872004,0.0,0.0,0,0,S1-819531198,S2-347137998,0
0.32653061224489793,0.32653061224489793,0.02564102564102564,0.02564102564102564,0.3076923076923077,0.0,0,0,0,0.0,0.16666666666666666,0.05761328955936475,0.0,0.0,0,0,S1-819531198,S2-895791781,0
0.3902439024390244,0.3902439024390244,0.03333333333333333,0.03333333333333333,0.0,0.0,0,0,0,0.0,0.16666666666666666,0.049596754174344324,0.0,0.0,0,1,S1-819531198,S2-496237718,0
0.7719298245614035,0.7719298245614035,0.34285714285714286,0.34285714285714286,0.2571428571428571,0.0,0,0,0,0.0,0.3333333333333333,0.11000917812585237,0.045454545454545456,0.04545454545454544,1,0,S1-87702457,S2-582917614,0
0.4,0.4,0.1111111111111111,0.1111111111111111,0.26582278481012656,0.0,0,0,0,0.0,0.14285714285714285,0.04178284515283036,0.0,0.0,0,0,S1-87702457,S2-441944200,0
0.6440677966101694,0.6440677966101694,0.32432432432432434,0.32432432432432434,0.17518248175182483,0.0,0,0,0,0.0,0.3333333333333333,0.12203115827383794,0.0,0.0,0,0,S1-87702457,S2-121787294,0
0.46808510638297873,0.46808510638297873,0.15151515151515152,0.15151515151515152,0.12698412698412698,0.0,0,0,0,0.0,0.16666666666666666,0.06024788698492333,0.0,0.0,0,0,S1-87702457,S2-848402258,0
0.4,0.4,0.20689655172413793,0.20689655172413793,0.17687074829931973,0.0,0,0,0,0.0,0.16666666666666666,0.11782645082385937,0.0,0.0,0,0,S1-87702457,S2-618523911,0
0.6376811594202898,0.6376811594202898,0.2826086956521739,0.2826086956521739,0.20408163265306123,0.0,0,0,0,0.0,0.3333333333333333,0.12317869530381911,0.0,0.0,0,0,S1-424174916,S2-441965851,0
0.631578947368421,0.631578947368421,0.34285714285714286,0.34285714285714286,0.2097902097902098,0.0,0,0,0,0.0,0.3333333333333333,0.1581395487016935,0.0,0.0,0,0,S1-424174916,S2-978457497,0
0.3728813559322034,0.3728813559322034,0.15789473684210525,0.15789473684210525,0.35036496350364965,0.0,0,0,0,0.0,0.16666666666666666,0.06304019953363386,0.1,0.09999999999999998,0,0,S1-424174916,S2-321892045,0
0.5866666666666667,0.5866666666666667,0.21153846153846154,0.21153846153846154,0.03669724770642202,0.0,0,0,0,0.0,0.125,0.04601940007500278,0.0,0.0,0,0,S1-424174916,S2-720446678,0
0.49122807017543857,0.49122807017543857,0.11627906976744186,0.11627906976744186,0.3364485981308411,0.0,0,0,0,0.0,0.16666666666666666,0.05512862724152957,0.0,0.0,0,0,S1-424174916,S2-74492939,0
0.5789473684210527,0.5789473684210527,0.24,0.24,0.18181818181818182,0.0,0,0,0,0.0,0.25,0.18454095654989394,0.0,0.0,1,0,S1-635650940,S2-773842687,0
0.5714285714285714,0.5714285714285714,0.2857142857142857,0.2857142857142857,0.18947368421052632,0.0,0,0,0,0.0,0.25,0.22000805014753141,0.0,0.0,0,0,S1-635650940,S2-997778507,0
0.5142857142857142,0.5142857142857142,0.2727272727272727,0.2727272727272727,0.3764705882352941,0.0,0,0,0,0.0,0.25,0.2347134568910247,0.07692307692307693,0.07692307692307693,0,0,S1-635650940,S2-431548634,0
0.6666666666666666,0.6666666666666666,0.4,0.4,0.20253164556962025,0.0,0,0,0,0.0,0.3333333333333333,0.264694392322505,0.0,0.0,0,0,S1-635650940,S2-604022348,0
0.3508771929824561,0.3508771929824561,0.15,0.15,0.1686746987951807,0.0,0,0,0,0.0,0.2,0.18188216760805365,0.0,0.0,0,0,S1-635650940,S2-497566188,0
0.5714285714285714,0.5714285714285714,0.17307692307692307,0.17307692307692307,0.4222222222222222,0.0,0,0,0,0.0,0.16666666666666666,0.10645340629164049,0.07692307692307693,0.07692307692307693,0,0,S1-109563751,S2-685124806,0
0.4444444444444444,0.4444444444444444,0.2,0.2,0.29357798165137616,0.0,0,0,0,0.0,0.2,0.12020830547935686,0.0,0.0,0,0,S1-109563751,S2-812082065,0
0.6666666666666666,0.6666666666666666,0.2647058823529412,0.2647058823529412,0.34782608695652173,0.0,0,0,0,0.0,0.2,0.13067694341614305,0.0,0.0,0,0,S1-109563751,S2-328717116,0
0.6274509803921569,0.6274509803921569,0.2647058823529412,0.2647058823529412,0.1276595744680851,0.0,0,0,0,0.0,0.2,0.14204060740572122,0.0,0.0,0,0,S1-109563751,S2-139722365,0
0.46153846153846156,0.46153846153846156,0.2571428571428571,0.2571428571428571,0.2028985507246377,0.0,0,0,0,0.0,0.2,0.12935163191407745,0.0,0.0,1,0,S1-109563751,S2-443776019,0
0.48484848484848486,0.48484848484848486,0.038461538461538464,0.038461538461538464,0.25806451612903225,0.0,0,0,0,0.0,0.1111111111111111,0.04386186488984615,0.0,0.0,1,0,S1-343147728,S2-386076620,0
0.08,0.08,0.016129032258064516,0.016129032258064516,0.2,0.0,0,0,0,0.0,0.1111111111111111,0.04026707762958951,0.0,0.0,0,0,S1-343147728,S2-931516212,0
0.5070422535211268,0.5070422535211268,0.09259259259259259,0.09259259259259259,0.19672131147540983,0.0,0,0,0,0.0,0.1111111111111111,0.03720359329860289,0.0,0.0,0,0,S1-343147728,S2-44648666,0
0.2711864406779661,0.2711864406779661,0.08888888888888889,0.08888888888888889,0.2903225806451613,0.0,0,0,0,0.0,0.14285714285714285,0.13813487314376027,0.0,0.0,0,0,S1-343147728,S2-763689965,0
0.32142857142857145,0.32142857142857145,0.022727272727272728,0.022727272727272728,0.45161290322580644,0.0,0,0,0,0.0,0.125,0.04513646463808584,0.0,0.0,0,0,S1-343147728,S2-220316387,0
0.5714285714285714,0.5714285714285714,0.2857142857142857,0.2857142857142857,0.2159090909090909,0.0,0,0,0,0.0,0.2,0.21316714566530703,0.0,0.0,0,0,S1-445980274,S2-846807873,0
0.29850746268656714,0.29850746268656714,0.12244897959183673,0.12244897959183673,0.3026315789473684,0.0,0,0,0,0.0,0.125,0.1322766072504089,0.0,0.0,0,0,S1-445980274,S2-334526165,0
0.6060606060606061,0.6060606060606061,0.3,0.3,0.2727272727272727,0.0,0,0,0,0.0,0.25,0.19494405674522924,0.0,0.0,0,0,S1-445980274,S2-457153319,0
0.40816326530612246,0.40816326530612246,0.1875,0.1875,0.25,0.0,0,0,0,0.0,0.14285714285714285,0.15532882906933262,0.0,0.0,0,0,S1-445980274,S2-156590543,0
0.5128205128205128,0.5128205128205128,0.25,0.25,0.3151515151515151,0.0,0,0,0,0.0,0.16666666666666666,0.18143599444949673,0.0,0.0,0,0,S1-445980274,S2-425266798,0
0.375,0.375,0.05405405405405406,0.05405405405405406,0.2545454545454545,0.0,0,0,0,0.0,0.16666666666666666,0.06975680536076656,0.1,0.10000000000000002,0,0,S1-945702783,S2-599572278,0
0.41935483870967744,0.41935483870967744,0.0625,0.0625,0.19672131147540983,0.0,0,0,0,0.0,0.125,0.06319174224211457,0.0,0.0,0,0,S1-945702783,S2-356627500,0
0.3793103448275862,0.3793103448275862,0.043478260869565216,0.043478260869565216,0.2903225806451613,0.0,0,0,0,0.0,0.14285714285714285,0.05988925068137802,0.0,0.0,0,0,S1-945702783,S2-823860184,0
0.3333333333333333,0.3333333333333333,0.03773584905660377,0.03773584905660377,0.3050847457627119,0.0,0,0,0,0.0,0.125,0.06808462404706872,0.0,0.0,0,0,S1-945702783,S2-999469023,0
0.4897959183673469,0.4897959183673469,0.05263157894736842,0.05263157894736842,0.36363636363636365,0.0,0,0,0,0.0,0.16666666666666666,0.08272312263029935,0.0,0.0,0,0,S1-945702783,S2-210341230,0
0.45454545454545453,0.45454545454545453,0.2558139534883721,0.2558139534883721,0.20408163265306123,0.0,0,0,0,0.0,0.25,0.07791309695888285,0.0,0.0,0,0,S1-824031871,S2-801349596,0
0.5757575757575758,0.5757575757575758,0.2857142857142857,0.2857142857142857,0.1875,0.0,0,0,0,0.0,0.2857142857142857,0.09826067097177305,0.0,0.0,0,0,S1-824031871,S2-436282991,0
0.6,0.6,0.32432432432432434,0.32432432432432434,0.25806451612903225,0.0,0,0,0,0.0,0.2857142857142857,0.08575118931284764,0.0,0.0,0,0,S1-824031871,S2-907293419,0
0.5,0.5,0.15384615384615385,0.15384615384615385,0.3333333333333333,0.0,0,0,0,0.0,0.125,0.04005984288825091,0.047619047619047616,0.04761904761904761,0,0,S1-824031871,S2-620754855,0
0.4444444444444444,0.4444444444444444,0.15789473684210525,0.15789473684210525,0.34108527131782945,0.0,0,0,0,0.0,0.14285714285714285,0.04450319898418145,0.047619047619047616,0.04761904761904761,0,0,S1-824031871,S2-105199287,0
1.0,1.0,1.0,1.0,0.34285714285714286,0.0,0,0,0,0.0,1.0,1.0,0.0,0.0,0,0,S1-970782152,S2-4497605,0
0.5084745762711864,0.5084745762711864,0.225,0.225,0.15748031496062992,0.0,0,0,0,0.0,0.14285714285714285,0.1597233516807383,0.0,0.0,0,0,S1-419596800,S2-921274176,0
0.5581395348837209,0.5581395348837209,0.06451612903225806,0.06451612903225806,0.11864406779661017,0.0,0,0,0,0.0,0.16666666666666666,0.07345311735437267,0.0,0.0,0,0,S1-419596800,S2-497025062,0
0.6792452830188679,0.6792452830188679,0.2,0.2,0.2,0.0,0,0,0,0.0,0.3333333333333333,0.16787843798923088,0.0,0.0,0,0,S1-419596800,S2-300930387,0
0.47368421052631576,0.47368421052631576,0.03571428571428571,0.03571428571428571,0.34375,0.0,0,0,0,0.0,0.16666666666666666,0.06450651082467526,0.0,0.0,0,0,S1-419596800,S2-608588013,0
0.5357142857142857,0.5357142857142857,0.24324324324324326,0.24324324324324326,0.08695652173913043,0.0,0,0,0,0.0,0.14285714285714285,0.15853108339013103,0.0,0.0,0,0,S1-419596800,S2-774645248,0
0.32727272727272727,0.32727272727272727,0.04878048780487805,0.04878048780487805,0.3225806451612903,0.0,0,0,0,0.0,0.1111111111111111,0.09439875797795776,0.0,0.0,0,0,S1-703950292,S2-126440452,0
0.4230769230769231,0.4230769230769231,0.08571428571428572,0.08571428571428572,0.28125,0.0,0,0,0,0.0,0.2,0.12175098265040617,0.0,0.0,0,0,S1-703950292,S2-374466826,0
0.35555555555555557,0.35555555555555557,0.03125,0.03125,0.26666666666666666,0.0,0,0,0,0.0,0.1111111111111111,0.09909945375602609,0.0,0.0,0,0,S1-703950292,S2-537060773,0
0.36363636363636365,0.36363636363636365,0.03125,0.03125,0.3018867924528302,0.0,0,0,0,0.0,0.125,0.08437279650918884,0.0,0.0,0,0,S1-703950292,S2-411268293,0
0.44,0.44,0.027777777777777776,0.027777777777777776,0.4745762711864407,0.0,0,0,0,0.0,0.1,0.07786886653342938,0.1111111111111111,0.11111111111111113,0,0,S1-703950292,S2-564163111,0
0.11320754716981132,0.11320754716981132,0.023809523809523808,0.023809523809523808,0.3235294117647059,0.0,0,0,0,0.0,0.14285714285714285,0.06592708636020118,0.0,0.0,1,0,S1-772116613,S2-402347072,0
0.4642857142857143,0.4642857142857143,0.09523809523809523,0.09523809523809523,0.5,0.0,0,0,0,0.0,0.14285714285714285,0.1416952403719047,0.1111111111111111,0.11111111111111113,0,0,S1-772116613,S2-284782663,0
0.6538461538461539,0.6538461538461539,0.4827586206896552,0.4827586206896552,0.3076923076923077,0.0,0,0,0,0.0,0.4,0.4589777667778656,0.0,0.0,0,0,S1-772116613,S2-912659784,0
0.4657534246575342,0.4657534246575342,0.07547169811320754,0.07547169811320754,0.18181818181818182,0.0,0,0,0,0.0,0.1111111111111111,0.10027177721412532,0.0,0.0,0,0,S1-772116613,S2-611063349,0
0.3384615384615385,0.3384615384615385,0.019230769230769232,0.019230769230769232,0.2857142857142857,0.0,0,0,0,0.0,0.1111111111111111,0.04642979623311493,0.0,0.0,0,0,S1-772116613,S2-469556797,0
0.43902439024390244,0.43902439024390244,0.03225806451612903,0.03225806451612903,0.3076923076923077,0.0,0,0,0,0.0,0.16666666666666666,0.043709693726749585,0.0,0.0,0,0,S1-633779655,S2-976773324,0
0.42857142857142855,0.42857142857142855,0.03125,0.03125,0.49056603773584906,0.0,0,0,0,0.0,0.16666666666666666,0.040854006476721584,0.1111111111111111,0.11111111111111113,1,0,S1-633779655,S2-856076363,0
0.4,0.4,0.02564102564102564,0.02564102564102564,0.32142857142857145,0.0,0,0,0,0.0,0.14285714285714285,0.05199472833765673,0.0,0.0,0,0,S1-633779655,S2-688425898,0
0.3448275862068966,0.3448275862068966,0.025,0.025,0.2916666666666667,0.0,0,0,0,0.0,0.16666666666666666,0.04604472388140323,0.0,0.0,0,0,S1-633779655,S2-313501849,0
0.4166666666666667,0.4166666666666667,0.02564102564102564,0.02564102564102564,0.22950819672131148,0.0,0,0,0,0.0,0.2,0.04955206250001063,0.0,0.0,0,0,S1-633779655,S2-938142025,0
0.22727272727272727,0.22727272727272727,0.03125,0.03125,0.2077922077922078,0.0,0,0,0,0.0,0.125,0.08779142321565428,0.0,0.0,0,0,S1-684670838,S2-19963334,0
0.3829787234042553,0.3829787234042553,0.029411764705882353,0.029411764705882353,0.4146341463414634,0.0,0,0,0,0.0,0.1111111111111111,0.0804151599201051,0.0,0.0,0,0,S1-684670838,S2-965138583,0
0.5306122448979592,0.5306122448979592,0.09090909090909091,0.09090909090909091,0.35443037974683544,0.0,0,0,0,0.0,0.2857142857142857,0.17562104741459236,0.0,0.0,0,0,S1-684670838,S2-993197951,0
0.43137254901960786,0.43137254901960786,0.08823529411764706,0.08823529411764706,0.2558139534883721,0.0,0,0,0,0.0,0.2222222222222222,0.14011523782946997,0.0,0.0,0,0,S1-684670838,S2-704772009,0
0.2926829268292683,0.2926829268292683,0.034482758620689655,0.034482758620689655,0.2823529411764706,0.0,0,0,0,0.0,0.125,0.08436215612450539,0.0,0.0,0,0,S1-684670838,S2-650805897,0
0.5581395348837209,0.5581395348837209,0.2222222222222222,0.2222222222222222,0.7175572519083969,0.0,0,0,0,0.0,0.6,0.5106816497655063,0.7272727272727273,0.7272727272727273,0,0,S1-214715648,S2-667154458,1
0.4090909090909091,0.4090909090909091,0.030303030303030304,0.030303030303030304,0.22641509433962265,0.0,0,0,0,0.0,0.14285714285714285,0.05161427756335485,0.0,0.0,0,0,S1-214715648,S2-779677072,0
0.391304347826087,0.391304347826087,0.12903225806451613,0.12903225806451613,0.2684563758389262,0.0,0,0,0,0.0,0.2857142857142857,0.11987197770570654,0.05,0.04999999999999999,0,0,S1-214715648,S2-697665921,0
0.32,0.32,0.02631578947368421,0.02631578947368421,0.20833333333333334,0.0,0,0,0,0.0,0.125,0.04486514503285021,0.0,0.0,0,0,S1-214715648,S2-296250406,0
0.3728813559322034,0.3728813559322034,0.021739130434782608,0.021739130434782608,0.10596026490066225,0.0,0,0,0,0.0,0.125,0.05318501684790065,0.0,0.0,0,0,S1-214715648,S2-802075529,0
0.4827586206896552,0.4827586206896552,0.021739130434782608,0.021739130434782608,0.14583333333333334,0.0,0,0,0,0.0,0.125,0.053938201192194044,0.0,0.0,0,0,S1-214715648,S2-607897017,0
0.5357142857142857,0.5357142857142857,0.15,0.15,0.2857142857142857,0.0,0,0,0,0.0,0.14285714285714285,0.11642894718280716,0.0,0.0,0,0,S1-55012814,S2-878267787,0
0.44776119402985076,0.44776119402985076,0.12244897959183673,0.12244897959183673,0.3225806451612903,0.0,0,0,0,0.0,0.1111111111111111,0.09730470501715698,0.0,0.0,1,0,S1-55012814,S2-681413652,0
0.5666666666666667,0.5666666666666667,0.225,0.225,0.3225806451612903,0.0,0,0,0,0.0,0.125,0.12068729017402816,0.0,0.0,0,0,S1-55012814,S2-288991362,0
0.3835616438356164,0.3835616438356164,0.1320754716981132,0.1320754716981132,0.2692307692307692,0.0,0,0,0,0.0,0.1111111111111111,0.10090513503579532,0.0,0.0,0,0,S1-55012814,S2-329838482,0
0.2903225806451613,0.2903225806451613,0.13953488372093023,0.13953488372093023,0.24489795918367346,0.0,0,0,0,0.0,0.125,0.09389399887693835,0.0,0.0,0,0,S1-55012814,S2-473865102,0
0.41379310344827586,0.41379310344827586,0.05,0.05,0.27450980392156865,0.0,0,0,0,0.0,0.2,0.19734949687406522,0.0,0.0,0,0,S1-300816717,S2-763598263,0
0.37209302325581395,0.37209302325581395,0.13333333333333333,0.13333333333333333,0.42424242424242425,0.0,0,0,0,0.0,0.2,0.20823119483565963,0.0,0.0,0,0,S1-300816717,S2-46566895,0
0.5,0.5,0.0625,0.0625,0.3137254901960784,0.0,0,0,0,0.0,0.25,0.31901198257641766,0.0,0.0,0,0,S1-300816717,S2-448394183,0
0.3870967741935484,0.3870967741935484,0.043478260869565216,0.043478260869565216,0.0975609756097561,0.0,0,0,0,0.0,0.25,0.2578803939581892,0.0,0.0,0,0,S1-300816717,S2-277187656,0
0.5833333333333334,0.5833333333333334,0.2857142857142857,0.2857142857142857,0.3076923076923077,0.0,0,0,0,0.0,0.3333333333333333,0.29647970039291943,0.0,0.0,0,0,S1-300816717,S2-83303115,0
0.3673469387755102,0.3673469387755102,0.02702702702702703,0.02702702702702703,0.3582089552238806,0.0,0,0,0,0.0,0.16666666666666666,0.05256344536060224,0.0,0.0,0,0,S1-915105366,S2-24159451,0
0.6545454545454545,0.6545454545454545,0.30303030303030304,0.30303030303030304,0.41935483870967744,0.0,0,0,0,0.0,0.3333333333333333,0.24460379313423128,0.0,0.0,0,0,S1-915105366,S2-135958336,0
0.24489795918367346,0.24489795918367346,0.02702702702702703,0.02702702702702703,0.3,0.0,0,0,0,0.0,0.16666666666666666,0.05783015596609857,0.0,0.0,0,0,S1-915105366,S2-205097249,0
0.32786885245901637,0.32786885245901637,0.0425531914893617,0.0425531914893617,0.0,0.0,0,0,0,0.0,0.16666666666666666,0.04884211727330765,0.0,0.0,0,1,S1-915105366,S2-845155025,0
0.10909090909090909,0.10909090909090909,0.024390243902439025,0.024390243902439025,0.2898550724637681,0.0,0,0,0,0.0,0.125,0.040877942089594506,0.0,0.0,0,0,S1-915105366,S2-180496412,0
0.5,0.5,0.043478260869565216,0.043478260869565216,0.23728813559322035,0.0,0,0,0,0.0,0.2,0.06577901672736175,0.0,0.0,1,0,S1-262016083,S2-407208246,0
0.3333333333333333,0.3333333333333333,0.037037037037037035,0.037037037037037035,0.36363636363636365,0.0,0,0,0,0.0,0.2,0.06958969912874813,0.0,0.0,0,0,S1-262016083,S2-486281718,0
0.3125,0.3125,0.043478260869565216,0.043478260869565216,0.19672131147540983,0.0,0,0,0,0.0,0.2,0.06641303718721292,0.0,0.0,0,0,S1-262016083,S2-784457349,0
0.33962264150943394,0.33962264150943394,0.023809523809523808,0.023809523809523808,0.3137254901960784,0.0,0,0,0,0.0,0.14285714285714285,0.049698401518954834,0.0,0.0,0,0,S1-262016083,S2-674544095,0
0.45714285714285713,0.45714285714285713,0.038461538461538464,0.038461538461538464,0.27450980392156865,0.0,0,0,0,0.0,0.2,0.06553160948982065,0.0,0.0,0,0,S1-262016083,S2-120970477,0
0.36363636363636365,0.36363636363636365,0.023255813953488372,0.023255813953488372,0.35294117647058826,0.0,0,0,0,0.0,0.16666666666666666,0.0509111209490965,0.0,0.0,0,0,S1-269759643,S2-938960342,0
0.23529411764705882,0.23529411764705882,0.024390243902439025,0.024390243902439025,0.0,0.0,0,0,0,0.0,0.16666666666666666,0.046031053355842205,0.0,0.0,0,1,S1-269759643,S2-553194767,0
0.3137254901960784,0.3137254901960784,0.025,0.025,0.32786885245901637,0.0,0,0,0,0.0,0.14285714285714285,0.041302469139213316,0.0,0.0,0,0,S1-269759643,S2-483235908,0
0.5,0.5,0.05128205128205128,0.05128205128205128,0.21875,0.0,0,0,0,0.0,0.16666666666666666,0.05828094462396675,0.0,0.0,0,0,S1-269759643,S2-626769518,0
0.5490196078431373,0.5490196078431373,0.10526315789473684,0.10526315789473684,0.25396825396825395,0.0,0,0,0,0.0,0.16666666666666666,0.05355227391231782,0.0,0.0,0,0,S1-269759643,S2-867714376,0
0.2926829268292683,0.2926829268292683,0.03333333333333333,0.03333333333333333,0.19444444444444445,0.0,0,0,0,0.0,0.16666666666666666,0.03834828699755939,0.0,0.0,1,0,S1-929755353,S2-467521062,0
0.5405405405405406,0.5405405405405406,0.037037037037037035,0.037037037037037035,0.26666666666666666,0.0,0,0,0,0.0,0.16666666666666666,0.043143277126407586,0.0,0.0,0,0,S1-929755353,S2-439127618,0
0.5263157894736842,0.5263157894736842,0.03571428571428571,0.03571428571428571,0.3,0.0,0,0,0,0.0,0.16666666666666666,0.039263198004306214,0.0,0.0,1,0,S1-929755353,S2-912916813,0
0.36065573770491804,0.36065573770491804,0.045454545454545456,0.045454545454545456,0.2571428571428571,0.0,0,0,0,0.0,0.14285714285714285,0.04063348494779637,0.0,0.0,0,0,S1-929755353,S2-781149967,0
0.3225806451612903,0.3225806451612903,0.045454545454545456,0.045454545454545456,0.23880597014925373,0.0,0,0,0,0.0,0.2,0.04817171681340464,0.0,0.0,0,0,S1-929755353,S2-845379475,0
0.38095238095238093,0.38095238095238093,0.15384615384615385,0.15384615384615385,0.2597402597402597,0.0,0,0,0,0.0,0.5,0.49920114693505,0.0,0.0,0,0,S1-947075175,S2-124100500,0
0.5777777777777777,0.5777777777777777,0.37037037037037035,0.37037037037037035,0.2191780821917808,0.0,0,0,0,0.0,0.25,0.26411376836644174,0.0,0.0,0,0,S1-947075175,S2-531239688,0
0.5384615384615384,0.5384615384615384,0.11764705882352941,0.11764705882352941,0.18181818181818182,0.0,0,0,0,0.0,0.3333333333333333,0.33495055295102555,0.0,0.0,0,0,S1-947075175,S2-980940119,0
0.717948717948718,0.717948717948718,0.45454545454545453,0.45454545454545453,0.4266666666666667,0.0,0,0,0,0.0,0.3333333333333333,0.3325696340964035,0.1,0.10000000000000002,1,0,S1-947075175,S2-45575080,0
0.5185185185185185,0.5185185185185185,0.1111111111111111,0.1111111111111111,0.27692307692307694,0.0,0,0,0,0.0,0.3333333333333333,0.2997258539909797,0.0,0.0,0,0,S1-947075175,S2-385083686,0
0.64,0.64,0.14285714285714285,0.14285714285714285,0.30985915492957744,0.0,0,0,0,0.0,0.25,0.2683743886801158,0.0,0.0,0,0,S1-613331251,S2-425055778,0
0.45,0.45,0.16,0.16,0.2826086956521739,0.0,0,0,0,0.0,0.14285714285714285,0.17666293000960873,0.0,0.0,0,0,S1-613331251,S2-39529826,0
0.4,0.4,0.05405405405405406,0.05405405405405406,0.21875,0.0,0,0,0,0.0,0.14285714285714285,0.15400234831185927,0.0,0.0,0,0,S1-613331251,S2-290925791,0
0.6,0.6,0.2222222222222222,0.2222222222222222,0.24,0.0,0,0,0,0.0,0.25,0.30527917805925026,0.0,0.0,0,0,S1-613331251,S2-926272270,0
0.5,0.5,0.25,0.25,0.2894736842105263,0.0,0,0,0,0.0,0.16666666666666666,0.21512386435191816,0.0,0.0,0,0,S1-613331251,S2-409650987,0
0.5714285714285714,0.5714285714285714,0.14893617021276595,0.14893617021276595,0.24719101123595505,0.0,0,0,0,0.0,0.125,0.10090272577930148,0.0,0.0,0,0,S1-242725844,S2-205661528,0
0.52,0.52,0.1875,0.1875,0.2,0.0,0,0,0,0.0,0.16666666666666666,0.14056012266777415,0.0,0.0,0,0,S1-242725844,S2-765361928,0
0.5230769230769231,0.5230769230769231,0.1590909090909091,0.1590909090909091,0.3235294117647059,0.0,0,0,0,0.0,0.125,0.11035800071366604,0.0,0.0,0,0,S1-242725844,S2-287043865,0
0.5806451612903226,0.5806451612903226,0.18604651162790697,0.18604651162790697,0.16393442622950818,0.0,0,0,0,0.0,0.16666666666666666,0.22821793340896873,0.0,0.0,0,0,S1-242725844,S2-957102702,0
0.4266666666666667,0.4266666666666667,0.125,0.125,0.4507042253521127,0.0,0,0,0,0.0,0.14285714285714285,0.14820613854221223,0.1,0.10000000000000002,0,0,S1-242725844,S2-100117042,0
0.5555555555555556,0.5555555555555556,0.1282051282051282,0.1282051282051282,0.2155688622754491,0.0,0,0,0,0.0,0.3333333333333333,0.1313045908144674,0.0,0.0,0,0,S1-122654163,S2-969959857,0
0.4,0.4,0.06060606060606061,0.06060606060606061,0.348993288590604,0.2,1,1,1,0.0,0.3333333333333333,0.14780023266259393,0.045454545454545456,0.04545454545454544,0,0,S1-122654163,S2-733339259,0
0.4897959183673469,0.4897959183673469,0.11764705882352941,0.11764705882352941,0.2,0.0,0,0,0,0.0,0.2857142857142857,0.13974025389544636,0.0,0.0,0,0,S1-122654163,S2-283112567,0
0.43137254901960786,0.43137254901960786,0.02564102564102564,0.02564102564102564,0.2608695652173913,0.0,0,0,0,0.0,0.125,0.050636237537495146,0.05555555555555555,0.055555555555555546,0,0,S1-122654163,S2-275925720,0
0.358974358974359,0.358974358974359,0.06896551724137931,0.06896551724137931,0.3236994219653179,0.0,0,0,0,0.0,0.2,0.09064794934915409,0.034482758620689655,0.03448275862068964,0,0,S1-122654163,S2-531141698,0
0.39344262295081966,0.39344262295081966,0.020833333333333332,0.020833333333333332,0.17699115044247787,0.0,0,0,0,0.0,0.1111111111111111,0.04551266082080571,0.0,0.0,0,0,S1-559873839,S2-298039589,0
0.38095238095238093,0.38095238095238093,0.03125,0.03125,0.2037037037037037,0.0,0,0,0,0.0,0.16666666666666666,0.06935682561804073,0.0,0.0,0,0,S1-559873839,S2-47843568,0
0.35,0.35,0.03333333333333333,0.03333333333333333,0.22784810126582278,0.0,0,0,0,0.0,0.16666666666666666,0.08356903645709829,0.038461538461538464,0.03846153846153845,0,0,S1-559873839,S2-860146658,0
0.5714285714285714,0.5714285714285714,0.19047619047619047,0.19047619047619047,0.189873417721519,0.0,0,0,0,0.0,0.3333333333333333,0.1515758286143502,0.0,0.0,0,0,S1-559873839,S2-896591769,0
0.5,0.5,0.02702702702702703,0.02702702702702703,0.18439716312056736,0.0,0,0,0,0.0,0.14285714285714285,0.07952769315126462,0.0,0.0,0,0,S1-559873839,S2-898306750,0
0.3561643835616438,0.3561643835616438,0.03389830508474576,0.03389830508474576,0.2711864406779661,0.0,0,0,0,0.0,0.125,0.04401489714770951,0.0,0.0,0,0,S1-636713832,S2-744196606,0
0.27692307692307694,0.27692307692307694,0.058823529411764705,0.058823529411764705,0.3018867924528302,0.0,0,0,0,0.0,0.14285714285714285,0.05388161890102674,0.1111111111111111,0.11111111111111113,0,0,S1-636713832,S2-166587563,0
0.345679012345679,0.345679012345679,0.078125,0.078125,0.43636363636363634,0.0,0,0,0,0.0,0.125,0.03912610561055289,0.1111111111111111,0.11111111111111113,0,0,S1-636713832,S2-158198822,0
0.4067796610169492,0.4067796610169492,0.0425531914893617,0.0425531914893617,0.26666666666666666,0.0,0,0,0,0.0,0.16666666666666666,0.07049197112647917,0.0,0.0,1,0,S1-636713832,S2-818182180,0
0.4523809523809524,0.4523809523809524,0.06349206349206349,0.06349206349206349,0.3333333333333333,0.0,0,0,0,0.0,0.125,0.04283756280007726,0.0,0.0,0,0,S1-636713832,S2-172122533,0
0.6486486486486487,0.6486486486486487,0.2,0.2,0.21176470588235294,0.0,0,0,0,0.0,0.25,0.28121470078207367,0.0,0.0,0,0,S1-934905213,S2-699973533,0
0.40816326530612246,0.40816326530612246,0.16666666666666666,0.16666666666666666,0.0,0.0,0,0,0,0.0,0.2,0.1899175367870828,0.0,0.0,0,1,S1-934905213,S2-682651194,0
0.68,0.68,0.3870967741935484,0.3870967741935484,0.21333333333333335,0.0,0,0,0,0.0,0.25,0.20721288767989118,0.0,0.0,0,0,S1-934905213,S2-48050677,0
0.40816326530612246,0.40816326530612246,0.16666666666666666,0.16666666666666666,0.27522935779816515,0.0,0,0,0,0.0,0.25,0.18816401179252465,0.0,0.0,0,0,S1-934905213,S2-108006839,0
0.6538461538461539,0.6538461538461539,0.375,0.375,0.32967032967032966,0.0,0,0,0,0.0,0.2,0.17032916616346333,0.0,0.0,0,0,S1-934905213,S2-245623690,0
0.6666666666666666,0.6666666666666666,0.34285714285714286,0.34285714285714286,0.16774193548387098,0.0,0,0,0,0.0,0.3333333333333333,0.09295305178789842,0.0,0.0,1,0,S1-770772828,S2-813821167,0
0.5507246376811594,0.5507246376811594,0.2608695652173913,0.2608695652173913,0.0,0.0,0,0,0,0.0,0.2857142857142857,0.08769719555535652,0.0,0.0,0,1,S1-770772828,S2-439860786,0
0.6415094339622641,0.6415094339622641,0.22857142857142856,0.22857142857142856,0.2191780821917808,0.3333333333333333,1,1,1,0.0,0.14285714285714285,0.046440925826740836,0.041666666666666664,0.04166666666666666,0,0,S1-770772828,S2-125826468,0
0.6551724137931034,0.6551724137931034,0.3333333333333333,0.3333333333333333,0.2517482517482518,0.0,0,0,0,0.0,0.3333333333333333,0.09076550254003553,0.0,0.0,0,0,S1-770772828,S2-643421267,0
0.6461538461538462,0.6461538461538462,0.3170731707317073,0.3170731707317073,0.2857142857142857,0.0,0,0,0,0.0,0.2857142857142857,0.07301295644748805,0.037037037037037035,0.03703703703703702,0,0,S1-770772828,S2-24922007,0
0.47619047619047616,0.47619047619047616,0.10344827586206896,0.10344827586206896,0.30158730158730157,0.0,0,0,0,0.0,0.14285714285714285,0.08239047635616789,0.0,0.0,0,0,S1-280892857,S2-409818790,0
0.28,0.28,0.05263157894736842,0.05263157894736842,0.2465753424657534,0.0,0,0,0,0.0,0.14285714285714285,0.0860539853815431,0.0,0.0,0,0,S1-280892857,S2-813540200,0
0.5853658536585366,0.5853658536585366,0.14814814814814814,0.14814814814814814,0.22950819672131148,0.0,0,0,0,0.0,0.3333333333333333,0.16982660051210452,0.0,0.0,0,0,S1-280892857,S2-424953715,0
0.47619047619047616,0.47619047619047616,0.03333333333333333,0.03333333333333333,0.22429906542056074,0.0,0,0,0,0.0,0.14285714285714285,0.07824008501937131,0.0,0.0,0,0,S1-280892857,S2-56174844,0
0.3404255319148936,0.3404255319148936,0.03333333333333333,0.03333333333333333,0.21505376344086022,0.0,0,0,0,0.0,0.16666666666666666,0.0849474178704507,0.0,0.0,0,0,S1-280892857,S2-215173585,0
0.42857142857142855,0.42857142857142855,0.11904761904761904,0.11904761904761904,0.27672955974842767,0.0,0,0,0,0.0,0.16666666666666666,0.053602422851004555,0.0,0.0,0,0,S1-89857733,S2-449031084,0
0.5797101449275363,0.5797101449275363,0.29545454545454547,0.29545454545454547,0.22110552763819097,0.0,0,0,0,0.0,0.2857142857142857,0.0974058077336781,0.0,0.0,0,0,S1-89857733,S2-547111951,0
0.6885245901639344,0.6885245901639344,0.34210526315789475,0.34210526315789475,0.23170731707317074,0.0,0,0,0,0.0,0.3333333333333333,0.12489006128723322,0.0,0.0,0,0,S1-89857733,S2-332182764,0
0.6,0.6,0.32432432432432434,0.32432432432432434,0.21761658031088082,0.0,0,0,0,0.0,0.2857142857142857,0.10252518165404495,0.0,0.0,0,0,S1-89857733,S2-234896641,0
0.5070422535211268,0.5070422535211268,0.2857142857142857,0.2857142857142857,0.176,0.0,0,0,0,0.0,0.2857142857142857,0.09983797470046582,0.0,0.0,0,0,S1-89857733,S2-326022513,0
0.37209302325581395,0.37209302325581395,0.16666666666666666,0.16666666666666666,0.17679558011049723,0.0,0,0,0,0.0,0.2,0.17393570243862416,0.0,0.0,0,0,S1-439036513,S2-116028112,0
0.47619047619047616,0.47619047619047616,0.17857142857142858,0.17857142857142858,0.18867924528301888,0.0,0,0,0,0.0,0.16666666666666666,0.15636099640962786,0.0,0.0,0,0,S1-439036513,S2-141540579,0
0.5882352941176471,0.5882352941176471,0.22727272727272727,0.22727272727272727,0.32786885245901637,0.0,0,0,0,0.0,0.25,0.20477186397270553,0.0,0.0,0,0,S1-439036513,S2-747534346,0
0.425531914893617,0.425531914893617,0.15151515151515152,0.15151515151515152,0.3357664233576642,0.0,0,0,0,0.0,0.16666666666666666,0.15723814205031755,0.0,0.0,0,0,S1-439036513,S2-670607049,0
0.37735849056603776,0.37735849056603776,0.14705882352941177,0.14705882352941177,0.2054794520547945,0.0,0,0,0,0.0,0.2,0.19904684088599728,0.0,0.0,0,0,S1-439036513,S2-91162568,0
0.36363636363636365,0.36363636363636365,0.03125,0.03125,0.0,0.0,0,0,0,0.0,0.14285714285714285,0.044415058443084486,0.0,0.0,0,1,S1-684162990,S2-340847301,0
0.4230769230769231,0.4230769230769231,0.025,0.025,0.13333333333333333,0.0,0,0,0,0.0,0.125,0.04461886638255484,0.0,0.0,0,0,S1-684162990,S2-757979022,0
0.5483870967741935,0.5483870967741935,0.08695652173913043,0.08695652173913043,0.2962962962962963,0.0,0,0,0,0.0,0.1111111111111111,0.032982463254320554,0.1111111111111111,0.11111111111111113,0,0,S1-684162990,S2-850851186,0
0.3448275862068966,0.3448275862068966,0.022727272727272728,0.022727272727272728,0.18181818181818182,0.0,0,0,0,0.0,0.125,0.041132733153582894,0.0,0.0,0,0,S1-684162990,S2-227038328,0
0.10714285714285714,0.10714285714285714,0.022727272727272728,0.022727272727272728,0.42105263157894735,0.0,0,0,0,0.0,0.125,0.04009189667755301,0.1,0.10000000000000002,0,0,S1-684162990,S2-95126803,0
0.4878048780487805,0.4878048780487805,0.2222222222222222,0.2222222222222222,0.2191780821917808,0.0,0,0,0,0.0,0.2,0.17088299628273654,0.0,0.0,0,0,S1-31348196,S2-208273867,0
0.5945945945945946,0.5945945945945946,0.2,0.2,0.3050847457627119,0.0,0,0,0,0.0,0.25,0.19234616796732237,0.0,0.0,0,0,S1-31348196,S2-977849217,0
0.425531914893617,0.425531914893617,0.11764705882352941,0.11764705882352941,0.17857142857142858,0.0,0,0,0,0.0,0.16666666666666666,0.16009849111198388,0.0,0.0,0,0,S1-31348196,S2-216989197,0
0.45901639344262296,0.45901639344262296,0.13333333333333333,0.13333333333333333,0.34285714285714286,0.0,0,0,0,0.0,0.14285714285714285,0.10969864848697825,0.09090909090909091,0.09090909090909093,1,0,S1-31348196,S2-981248572,0
0.5161290322580645,0.5161290322580645,0.15555555555555556,0.15555555555555556,0.1643835616438356,0.0,0,0,0,0.0,0.14285714285714285,0.14547301986014952,0.0,0.0,0,0,S1-31348196,S2-641695955,0
0.5283018867924528,0.5283018867924528,0.1282051282051282,0.1282051282051282,0.3148148148148148,0.0,0,0,0,0.0,0.16666666666666666,0.04602879856940785,0.0,0.0,0,0,S1-949267241,S2-914708788,0
0.6511627906976745,0.6511627906976745,0.1724137931034483,0.1724137931034483,0.26785714285714285,0.0,0,0,0,0.0,0.16666666666666666,0.04237694763600479,0.0,0.0,0,0,S1-949267241,S2-897631078,0
0.5818181818181818,0.5818181818181818,0.12195121951219512,0.12195121951219512,0.3291139240506329,0.0,0,0,0,0.0,0.16666666666666666,0.05019783673065409,0.0,0.0,1,0,S1-949267241,S2-905511230,0
0.52,0.52,0.1388888888888889,0.1388888888888889,0.2459016393442623,0.0,0,0,0,0.0,0.16666666666666666,0.047044214419374245,0.0,0.0,0,0,S1-949267241,S2-163562817,0
0.5263157894736842,0.5263157894736842,0.11627906976744186,0.11627906976744186,0.3937007874015748,0.0,0,0,0,0.0,0.16666666666666666,0.04018859930079681,0.05263157894736842,0.052631578947368404,0,0,S1-949267241,S2-910051279,0
0.6875,0.6875,0.3,0.3,0.28703703703703703,0.0,0,0,0,0.0,0.3333333333333333,0.11036002971505407,0.0,0.0,0,0,S1-275146707,S2-402833662,0
0.5128205128205128,0.5128205128205128,0.21818181818181817,0.21818181818181817,0.27586206896551724,0.0,0,0,0,0.0,0.2857142857142857,0.10452607329368378,0.0,0.0,0,0,S1-275146707,S2-345070913,0
0.5172413793103449,0.5172413793103449,0.11627906976744186,0.11627906976744186,0.34831460674157305,0.0,0,0,0,0.0,0.16666666666666666,0.05417379527378394,0.0,0.0,0,0,S1-275146707,S2-302419169,0
0.43333333333333335,0.43333333333333335,0.10869565217391304,0.10869565217391304,0.0875,0.0,0,0,0,0.0,0.16666666666666666,0.05032696562483919,0.0,0.0,0,0,S1-275146707,S2-57560836,0
0.410958904109589,0.410958904109589,0.08771929824561403,0.08771929824561403,0.11428571428571428,0.0,0,0,0,0.0,0.14285714285714285,0.05558197703397811,0.0,0.0,0,0,S1-275146707,S2-967937124,0
0.5714285714285714,0.5714285714285714,0.12195121951219512,0.12195121951219512,0.3308270676691729,0.0,0,0,0,0.0,0.14285714285714285,0.05398593980976309,0.0,0.0,0,0,S1-758029867,S2-596850939,0
0.21875,0.21875,0.1276595744680851,0.1276595744680851,0.2127659574468085,0.0,0,0,0,0.0,0.125,0.047491681694238425,0.0,0.0,0,0,S1-758029867,S2-120668937,0
0.4,0.4,0.0975609756097561,0.0975609756097561,0.17391304347826086,0.0,0,0,0,0.0,0.14285714285714285,0.14435254734214403,0.0,0.0,1,0,S1-758029867,S2-298033247,0
0.6376811594202898,0.6376811594202898,0.35714285714285715,0.35714285714285715,0.22377622377622378,0.0,0,0,0,0.0,0.2857142857142857,0.10985797337048143,0.0,0.0,0,0,S1-758029867,S2-10068244,0
0.547945205479452,0.547945205479452,0.24489795918367346,0.24489795918367346,0.31666666666666665,0.0,0,0,0,0.0,0.25,0.09285965660284333,0.0,0.0,0,0,S1-758029867,S2-921274499,0
0.5357142857142857,0.5357142857142857,0.3333333333333333,0.3333333333333333,0.16666666666666666,0.0,0,0,0,0.0,0.16666666666666666,0.14728547379895954,0.0,0.0,0,0,S1-516306199,S2-478914877,0
0.46511627906976744,0.46511627906976744,0.13333333333333333,0.13333333333333333,0.07692307692307693,0.0,0,0,0,0.0,0.2,0.1828602253880643,0.1111111111111111,0.11111111111111113,0,0,S1-516306199,S2-994473025,0
0.4074074074074074,0.4074074074074074,0.1282051282051282,0.1282051282051282,0.21818181818181817,0.0,0,0,0,0.0,0.16666666666666666,0.17747549007522406,0.0,0.0,1,0,S1-516306199,S2-695837182,0
0.49056603773584906,0.49056603773584906,0.2571428571428571,0.2571428571428571,0.23404255319148937,0.0,0,0,0,0.0,0.2,0.1333092177341066,0.0,0.0,0,0,S1-516306199,S2-741354047,0
0.49230769230769234,0.49230769230769234,0.21621621621621623,0.21621621621621623,0.32,0.0,0,0,0,0.0,0.14285714285714285,0.12618810144942438,0.0,0.0,0,0,S1-516306199,S2-473210890,0
0.36363636363636365,0.36363636363636365,0.041666666666666664,0.041666666666666664,0.2647058823529412,0.0,0,0,0,0.0,0.2,0.06272690614365582,0.0,0.0,0,0,S1-948469712,S2-962517063,0
0.26666666666666666,0.26666666666666666,0.02040816326530612,0.02040816326530612,0.21428571428571427,0.0,0,0,0,0.0,0.14285714285714285,0.03862995846306451,0.0,0.0,0,0,S1-948469712,S2-856480464,0
0.3157894736842105,0.3157894736842105,0.034482758620689655,0.034482758620689655,0.27692307692307694,0.0,0,0,0,0.0,0.2,0.07533057785905063,0.0,0.0,0,0,S1-948469712,S2-614151004,0
0.21428571428571427,0.21428571428571427,0.05263157894736842,0.05263157894736842,0.3582089552238806,0.0,0,0,0,0.0,0.2,0.06667213393820912,0.0,0.0,0,0,S1-948469712,S2-705557169,0
0.38095238095238093,0.38095238095238093,0.030303030303030304,0.030303030303030304,0.2903225806451613,0.0,0,0,0,0.0,0.2,0.06210273779780021,0.0,0.0,0,0,S1-948469712,S2-273664851,0
0.42857142857142855,0.42857142857142855,0.1724137931034483,0.1724137931034483,0.11594202898550725,0.0,0,0,0,0.0,0.2,0.15110324084090004,0.0,0.0,0,0,S1-475918590,S2-969099005,0
0.46153846153846156,0.46153846153846156,0.13157894736842105,0.13157894736842105,0.26666666666666666,0.0,0,0,0,0.0,0.16666666666666666,0.14310346203022076,0.0,0.0,0,0,S1-475918590,S2-509256741,0
0.3492063492063492,0.3492063492063492,0.13043478260869565,0.13043478260869565,0.25396825396825395,0.0,0,0,0,0.0,0.125,0.10308196203420861,0.0,0.0,0,0,S1-475918590,S2-616456390,0
0.48148148148148145,0.48148148148148145,0.15789473684210525,0.15789473684210525,0.27586206896551724,0.0,0,0,0,0.0,0.16666666666666666,0.13326999530930245,0.0,0.0,0,0,S1-475918590,S2-752286908,0
0.5098039215686274,0.5098039215686274,0.16666666666666666,0.16666666666666666,0.2465753424657534,0.0,0,0,0,0.0,0.16666666666666666,0.14833154624009154,0.0,0.0,0,0,S1-475918590,S2-514822327,0
0.41509433962264153,0.41509433962264153,0.023255813953488372,0.023255813953488372,0.24561403508771928,0.0,0,0,0,0.0,0.16666666666666666,0.058244304033722334,0.1,0.10000000000000002,0,0,S1-661479218,S2-387699350,0
0.35294117647058826,0.35294117647058826,0.024390243902439025,0.024390243902439025,0.4745762711864407,0.0,0,0,0,0.0,0.16666666666666666,0.0523342641933525,0.0,0.0,0,0,S1-661479218,S2-447527788,0
0.3673469387755102,0.3673469387755102,0.02564102564102564,0.02564102564102564,0.22580645161290322,0.0,0,0,0,0.0,0.16666666666666666,0.04872353389486141,0.0,0.0,0,0,S1-661479218,S2-117572206,0
0.3728813559322034,0.3728813559322034,0.020833333333333332,0.020833333333333332,0.21428571428571427,0.0,0,0,0,0.0,0.14285714285714285,0.048529384373352684,0.0,0.0,0,0,S1-661479218,S2-995054291,0
0.3448275862068966,0.3448275862068966,0.02127659574468085,0.02127659574468085,0.21875,0.0,0,0,0,0.0,0.14285714285714285,0.05692942887285484,0.0,0.0,0,0,S1-661479218,S2-922992764,0
0.5666666666666667,0.5666666666666667,0.10869565217391304,0.10869565217391304,0.17543859649122806,0.0,0,0,0,0.0,0.16666666666666666,0.13983262400020927,0.0,0.0,0,0,S1-832907659,S2-998750643,0
0.3582089552238806,0.3582089552238806,0.16326530612244897,0.16326530612244897,0.4406779661016949,0.0,0,0,0,0.0,0.14285714285714285,0.15248068175862103,0.0,0.0,0,0,S1-832907659,S2-51937755,0
0.5454545454545454,0.5454545454545454,0.24324324324324326,0.24324324324324326,0.3050847457627119,0.0,0,0,0,0.0,0.16666666666666666,0.1894067144542117,0.0,0.0,1,0,S1-832907659,S2-756065363,0
0.5416666666666666,0.5416666666666666,0.25806451612903225,0.25806451612903225,0.13114754098360656,0.0,0,0,0,0.0,0.2,0.24638967489309668,0.0,0.0,0,0,S1-832907659,S2-551627072,0
0.625,0.625,0.1702127659574468,0.1702127659574468,0.3389830508474576,0.0,0,0,0,0.0,0.16666666666666666,0.1740498189103605,0.0,0.0,0,0,S1-832907659,S2-325623765,0
0.47058823529411764,0.47058823529411764,0.08333333333333333,0.08333333333333333,0.2608695652173913,0.0,0,0,0,0.0,0.2,0.09815301203599656,0.0,0.0,1,0,S1-494229928,S2-411703061,0
0.3181818181818182,0.3181818181818182,0.058823529411764705,0.058823529411764705,0.17582417582417584,0.0,0,0,0,0.0,0.2,0.12305733817151762,0.0,0.0,0,0,S1-494229928,S2-449200613,0
0.4,0.4,0.06666666666666667,0.06666666666666667,0.0,0.0,0,0,0,0.0,0.2,0.09899795373841884,0.0,0.0,0,1,S1-494229928,S2-9662497,0
0.3448275862068966,0.3448275862068966,0.045454545454545456,0.045454545454545456,0.25287356321839083,0.0,0,0,0,0.0,0.14285714285714285,0.0847908463347321,0.0,0.0,0,0,S1-494229928,S2-965631748,0
0.4117647058823529,0.4117647058823529,0.13043478260869565,0.13043478260869565,0.32,0.0,0,0,0,0.0,0.2,0.10142466284948674,0.0,0.0,0,0,S1-494229928,S2-489965798,0
0.40816326530612246,0.40816326530612246,0.02631578947368421,0.02631578947368421,0.33043478260869563,0.0,0,0,0,0.0,0.14285714285714285,0.06592273011860136,0.058823529411764705,0.0588235294117647,0,0,S1-327546569,S2-647757722,0
0.40816326530612246,0.40816326530612246,0.11764705882352941,0.11764705882352941,0.3111111111111111,0.0,0,0,0,0.0,0.2857142857142857,0.11495301350150043,0.05263157894736842,0.052631578947368404,0,0,S1-327546569,S2-310374511,0
0.41025641025641024,0.41025641025641024,0.034482758620689655,0.034482758620689655,0.18032786885245902,0.0,0,0,0,0.0,0.16666666666666666,0.07081908657550319,0.0,0.0,1,0,S1-327546569,S2-70034896,0
0.5909090909090909,0.5909090909090909,0.030303030303030304,0.030303030303030304,0.33557046979865773,0.0,0,0,0,0.0,0.14285714285714285,0.0599531653254221,0.05,0.04999999999999999,0,0,S1-327546569,S2-163610014,0
0.42105263157894735,0.42105263157894735,0.04,0.04,0.16363636363636364,0.3333333333333333,1,1,1,0.0,0.16666666666666666,0.06556498110555124,0.0,0.0,0,0,S1-327546569,S2-186453060,0
0.5185185185185185,0.5185185185185185,0.21621621621621623,0.21621621621621623,0.18333333333333332,0.0,0,0,0,0.0,0.16666666666666666,0.14542057295171454,0.0,0.0,0,0,S1-705632806,S2-821320066,0
0.6363636363636364,0.6363636363636364,0.2857142857142857,0.2857142857142857,0.2204724409448819,0.0,0,0,0,0.0,0.2,0.15377611788611034,0.047619047619047616,0.04761904761904761,0,0,S1-705632806,S2-15094373,0
0.5777777777777777,0.5777777777777777,0.125,0.125,0.15873015873015872,0.0,0,0,0,0.0,0.16666666666666666,0.11569126240403148,0.0,0.0,0,0,S1-705632806,S2-80601450,0
0.4888888888888889,0.4888888888888889,0.12121212121212122,0.12121212121212122,0.1889763779527559,0.0,0,0,0,0.0,0.2,0.13297584250670882,0.0,0.0,0,0,S1-705632806,S2-428794986,0
0.5217391304347826,0.5217391304347826,0.08823529411764706,0.08823529411764706,0.10526315789473684,0.0,0,0,0,0.0,0.16666666666666666,0.09252098325887147,0.0,0.0,0,0,S1-705632806,S2-684030010,0
0.37037037037037035,0.37037037037037035,0.10256410256410256,0.10256410256410256,0.3333333333333333,0.0,0,0,0,0.0,0.125,0.1691225210258674,0.0,0.0,0,0,S1-312568916,S2-76928943,0
0.36923076923076925,0.36923076923076925,0.14893617021276595,0.14893617021276595,0.2894736842105263,0.0,0,0,0,0.0,0.2857142857142857,0.13599336788170577,0.0,0.0,1,0,S1-312568916,S2-352991857,0
0.29850746268656714,0.29850746268656714,0.058823529411764705,0.058823529411764705,0.057971014492753624,0.0,0,0,0,0.0,0.1111111111111111,0.04238779365487949,0.0,0.0,1,0,S1-312568916,S2-823799724,0
0.1917808219178082,0.1917808219178082,0.01694915254237288,0.01694915254237288,0.28169014084507044,0.0,0,0,0,0.0,0.1,0.03840841618912663,0.0,0.0,0,0,S1-312568916,S2-764713035,0
0.34782608695652173,0.34782608695652173,0.11764705882352941,0.11764705882352941,0.19672131147540983,0.0,0,0,0,0.0,0.1111111111111111,0.06769345519788339,0.0,0.0,0,0,S1-312568916,S2-290330398,0
0.3333333333333333,0.3333333333333333,0.037037037037037035,0.037037037037037035,0.0,0.0,0,0,0,0.0,0.2,0.049851851382955906,0.0,0.0,0,1,S1-238510563,S2-134786728,0
0.36363636363636365,0.36363636363636365,0.029411764705882353,0.029411764705882353,0.3076923076923077,0.0,0,0,0,0.0,0.16666666666666666,0.05242180592212187,0.0,0.0,0,0,S1-238510563,S2-872811710,0
0.375,0.375,0.02631578947368421,0.02631578947368421,0.22580645161290322,0.0,0,0,0,0.0,0.16666666666666666,0.04662834202020803,0.0,0.0,0,0,S1-238510563,S2-328087625,0
0.26666666666666666,0.26666666666666666,0.06060606060606061,0.06060606060606061,0.3157894736842105,0.0,0,0,0,0.0,0.14285714285714285,0.05260304587966033,0.0,0.0,0,0,S1-238510563,S2-702711349,0
0.4,0.4,0.030303030303030304,0.030303030303030304,0.32142857142857145,0.0,0,0,0,0.0,0.125,0.03661533593098637,0.1111111111111111,0.11111111111111113,0,0,S1-238510563,S2-841028739,0
0.38596491228070173,0.38596491228070173,0.14285714285714285,0.14285714285714285,0.2033898305084746,0.0,0,0,0,0.0,0.16666666666666666,0.14104716501904146,0.0,0.0,0,0,S1-960588220,S2-281474997,0
0.5161290322580645,0.5161290322580645,0.1590909090909091,0.1590909090909091,0.36065573770491804,0.0,0,0,0,0.0,0.14285714285714285,0.1573360613934565,0.0,0.0,0,0,S1-960588220,S2-805542087,0
0.5853658536585366,0.5853658536585366,0.25925925925925924,0.25925925925925924,0.36363636363636365,0.0,0,0,0,0.0,0.25,0.21936118516391648,0.0,0.0,0,0,S1-960588220,S2-532077776,0
0.5581395348837209,0.5581395348837209,0.2,0.2,0.2647058823529412,0.0,0,0,0,0.0,0.25,0.19208390996219338,0.0,0.0,0,0,S1-960588220,S2-437668353,0
0.5185185185185185,0.5185185185185185,0.15384615384615385,0.15384615384615385,0.22950819672131148,0.0,0,0,0,0.0,0.16666666666666666,0.15392999135912758,0.0,0.0,0,0,S1-960588220,S2-573767331,0
0.3225806451612903,0.3225806451612903,0.1,0.1,0.17391304347826086,0.0,0,0,0,0.0,0.2,0.05595529596287167,0.0,0.0,0,0,S1-691836374,S2-340596995,0
0.3888888888888889,0.3888888888888889,0.037037037037037035,0.037037037037037035,0.2222222222222222,0.0,0,0,0,0.0,0.2,0.05341616809319714,0.0,0.0,0,0,S1-691836374,S2-7194237,0
0.4444444444444444,0.4444444444444444,0.037037037037037035,0.037037037037037035,0.1891891891891892,0.0,0,0,0,0.0,0.2,0.05815508198436783,0.0,0.0,0,0,S1-691836374,S2-645004667,0
0.37037037037037035,0.37037037037037035,0.05263157894736842,0.05263157894736842,0.208955223880597,0.0,0,0,0,0.0,0.25,0.06537216948203596,0.0,0.0,0,0,S1-691836374,S2-477139090,0
0.2857142857142857,0.2857142857142857,0.03125,0.03125,0.27956989247311825,0.0,0,0,0,0.0,0.16666666666666666,0.05247597718290439,0.0,0.0,1,0,S1-691836374,S2-989511509,0
0.3870967741935484,0.3870967741935484,0.043478260869565216,0.043478260869565216,0.22857142857142856,0.0,0,0,0,0.0,0.25,0.08463416285165017,0.09090909090909091,0.09090909090909093,0,0,S1-223494807,S2-8864337,0
0.4,0.4,0.025,0.025,0.3870967741935484,0.0,0,0,0,0.0,0.16666666666666666,0.061175106872442576,0.0,0.0,0,0,S1-223494807,S2-465632655,0
0.1111111111111111,0.1111111111111111,0.022727272727272728,0.022727272727272728,0.3103448275862069,0.0,0,0,0,0.0,0.16666666666666666,0.04937496033498282,0.18181818181818182,0.18181818181818185,0,0,S1-223494807,S2-998750643,0
0.37735849056603776,0.37735849056603776,0.047619047619047616,0.047619047619047616,0.2647058823529412,0.0,0,0,0,0.0,0.16666666666666666,0.062320283592753885,0.0,0.0,0,0,S1-223494807,S2-404808832,0
0.30434782608695654,0.30434782608695654,0.02702702702702703,0.02702702702702703,0.28125,0.0,0,0,0,0.0,0.2,0.08073832930195039,0.0,0.0,0,0,S1-223494807,S2-688170720,0
0.4375,0.4375,0.15,0.15,0.23529411764705882,0.0,0,0,0,0.0,0.16666666666666666,0.18364156576251112,0.0,0.0,0,0,S1-72184102,S2-948713964,0
0.42857142857142855,0.42857142857142855,0.17647058823529413,0.17647058823529413,0.21428571428571427,0.0,0,0,0,0.0,0.2,0.25107701750780376,0.0,0.0,0,0,S1-72184102,S2-342620452,0
0.4,0.4,0.13043478260869565,0.13043478260869565,0.2608695652173913,0.0,0,0,0,0.0,0.16666666666666666,0.1954662181946469,0.0,0.0,0,0,S1-72184102,S2-385607903,0
0.42105263157894735,0.42105263157894735,0.12,0.12,0.21428571428571427,0.0,0,0,0,0.0,0.16666666666666666,0.2115522445329659,0.0,0.0,0,0,S1-72184102,S2-28598847,0
0.5,0.5,0.21428571428571427,0.21428571428571427,0.25,0.0,0,0,0,0.0,0.25,0.23813717482775612,0.0,0.0,0,0,S1-72184102,S2-297846109,0
0.5098039215686274,0.5098039215686274,0.1388888888888889,0.1388888888888889,0.41379310344827586,0.0,0,0,0,0.0,0.14285714285714285,0.11379981634158526,0.0,0.0,0,0,S1-302443570,S2-253226297,0
0.45614035087719296,0.45614035087719296,0.11904761904761904,0.11904761904761904,0.20224719101123595,0.0,0,0,0,0.0,0.14285714285714285,0.10720880265590765,0.0,0.0,0,0,S1-302443570,S2-806176428,0
0.4727272727272727,0.4727272727272727,0.125,0.125,0.40816326530612246,0.0,0,0,0,0.0,0.14285714285714285,0.11420420099555569,0.0,0.0,0,0,S1-302443570,S2-64190827,0
0.2978723404255319,0.2978723404255319,0.1935483870967742,0.1935483870967742,0.0784313725490196,0.0,0,0,0,0.0,0.16666666666666666,0.11899141592710477,0.0,0.0,0,0,S1-302443570,S2-419442714,0
0.5333333333333333,0.5333333333333333,0.2413793103448276,0.2413793103448276,0.2127659574468085,0.0,0,0,0,0.0,0.4,0.44692695987623354,0.0,0.0,0,0,S1-302443570,S2-632056567,0
0.4,0.4,0.047619047619047616,0.047619047619047616,0.26865671641791045,0.0,0,0,0,0.0,0.2,0.06722633649488109,0.0,0.0,0,0,S1-434653254,S2-536311621,0
0.45161290322580644,0.45161290322580644,0.045454545454545456,0.045454545454545456,0.45161290322580644,0.0,0,0,0,0.0,0.2,0.0549576940649761,0.1111111111111111,0.11111111111111113,0,0,S1-434653254,S2-101663824,0
0.43137254901960786,0.43137254901960786,0.024390243902439025,0.024390243902439025,0.41379310344827586,0.0,0,0,0,0.0,0.16666666666666666,0.0497583477748718,0.0,0.0,0,0,S1-434653254,S2-759202208,0
0.47058823529411764,0.47058823529411764,0.04,0.04,0.24242424242424243,0.0,0,0,0,0.0,0.2,0.06488274003960365,0.0,0.0,0,0,S1-434653254,S2-911676239,0
0.5142857142857142,0.5142857142857142,0.04,0.04,0.3076923076923077,0.0,0,0,0,0.0,0.2,0.06158539607360362,0.0,0.0,0,0,S1-434653254,S2-345140923,0
0.5348837209302325,0.5348837209302325,0.2857142857142857,0.2857142857142857,0.12422360248447205,0.0,0,0,0,0.0,0.2857142857142857,0.1093555765388675,0.0,0.0,0,0,S1-823756114,S2-348975730,0
0.4444444444444444,0.4444444444444444,0.16129032258064516,0.16129032258064516,0.14184397163120568,0.0,0,0,0,0.0,0.16666666666666666,0.06511408064871155,0.05,0.04999999999999999,0,0,S1-823756114,S2-632041315,0
0.6181818181818182,0.6181818181818182,0.36363636363636365,0.36363636363636365,0.24390243902439024,0.0,0,0,0,0.0,0.3333333333333333,0.12777274431402189,0.037037037037037035,0.03703703703703702,0,0,S1-823756114,S2-358837268,0
0.5625,0.5625,0.15555555555555556,0.15555555555555556,0.2878787878787879,0.0,0,0,0,0.0,0.125,0.04615166748260281,0.05,0.04999999999999999,0,0,S1-823756114,S2-889810114,0
0.6666666666666666,0.6666666666666666,0.35294117647058826,0.35294117647058826,0.26737967914438504,0.0,0,0,0,0.0,0.2857142857142857,0.10689146415062732,0.041666666666666664,0.04166666666666666,0,0,S1-823756114,S2-535432254,0
0.3404255319148936,0.3404255319148936,0.058823529411764705,0.058823529411764705,0.2727272727272727,0.0,0,0,0,0.0,0.14285714285714285,0.04426795163782445,0.0,0.0,0,0,S1-221803886,S2-614633565,0
0.26666666666666666,0.26666666666666666,0.02857142857142857,0.02857142857142857,0.26865671641791045,0.0,0,0,0,0.0,0.16666666666666666,0.05928912986130035,0.0,0.0,0,0,S1-221803886,S2-674212082,0
0.4583333333333333,0.4583333333333333,0.02702702702702703,0.02702702702702703,0.29411764705882354,0.0,0,0,0,0.0,0.14285714285714285,0.04197633716088199,0.0,0.0,0,0,S1-221803886,S2-728272369,0
0.27586206896551724,0.27586206896551724,0.043478260869565216,0.043478260869565216,0.24242424242424243,0.0,0,0,0,0.0,0.14285714285714285,0.0469696009459091,0.0,0.0,0,0,S1-221803886,S2-122244394,0
0.32,0.32,0.05263157894736842,0.05263157894736842,0.3582089552238806,0.0,0,0,0,0.0,0.14285714285714285,0.04250666521337868,0.0,0.0,0,0,S1-221803886,S2-60516926,0
0.425531914893617,0.425531914893617,0.027777777777777776,0.027777777777777776,0.3103448275862069,0.0,0,0,0,0.0,0.16666666666666666,0.06001481879382143,0.0,0.0,0,0,S1-667597349,S2-902514120,0
0.3157894736842105,0.3157894736842105,0.07142857142857142,0.07142857142857142,0.26865671641791045,0.0,0,0,0,0.0,0.2,0.06647439009509837,0.0,0.0,0,0,S1-667597349,S2-130027829,0
0.38461538461538464,0.38461538461538464,0.023809523809523808,0.023809523809523808,0.30303030303030304,0.0,0,0,0,0.0,0.16666666666666666,0.06904950045791773,0.0,0.0,0,0,S1-667597349,S2-970651271,0
0.2641509433962264,0.2641509433962264,0.023255813953488372,0.023255813953488372,0.21212121212121213,0.0,0,0,0,0.0,0.16666666666666666,0.0678985081655732,0.0,0.0,0,0,S1-667597349,S2-631521974,0
0.42857142857142855,0.42857142857142855,0.029411764705882353,0.029411764705882353,0.23333333333333334,0.0,0,0,0,0.0,0.25,0.07623128380013086,0.0,0.0,0,0,S1-667597349,S2-389863793,0
0.2631578947368421,0.2631578947368421,0.03571428571428571,0.03571428571428571,0.34285714285714286,0.0,0,0,0,0.0,0.16666666666666666,0.06205454850932486,0.0,0.0,0,0,S1-511913930,S2-563590478,0
0.32558139534883723,0.32558139534883723,0.03225806451612903,0.03225806451612903,0.2545454545454545,0.0,0,0,0,0.0,0.125,0.05186283192476627,0.0,0.0,0,0,S1-511913930,S2-860446818,0
0.47058823529411764,0.47058823529411764,0.04,0.04,0.3050847457627119,0.0,0,0,0,0.0,0.2,0.06742755447755751,0.0,0.0,0,0,S1-511913930,S2-439111519,0
0.3157894736842105,0.3157894736842105,0.03571428571428571,0.03571428571428571,0.27586206896551724,0.0,0,0,0,0.0,0.16666666666666666,0.06067769072029061,0.0,0.0,1,0,S1-511913930,S2-803601652,0
0.45714285714285713,0.45714285714285713,0.038461538461538464,0.038461538461538464,0.2,0.0,0,0,0,0.0,0.2,0.0903559531799008,0.0,0.0,0,0,S1-511913930,S2-116771117,0
0.37735849056603776,0.37735849056603776,0.023809523809523808,0.023809523809523808,0.28125,0.0,0,0,0,0.0,0.14285714285714285,0.05170868029801755,0.0,0.0,0,0,S1-391448154,S2-426945415,0
0.48484848484848486,0.48484848484848486,0.041666666666666664,0.041666666666666664,0.4594594594594595,0.0,0,0,0,0.0,0.2,0.06568625414250807,0.09090909090909091,0.09090909090909093,0,0,S1-391448154,S2-846306239,0
0.4,0.4,0.05405405405405406,0.05405405405405406,0.28169014084507044,0.0,0,0,0,0.0,0.125,0.036436731548603746,0.0,0.0,0,0,S1-391448154,S2-615406054,0
0.3829787234042553,0.3829787234042553,0.02702702702702703,0.02702702702702703,0.21212121212121213,0.0,0,0,0,0.0,0.16666666666666666,0.04967022232546307,0.0,0.0,0,0,S1-391448154,S2-184852057,0
0.3902439024390244,0.3902439024390244,0.03125,0.03125,0.19047619047619047,0.0,0,0,0,0.0,0.2,0.08457809300301564,0.0,0.0,1,0,S1-391448154,S2-722296000,0
0.5106382978723404,0.5106382978723404,0.02857142857142857,0.02857142857142857,0.3333333333333333,0.0,0,0,0,0.0,0.14285714285714285,0.049853430349811934,0.0,0.0,0,0,S1-989876418,S2-9548791,0
0.41379310344827586,0.41379310344827586,0.09302325581395349,0.09302325581395349,0.42105263157894735,0.0,0,0,0,0.0,0.125,0.10790891836426529,0.0,0.0,0,0,S1-989876418,S2-898911648,0
0.4583333333333333,0.4583333333333333,0.02702702702702703,0.02702702702702703,0.2962962962962963,0.0,0,0,0,0.0,0.14285714285714285,0.04897176843790761,0.0,0.0,0,0,S1-989876418,S2-989792480,0
0.43902439024390244,0.43902439024390244,0.06666666666666667,0.06666666666666667,0.41935483870967744,0.0,0,0,0,0.0,0.16666666666666666,0.06204413469684678,0.0,0.0,0,0,S1-989876418,S2-919896803,0
0.13043478260869565,0.13043478260869565,0.027777777777777776,0.027777777777777776,0.32142857142857145,0.0,0,0,0,0.0,0.16666666666666666,0.05241132825345028,0.0,0.0,1,0,S1-989876418,S2-813063237,0
0.3018867924528302,0.3018867924528302,0.025,0.025,0.30434782608695654,0.0,0,0,0,0.0,0.125,0.04646060338227858,0.0,0.0,0,0,S1-721721262,S2-522932425,0
0.5185185185185185,0.5185185185185185,0.075,0.075,0.23529411764705882,0.0,0,0,0,0.0,0.125,0.04461019096340412,0.1111111111111111,0.11111111111111113,0,0,S1-721721262,S2-50049609,0
0.3142857142857143,0.3142857142857143,0.03636363636363636,0.03636363636363636,0.32727272727272727,0.0,0,0,0,0.0,0.1,0.035891811223483096,0.0,0.0,0,0,S1-721721262,S2-125905488,0
0.375,0.375,0.08823529411764706,0.08823529411764706,0.4074074074074074,0.0,0,0,0,0.0,0.125,0.048021488513349524,0.1111111111111111,0.11111111111111113,0,0,S1-721721262,S2-825869316,0
0.36065573770491804,0.36065573770491804,0.02040816326530612,0.02040816326530612,0.17857142857142858,0.0,0,0,0,0.0,0.125,0.046034470543482996,0.0,0.0,0,0,S1-721721262,S2-981631442,0
0.5490196078431373,0.5490196078431373,0.13513513513513514,0.13513513513513514,0.3225806451612903,0.0,0,0,0,0.0,0.16666666666666666,0.1890965094135526,0.0,0.0,0,0,S1-459742987,S2-842320893,0
0.43478260869565216,0.43478260869565216,0.15625,0.15625,0.20689655172413793,0.0,0,0,0,0.0,0.16666666666666666,0.20116360719208176,0.0,0.0,0,0,S1-459742987,S2-510236354,0
0.4,0.4,0.18421052631578946,0.18421052631578946,0.32786885245901637,0.0,0,0,0,0.0,0.14285714285714285,0.1424133962793071,0.0,0.0,0,0,S1-459742987,S2-291459119,0
0.46808510638297873,0.46808510638297873,0.15151515151515152,0.15151515151515152,0.24615384615384617,0.0,0,0,0,0.0,0.16666666666666666,0.19570874662540677,0.0,0.0,0,0,S1-459742987,S2-999502310,0
0.4642857142857143,0.4642857142857143,0.1891891891891892,0.1891891891891892,0.26229508196721313,0.0,0,0,0,0.0,0.14285714285714285,0.16997989930791296,0.0,0.0,0,0,S1-459742987,S2-893619739,0
0.5573770491803278,0.5573770491803278,0.2857142857142857,0.2857142857142857,0.26436781609195403,0.0,0,0,0,0.0,0.3333333333333333,0.13005158870602074,0.043478260869565216,0.04347826086956521,0,0,S1-40537017,S2-184438804,0
0.631578947368421,0.631578947368421,0.34285714285714286,0.34285714285714286,0.4079601990049751,0.0,0,0,0,0.0,0.3333333333333333,0.1430755634856546,0.15384615384615385,0.1538461538461538,1,0,S1-40537017,S2-442028055,0
0.6551724137931034,0.6551724137931034,0.37142857142857144,0.37142857142857144,0.29441624365482233,0.0,0,0,0,0.0,0.3333333333333333,0.13508732295158132,0.08695652173913043,0.08695652173913042,0,0,S1-40537017,S2-275710720,0
0.5769230769230769,0.5769230769230769,0.3125,0.3125,0.24691358024691357,0.0,0,0,0,0.0,0.3333333333333333,0.12232757342376648,0.0,0.0,0,0,S1-40537017,S2-418775869,0
0.6037735849056604,0.6037735849056604,0.34375,0.34375,0.11834319526627218,0.0,0,0,0,0.0,0.3333333333333333,0.14468386090323207,0.0,0.0,0,0,S1-40537017,S2-227451682,0
0.4166666666666667,0.4166666666666667,0.05405405405405406,0.05405405405405406,0.25,0.0,0,0,0,0.0,0.16666666666666666,0.19085801013810413,0.0,0.0,0,0,S1-484248349,S2-404808832,0
0.37209302325581395,0.37209302325581395,0.06060606060606061,0.06060606060606061,0.34375,0.0,0,0,0,0.0,0.2,0.17705697394963993,0.0,0.0,0,0,S1-484248349,S2-496322946,0
0.6,0.6,0.21052631578947367,0.21052631578947367,0.2033898305084746,0.0,0,0,0,0.0,0.25,0.20818315449432126,0.0,0.0,0,0,S1-484248349,S2-823508201,0
0.45714285714285713,0.45714285714285713,0.17391304347826086,0.17391304347826086,0.2545454545454545,0.0,0,0,0,0.0,0.2,0.15626761020835123,0.0,0.0,1,0,S1-484248349,S2-817663282,0
0.5142857142857142,0.5142857142857142,0.17391304347826086,0.17391304347826086,0.3076923076923077,0.0,0,0,0,0.0,0.2,0.19135989577733198,0.0,0.0,0,0,S1-484248349,S2-375734217,0
0.3684210526315789,0.3684210526315789,0.034482758620689655,0.034482758620689655,0.34615384615384615,0.0,0,0,0,0.0,0.2,0.061266860940925545,0.0,0.0,0,0,S1-506604742,S2-48382745,0
0.42105263157894735,0.42105263157894735,0.07407407407407407,0.07407407407407407,0.3157894736842105,0.0,0,0,0,0.0,0.16666666666666666,0.046805281331288036,0.0,0.0,0,0,S1-506604742,S2-439127618,0
0.34782608695652173,0.34782608695652173,0.05714285714285714,0.05714285714285714,0.38461538461538464,0.0,0,0,0,0.0,0.16666666666666666,0.049042986285098254,0.0,0.0,0,0,S1-506604742,S2-200977389,0
0.4,0.4,0.08,0.08,0.2857142857142857,0.0,0,0,0,0.0,0.2,0.05176893878042852,0.0,0.0,0,0,S1-506604742,S2-48963502,0
0.3888888888888889,0.3888888888888889,0.037037037037037035,0.037037037037037035,0.2033898305084746,0.0,0,0,0,0.0,0.2,0.05715296327365799,0.0,0.0,0,0,S1-506604742,S2-768706815,0
0.5633802816901409,0.5633802816901409,0.24489795918367346,0.24489795918367346,0.24390243902439024,0.0,0,0,0,0.0,0.3333333333333333,0.08533086229162638,0.0,0.0,0,0,S1-954436551,S2-686180731,0
0.5263157894736842,0.5263157894736842,0.2692307692307692,0.2692307692307692,0.1945945945945946,0.0,0,0,0,0.0,0.3333333333333333,0.09503145539793459,0.0,0.0,1,0,S1-954436551,S2-460356932,0
0.6060606060606061,0.6060606060606061,0.16666666666666666,0.16666666666666666,0.0,0.0,0,0,0,0.0,0.14285714285714285,0.03902842154465275,0.0,0.0,0,1,S1-954436551,S2-41446613,0
0.6333333333333333,0.6333333333333333,0.3157894736842105,0.3157894736842105,0.07272727272727272,0.0,0,0,0,0.0,0.3333333333333333,0.10264790533851607,0.0,0.0,0,0,S1-954436551,S2-914180464,0
0.5230769230769231,0.5230769230769231,0.1702127659574468,0.1702127659574468,0.3010752688172043,0.0,0,0,0,0.0,0.14285714285714285,0.04608496133703728,0.0,0.0,0,0,S1-954436551,S2-635160704,0
0.5,0.5,0.21428571428571427,0.21428571428571427,0.1830065359477124,0.0,0,0,0,0.0,0.14285714285714285,0.1914109115701589,0.0,0.0,0,0,S1-342735299,S2-613289210,0
0.6285714285714286,0.6285714285714286,0.2857142857142857,0.2857142857142857,0.32432432432432434,0.0,0,0,0,0.0,0.2,0.20025383461367907,0.0,0.0,0,0,S1-342735299,S2-325441670,0
0.5128205128205128,0.5128205128205128,0.2608695652173913,0.2608695652173913,0.29931972789115646,0.0,0,0,0,0.0,0.14285714285714285,0.1864125522695454,0.04,0.03999999999999999,0,0,S1-342735299,S2-455703324,0
0.6,0.6,0.047619047619047616,0.047619047619047616,0.16363636363636364,0.0,0,0,0,0.0,0.2,0.30243722204591916,0.0,0.0,0,0,S1-342735299,S2-285915845,0
0.4230769230769231,0.4230769230769231,0.2413793103448276,0.2413793103448276,0.1958041958041958,0.0,0,0,0,0.0,0.16666666666666666,0.19706106681910723,0.0,0.0,0,0,S1-342735299,S2-292077262,0
0.4838709677419355,0.4838709677419355,0.13333333333333333,0.13333333333333333,0.2087912087912088,0.0,0,0,0,0.0,0.125,0.05695334591636273,0.0,0.0,0,0,S1-571434104,S2-410170278,0
0.375,0.375,0.15151515151515152,0.15151515151515152,0.2222222222222222,0.0,0,0,0,0.0,0.14285714285714285,0.05560505380133534,0.05,0.04999999999999999,0,0,S1-571434104,S2-632041315,0
0.5230769230769231,0.5230769230769231,0.125,0.125,0.2,0.0,0,0,0,0.0,0.125,0.05473333313891924,0.0,0.0,0,0,S1-571434104,S2-931481524,0
0.4727272727272727,0.4727272727272727,0.15384615384615385,0.15384615384615385,0.35051546391752575,0.0,0,0,0,0.0,0.14285714285714285,0.05431231351659302,0.10714285714285714,0.10714285714285711,0,0,S1-571434104,S2-586047930,0
0.3870967741935484,0.3870967741935484,0.23809523809523808,0.23809523809523808,0.2158273381294964,0.0,0,0,0,0.0,0.14285714285714285,0.04687490741669058,0.0,0.0,0,0,S1-571434104,S2-698003351,0
0.48,0.48,0.17142857142857143,0.17142857142857143,0.3448275862068966,0.0,0,0,0,0.0,0.16666666666666666,0.17574451569836122,0.0,0.0,0,0,S1-549789461,S2-217146842,0
0.47368421052631576,0.47368421052631576,0.3181818181818182,0.3181818181818182,0.41935483870967744,0.0,0,0,0,0.0,0.2,0.207926916627245,0.0,0.0,0,0,S1-549789461,S2-42284542,0
0.42857142857142855,0.42857142857142855,0.1794871794871795,0.1794871794871795,0.3389830508474576,0.0,0,0,0,0.0,0.14285714285714285,0.11768138275064731,0.0,0.0,0,0,S1-549789461,S2-908962117,0
0.3829787234042553,0.3829787234042553,0.21875,0.21875,0.3283582089552239,0.0,0,0,0,0.0,0.2,0.1904938372653619,0.0,0.0,0,0,S1-549789461,S2-355605961,0
0.5217391304347826,0.5217391304347826,0.2,0.2,0.32786885245901637,0.0,0,0,0,0.0,0.16666666666666666,0.17601835289581083,0.0,0.0,0,0,S1-549789461,S2-630221771,0
0.5185185185185185,0.5185185185185185,0.15789473684210525,0.15789473684210525,0.17391304347826086,0.0,0,0,0,0.0,0.14285714285714285,0.05978909211825852,0.0,0.0,0,0,S1-664729349,S2-492775246,0
0.6551724137931034,0.6551724137931034,0.3333333333333333,0.3333333333333333,0.28,0.0,0,0,0,0.0,0.3333333333333333,0.09838184651025753,0.0,0.0,0,0,S1-664729349,S2-55842670,0
0.3333333333333333,0.3333333333333333,0.2564102564102564,0.2564102564102564,0.3235294117647059,0.0,0,0,0,0.0,0.2857142857142857,0.09696073954878366,0.05,0.04999999999999999,0,0,S1-664729349,S2-27123985,0
0.4528301886792453,0.4528301886792453,0.13157894736842105,0.13157894736842105,0.3333333333333333,0.0,0,0,0,0.0,0.14285714285714285,0.051320287627490135,0.0,0.0,1,0,S1-664729349,S2-107599668,0
0.49056603773584906,0.49056603773584906,0.13157894736842105,0.13157894736842105,0.2900763358778626,0.0,0,0,0,0.0,0.14285714285714285,0.04811161037926977,0.0,0.0,0,0,S1-664729349,S2-421389689,0
0.5,0.5,0.1111111111111111,0.1111111111111111,0.31746031746031744,0.0,0,0,0,0.0,0.2,0.17105389988847952,0.0,0.0,1,0,S1-481652414,S2-847076055,0
0.75,0.75,0.5161290322580645,0.5161290322580645,0.2153846153846154,0.0,0,0,0,0.0,0.4,0.4491939798925054,0.0,0.0,0,0,S1-481652414,S2-829703729,0
0.5217391304347826,0.5217391304347826,0.1875,0.1875,0.3783783783783784,0.0,0,0,0,0.0,0.2,0.17207879466880918,0.0,0.0,0,0,S1-481652414,S2-860570502,0
0.25806451612903225,0.25806451612903225,0.08333333333333333,0.08333333333333333,0.38961038961038963,0.0,0,0,0,0.0,0.14285714285714285,0.12159987576282326,0.07142857142857142,0.07142857142857142,0,0,S1-481652414,S2-69883486,0
0.46875,0.46875,0.14285714285714285,0.14285714285714285,0.26229508196721313,0.0,0,0,0,0.0,0.2,0.16035842297751465,0.0,0.0,1,0,S1-481652414,S2-13797002,0
0.5818181818181818,0.5818181818181818,0.25,0.25,0.26573426573426573,0.0,0,0,0,0.0,0.16666666666666666,0.06460508881485426,0.05555555555555555,0.055555555555555546,0,0,S1-273826809,S2-602534523,0
0.4444444444444444,0.4444444444444444,0.125,0.125,0.24242424242424243,0.0,0,0,0,0.0,0.16666666666666666,0.053700685917250766,0.0,0.0,0,0,S1-273826809,S2-981517288,0
0.5531914893617021,0.5531914893617021,0.15151515151515152,0.15151515151515152,0.2631578947368421,0.0,0,0,0,0.0,0.16666666666666666,0.0439312376809305,0.0,0.0,0,0,S1-273826809,S2-624912550,0
0.5079365079365079,0.5079365079365079,0.13043478260869565,0.13043478260869565,0.23376623376623376,0.0,0,0,0,0.0,0.14285714285714285,0.04391636994702427,0.0,0.0,0,0,S1-273826809,S2-41240352,0
0.5882352941176471,0.5882352941176471,0.23529411764705882,0.23529411764705882,0.29357798165137616,0.0,0,0,0,0.0,0.16666666666666666,0.04703413523420068,0.07692307692307693,0.07692307692307693,0,0,S1-273826809,S2-665688056,0
0.3870967741935484,0.3870967741935484,0.1111111111111111,0.1111111111111111,0.21739130434782608,0.0,0,0,0,0.0,0.125,0.15050676654063447,0.0,0.0,0,0,S1-529441491,S2-602682809,0
0.36363636363636365,0.36363636363636365,0.058823529411764705,0.058823529411764705,0.21739130434782608,0.0,0,0,0,0.0,0.1111111111111111,0.09089456989241265,0.0,0.0,0,0,S1-529441491,S2-803102347,0
0.44776119402985076,0.44776119402985076,0.057692307692307696,0.057692307692307696,0.17073170731707318,0.0,0,0,0,0.0,0.1111111111111111,0.11470269195765667,0.0,0.0,0,0,S1-529441491,S2-404374006,0
0.4406779661016949,0.4406779661016949,0.11627906976744186,0.11627906976744186,0.25925925925925924,0.0,0,0,0,0.0,0.125,0.16772157055599965,0.0,0.0,0,0,S1-529441491,S2-328840353,0
0.39215686274509803,0.39215686274509803,0.07894736842105263,0.07894736842105263,0.19047619047619047,0.0,0,0,0,0.0,0.14285714285714285,0.12101614946998879,0.0,0.0,0,0,S1-529441491,S2-899963654,0
0.37037037037037035,0.37037037037037035,0.024390243902439025,0.024390243902439025,0.3157894736842105,0.0,0,0,0,0.0,0.1111111111111111,0.03400623073751884,0.0,0.0,0,0,S1-216883494,S2-577133785,0
0.29508196721311475,0.29508196721311475,0.0425531914893617,0.0425531914893617,0.3448275862068966,0.0,0,0,0,0.0,0.1111111111111111,0.0329918410772106,0.0,0.0,0,0,S1-216883494,S2-606783663,0
0.3793103448275862,0.3793103448275862,0.022222222222222223,0.022222222222222223,0.3728813559322034,0.0,0,0,0,0.0,0.1111111111111111,0.03240502562998431,0.0,0.0,0,0,S1-216883494,S2-901948399,0
0.5098039215686274,0.5098039215686274,0.02564102564102564,0.02564102564102564,0.3870967741935484,0.0,0,0,0,0.0,0.125,0.043555799801748674,0.0,0.0,0,0,S1-216883494,S2-666013661,0
0.3673469387755102,0.3673469387755102,0.05714285714285714,0.05714285714285714,0.2608695652173913,0.0,0,0,0,0.0,0.125,0.11555181184700548,0.0,0.0,0,0,S1-216883494,S2-721659614,0
0.47619047619047616,0.47619047619047616,0.20454545454545456,0.20454545454545456,0.20833333333333334,0.0,0,0,0,0.0,0.14285714285714285,0.12938642205962708,0.0,0.0,1,0,S1-546325650,S2-744465230,0
0.7368421052631579,0.7368421052631579,0.37142857142857144,0.37142857142857144,0.0,0.0,0,0,0,0.0,0.4,0.48423038621686715,0.0,0.0,0,1,S1-546325650,S2-222897099,0
0.6206896551724138,0.6206896551724138,0.23684210526315788,0.23684210526315788,0.27906976744186046,0.0,0,0,0,0.0,0.14285714285714285,0.13676551940263076,0.0,0.0,0,0,S1-546325650,S2-594607876,0
0.5517241379310345,0.5517241379310345,0.225,0.225,0.2,0.0,0,0,0,0.0,0.16666666666666666,0.17077466197534086,0.0,0.0,0,0,S1-546325650,S2-33560328,0
0.6229508196721312,0.6229508196721312,0.2682926829268293,0.2682926829268293,0.21875,0.0,0,0,0,0.0,0.16666666666666666,0.1825251916735486,0.0,0.0,0,0,S1-546325650,S2-273086785,0
0.40816326530612246,0.40816326530612246,0.1388888888888889,0.1388888888888889,0.4371584699453552,0.0,0,0,0,0.0,0.2,0.19516563818598634,0.125,0.12499999999999997,0,0,S1-120947315,S2-806107001,0
0.6,0.6,0.2222222222222222,0.2222222222222222,0.3037974683544304,0.0,0,0,0,0.0,0.2,0.17943726018940992,0.04,0.03999999999999999,0,0,S1-120947315,S2-402669821,0
0.5,0.5,0.16666666666666666,0.16666666666666666,0.272108843537415,0.0,0,0,0,0.0,0.25,0.29390202598550086,0.0,0.0,0,0,S1-120947315,S2-970352127,0
0.4864864864864865,0.4864864864864865,0.15384615384615385,0.15384615384615385,0.32710280373831774,0.0,0,0,0,0.0,0.25,0.2173386219973817,0.0967741935483871,0.09677419354838707,0,0,S1-120947315,S2-593445143,0
0.45,0.45,0.14814814814814814,0.14814814814814814,0.4371584699453552,0.0,0,0,0,0.0,0.2,0.24890726523387746,0.125,0.12499999999999997,0,0,S1-120947315,S2-201040866,0
0.358974358974359,0.358974358974359,0.034482758620689655,0.034482758620689655,0.32653061224489793,0.0,0,0,0,0.0,0.16666666666666666,0.05540456520170405,0.0,0.0,0,0,S1-529137899,S2-524112838,0
0.4186046511627907,0.4186046511627907,0.09375,0.09375,0.23529411764705882,0.0,0,0,0,0.0,0.2,0.057533337662513305,0.0,0.0,1,0,S1-529137899,S2-81582302,0
0.4375,0.4375,0.041666666666666664,0.041666666666666664,0.09836065573770492,0.0,0,0,0,0.0,0.25,0.07256355163236182,0.0,0.0,0,0,S1-529137899,S2-686435096,0
0.43902439024390244,0.43902439024390244,0.03225806451612903,0.03225806451612903,0.45901639344262296,0.0,0,0,0,0.0,0.16666666666666666,0.04621012245213581,0.1111111111111111,0.11111111111111113,0,0,S1-529137899,S2-919494113,0
0.3333333333333333,0.3333333333333333,0.02702702702702703,0.02702702702702703,0.25396825396825395,0.0,0,0,0,0.0,0.14285714285714285,0.05084104176425957,0.0,0.0,0,0,S1-529137899,S2-105913255,0
0.5333333333333333,0.5333333333333333,0.15625,0.15625,0.3492063492063492,0.0,0,0,0,0.0,0.2,0.20462750109391123,0.1,0.10000000000000002,0,0,S1-854218548,S2-971293504,0
0.631578947368421,0.631578947368421,0.19230769230769232,0.19230769230769232,0.17857142857142858,0.0,0,0,0,0.0,0.25,0.2581764717346029,0.0,0.0,0,0,S1-854218548,S2-55693914,0
0.4444444444444444,0.4444444444444444,0.15625,0.15625,0.18666666666666668,0.0,0,0,0,0.0,0.2,0.16109710414042827,0.0,0.0,0,0,S1-854218548,S2-566796445,0
0.6206896551724138,0.6206896551724138,0.2777777777777778,0.2777777777777778,0.3561643835616438,0.0,0,0,0,0.0,0.3333333333333333,0.3267867367885248,0.0,0.0,0,0,S1-854218548,S2-758590607,0
0.6666666666666666,0.6666666666666666,0.2631578947368421,0.2631578947368421,0.32142857142857145,0.0,0,0,0,0.0,0.3333333333333333,0.31464588202092136,0.0,0.0,0,0,S1-854218548,S2-449352973,0
0.14634146341463414,0.14634146341463414,0.03125,0.03125,0.3103448275862069,0.0,0,0,0,0.0,0.2,0.06513127561669849,0.0,0.0,0,0,S1-775196546,S2-38420760,0
0.42424242424242425,0.42424242424242425,0.09090909090909091,0.09090909090909091,0.25,0.0,0,0,0,0.0,0.2,0.07620817519071765,0.0,0.0,0,0,S1-775196546,S2-382573687,0
0.43243243243243246,0.43243243243243246,0.03571428571428571,0.03571428571428571,0.0,0.0,0,0,0,0.0,0.2,0.05872828910639615,0.0,0.0,0,1,S1-775196546,S2-801234759,0
0.38095238095238093,0.38095238095238093,0.03125,0.03125,0.31746031746031744,0.0,0,0,0,0.0,0.16666666666666666,0.04587073270046037,0.0,0.0,0,0,S1-775196546,S2-449116066,0
0.35,0.35,0.03333333333333333,0.03333333333333333,0.3939393939393939,0.0,0,0,0,0.0,0.16666666666666666,0.051599190804222095,0.1,0.10000000000000002,0,0,S1-775196546,S2-559424906,0
0.3384615384615385,0.3384615384615385,0.12244897959183673,0.12244897959183673,0.13008130081300814,0.0,0,0,0,0.0,0.14285714285714285,0.044944609411520495,0.0,0.0,0,0,S1-918470320,S2-250732105,0
0.7857142857142857,0.7857142857142857,0.4375,0.4375,0.2893081761006289,0.0,0,0,0,0.0,0.3333333333333333,0.3126100125360037,0.0,0.0,0,0,S1-918470320,S2-240944662,0
0.5901639344262295,0.5901639344262295,0.3076923076923077,0.3076923076923077,0.3380281690140845,0.0,0,0,0,0.0,0.3333333333333333,0.11224390666352811,0.0,0.0,0,0,S1-918470320,S2-481994051,0
0.43373493975903615,0.43373493975903615,0.07692307692307693,0.07692307692307693,0.2097902097902098,0.0,0,0,0,0.0,0.125,0.04565653465633492,0.0,0.0,0,0,S1-918470320,S2-739118929,0
0.676923076923077,0.676923076923077,0.30952380952380953,0.30952380952380953,0.3333333333333333,0.0,0,0,0,0.0,0.3333333333333333,0.14505620695634597,0.05263157894736842,0.052631578947368404,0,0,S1-918470320,S2-10602259,0
0.4,0.4,0.02564102564102564,0.02564102564102564,0.2631578947368421,0.0,0,0,0,0.0,0.16666666666666666,0.06160163858801952,0.0,0.0,0,0,S1-57473501,S2-134577319,0
0.48,0.48,0.02564102564102564,0.02564102564102564,0.27692307692307694,0.0,0,0,0,0.0,0.2,0.07715122034741141,0.0,0.0,0,0,S1-57473501,S2-993041640,0
0.4186046511627907,0.4186046511627907,0.0625,0.0625,0.3384615384615385,0.0,0,0,0,0.0,0.2,0.06074929941519044,0.0,0.0,0,0,S1-57473501,S2-212566296,0
0.43902439024390244,0.43902439024390244,0.03225806451612903,0.03225806451612903,0.19047619047619047,0.0,0,0,0,0.0,0.2,0.06801802173817846,0.0,0.0,0,0,S1-57473501,S2-62163525,0
0.43333333333333335,0.43333333333333335,0.041666666666666664,0.041666666666666664,0.2222222222222222,0.0,0,0,0,0.0,0.16666666666666666,0.05979912846582652,0.0,0.0,0,0,S1-57473501,S2-116506836,0
0.5,0.5,0.14285714285714285,0.14285714285714285,0.22950819672131148,0.0,0,0,0,0.0,0.2,0.19898110255282422,0.0,0.0,0,0,S1-42978774,S2-287236088,0
0.6206896551724138,0.6206896551724138,0.29411764705882354,0.29411764705882354,0.0784313725490196,0.0,0,0,0,0.0,0.25,0.23628108113581134,0.1111111111111111,0.11111111111111113,0,0,S1-42978774,S2-881452548,0
0.6666666666666666,0.6666666666666666,0.4375,0.4375,0.1111111111111111,0.0,0,0,0,0.0,0.25,0.274664009624005,0.0,0.0,0,0,S1-42978774,S2-875654390,0
0.5882352941176471,0.5882352941176471,0.17391304347826086,0.17391304347826086,0.32142857142857145,0.0,0,0,0,0.0,0.25,0.2798374151184795,0.0,0.0,0,0,S1-42978774,S2-200183852,0
0.5333333333333333,0.5333333333333333,0.2777777777777778,0.2777777777777778,0.21428571428571427,0.0,0,0,0,0.0,0.25,0.24914400928155447,0.0,0.0,0,0,S1-42978774,S2-783742216,0
1.0,1.0,1.0,1.0,0.928,0.0,0,0,0,0.0,1.0,1.0,0.7,0.7000000000000001,0,0,S1-487452734,S2-257972580,1
0.31746031746031744,0.31746031746031744,0.02,0.02,0.25263157894736843,0.0,0,0,0,0.0,0.1111111111111111,0.034483989238568706,0.0,0.0,0,0,S1-487452734,S2-684442532,0
0.3013698630136986,0.3013698630136986,0.05172413793103448,0.05172413793103448,0.19548872180451127,0.0,0,0,0,0.0,0.1111111111111111,0.03727090080185599,0.0,0.0,0,0,S1-487452734,S2-997253638,0
0.2641509433962264,0.2641509433962264,0.04878048780487805,0.04878048780487805,0.20618556701030927,0.0,0,0,0,0.0,0.14285714285714285,0.04881347846210794,0.0,0.0,0,0,S1-487452734,S2-492836642,0
0.3287671232876712,0.3287671232876712,0.034482758620689655,0.034482758620689655,0.24793388429752067,0.0,0,0,0,0.0,0.1,0.035345012821467174,0.0,0.0,0,0,S1-487452734,S2-49984870,0
0.32142857142857145,0.32142857142857145,0.022222222222222223,0.022222222222222223,0.3125,0.0,0,0,0,0.0,0.14285714285714285,0.04259239493266787,0.07692307692307693,0.07692307692307693,0,0,S1-487452734,S2-18771302,0
0.46808510638297873,0.46808510638297873,0.15151515151515152,0.15151515151515152,0.1568627450980392,0.0,0,0,0,0.0,0.16666666666666666,0.05200168796719493,0.0,0.0,0,0,S1-999063329,S2-964246343,0
0.6461538461538462,0.6461538461538462,0.27906976744186046,0.27906976744186046,0.0,0.0,0,0,0,0.0,0.3333333333333333,0.14565652816576757,0.0,0.0,0,1,S1-999063329,S2-639689399,0
0.7142857142857143,0.7142857142857143,0.35294117647058826,0.35294117647058826,0.2,0.0,0,0,0,0.0,0.3333333333333333,0.11486435412952138,0.0,0.0,0,0,S1-999063329,S2-246374149,0
0.5277777777777778,0.5277777777777778,0.25,0.25,0.17391304347826086,0.0,0,0,0,0.0,0.2857142857142857,0.09383775415689521,0.0,0.0,0,0,S1-999063329,S2-462197319,0
0.4838709677419355,0.4838709677419355,0.23809523809523808,0.23809523809523808,0.27450980392156865,0.0,0,0,0,0.0,0.3333333333333333,0.13129457312316015,0.0,0.0,0,0,S1-999063329,S2-949772451,0
0.5365853658536586,0.5365853658536586,0.21428571428571427,0.21428571428571427,0.3389830508474576,0.0,0,0,0,0.0,0.25,0.21108718552077266,0.0,0.0,0,0,S1-28278850,S2-151554019,0
0.5625,0.5625,0.08695652173913043,0.08695652173913043,0.3333333333333333,0.0,0,0,0,0.0,0.25,0.28651291445948457,0.0,0.0,0,0,S1-28278850,S2-359768883,0
0.6,0.6,0.32,0.32,0.38961038961038963,0.0,0,0,0,0.0,0.25,0.18926219265093355,0.0,0.0,0,0,S1-28278850,S2-423210686,0
0.5,0.5,0.18181818181818182,0.18181818181818182,0.3939393939393939,0.0,0,0,0,0.0,0.16666666666666666,0.1945160261961617,0.0,0.0,1,0,S1-28278850,S2-400067282,0
0.5789473684210527,0.5789473684210527,0.25,0.25,0.2727272727272727,0.0,0,0,0,0.0,0.2,0.19619749799375272,0.0,0.0,1,0,S1-28278850,S2-388804873,0
0.4528301886792453,0.4528301886792453,0.15384615384615385,0.15384615384615385,0.26666666666666666,0.0,0,0,0,0.0,0.2,0.10541521518940135,0.0,0.0,0,0,S1-396980960,S2-745372292,0
0.46511627906976744,0.46511627906976744,0.25925925925925924,0.25925925925925924,0.08955223880597014,0.0,0,0,0,0.0,0.16666666666666666,0.11524600010960406,0.0,0.0,0,0,S1-396980960,S2-11021943,0
0.5238095238095238,0.5238095238095238,0.21428571428571427,0.21428571428571427,0.2898550724637681,0.0,0,0,0,0.0,0.25,0.11491625378649166,0.0,0.0,0,0,S1-396980960,S2-514835775,0
0.5789473684210527,0.5789473684210527,0.2916666666666667,0.2916666666666667,0.35135135135135137,0.0,0,0,0,0.0,0.25,0.13575662487319679,0.0,0.0,0,0,S1-396980960,S2-316380934,0
0.5925925925925926,0.5925925925925926,0.4,0.4,0.26666666666666666,0.0,0,0,0,0.0,0.3333333333333333,0.16064936676423758,0.0,0.0,0,0,S1-396980960,S2-329632644,0
0.5517241379310345,0.5517241379310345,0.15789473684210525,0.15789473684210525,0.17543859649122806,0.0,0,0,0,0.0,0.25,0.23340326259610297,0.0,0.0,0,0,S1-883492372,S2-418890126,0
0.625,0.625,0.21052631578947367,0.21052631578947367,0.13559322033898305,0.0,0,0,0,0.0,0.2,0.20741718602857137,0.0,0.0,0,0,S1-883492372,S2-359437654,0
0.4117647058823529,0.4117647058823529,0.13043478260869565,0.13043478260869565,0.26865671641791045,0.0,0,0,0,0.0,0.2,0.19504010039332548,0.0,0.0,0,0,S1-883492372,S2-499619183,0
0.4117647058823529,0.4117647058823529,0.125,0.125,0.125,0.0,0,0,0,0.0,0.25,0.24334265378970027,0.0,0.0,0,0,S1-883492372,S2-997470615,0
0.4117647058823529,0.4117647058823529,0.13043478260869565,0.13043478260869565,0.17647058823529413,0.0,0,0,0,0.0,0.2,0.18295284766573383,0.0,0.0,0,0,S1-883492372,S2-467891936,0
0.5405405405405406,0.5405405405405406,0.19230769230769232,0.19230769230769232,0.2875,0.0,0,0,0,0.0,0.1111111111111111,0.03692429033228356,0.041666666666666664,0.04166666666666666,0,0,S1-155457876,S2-185842439,0
0.37681159420289856,0.37681159420289856,0.09433962264150944,0.09433962264150944,0.22972972972972974,0.0,0,0,0,0.0,0.125,0.044435107497051936,0.1,0.09999999999999998,0,0,S1-155457876,S2-278123685,0
0.4482758620689655,0.4482758620689655,0.14634146341463414,0.14634146341463414,0.3236994219653179,0.0,0,0,0,0.0,0.125,0.050292592617515036,0.0,0.0,0,0,S1-155457876,S2-688511806,0
0.4406779661016949,0.4406779661016949,0.11363636363636363,0.11363636363636363,0.27672955974842767,0.0,0,0,0,0.0,0.14285714285714285,0.04585078564146949,0.043478260869565216,0.04347826086956521,1,0,S1-155457876,S2-170834471,0
0.28205128205128205,0.28205128205128205,0.08196721311475409,0.08196721311475409,0.2,0.0,0,0,0,0.0,0.1111111111111111,0.04414969480230459,0.0,0.0,0,0,S1-155457876,S2-684706091,0
0.45901639344262296,0.45901639344262296,0.11904761904761904,0.11904761904761904,0.25925925925925924,0.0,0,0,0,0.0,0.2,0.0883178853116233,0.0,0.0,0,0,S1-117107134,S2-729897351,0
0.4745762711864407,0.4745762711864407,0.0975609756097561,0.0975609756097561,0.3442622950819672,0.0,0,0,0,0.0,0.125,0.07513675852958882,0.0,0.0,0,0,S1-117107134,S2-559888139,0
0.39285714285714285,0.39285714285714285,0.046511627906976744,0.046511627906976744,0.16666666666666666,0.0,0,0,0,0.0,0.2857142857142857,0.13149033238585975,0.0,0.0,0,0,S1-117107134,S2-565217049,0
0.4782608695652174,0.4782608695652174,0.12903225806451613,0.12903225806451613,0.21782178217821782,0.0,0,0,0,0.0,0.2857142857142857,0.1253988131503581,0.0,0.0,0,0,S1-117107134,S2-914638135,0
0.4067796610169492,0.4067796610169492,0.045454545454545456,0.045454545454545456,0.08602150537634409,0.0,0,0,0,0.0,0.1111111111111111,0.04424410650314407,0.0,0.0,0,0,S1-117107134,S2-949609589,0
0.3548387096774194,0.3548387096774194,0.06666666666666667,0.06666666666666667,0.38596491228070173,0.0,0,0,0,0.0,0.14285714285714285,0.059415077235204915,0.1,0.10000000000000002,0,0,S1-209121151,S2-538184111,0
0.5142857142857142,0.5142857142857142,0.038461538461538464,0.038461538461538464,0.25806451612903225,0.0,0,0,0,0.0,0.2,0.05801564717612046,0.0,0.0,0,0,S1-209121151,S2-190359002,0
0.32,0.32,0.02564102564102564,0.02564102564102564,0.3076923076923077,0.0,0,0,0,0.0,0.16666666666666666,0.05054700228636416,0.0,0.0,0,0,S1-209121151,S2-512540505,0
0.46153846153846156,0.46153846153846156,0.07692307692307693,0.07692307692307693,0.3389830508474576,0.0,0,0,0,0.0,0.14285714285714285,0.04205729049954005,0.0,0.0,0,0,S1-209121151,S2-192243228,0
0.375,0.375,0.05555555555555555,0.05555555555555555,0.2711864406779661,0.0,0,0,0,0.0,0.14285714285714285,0.04746990278110932,0.0,0.0,0,0,S1-209121151,S2-156600091,0
0.5964912280701754,0.5964912280701754,0.34285714285714286,0.34285714285714286,0.27692307692307694,0.0,0,0,0,0.0,0.3333333333333333,0.12156535153611339,0.0,0.0,0,0,S1-690455252,S2-493250458,0
0.6551724137931034,0.6551724137931034,0.3333333333333333,0.3333333333333333,0.4,0.0,0,0,0,0.0,0.3333333333333333,0.14311371009992072,0.08333333333333333,0.08333333333333334,0,0,S1-690455252,S2-877245825,0
0.6461538461538462,0.6461538461538462,0.2857142857142857,0.2857142857142857,0.20952380952380953,0.0,0,0,0,0.0,0.2857142857142857,0.1076368839289737,0.0,0.0,0,0,S1-690455252,S2-872784557,0
0.5106382978723404,0.5106382978723404,0.15151515151515152,0.15151515151515152,0.3389830508474576,0.0,0,0,0,0.0,0.16666666666666666,0.05760752311918609,0.0,0.0,0,0,S1-690455252,S2-621769052,0
0.5666666666666667,0.5666666666666667,0.32432432432432434,0.32432432432432434,0.19047619047619047,0.0,0,0,0,0.0,0.2857142857142857,0.09497700215314801,0.0,0.0,0,0,S1-690455252,S2-544069373,0
0.36363636363636365,0.36363636363636365,0.04,0.04,0.27692307692307694,0.0,0,0,0,0.0,0.25,0.06613722018422448,0.0,0.0,0,0,S1-828056863,S2-542695416,0
0.4067796610169492,0.4067796610169492,0.041666666666666664,0.041666666666666664,0.2711864406779661,0.0,0,0,0,0.0,0.16666666666666666,0.04250543376364313,0.09090909090909091,0.09090909090909093,0,0,S1-828056863,S2-882091356,0
0.3673469387755102,0.3673469387755102,0.025,0.025,0.3508771929824561,0.0,0,0,0,0.0,0.2,0.05203230714591972,0.0,0.0,0,0,S1-828056863,S2-351559824,0
0.35,0.35,0.03225806451612903,0.03225806451612903,0.2608695652173913,0.0,0,0,0,0.0,0.2,0.04949989652778403,0.0,0.0,0,0,S1-828056863,S2-21108745,0
0.3783783783783784,0.3783783783783784,0.03571428571428571,0.03571428571428571,0.29333333333333333,0.0,0,0,0,0.0,0.2,0.05104452842092545,0.0,0.0,0,0,S1-828056863,S2-47792029,0
0.43636363636363634,0.43636363636363634,0.022727272727272728,0.022727272727272728,0.2222222222222222,0.0,0,0,0,0.0,0.14285714285714285,0.04313345379440116,0.0,0.0,0,0,S1-879045948,S2-944853638,0
0.12244897959183673,0.12244897959183673,0.02631578947368421,0.02631578947368421,0.3076923076923077,0.0,0,0,0,0.0,0.14285714285714285,0.044022411444212074,0.0,0.0,0,0,S1-879045948,S2-388212979,0
0.4186046511627907,0.4186046511627907,0.030303030303030304,0.030303030303030304,0.3389830508474576,0.0,0,0,0,0.0,0.16666666666666666,0.05016417212727079,0.0,0.0,1,0,S1-879045948,S2-973519327,0
0.4230769230769231,0.4230769230769231,0.024390243902439025,0.024390243902439025,0.1694915254237288,0.0,0,0,0,0.0,0.14285714285714285,0.03660022619493926,0.0,0.0,0,0,S1-879045948,S2-205386241,0
0.2909090909090909,0.2909090909090909,0.022727272727272728,0.022727272727272728,0.27586206896551724,0.0,0,0,0,0.0,0.14285714285714285,0.03938865047483518,0.0,0.0,0,0,S1-879045948,S2-368623790,0
0.23333333333333334,0.23333333333333334,0.08695652173913043,0.08695652173913043,0.22950819672131148,0.0,0,0,0,0.0,0.14285714285714285,0.12181613076820633,0.0,0.0,0,0,S1-258046712,S2-279415508,0
0.4444444444444444,0.4444444444444444,0.0975609756097561,0.0975609756097561,0.20689655172413793,0.0,0,0,0,0.0,0.16666666666666666,0.16947055385815768,0.0,0.0,1,0,S1-258046712,S2-191185076,0
0.5,0.5,0.17391304347826086,0.17391304347826086,0.23333333333333334,0.0,0,0,0,0.0,0.14285714285714285,0.12048400923572894,0.0,0.0,0,0,S1-258046712,S2-330340269,0
0.32727272727272727,0.32727272727272727,0.06976744186046512,0.06976744186046512,0.36363636363636365,0.0,0,0,0,0.0,0.16666666666666666,0.10619312356370011,0.0,0.0,0,0,S1-258046712,S2-695955535,0
0.3333333333333333,0.3333333333333333,0.058823529411764705,0.058823529411764705,0.3492063492063492,0.0,0,0,0,0.0,0.1111111111111111,0.06172915975398834,0.1111111111111111,0.11111111111111113,0,0,S1-258046712,S2-869749926,0
0.8787878787878788,0.8787878787878788,0.9230769230769231,0.9230769230769231,0.9387755102040817,1.0,1,1,3,0.0,1.0,1.0,1.0,1.0,0,0,S1-311056260,S2-639505346,1
0.4927536231884058,0.4927536231884058,0.20833333333333334,0.20833333333333334,0.18823529411764706,0.0,0,0,0,0.0,0.2857142857142857,0.08458527537955565,0.0,0.0,0,0,S1-311056260,S2-261849952,0
0.6896551724137931,0.6896551724137931,0.3333333333333333,0.3333333333333333,0.2803738317757009,0.0,0,0,0,0.0,0.3333333333333333,0.10339459082738216,0.0,0.0,0,0,S1-311056260,S2-983785059,0
0.4528301886792453,0.4528301886792453,0.1282051282051282,0.1282051282051282,0.24561403508771928,0.0,0,0,0,0.0,0.16666666666666666,0.053751027821333106,0.0,0.0,0,0,S1-311056260,S2-655317822,0
0.37735849056603776,0.37735849056603776,0.1282051282051282,0.1282051282051282,0.11764705882352941,0.0,0,0,0,0.0,0.16666666666666666,0.06113703573739079,0.0,0.0,0,0,S1-311056260,S2-335289219,0
0.45614035087719296,0.45614035087719296,0.175,0.175,0.27450980392156865,0.0,0,0,0,0.0,0.14285714285714285,0.04536655927842147,0.0,0.0,0,0,S1-311056260,S2-363862307,0
0.5925925925925926,0.5925925925925926,0.1891891891891892,0.1891891891891892,0.28,0.0,0,0,0,0.0,0.14285714285714285,0.15824812838597796,0.0,0.0,1,0,S1-550367593,S2-926027524,0
0.5,0.5,0.16666666666666666,0.16666666666666666,0.3333333333333333,0.0,0,0,0,0.0,0.2,0.17596528166837033,0.0,0.0,0,0,S1-550367593,S2-387746385,0
0.41379310344827586,0.41379310344827586,0.11627906976744186,0.11627906976744186,0.22580645161290322,0.0,0,0,0,0.0,0.14285714285714285,0.16299439018250472,0.0,0.0,0,0,S1-550367593,S2-893010320,0
0.4528301886792453,0.4528301886792453,0.10256410256410256,0.10256410256410256,0.21951219512195122,0.0,0,0,0,0.0,0.14285714285714285,0.16144458320250651,0.0,0.0,0,0,S1-550367593,S2-209561815,0
0.6363636363636364,0.6363636363636364,0.2413793103448276,0.2413793103448276,0.3050847457627119,0.0,0,0,0,0.0,0.2,0.18728002493439427,0.0,0.0,0,0,S1-550367593,S2-677804342,0
0.5,0.5,0.20833333333333334,0.20833333333333334,0.2028985507246377,0.0,0,0,0,0.0,0.25,0.30761068111593864,0.0,0.0,0,0,S1-888749614,S2-527033110,0
0.4406779661016949,0.4406779661016949,0.14285714285714285,0.14285714285714285,0.23529411764705882,0.0,0,0,0,0.0,0.16666666666666666,0.17951894076963404,0.0,0.0,0,0,S1-956479481,S2-25878969,0
0.4074074074074074,0.4074074074074074,0.13157894736842105,0.13157894736842105,0.16666666666666666,0.0,0,0,0,0.0,0.16666666666666666,0.18349467261233146,0.0,0.0,0,0,S1-956479481,S2-219548729,0
0.5909090909090909,0.5909090909090909,0.25925925925925924,0.25925925925925924,0.27906976744186046,0.0,0,0,0,0.0,0.2,0.19860378140467896,0.0,0.0,0,0,S1-956479481,S2-863834473,0
0.32727272727272727,0.32727272727272727,0.1,0.1,0.26229508196721313,0.0,0,0,0,0.0,0.16666666666666666,0.13424109764601702,0.0,0.0,0,0,S1-956479481,S2-460003161,0
0.3829787234042553,0.3829787234042553,0.12121212121212122,0.12121212121212122,0.18518518518518517,0.0,0,0,0,0.0,0.2,0.1957196386302128,0.0,0.0,0,0,S1-956479481,S2-722663237,0
0.4642857142857143,0.4642857142857143,0.175,0.175,0.21428571428571427,0.0,0,0,0,0.0,0.16666666666666666,0.1417655482758406,0.041666666666666664,0.04166666666666666,0,0,S1-570019816,S2-550409247,0
0.4782608695652174,0.4782608695652174,0.22580645161290322,0.22580645161290322,0.25806451612903225,0.0,0,0,0,0.0,0.2,0.14601749046997844,0.0,0.0,0,0,S1-570019816,S2-881842940,0
0.5161290322580645,0.5161290322580645,0.18181818181818182,0.18181818181818182,0.1836734693877551,0.0,0,0,0,0.0,0.14285714285714285,0.11820770474608268,0.0,0.0,0,0,S1-570019816,S2-175789420,0
0.38235294117647056,0.38235294117647056,0.16326530612244897,0.16326530612244897,0.2222222222222222,0.0,0,0,0,0.0,0.14285714285714285,0.1217765095976639,0.0,0.0,0,0,S1-570019816,S2-385569092,0
0.4583333333333333,0.4583333333333333,0.21212121212121213,0.21212121212121213,0.1956521739130435,0.0,0,0,0,0.0,0.2,0.14200515961473573,0.0,0.0,0,0,S1-570019816,S2-862752033,0
0.2926829268292683,0.2926829268292683,0.03225806451612903,0.03225806451612903,0.32786885245901637,0.0,0,0,0,0.0,0.16666666666666666,0.048167804232922586,0.0,0.0,0,0,S1-367034939,S2-300268528,0
0.43243243243243246,0.43243243243243246,0.03571428571428571,0.03571428571428571,0.125,0.0,0,0,0,0.0,0.2,0.062340979438948924,0.0,0.0,1,0,S1-367034939,S2-314078965,0
0.23076923076923078,0.23076923076923078,0.024390243902439025,0.024390243902439025,0.3389830508474576,0.0,0,0,0,0.0,0.14285714285714285,0.04167583719220725,0.0,0.0,0,0,S1-367034939,S2-587749943,0
0.14634146341463414,0.14634146341463414,0.03125,0.03125,0.2962962962962963,0.0,0,0,0,0.0,0.2,0.04640091645534112,0.0,0.0,0,0,S1-367034939,S2-402896666,0
0.45454545454545453,0.45454545454545453,0.07142857142857142,0.07142857142857142,0.13793103448275862,0.0,0,0,0,0.0,0.25,0.06412323489401742,0.0,0.0,0,0,S1-367034939,S2-897071167,0
0.37037037037037035,0.37037037037037035,0.023255813953488372,0.023255813953488372,0.3,0.0,0,0,0,0.0,0.14285714285714285,0.06197625258758824,0.0,0.0,0,0,S1-935363185,S2-582731905,0
0.4642857142857143,0.4642857142857143,0.022727272727272728,0.022727272727272728,0.3380281690140845,0.0,0,0,0,0.0,0.125,0.05323651647605393,0.0,0.0,0,0,S1-935363185,S2-684212653,0
0.38461538461538464,0.38461538461538464,0.07692307692307693,0.07692307692307693,0.3492063492063492,0.0,0,0,0,0.0,0.14285714285714285,0.06677411740509594,0.0,0.0,0,0,S1-935363185,S2-286315108,0
0.36666666666666664,0.36666666666666664,0.02127659574468085,0.02127659574468085,0.25806451612903225,0.0,0,0,0,0.0,0.1111111111111111,0.04109399333188827,0.0,0.0,0,0,S1-935363185,S2-203983532,0
0.5507246376811594,0.5507246376811594,0.16326530612244897,0.16326530612244897,0.2903225806451613,0.0,0,0,0,0.0,0.1111111111111111,0.12290986639321577,0.0,0.0,0,0,S1-935363185,S2-145204119,0
0.5365853658536586,0.5365853658536586,0.2,0.2,0.18461538461538463,0.0,0,0,0,0.0,0.125,0.11301078615895023,0.0,0.0,0,0,S1-708304519,S2-109968191,0
0.1875,0.1875,0.043478260869565216,0.043478260869565216,0.25806451612903225,0.0,0,0,0,0.0,0.2,0.17676396787329157,0.0,0.0,0,0,S1-708304519,S2-52735273,0
0.47058823529411764,0.47058823529411764,0.25,0.25,0.5517241379310345,0.0,0,0,0,0.0,0.16666666666666666,0.14396951713700187,0.1111111111111111,0.11111111111111113,0,0,S1-708304519,S2-309543912,0
0.36363636363636365,0.36363636363636365,0.1,0.1,0.2857142857142857,0.0,0,0,0,0.0,0.125,0.14147502970240097,0.0,0.0,0,0,S1-708304519,S2-709994826,0
0.29411764705882354,0.29411764705882354,0.041666666666666664,0.041666666666666664,0.5161290322580645,0.0,0,0,0,0.0,0.16666666666666666,0.16512802319237163,0.25,0.25000000000000006,0,0,S1-708304519,S2-872149441,0
0.5555555555555556,0.5555555555555556,0.08333333333333333,0.08333333333333333,1.0,1.0,1,1,2,0.0,0.0,0.0,1.0,1.0,0,0,S1-408396709,S2-761758468,1
0.5,0.5,0.05,0.05,0.3132530120481928,0.0,0,0,0,0.0,0.25,0.2580211261675,0.0,0.0,0,0,S1-408396709,S2-639024445,0
0.3870967741935484,0.3870967741935484,0.045454545454545456,0.045454545454545456,0.1791044776119403,0.0,0,0,0,0.0,0.2,0.20137695476701267,0.0,0.0,0,0,S1-408396709,S2-517929064,0
0.34285714285714286,0.34285714285714286,0.038461538461538464,0.038461538461538464,0.23684210526315788,0.0,0,0,0,0.0,0.2,0.1726763000828545,0.0,0.0,0,0,S1-408396709,S2-420671866,0
0.3783783783783784,0.3783783783783784,0.03571428571428571,0.03571428571428571,0.34285714285714286,0.0,0,0,0,0.0,0.2,0.23278279651056155,0.0,0.0,0,0,S1-408396709,S2-741639927,0
0.3076923076923077,0.3076923076923077,0.03333333333333333,0.03333333333333333,0.21875,0.0,0,0,0,0.0,0.2,0.14557423988119336,0.0,0.0,0,0,S1-408396709,S2-797861282,0
0.2033898305084746,0.2033898305084746,0.13333333333333333,0.13333333333333333,0.2153846153846154,0.0,0,0,0,0.0,0.2,0.18472058628374446,0.0,0.0,0,0,S1-206563895,S2-17316521,0
0.625,0.625,0.47058823529411764,0.47058823529411764,0.29850746268656714,0.0,0,0,0,0.0,0.3333333333333333,0.3842326856244595,0.0,0.0,0,0,S1-206563895,S2-314070805,0
0.4878048780487805,0.4878048780487805,0.13793103448275862,0.13793103448275862,0.3684210526315789,0.0,0,0,0,0.0,0.2,0.1774574552438195,0.0,0.0,0,0,S1-206563895,S2-735788494,0
0.3333333333333333,0.3333333333333333,0.16,0.16,0.17647058823529413,0.0,0,0,0,0.0,0.25,0.23036482252129398,0.0,0.0,0,0,S1-206563895,S2-974798786,0
0.34782608695652173,0.34782608695652173,0.11764705882352941,0.11764705882352941,0.24615384615384617,0.0,0,0,0,0.0,0.2,0.18023350049278844,0.0,0.0,0,0,S1-206563895,S2-177988756,0
0.5769230769230769,0.5769230769230769,0.13513513513513514,0.13513513513513514,0.3076923076923077,0.0,0,0,0,0.0,0.14285714285714285,0.060493430234126504,0.05555555555555555,0.055555555555555546,0,0,S1-801436330,S2-110601145,0
0.43137254901960786,0.43137254901960786,0.13513513513513514,0.13513513513513514,0.2905027932960894,0.25,1,1,1,0.0,0.16666666666666666,0.05662989582554222,0.03571428571428571,0.0357142857142857,0,0,S1-801436330,S2-553838667,0
0.5454545454545454,0.5454545454545454,0.15789473684210525,0.15789473684210525,0.23943661971830985,0.0,0,0,0,0.0,0.125,0.049692792925990596,0.043478260869565216,0.04347826086956521,0,0,S1-801436330,S2-18633864,0
0.723404255319149,0.6206896551724138,0.46153846153846156,0.34285714285714286,0.25,0.0,0,0,0,0.0,0.4,0.1761354191973212,0.07142857142857142,0.07142857142857142,1,0,S1-801436330,S2-711928545,0
0.5454545454545454,0.5454545454545454,0.125,0.125,0.1981981981981982,0.0,0,0,0,0.0,0.14285714285714285,0.049185665818912504,0.0,0.0,1,0,S1-801436330,S2-458097277,0
0.4,0.4,0.2,0.2,0.3728813559322034,0.0,0,0,0,0.0,0.14285714285714285,0.20616158951042415,0.0,0.0,0,0,S1-12393721,S2-720113818,0
0.5,0.5,0.13636363636363635,0.13636363636363635,0.2727272727272727,0.0,0,0,0,0.0,0.25,0.2958797477431464,0.0,0.0,0,0,S1-12393721,S2-304404558,0
0.42105263157894735,0.42105263157894735,0.16,0.16,0.2545454545454545,0.0,0,0,0,0.0,0.16666666666666666,0.23102681562002603,0.0,0.0,0,0,S1-12393721,S2-247083967,0
0.5,0.5,0.13636363636363635,0.13636363636363635,0.3188405797101449,0.0,0,0,0,0.0,0.25,0.2958797477431464,0.0,0.0,0,0,S1-12393721,S2-483453128,0
0.5714285714285714,0.5714285714285714,0.16666666666666666,0.16666666666666666,0.3225806451612903,0.0,0,0,0,0.0,0.25,0.3047235338924487,0.0,0.0,0,0,S1-12393721,S2-110084330,0
0.9428571428571428,0.9428571428571428,0.9032258064516129,0.9032258064516129,0.9523809523809523,1.0,1,1,4,1.0,0.8,0.9136557263809937,0.6666666666666666,0.6666666666666667,0,0,S1-521511308,S2-487620522,1
0.7397260273972602,0.7397260273972602,0.5897435897435898,0.5897435897435898,0.9523809523809523,1.0,1,1,4,1.0,0.5,0.4475726916070644,0.6666666666666666,0.6666666666666667,0,0,S1-521511308,S2-751866437,1
0.3137254901960784,0.3137254901960784,0.025,0.025,0.19672131147540983,0.0,0,0,0,0.0,0.14285714285714285,0.0504203120731588,0.0,0.0,0,0,S1-521511308,S2-931070798,0
0.40625,0.40625,0.019230769230769232,0.019230769230769232,0.3333333333333333,0.0,0,0,0,0.0,0.125,0.038129215406856605,0.0,0.0,0,0,S1-521511308,S2-286435563,0
0.38461538461538464,0.38461538461538464,0.024390243902439025,0.024390243902439025,0.14925373134328357,0.0,0,0,0,0.0,0.14285714285714285,0.05010581488354859,0.0,0.0,0,0,S1-521511308,S2-856768948,0
0.2857142857142857,0.2857142857142857,0.017241379310344827,0.017241379310344827,0.25806451612903225,0.0,0,0,0,0.0,0.125,0.043368817607956335,0.0,0.0,0,0,S1-521511308,S2-615525274,0
0.16666666666666666,0.16666666666666666,0.020833333333333332,0.020833333333333332,0.24242424242424243,0.0,0,0,0,0.0,0.125,0.04644406312129248,0.0,0.0,0,0,S1-521511308,S2-206826872,0
0.3404255319148936,0.3404255319148936,0.02702702702702703,0.02702702702702703,0.36065573770491804,0.0,0,0,0,0.0,0.16666666666666666,0.056099426277233876,0.1111111111111111,0.11111111111111113,0,0,S1-446341682,S2-458706754,0
0.32653061224489793,0.32653061224489793,0.03125,0.03125,0.4126984126984127,0.0,0,0,0,0.0,0.2,0.06572199015457175,0.0,0.0,0,0,S1-446341682,S2-828947992,0
0.2641509433962264,0.2641509433962264,0.05,0.05,0.16666666666666666,0.0,0,0,0,0.0,0.125,0.0432206134294219,0.0,0.0,0,0,S1-446341682,S2-884001566,0
0.34146341463414637,0.34146341463414637,0.03225806451612903,0.03225806451612903,0.4,0.0,0,0,0,0.0,0.16666666666666666,0.05392922699038855,0.0,0.0,0,0,S1-446341682,S2-934482689,0
0.32653061224489793,0.32653061224489793,0.02564102564102564,0.02564102564102564,0.28125,0.0,0,0,0,0.0,0.16666666666666666,0.054094818547302116,0.0,0.0,0,0,S1-446341682,S2-920451983,0
0.21818181818181817,0.21818181818181817,0.023255813953488372,0.023255813953488372,0.24615384615384617,0.0,0,0,0,0.0,0.125,0.044008312602823375,0.0,0.0,0,0,S1-524316514,S2-510361505,0
0.36363636363636365,0.36363636363636365,0.029411764705882353,0.029411764705882353,0.24615384615384617,0.0,0,0,0,0.0,0.16666666666666666,0.06475318464256216,0.0,0.0,1,0,S1-524316514,S2-707039857,0
0.4230769230769231,0.4230769230769231,0.05,0.05,0.20588235294117646,0.0,0,0,0,0.0,0.14285714285714285,0.061745744481995116,0.0,0.0,0,0,S1-524316514,S2-197066094,0
0.32558139534883723,0.32558139534883723,0.03225806451612903,0.03225806451612903,0.24242424242424243,0.0,0,0,0,0.0,0.125,0.05084244279533683,0.08333333333333333,0.08333333333333334,0,0,S1-524316514,S2-687524234,0
0.11538461538461539,0.11538461538461539,0.024390243902439025,0.024390243902439025,0.19672131147540983,0.0,0,0,0,0.0,0.14285714285714285,0.06200827925309359,0.0,0.0,0,0,S1-524316514,S2-495663971,0
0.3508771929824561,0.3508771929824561,0.02127659574468085,0.02127659574468085,0.3283582089552239,0.0,0,0,0,0.0,0.16666666666666666,0.0757527691499935,0.0,0.0,0,0,S1-866813430,S2-898057563,0
0.3333333333333333,0.3333333333333333,0.027777777777777776,0.027777777777777776,0.27586206896551724,0.0,0,0,0,0.0,0.125,0.051871122749034104,0.1111111111111111,0.11111111111111113,0,0,S1-866813430,S2-170894125,0
0.2916666666666667,0.2916666666666667,0.02702702702702703,0.02702702702702703,0.34615384615384615,0.0,0,0,0,0.0,0.16666666666666666,0.074882799266177,0.0,0.0,0,0,S1-866813430,S2-965794187,0
0.3137254901960784,0.3137254901960784,0.05128205128205128,0.05128205128205128,0.25,0.0,0,0,0,0.0,0.14285714285714285,0.05304737332461495,0.0,0.0,0,0,S1-866813430,S2-486113213,0
0.35294117647058826,0.35294117647058826,0.04,0.04,0.2857142857142857,0.0,0,0,0,0.0,0.2,0.08533607244786265,0.0,0.0,0,0,S1-866813430,S2-505691011,0
0.4782608695652174,0.4782608695652174,0.22580645161290322,0.22580645161290322,0.29850746268656714,0.0,0,0,0,0.0,0.2,0.21714455787565692,0.0,0.0,0,0,S1-866560305,S2-742504519,0
0.631578947368421,0.631578947368421,0.28,0.28,0.23333333333333334,0.0,0,0,0,0.0,0.3333333333333333,0.2606759338916686,0.0,0.0,0,0,S1-866560305,S2-230726834,0
0.5581395348837209,0.5581395348837209,0.25,0.25,0.4067796610169492,0.0,0,0,0,0.0,0.2,0.19189773601486385,0.0,0.0,0,0,S1-866560305,S2-210444709,0
0.5454545454545454,0.5454545454545454,0.23333333333333334,0.23333333333333334,0.18604651162790697,0.0,0,0,0,0.0,0.25,0.20858365646925472,0.0,0.0,0,0,S1-866560305,S2-449031084,0
0.40625,0.40625,0.14893617021276595,0.14893617021276595,0.417910447761194,0.0,0,0,0,0.0,0.16666666666666666,0.15258609547156596,0.0,0.0,0,0,S1-866560305,S2-731749110,0
0.3684210526315789,0.3684210526315789,0.2,0.2,0.09836065573770492,0.0,0,0,0,0.0,0.2,0.16106416268800774,0.0,0.0,0,0,S1-797757663,S2-348620386,0
0.5625,0.5625,0.25,0.25,0.4,0.0,0,0,0,0.0,0.25,0.2097332428919491,0.08333333333333333,0.08333333333333334,0,0,S1-797757663,S2-245080452,0
0.5714285714285714,0.5714285714285714,0.17857142857142858,0.17857142857142858,0.0,0.0,0,0,0,0.0,0.16666666666666666,0.1626863398512127,0.0,0.0,0,1,S1-797757663,S2-580655420,0
0.5454545454545454,0.5454545454545454,0.19047619047619047,0.19047619047619047,0.20689655172413793,0.0,0,0,0,0.0,0.2,0.2458942400041392,0.0,0.0,0,0,S1-797757663,S2-893000310,0
0.28,0.28,0.1388888888888889,0.1388888888888889,0.3157894736842105,0.0,0,0,0,0.0,0.16666666666666666,0.15259953084602776,0.1,0.10000000000000002,0,0,S1-797757663,S2-887626124,0
0.3333333333333333,0.3333333333333333,0.03125,0.03125,0.28169014084507044,0.0,0,0,0,0.0,0.16666666666666666,0.06003439978820712,0.0,0.0,0,0,S1-381372493,S2-267681396,0
0.35294117647058826,0.35294117647058826,0.043478260869565216,0.043478260869565216,0.29850746268656714,0.0,0,0,0,0.0,0.14285714285714285,0.04445891073334921,0.0,0.0,0,0,S1-381372493,S2-712299464,0
0.4897959183673469,0.4897959183673469,0.05405405405405406,0.05405405405405406,0.34782608695652173,0.0,0,0,0,0.0,0.14285714285714285,0.043171993729225,0.0,0.0,0,0,S1-381372493,S2-934478951,0
0.3783783783783784,0.3783783783783784,0.03571428571428571,0.03571428571428571,0.37209302325581395,0.0,0,0,0,0.0,0.2,0.06043220594314476,0.07142857142857142,0.07142857142857142,0,0,S1-381372493,S2-217188577,0
0.3888888888888889,0.3888888888888889,0.037037037037037035,0.037037037037037035,0.2608695652173913,0.0,0,0,0,0.0,0.2,0.05933963041960173,0.0,0.0,0,0,S1-381372493,S2-721593458,0
0.6046511627906976,0.6046511627906976,0.3333333333333333,0.3333333333333333,0.2972972972972973,0.0,0,0,0,0.0,0.25,0.22573411917267122,0.0,0.0,0,0,S1-575519335,S2-140192013,0
0.6341463414634146,0.6341463414634146,0.36,0.36,0.3389830508474576,0.0,0,0,0,0.0,0.25,0.23014841042670545,0.1,0.10000000000000002,0,0,S1-575519335,S2-815313281,0
0.6,0.6,0.2727272727272727,0.2727272727272727,0.3076923076923077,0.0,0,0,0,0.0,0.2,0.19502914555471046,0.0,0.0,0,0,S1-575519335,S2-449717582,0
0.7368421052631579,0.7368421052631579,0.391304347826087,0.391304347826087,0.3448275862068966,0.0,0,0,0,0.0,0.3333333333333333,0.24713711398322163,0.0,0.0,0,0,S1-575519335,S2-569534268,0
0.6976744186046512,0.6976744186046512,0.34615384615384615,0.34615384615384615,0.2857142857142857,0.0,0,0,0,0.0,0.2,0.18833338540608993,0.0,0.0,0,0,S1-575519335,S2-170263663,0
0.5454545454545454,0.5454545454545454,0.15384615384615385,0.15384615384615385,0.26229508196721313,0.0,0,0,0,0.0,0.25,0.2920327749480727,0.0,0.0,0,0,S1-376262970,S2-358098763,0
0.41025641025641024,0.41025641025641024,0.10714285714285714,0.10714285714285714,0.3142857142857143,0.0,0,0,0,0.0,0.2,0.24833149356259263,0.0,0.0,0,0,S1-376262970,S2-408860888,0
0.6153846153846154,0.6153846153846154,0.17647058823529413,0.17647058823529413,0.1791044776119403,0.0,0,0,0,0.0,0.3333333333333333,0.34722518552507514,0.0,0.0,0,0,S1-376262970,S2-247873418,0
0.5714285714285714,0.5714285714285714,0.15789473684210525,0.15789473684210525,0.2077922077922078,0.0,0,0,0,0.0,0.3333333333333333,0.28073779412425776,0.0,0.0,0,0,S1-376262970,S2-735844123,0
0.36363636363636365,0.36363636363636365,0.0967741935483871,0.0967741935483871,0.3287671232876712,0.0,0,0,0,0.0,0.14285714285714285,0.15874449933908966,0.07692307692307693,0.07692307692307693,0,0,S1-376262970,S2-374225408,0
