source1_entity_id	candidate_entity_ids
S1-514158160	S2-252739468,S3-103799872,S2-627752267,S3-978037050,S3-654465079,S2-298115550,S2-36875591,S2-205932165,S2-993237901,S3-663912589,S3-984875193,S3-93741419,S3-447020259,S2-972472873,S2-62938447,S3-27522345,S2-40974415,S3-343645242,S3-753558963,S3-189049675,S3-418480721,S3-397379461,S3-17475387,S2-444361707,S2-624574757,S2-978271261,S3-865149610,S2-461671785,S3-491488235,S2-455746499,S3-355287548,S2-200923811,S3-901752774,S2-382508811,S3-14540008,S3-646203774,S2-169111508,S2-91066880,S2-91388667,S2-158039207,S2-915749070,S2-989471302,S2-618832574,S2-216799574,S2-868220417,S2-216636952,S3-453085211,S2-537754749,S2-207254939,S3-779168518,S2-669490450,S2-896692681,S3-567415339,S3-580168024,S2-483435042,S3-463868203,S3-482678262,S3-990874361,S2-117892030,S2-372399199,S3-101486550,S2-140171633,S2-391747984,S2-458006992,S2-695634107,S2-326068840,S2-398065610,S3-513479264,S3-705728202,S2-490233549,S3-482243611,S3-883121062,S3-162614370,S3-968903300,S2-65030760,S3-332704889,S2-117417540,S2-399624167,S2-460848130,S2-572043704,S2-331267233,S3-339274238,S3-397025722,S2-55338906,S3-168347890,S3-724844935,S2-800093498,S3-570101409,S2-198507033,S2-663828488,S2-992034972,S3-601773751,S2-346763579,S2-520284396,S2-73095315,S2-741716406,S2-78206114,S2-999867749,S3-19418833,S2-756905551
S1-257022623	S3-483769097,S3-719687540,S2-358699430,S2-3172293,S2-389503320,S2-163613241,S2-970922236,S2-3476602,S2-433047852,S2-328103262,S2-210162465,S2-378781607,S3-25926667,S3-576606068,S3-277731787,S3-424484239,S3-82497944,S3-136215450,S3-319281313,S3-31775954,S3-101140629,S3-798092941,S3-680527039,S3-220030248,S3-864112217,S3-659144969,S3-813616545,S3-414827092,S2-39608886,S2-464356728,S3-338270263,S3-187893667,S2-930287308,S2-848004418,S3-62018850,S3-586032667,S2-246708446,S2-870722323,S2-366811105,S3-634334389,S3-581221553,S3-706582583,S3-536050876,S3-915089548,S3-805796220,S3-680176820,S3-214086224,S2-997822911,S2-448106346,S2-448706942,S3-525484925,S3-301827005,S3-522191774,S2-79047557,S2-532125849,S2-518444797,S2-646217172,S2-42145293,S2-525049745,S3-180989146,S3-747950963,S2-148697917,S2-428736639,S2-907596671,S3-106588149,S2-202672055,S2-49346342,S2-884626051,S3-123179262,S2-121836252,S2-887908755,S2-975791872,S3-431704477,S2-280828677,S2-58187451,S2-795709140,S2-289772031,S2-805596388,S2-993941338,S3-550840683,S2-764176311,S3-235378006,S3-358330008,S2-209188312,S2-312532939,S2-367307433,S2-754752956,S2-846459916,S2-893225079,S2-247895702,S2-420048443,S2-814310088,S3-706077376,S2-834578917,S3-608378184,S3-653643867,S2-128945743,S2-160412872,S2-794628086,S3-791926710
S1-814411654	S3-58560174,S2-759920764,S2-737010802,S2-186663731,S2-431133699,S2-593656043,S2-58358419,S2-850738237,S2-570410159,S2-225996419,S2-817193028,S2-391262388,S2-378546626,S2-106824320,S2-210696203,S2-181931466,S2-132886702,S2-943733797,S2-934744634,S2-178239189,S2-9782329,S2-16966069,S2-841265190,S2-685773401,S2-926341004,S2-737611539,S2-385459889,S2-528874305,S2-598867728,S2-695584490,S3-581792224,S3-710707685,S3-570852573,S3-873757715,S3-815465654,S3-509420372,S3-709894337,S3-514452440,S3-131082725,S3-414919665,S3-733766281,S3-953605367,S3-658550440,S3-185343543,S3-638105966,S3-427717603,S3-619131524,S2-66937452,S2-79314424,S2-818564555,S3-245534817,S2-359834741,S2-165502969,S2-468867715,S2-854564958,S2-772608595,S2-811701209,S2-656670036,S2-177989411,S2-620581808,S2-352124309,S3-654517236,S3-394829138,S2-425366509,S3-791932308,S3-628230178,S2-532212011,S3-630089545,S2-325888114,S3-616182751,S2-53677658,S2-88814494,S3-547635750,S2-195437481,S2-30614033,S2-392829436,S3-61128437,S2-545742857,S2-840157505,S3-527051182,S2-944761817,S2-948117284,S2-134285032,S3-490821971,S3-543191769,S2-974598445,S3-158802913,S3-41244420,S2-811742923,S2-830750148,S3-129862017,S2-567991877,S2-600324095,S2-624495268,S2-796473988,S2-863332540,S3-677869126,S3-726424948,S2-17647967,S2-983429916
S1-162483733	S2-715918022,S3-671369987,S3-995929807,S3-471237316,S3-220511729,S2-906061948,S2-476561691,S2-950078307,S3-943726922,S3-849037980,S3-891152901,S3-865021144,S3-108529630,S3-560635022,S3-560742535,S3-766885982,S3-917688795,S3-980127099,S3-543116087,S3-200300052,S3-645906424,S3-893807788,S3-197965533,S3-189511434,S3-612983524,S3-288916396,S2-329655697,S3-652420526,S3-332075972,S3-451672347,S3-443867069,S3-300160564,S3-14399845,S3-37716110,S3-337497121,S3-37301959,S3-502946098,S3-106826683,S3-138912765,S3-700065906,S3-910233434,S3-232671835,S3-429954831,S3-303285068,S2-657087255,S2-574605217,S2-321281492,S3-675677551,S3-133272497,S2-172078143,S2-255991173,S3-662752076,S3-372316229,S3-600675534,S2-109259897,S2-15847984,S3-258009021,S2-188494344,S2-837624467,S2-943941399,S3-117156353,S2-737747068,S2-873267706,S3-11461617,S3-626361091,S2-313532491,S2-816616514,S2-844971455,S3-864254320,S2-894329539,S2-89694461,S3-331328664,S2-172603026,S2-770714005,S3-683982571,S3-854255077,S2-178236086,S2-352377255,S2-69753522,S2-386861312,S2-609027021,S2-663768470,S2-784232127,S2-267804689,S2-61961825,S2-677956698,S2-704621636,S2-10617654,S3-258641065,S2-156253265,S2-817829057,S3-487087512,S2-504483871,S2-54637504,S2-632730409,S3-724671665,S2-654777354,S2-680357934,S3-769723402,S3-851425215
S1-791451562	S2-928801130,S2-752333280,S3-545883620,S2-550037604,S2-573699564,S3-64941548,S2-220195557,S3-457566095,S3-82240902,S2-334799355,S3-442328142,S3-258368421,S3-436693834,S3-755212355,S3-997892600,S3-227810802,S3-559600899,S2-127512387,S2-519200752,S2-739300964,S2-610435210,S3-403438440,S3-218979126,S2-825147647,S2-718932547,S2-701683440,S3-502195011,S2-798760900,S2-37935880,S3-722613025,S2-70679268,S2-722526968,S3-837095297,S2-415065316,S3-564190913,S2-520518412,S3-787720630,S3-259190991,S3-212568563,S3-406260944,S3-455628832,S3-872596287,S2-857708524,S3-788792209,S3-425949485,S2-503220924,S2-4739762,S2-940872247,S2-393740235,S2-118297849,S2-130607340,S2-863990813,S2-81245933,S2-823831684,S2-641916329,S2-305250328,S2-439506821,S3-983269462,S2-783983520,S2-682294728,S2-114659750,S3-993847980,S2-53947668,S2-121380247,S2-146553,S2-564833319,S2-267770931,S2-306414620,S2-142159485,S2-295478565,S2-845896897,S2-227594049,S2-690151004,S3-964780537,S2-36329784,S2-824991005,S2-893045391,S3-913532267,S2-289087893,S2-39829048,S2-939012723,S3-228228992,S2-146851872,S3-316638359,S2-442690124,S2-822648759,S2-163704429,S2-881540847,S3-147611037,S3-618616626,S2-201993358,S2-782968335,S3-47973951,S2-136438067,S2-470056233,S2-305192448,S2-305275109,S2-967139917,S3-578704249,S2-217720327
S1-429152510	S2-473266938,S2-139647216,S2-805465054,S2-160563622,S2-121552455,S2-109315703,S2-465542524,S2-875964626,S2-951841092,S2-117548320,S2-304679159,S2-449692818,S2-53028337,S2-703974907,S2-443891762,S2-832159371,S2-80499603,S2-478329258,S2-763339073,S2-504051980,S2-247549101,S2-441734880,S2-648188581,S2-33087644,S2-894267508,S2-50567515,S2-238742896,S2-312547825,S2-941364034,S2-711909696,S2-707232036,S2-94949062,S2-883163576,S2-907271610,S2-63674165,S2-968558276,S2-187741504,S2-580265486,S2-823295929,S2-573399108,S2-959704905,S2-228130134,S2-765778170,S2-315717323,S2-996392647,S2-975023447,S2-23561596,S2-334949886,S3-104207436,S2-952556671,S2-66840941,S2-108395039,S2-298975875,S2-966338284,S3-999866136,S2-850024496,S3-156417672,S3-885880429,S2-43439099,S2-858323487,S3-18476699,S2-227118896,S2-497699979,S2-672717774,S2-75268926,S2-332907999,S2-586333035,S2-929829996,S3-903380296,S2-451808053,S2-670953346,S3-881682754,S2-200463364,S2-444257791,S2-286176333,S2-536091911,S2-739990059,S2-29974671,S2-711143494,S2-918970423,S3-474571919,S3-154360600,S3-527595220,S2-233987834,S2-4803538,S3-65618802,S2-309419529,S2-476006344,S2-880944243,S3-799402018,S2-204404839,S2-377634261,S2-758099850,S2-828566810,S3-651723289,S3-918029871,S2-618157485,S3-474517558,S3-942560233,S2-301714395
S1-974087297	S3-304540199,S3-603936924,S3-784363985,S2-260203555,S3-127741381,S3-899409354,S2-939687047,S2-861521458,S3-111581811,S3-112197881,S3-172020569,S2-824682716,S3-624046134,S3-513894384,S3-969326053,S3-531087694,S2-495578672,S3-427083069,S2-320312438,S3-519894943,S3-241554598,S3-613430276,S3-394249981,S3-926522192,S2-141549527,S2-633166974,S2-711593149,S3-933002004,S3-216254035,S2-185452544,S3-418585369,S2-233171664,S3-922160264,S2-965870484,S3-784617232,S2-627035486,S3-356896263,S3-978315940,S3-871286451,S3-541030406,S3-550171252,S3-807059805,S3-383553178,S2-373655842,S2-806763452,S3-196183204,S2-230614935,S3-516548720,S2-571590841,S2-134247647,S2-202895973,S2-681491611,S2-923182363,S3-990200674,S3-904174034,S3-823126393,S3-122998966,S3-213253187,S3-869628830,S3-796377060,S2-57744249,S3-304941725,S2-921049820,S2-990890664,S3-806911635,S2-535953449,S2-751217431,S3-293734391,S2-448932969,S3-613214396,S3-768269342,S2-322319946,S2-914518283,S2-991838039,S3-712777816,S2-764347250,S3-833159212,S2-232538781,S2-482156169,S2-123094497,S2-152411883,S2-211225456,S2-251912278,S3-994100208,S2-323769573,S2-87805356,S3-473852101,S2-388256200,S2-764401422,S3-911065433,S2-134056593,S2-495018354,S2-554502567,S2-240803920,S2-291648704,S2-328599150,S2-261292377,S2-393165501,S2-525432248,S2-879905124
S1-556096572	S3-154754090,S2-270084686,S3-641933521,S2-874325083,S2-527182701,S2-673985499,S2-481900332,S2-484853565,S3-412777303,S2-772630883,S2-79104826,S3-458781654,S3-490190535,S3-231807733,S3-389444509,S3-440996134,S2-493793184,S2-914395640,S3-223387641,S2-133836266,S3-477271280,S2-730340819,S3-586708687,S2-267324891,S2-86895197,S2-371548172,S3-391400064,S2-782448263,S3-238631771,S2-931045535,S3-723591216,S3-834501590,S3-569638124,S2-355001898,S3-844297088,S3-829570227,S3-328527813,S2-654884468,S2-838572645,S3-302078927,S2-41953060,S3-657164373,S2-705881932,S2-863307918,S3-660425311,S3-639503548,S2-973107415,S3-951513230,S3-817942993,S2-218217935,S2-857411579,S3-570251705,S3-818868536,S2-896724892,S2-647779738,S2-877691668,S2-690255761,S3-376904578,S2-773011781,S2-749818471,S2-125455105,S2-701788210,S3-755052559,S3-342364769,S2-178160021,S2-447034275,S3-163203455,S3-675551046,S3-887312890,S2-793857936,S3-368742684,S3-610247295,S2-875508618,S2-540725068,S2-103296753,S3-247664469,S3-867985528,S3-116607708,S2-93533251,S2-897049481,S2-20503058,S2-75147291,S2-867585359,S2-927438885,S2-498587071,S2-781440237,S2-865410470,S2-164681422,S2-342185248,S2-353555477,S3-220286179,S2-344676719,S2-927887326,S3-507353793,S2-322427595,S2-416577392,S2-454593208,S3-734401676,S2-181384209,S2-680876763
S1-659744096	S3-853821532,S2-808597675,S2-113459317,S3-134456371,S3-827406936,S2-668155253,S2-322067604,S2-763961445,S3-432538395,S3-352526608,S3-313180005,S3-542748089,S3-952525470,S3-703026361,S3-706671979,S3-68596993,S2-610915540,S2-308093928,S2-970244181,S2-314527758,S3-796219697,S2-576198686,S3-625633175,S2-52329697,S2-865249513,S2-602262756,S3-151111902,S2-13561156,S3-915161047,S3-480631699,S2-322860809,S3-553850066,S2-317256290,S2-308406294,S3-757231680,S3-952542403,S2-516315096,S2-632853428,S3-548743901,S3-845935042,S3-525725438,S3-502920470,S2-409457168,S3-226027064,S3-716895985,S3-562101224,S2-598438941,S2-925241972,S2-426066002,S2-463557281,S2-937257382,S2-843901827,S2-502443917,S3-415976924,S2-974117071,S3-68811999,S3-761773772,S3-919845063,S3-198482089,S3-553742210,S3-891340094,S3-50490034,S3-278948434,S3-182668440,S2-711208184,S2-594343099,S2-382267742,S2-735384753,S2-90651590,S2-690627297,S2-252832930,S2-909646580,S2-41094932,S2-461831907,S2-195746025,S2-248281332,S2-607034699,S2-845578579,S2-995744180,S2-148079671,S2-466860445,S3-857448821,S2-729763939,S2-634613784,S3-243673714,S2-498037719,S2-659202632,S3-592990307,S3-653780081,S3-162966099,S3-958687782,S2-557654460,S2-301599847,S2-655052121,S3-171001157,S2-188053854,S3-176689068,S3-366311251,S3-524887158,S3-988001293
S1-336885598	S2-330276798,S3-50368515,S3-27834915,S2-418984823,S2-308453309,S2-959902181,S2-438439528,S2-995304955,S2-99817638,S2-730521297,S2-367746253,S2-851957587,S2-394453806,S2-151543455,S2-641035250,S3-943059732,S3-523398738,S3-149259977,S2-513174169,S3-855848510,S3-800386186,S3-818115649,S2-911580489,S2-659796986,S3-523988242,S3-97058078,S3-46302144,S2-873637021,S2-777635005,S2-943087672,S3-543814112,S2-188989652,S3-317050178,S3-140233579,S3-437814326,S2-599661795,S2-585565937,S3-120226487,S3-968165202,S2-50148703,S2-879040650,S3-622692590,S2-333130895,S3-679747182,S3-907725667,S3-50744315,S3-117953313,S3-139155313,S3-271545128,S2-27749183,S3-980110687,S3-475679528,S3-734823739,S2-344707954,S3-820415361,S2-185139619,S2-625301336,S3-365960682,S2-899443446,S2-963575788,S3-496514738,S2-427787538,S3-150698747,S2-299889212,S2-73793317,S3-305123270,S2-500127675,S2-785156370,S3-407072705,S2-635048306,S2-650251848,S2-916779725,S3-560217718,S2-207647214,S2-225904008,S3-89042433,S2-289361653,S2-770578834,S3-536222415,S2-572885929,S2-973986439,S2-987975522,S3-285850627,S2-341163938,S2-987878597,S3-157108305,S2-145243703,S2-306397866,S2-684359609,S3-3814604,S3-445291528,S2-870199633,S2-914545535,S3-540606684,S3-766882293,S2-327240563,S2-552431066,S2-584201638,S2-762666449,S3-929438011
S1-757768792	S3-633874290,S3-914528901,S2-697629020,S2-579196124,S2-812812098,S2-745865224,S3-757231751,S2-134161349,S3-23214364,S3-624983181,S2-856987991,S3-271649692,S3-592983232,S2-507715906,S2-889057708,S3-769109737,S3-980133955,S2-770141922,S3-960720936,S2-453459701,S2-197534645,S2-575934182,S3-712417300,S3-756304560,S3-931072244,S3-713051827,S3-894783881,S3-143972535,S3-313434029,S2-324908174,S2-597942472,S2-944440569,S2-852496848,S2-789660906,S2-605509516,S3-181371587,S3-358431041,S2-224087261,S3-540907456,S3-689931990,S3-417544692,S2-812731493,S3-156598449,S3-382481797,S3-750926942,S3-46938938,S2-689762028,S3-257846908,S3-518167078,S3-730881159,S3-282822787,S3-206515902,S3-114290258,S2-285534298,S2-497361173,S3-412580660,S3-840757117,S3-905874805,S3-194157321,S3-244398868,S3-358778747,S2-149943368,S3-512745127,S2-318299825,S3-912947000,S2-901255875,S3-268615650,S2-573568581,S3-180224611,S2-510028561,S3-660222243,S3-461027562,S3-968027954,S3-739405285,S3-767266849,S3-910149008,S2-150156225,S2-219869953,S2-193498471,S2-881564777,S2-967047772,S2-204341214,S3-287373348,S3-684432172,S2-427491535,S2-710364142,S3-836675940,S2-314482661,S2-747290579,S2-788098420,S2-797687234,S2-194154504,S2-650485560,S3-154234137,S3-894319885,S2-366621498,S2-46942078,S2-947433761,S3-491109791,S2-519232324
S1-14443757	S2-493557770,S2-18428254,S2-225635280,S2-818063943,S2-133651906,S2-766744049,S2-931608179,S3-843151386,S3-92329614,S2-135481502,S3-975754038,S2-209941369,S3-478979113,S3-548173166,S3-121172611,S3-600716831,S3-653332270,S3-870666374,S2-240593428,S2-829457572,S3-921792357,S3-863392055,S2-976657121,S3-96798290,S3-883465495,S3-951736453,S3-149729273,S2-147241446,S3-986892650,S2-626245947,S3-492051603,S3-222058531,S3-42977632,S3-558879961,S3-476397718,S3-695204930,S3-307061518,S3-106543414,S3-334770906,S3-739137308,S3-371221711,S3-12640544,S3-725998718,S3-709143311,S3-190081822,S3-355224101,S3-755810591,S3-607562582,S3-808685830,S2-957508226,S3-616188030,S2-304099406,S3-709603022,S3-801682052,S2-527575588,S3-962441607,S2-883597657,S2-305076544,S2-102129613,S2-83061558,S2-495294240,S2-291452614,S3-499999216,S3-374210514,S2-317023055,S3-333017108,S3-17800216,S2-183441180,S2-846124021,S2-131886405,S2-752100836,S3-262164615,S2-334916877,S2-438872705,S3-249110177,S2-322494878,S2-692564021,S2-744001951,S3-607398159,S3-959937170,S2-973425218,S2-646010640,S3-190728778,S2-775597135,S3-585026457,S3-649213813,S2-303981022,S3-452869676,S3-632363746,S2-492088510,S3-435680929,S2-745668883,S2-350714410,S2-477146008,S3-497628126,S2-498910509,S3-978206663,S2-689842804,S2-85547427,S2-377494807
S1-618938730	S2-234758167,S2-122093624,S2-35222126,S2-95179992,S2-634390211,S3-915118966,S3-702331266,S2-965854787,S2-710746279,S3-900287248,S3-537491918,S2-237314138,S3-453941936,S2-74787852,S2-799478530,S3-187000801,S3-712395618,S2-87222710,S3-150166669,S3-949848530,S3-769004390,S3-165413399,S2-511785757,S3-904200916,S2-343271595,S2-318336430,S3-828536496,S2-750379498,S3-821965986,S2-971827617,S3-553152719,S3-453900842,S3-615586483,S3-459096279,S2-151069586,S2-918610052,S3-195263660,S3-901391006,S2-548189300,S3-205001276,S2-81179862,S3-136191557,S2-115132075,S2-741790556,S3-539521070,S3-127657410,S2-18239116,S3-277588302,S3-335636759,S2-57395923,S2-995259751,S2-314768473,S2-604141475,S2-94577692,S3-728423543,S2-549711959,S3-575765669,S3-952895800,S2-461952185,S3-313854832,S3-740690476,S2-806521985,S3-295775175,S3-44201698,S2-736747176,S3-126534156,S3-151021017,S2-483018214,S2-872948112,S3-415718700,S3-784745104,S2-7714730,S3-41287484,S3-525691569,S3-541405478,S3-849660048,S3-892118763,S2-635789439,S3-152769633,S3-524994540,S2-135409250,S3-410876881,S3-641210027,S2-11446924,S2-656708003,S2-783803109,S3-971253599,S3-13630276,S3-349441756,S3-38827821,S3-864158394,S2-469246248,S3-322586853,S3-447869986,S3-45737183,S3-760423144,S3-867746331,S2-492515384,S2-9559349,S3-603147170
S1-691414679	S2-884272001,S2-446192694,S3-395819557,S3-495540341,S2-176004333,S2-48858972,S3-177336223,S3-505779533,S2-994818837,S3-441926212,S2-968387610,S2-119840845,S3-965607386,S3-298620059,S3-849028273,S2-626500488,S2-602337533,S3-950678358,S3-598190315,S3-606357675,S3-791611145,S3-817342415,S3-935351509,S2-279036441,S3-763614121,S2-28281357,S2-234478364,S2-257639169,S3-736091244,S2-934573178,S3-749688317,S3-473077800,S2-182377322,S2-641543854,S2-842541632,S3-245271120,S2-20924768,S2-270133061,S3-953388306,S3-245215710,S3-223572193,S2-309675888,S2-838454757,S3-32554273,S2-950039431,S2-124002608,S2-914530539,S2-604906710,S2-563095726,S2-538936139,S2-514343312,S2-427904721,S2-540001520,S2-943734837,S2-174930139,S2-333553486,S2-960752203,S2-481798769,S2-88033538,S2-644837836,S2-368415992,S2-742081795,S2-909759217,S3-634494454,S3-313137604,S2-25716052,S3-212061811,S3-423788263,S3-919381872,S2-697106273,S3-554070369,S2-573419542,S2-836036574,S3-388688918,S2-215315088,S2-993805286,S2-782854417,S2-496360907,S2-510218510,S2-44413474,S3-262967155,S2-347977832,S3-565154459,S2-336625842,S2-982285939,S2-222572966,S2-891701332,S2-953980416,S3-858586332,S2-961551627,S2-724148097,S3-497228245,S2-563218451,S2-848220402,S3-783570573,S2-560832721,S2-908553051,S2-325156567,S3-709210379,S2-601625361
S1-272870402	S2-183502935,S3-764511705,S3-755817396,S3-532985818,S3-467580128,S3-330480796,S3-30861041,S3-665136314,S3-73228772,S3-827718540,S3-509276751,S2-411593532,S2-13281502,S2-559063645,S3-183892856,S3-612857491,S3-388743979,S3-163432411,S2-784115879,S3-271340063,S3-965822658,S3-201914553,S3-918137126,S3-319975029,S2-734896804,S3-545834853,S2-917271118,S3-867081188,S2-69631260,S2-704272962,S3-914162893,S2-346673630,S3-272425503,S3-219773001,S2-968446932,S3-468330945,S2-388083851,S2-464679835,S3-998483561,S3-722864602,S3-282176408,S3-32424435,S2-58226226,S3-929844738,S2-868776068,S3-492663216,S3-512159647,S2-159295456,S3-9572179,S3-4463319,S2-257362090,S2-979664714,S3-572695253,S2-554292953,S2-196761247,S3-137062764,S2-306440598,S2-69777167,S2-384323589,S2-491705354,S2-679870541,S2-511940187,S2-582017313,S2-624324886,S3-145551634,S2-145422742,S2-518062498,S2-90214007,S3-250223854,S2-198730510,S2-555618590,S2-619976035,S3-191272472,S2-116311807,S2-318566184,S2-945382997,S2-204205181,S2-834193073,S3-332674597,S3-394204457,S2-56451130,S2-641786273,S3-359295997,S3-702818165,S2-246560911,S2-49011811,S2-692966988,S2-700881386,S2-684520144,S2-844522720,S2-970125663,S3-596980432,S2-175523602,S2-193581244,S3-130782940,S3-73702053,S2-368922547,S2-599878499,S2-693983308,S3-255864696
S1-173967542	S2-111577448,S3-654408739,S3-127353107,S3-888630321,S2-794002788,S3-845598078,S3-289660165,S2-948122622,S2-322052667,S3-580766081,S2-502307801,S3-504199132,S3-606136908,S3-221056550,S2-187243047,S2-399378923,S2-809635894,S3-649415793,S3-434596088,S2-114637521,S2-813846928,S3-148546116,S3-824613456,S3-825345359,S2-647381641,S3-467966476,S3-216323556,S3-617551732,S2-182929319,S3-713785056,S3-384694687,S3-303250932,S3-372838760,S3-721874714,S2-576734736,S2-269632591,S2-822928776,S2-68068828,S2-796342546,S3-410533828,S2-815888569,S3-447590283,S2-448155180,S2-897762769,S2-413619613,S3-68868698,S2-141207370,S2-584661749,S2-622479781,S2-657764239,S3-682237945,S2-434405898,S2-737835385,S2-890822387,S2-681720755,S2-444442598,S2-687315535,S3-420222859,S3-572854246,S3-887781434,S2-966727174,S3-711625163,S3-749315623,S2-203007589,S3-523152104,S3-617106578,S2-478147757,S3-501229012,S3-92809006,S2-291481555,S2-898849450,S3-335928826,S3-507868137,S2-226210788,S2-979343205,S3-353199701,S3-628177141,S2-278030132,S2-28052988,S2-48146132,S3-294501777,S2-448769316,S2-677361255,S3-280322570,S3-994388907,S2-139540530,S2-218862889,S3-198918905,S3-250668889,S2-714059649,S2-900851615,S3-1035185,S3-656764238,S3-680218146,S2-472270230,S2-562440556,S2-857124798,S3-259961612,S2-609253562,S3-47572111
S1-218789312	S2-169594535,S2-780149619,S2-353852544,S3-195702476,S3-874375430,S3-149748197,S2-372376745,S2-845079182,S3-203080393,S2-230712923,S2-49784714,S2-623826741,S3-300426952,S3-72688367,S3-603535889,S2-453861951,S3-247179838,S3-113056112,S2-697225638,S3-272900720,S3-913389168,S2-521838573,S3-682575731,S3-986255195,S3-369610514,S3-698443568,S2-648963890,S2-681789195,S2-874133215,S3-129572351,S3-845034563,S2-153932967,S2-898047811,S2-229919054,S2-963683727,S2-99793829,S3-605640250,S3-330535716,S3-708113569,S2-767265042,S3-188985272,S3-712846609,S2-922626783,S2-760785823,S2-56754042,S3-800424797,S2-586784619,S2-128787858,S2-576749750,S2-538608190,S2-459549794,S2-863632206,S2-664013287,S2-800949288,S2-815953168,S3-324412069,S2-565838682,S2-437976033,S2-384366784,S2-438640295,S2-649888098,S2-931793379,S2-33201851,S2-95081367,S2-633639443,S2-405987862,S2-718248333,S3-773727357,S2-310078781,S2-675825942,S2-500375832,S2-663504307,S2-687018153,S2-2140701,S2-796729447,S2-84313935,S3-974747900,S2-352988099,S2-509774039,S2-876384005,S3-648687913,S2-203104867,S3-901419686,S2-593847993,S3-209086638,S2-638351418,S3-4114721,S2-480369912,S3-585450913,S3-934437079,S2-577194716,S2-909990809,S3-294292765,S3-574683699,S2-357867007,S2-382171340,S2-990104488,S2-781209649,S3-373795113,S2-191477812
S1-362066698	S2-918843782,S3-394037949,S2-480941522,S2-655775680,S2-346519279,S2-718224092,S2-623470190,S2-252057659,S2-71147338,S2-168151607,S2-919442733,S2-71437233,S2-262879164,S3-261165971,S3-735980094,S3-843318045,S2-371920336,S3-598936295,S3-701923641,S3-385361306,S3-508862311,S2-511674618,S3-985840377,S2-727990370,S3-804583026,S3-771510744,S3-409616048,S3-928886701,S3-590422278,S2-868633425,S2-805112732,S2-618421332,S2-599110869,S3-868505072,S2-23712227,S3-123888031,S3-729123229,S3-719694949,S3-912961794,S3-662196408,S3-3331759,S3-604722553,S3-287715735,S3-113173774,S3-628291595,S3-289786820,S3-556505476,S3-812551696,S3-614268789,S2-510804879,S2-482597862,S3-297360279,S3-354426727,S2-389064236,S2-274458576,S2-372534908,S3-431907629,S2-949952555,S2-89389120,S2-751446597,S2-277956836,S2-29025394,S3-134141169,S2-272514182,S3-254744516,S3-145998971,S3-831408881,S2-452473066,S2-180113023,S2-71155859,S2-352512641,S2-200810883,S2-353231171,S2-537322987,S2-97151295,S2-105996522,S3-875167265,S2-171062182,S2-580766217,S2-721070981,S2-252743128,S2-396594410,S2-489480936,S2-142911833,S2-61634089,S2-455790105,S2-568760342,S2-704715448,S2-772598199,S2-423400440,S2-702558324,S3-632300523,S2-214380108,S2-472717138,S2-584978860,S2-930374730,S2-156693827,S2-41143857,S2-607753553,S2-126047031
S1-148588117	S2-381887204,S2-897353552,S2-762611395,S2-160928066,S3-987090961,S3-20237970,S3-869249656,S3-70301070,S3-171835211,S2-117835750,S3-726892629,S2-5157689,S2-208575111,S3-184630796,S3-366938046,S3-211012842,S2-314407218,S3-254042086,S3-372831093,S3-977686423,S3-973287954,S3-735757650,S3-74701262,S2-472581400,S3-507831446,S3-590825498,S3-515216844,S2-663824533,S2-462879097,S2-410687996,S2-286677838,S2-992119594,S2-31745144,S2-757256209,S2-170097194,S2-802084577,S2-747020360,S2-49049292,S3-991289813,S2-668101302,S2-558489110,S2-758959708,S2-599563196,S2-436415761,S2-938370678,S3-748496202,S2-613271097,S2-853946487,S3-474611827,S2-34090233,S3-892368470,S2-841793908,S2-857932660,S3-717451471,S2-855743684,S3-293916945,S3-397580637,S3-597017737,S3-118935660,S3-803536441,S3-675279992,S3-396226753,S3-859900353,S3-860954748,S3-135207256,S3-661505193,S3-145159340,S3-558437894,S3-238820156,S3-190656338,S2-689817743,S3-441870395,S2-625421031,S2-645784040,S2-623688764,S2-829683411,S2-966406223,S2-150227773,S2-238377084,S3-94637925,S2-719693262,S2-996715961,S2-141340130,S2-836418682,S3-220123759,S3-889563053,S2-591177950,S2-779480440,S2-816415958,S2-479038753,S2-983103579,S3-250042196,S3-717599886,S2-539821482,S2-853668335,S2-915188906,S2-169706154,S2-37645190,S2-453364885,S3-253133818
S1-142062462	S2-275491724,S2-601792508,S3-250069981,S2-640677118,S3-42638977,S3-256365543,S3-804678567,S2-693480806,S2-101587407,S3-761970154,S2-635023276,S3-165287215,S2-745085758,S2-782098136,S2-664681827,S3-994071196,S2-630961530,S3-703321601,S3-299182377,S2-590589872,S2-211232464,S2-261660128,S3-187223409,S2-819323866,S2-353829740,S3-697395232,S2-524762937,S2-355920342,S2-932808177,S2-107789277,S2-95576991,S2-344824312,S2-443487526,S2-236596694,S2-58820940,S2-213000392,S2-638163002,S2-841817028,S2-176984069,S3-588043593,S3-589551357,S3-725100524,S3-963302809,S3-645208834,S3-74343789,S3-408375462,S3-713994179,S3-976361992,S3-332390866,S3-391693755,S3-779567976,S3-63820607,S3-794249599,S2-195982333,S2-980948180,S3-180673460,S3-616516643,S2-134142079,S2-190254586,S3-661112703,S2-223726844,S2-23291655,S2-132234710,S2-371679457,S3-208780399,S2-102860425,S2-899330836,S2-571637380,S2-622308056,S3-387011252,S3-623265902,S2-264585600,S2-926467450,S3-305922053,S2-266691119,S2-673148569,S3-707949894,S2-132289812,S2-323320606,S3-707362976,S3-712223478,S2-447022620,S3-14231190,S3-595106416,S3-833707200,S2-214449895,S3-517610627,S3-587634175,S3-837414423,S2-265199231,S2-555424910,S3-484143571,S3-930866911,S2-429433375,S2-752355555,S3-223185433,S3-665268413,S2-885012712,S3-206684236,S3-301034919
S1-568171824	S3-164100043,S2-303911474,S2-927849838,S3-164343651,S3-638569537,S3-491652162,S2-200860707,S3-554293403,S2-71762791,S3-452651806,S2-117737335,S2-997774696,S3-568058535,S3-521036875,S2-79954857,S3-921359643,S3-321050177,S3-423542848,S3-820265913,S3-240009489,S3-464751391,S3-353078760,S3-599007836,S3-511688055,S3-866234163,S2-773790478,S3-216878147,S3-923860894,S3-794140019,S3-783511644,S3-463290844,S3-688921492,S3-64416447,S2-387881875,S2-107323276,S3-482479056,S3-475879564,S3-484037636,S3-474783538,S2-917862300,S3-878358877,S2-803134352,S2-528381565,S2-686841011,S2-515404778,S2-455674770,S2-683415423,S2-672706606,S2-451932543,S2-19549225,S2-552744946,S2-891557312,S2-201030749,S2-49239397,S2-476454282,S2-226322388,S2-258386248,S2-827003235,S2-501493771,S2-35067381,S3-388793960,S3-637511780,S2-461914766,S3-748353089,S2-487431396,S3-972832185,S3-823896701,S3-506412650,S3-672425332,S3-898431062,S3-775216373,S3-345877129,S3-897996171,S2-817115823,S3-818413360,S2-89387649,S2-361363665,S2-439591031,S2-674684335,S2-87696664,S3-667567490,S3-434829392,S3-507050651,S2-632881430,S2-692708348,S3-580724310,S2-906234081,S2-9766062,S3-301752593,S2-275022129,S2-533577786,S3-287521067,S2-333965890,S2-473498438,S2-550256578,S3-395420598,S3-767221741,S3-441423206,S3-722224357,S3-756936415
S1-243953750	S3-31449456,S3-62937621,S2-390945420,S3-950648455,S2-683210555,S3-910248757,S2-320208728,S2-136007592,S2-733169885,S2-141476189,S2-126615313,S2-808971083,S2-500816568,S3-514440484,S3-611274646,S2-677214482,S3-494092990,S3-149115817,S2-639090046,S2-137766736,S2-142115035,S2-4038855,S2-742869598,S2-792533596,S2-199080752,S2-511648383,S2-760235159,S3-982384122,S3-517501442,S3-887323204,S3-16259838,S3-102009090,S3-188613244,S2-766129322,S2-926315981,S2-863065687,S2-46645744,S2-274836033,S3-202836311,S2-702712370,S2-637185211,S2-591000336,S3-537159748,S2-229795659,S2-999580252,S2-85638257,S2-19860256,S3-553346441,S2-887438891,S2-87298455,S2-538195783,S3-676230672,S2-389650717,S3-910067932,S3-2924215,S3-457323969,S2-29382278,S2-525614862,S2-297112850,S2-973463443,S2-696577573,S2-887235615,S2-374176631,S2-186475892,S2-82408319,S2-851632935,S2-263819863,S2-78092762,S2-243236826,S2-17317804,S2-991805173,S2-725301514,S3-882206379,S2-440968642,S3-168030935,S2-276530565,S3-317954796,S2-890119546,S3-797938616,S2-76126690,S3-582999072,S2-192635046,S3-459946736,S2-343359625,S3-436122438,S2-443256859,S3-452298359,S3-505947760,S2-215709279,S2-254957254,S2-716776329,S2-955418811,S3-247235321,S3-964707659,S2-484679803,S2-554513366,S3-470564018,S2-44455982,S2-746444701,S3-237629213
S1-386382376	S3-381447900,S3-451889796,S2-448435060,S2-649245496,S2-908463060,S3-495640104,S2-311675292,S2-40625126,S2-128245880,S2-846183053,S2-774534507,S2-809480927,S2-928027001,S2-442508317,S2-579852109,S2-737098077,S2-413799112,S2-58972517,S2-893351443,S3-323526357,S2-147294288,S2-92532359,S2-351281212,S2-301726502,S3-605725958,S3-800643201,S3-589130253,S2-139421256,S2-197276836,S3-845759870,S2-333383949,S3-464886012,S2-413829565,S3-429469133,S2-873533303,S2-758055348,S2-166937216,S3-143432369,S3-539971113,S2-164842212,S2-834880728,S3-72942894,S3-889640116,S3-672369595,S2-430823774,S2-105044146,S2-584679560,S3-195049658,S3-995394086,S3-721169787,S3-957838307,S2-363840891,S3-199221476,S3-644016967,S2-114299929,S2-540812541,S2-629012226,S2-13713132,S2-198072488,S2-979025663,S2-480724282,S2-822914130,S2-831274810,S2-139015809,S2-717147994,S3-613876320,S2-829666837,S2-881610067,S3-164851077,S2-434514578,S2-633171312,S2-248839366,S2-440578577,S2-448671529,S2-365637308,S2-537969074,S2-456028794,S2-800215085,S3-674603048,S3-912940104,S2-993906800,S3-18139632,S3-5841437,S2-157900663,S2-483751058,S2-557777864,S2-741295728,S2-304807820,S2-510793102,S3-54034988,S2-37057215,S2-465515355,S3-887422347,S2-105772969,S2-133697475,S2-543323258,S2-865821193,S3-693661059,S2-492605501,S2-729477963
S1-371833247	S2-325541570,S2-111040055,S3-951214481,S3-481752938,S2-911327915,S3-365480542,S2-623586706,S2-642498185,S2-441307513,S3-377952988,S2-812839664,S3-331858284,S2-633072195,S2-16685638,S3-907337548,S2-791858256,S3-143677187,S3-157047508,S3-408665650,S3-637539695,S2-105264462,S2-671499696,S3-350839106,S3-787664727,S2-442940965,S3-578045085,S2-506075069,S3-767571531,S2-794283680,S2-875822352,S3-503510543,S3-273978780,S3-383857557,S3-10263394,S2-726610571,S2-10370379,S3-513862694,S3-487184071,S3-727084662,S2-856568985,S2-852846514,S3-936143591,S3-663348544,S3-516014657,S2-425966480,S2-708535220,S3-522455642,S3-353270865,S3-29623470,S3-195127238,S2-819557131,S3-232637354,S2-811743331,S3-171095222,S2-152357907,S2-215957798,S2-108989786,S2-210953066,S2-310097310,S2-859920078,S2-135928905,S2-161949054,S2-514491421,S3-434129443,S2-140218643,S2-729532404,S3-804491939,S2-341959401,S2-697636174,S2-705397882,S3-956603016,S2-326360895,S2-768891323,S3-166687027,S3-998203025,S2-112248312,S2-715246482,S2-770313135,S2-240444539,S2-436530851,S2-229179110,S2-513662475,S2-916369072,S3-897431023,S3-976443370,S2-164564013,S2-810465116,S2-837665944,S3-673476651,S2-346613213,S2-3827228,S2-445841127,S2-119731521,S2-260100743,S2-462689703,S2-424146838,S2-962869716,S3-392558740,S3-923630839,S2-325433941
S1-441350857	S2-517310649,S3-548362861,S3-303694901,S3-447031521,S3-286420086,S2-809462575,S2-178782915,S3-586697856,S2-373478027,S2-237675307,S2-520678878,S3-478671750,S2-709902348,S2-331559642,S2-980201825,S3-498910059,S3-940918810,S2-935051213,S2-109781502,S2-946839545,S2-271914228,S2-822945830,S2-666699579,S3-701661820,S3-551096730,S3-856103444,S3-87793872,S3-989916471,S3-536241247,S2-520243725,S2-121587028,S2-303023274,S2-969749941,S2-271414882,S2-906135315,S2-727840415,S3-729980730,S3-917683192,S3-724530967,S3-804728075,S2-823300278,S2-111730913,S3-964652318,S2-657708155,S3-322426609,S3-814383105,S3-974293027,S2-584497689,S2-945866062,S2-695620891,S3-835937559,S2-190345010,S2-57794933,S2-652786125,S2-248018254,S2-57252549,S2-807368633,S3-469852248,S2-589586160,S2-761296371,S3-580224787,S3-856477642,S3-87011846,S2-407551157,S2-535309000,S3-289377748,S2-209919477,S2-801386417,S3-323740076,S3-453170829,S2-2034753,S2-263124448,S2-996366513,S3-488547373,S2-174156594,S2-314455579,S2-403001935,S2-751753062,S2-142762025,S2-250625823,S2-557822363,S3-243226311,S3-449584353,S2-445151697,S2-496126341,S2-744906787,S3-340511538,S3-424386552,S3-561319559,S2-252745229,S2-513679120,S2-904005292,S3-220113493,S3-314320987,S2-490332503,S2-84370851,S2-990099296,S3-463282699,S3-900374405,S2-10361624
S1-43249907	S2-788573277,S2-452506032,S3-80295384,S3-596580357,S2-392935029,S2-384291254,S2-871324318,S2-351505009,S2-147863008,S3-679881941,S3-291888345,S3-872962460,S3-915852734,S3-160129724,S3-505895185,S2-370093080,S3-426745070,S3-943668765,S2-401845798,S3-572328378,S3-590365734,S3-597534991,S3-835220235,S3-745964795,S3-348724975,S3-349091963,S3-602713118,S3-702675325,S3-495627384,S3-989895116,S3-322366287,S3-436608092,S3-253578993,S3-363629890,S3-477168910,S3-807748449,S3-757140822,S3-890905939,S3-194408877,S3-415953273,S3-236078342,S3-966354202,S3-348324327,S3-622338536,S2-879047908,S2-185228365,S3-477619657,S2-606586945,S3-424391267,S3-408285493,S3-791455264,S3-594033731,S3-29345439,S3-621031978,S2-957152338,S2-380369348,S2-328314211,S2-278393817,S2-433701999,S2-502382930,S2-396473841,S2-370987695,S2-190029817,S2-776693993,S3-357781761,S2-731239451,S3-477389481,S3-239828076,S2-796635624,S3-573329571,S2-680435008,S3-877747775,S2-534658014,S3-26155874,S3-202813659,S2-235900044,S3-490595035,S3-652462888,S3-729309925,S2-66462025,S3-279725795,S3-227995451,S3-987982316,S3-149452881,S3-765700703,S2-813719038,S3-756017641,S2-696178416,S2-563310655,S2-587177821,S2-977832618,S3-435968630,S2-683505983,S3-67040600,S3-611573055,S2-620356366,S3-840697925,S2-315543577,S2-55322075,S2-194467531
S1-53894182	S2-655506949,S2-289051148,S3-59915065,S2-202236055,S2-157869061,S2-382541116,S2-424707282,S2-173036418,S2-664850762,S3-271561974,S2-148645026,S3-732193252,S3-711049414,S2-602492667,S2-74412241,S3-285481281,S2-628514741,S2-303876804,S2-500752570,S2-15583005,S2-818250642,S2-605444308,S2-452305368,S2-981575758,S2-595652755,S3-497001226,S3-482126921,S3-187279325,S3-324741273,S2-367881232,S3-679177710,S2-39448215,S2-123968920,S2-672167973,S3-261507402,S2-334681920,S3-216185279,S2-615747660,S2-845697113,S3-701863782,S3-276097496,S3-752540253,S2-109610782,S2-611178377,S2-324698492,S2-136595820,S2-281988549,S2-224311721,S3-142676463,S2-477737732,S3-869599729,S2-378876980,S3-367990127,S2-881402821,S2-521210782,S3-978819016,S2-189454401,S3-675290015,S3-574724434,S3-213733302,S2-486193559,S2-127887382,S2-812682052,S2-121262697,S2-672163300,S2-318928026,S3-133304301,S2-675923006,S2-90946648,S3-7021099,S3-584184020,S2-83685638,S3-211593809,S2-256523316,S2-447854421,S3-770014135,S2-172600330,S2-432616149,S3-968950103,S2-178041656,S2-959293603,S3-646449723,S2-459841982,S2-907690261,S2-626878950,S2-889940078,S2-176174039,S2-452768802,S3-89283313,S2-226636774,S2-112152363,S2-476188760,S2-885404988,S3-624368086,S2-462752029,S2-910827643,S3-970713845,S2-795236897,S3-832148845,S2-369332944
S1-432907838	S3-934599107,S3-782471604,S2-101004694,S3-695284003,S3-118754554,S2-949387547,S3-382004588,S2-776535654,S2-546597604,S2-156868009,S2-933005452,S3-837598870,S3-195647045,S3-966681938,S3-590271326,S3-991899252,S2-416371332,S3-266582393,S2-359553329,S2-701086851,S3-939541677,S3-792372256,S2-508459421,S3-499303592,S2-349547823,S3-824555772,S2-978265212,S3-119888874,S2-308592216,S3-172625364,S2-207322232,S2-778784970,S2-45818965,S3-659577231,S3-868002689,S3-262605550,S2-566349459,S3-622720785,S3-98539986,S3-945668089,S3-512379508,S2-41923111,S3-874326802,S3-453082842,S3-445856179,S2-172597267,S2-430200199,S2-920545650,S2-776974675,S2-365316789,S3-794994360,S3-832748982,S2-927255791,S3-552543719,S2-744745943,S3-407824859,S2-574403776,S3-924714480,S2-880204714,S3-959363030,S2-452279586,S2-698839847,S2-882730690,S3-301467823,S2-217610483,S2-863009301,S3-117090203,S2-283251378,S2-552400576,S3-654893180,S2-312891018,S2-398910993,S2-812214196,S2-105148236,S2-330764068,S3-889558874,S2-339506425,S2-816362730,S2-936226153,S3-916071589,S2-594262753,S2-650111752,S2-818574359,S2-996150636,S2-112209695,S2-146038670,S2-376916877,S2-946752002,S2-275924839,S2-650770440,S2-766168086,S2-863371696,S2-441682581,S2-46304814,S2-504164329,S2-733902989,S2-127108938,S2-372733105,S2-381125137,S2-582807443
S1-376236818	S2-938611037,S3-76129298,S2-771236953,S3-652386571,S3-134485601,S2-734882448,S3-761741227,S3-675957023,S3-469180998,S2-212998419,S2-848197229,S2-367826581,S2-344548872,S3-991133685,S3-878108927,S2-842807161,S2-267759478,S3-225705730,S3-339150818,S2-48935874,S3-869424149,S3-326563066,S2-336972166,S2-728822750,S3-783992982,S2-265953500,S3-19942647,S2-699146815,S2-217075903,S3-348387703,S2-742988848,S2-740768342,S3-412633566,S2-732048928,S2-200816060,S2-856922854,S2-920965028,S3-920627733,S2-274662823,S3-302231831,S2-350244870,S2-700732584,S3-982801770,S3-363241649,S2-889816622,S2-749048081,S2-718025874,S2-428300115,S2-430792098,S3-454160700,S2-482210644,S2-388822227,S2-854420331,S2-518057207,S2-845270043,S2-519446193,S2-202718494,S2-61796132,S3-296488900,S2-647880726,S3-690259238,S3-968876264,S2-436081297,S2-745719074,S2-782343281,S3-454589807,S2-354278803,S2-847868657,S2-123827767,S2-473051092,S2-910803372,S2-414871324,S2-54939258,S2-78193765,S3-391534549,S3-401930014,S2-670012870,S3-345921689,S3-862468043,S2-763849284,S3-140481713,S2-341065496,S2-923118206,S3-458307269,S2-111493289,S2-712923009,S3-509774166,S2-482870390,S2-667274484,S2-979522634,S2-839416062,S2-860446153,S3-229159703,S3-545786066,S2-475635930,S2-741092604,S3-866029616,S2-78698606,S2-883822212,S3-295866964
S1-776362567	S3-322301105,S2-105640104,S3-859664924,S3-114889798,S3-774644905,S3-624008289,S2-664019399,S2-631091395,S3-214746116,S2-685479076,S2-118305006,S2-412689919,S2-884196351,S2-641076488,S2-688578368,S3-101839495,S3-648605845,S2-824137440,S2-254196258,S3-174020037,S3-461070350,S2-278623379,S2-719503965,S2-30538333,S3-1999168,S3-819423191,S3-612674916,S2-652825043,S2-787319357,S2-683091187,S3-282341256,S2-378820035,S3-807304068,S2-564210873,S2-536164738,S3-721091093,S3-839044349,S2-81587149,S2-648634728,S3-268630507,S3-327409128,S3-735971522,S2-213657329,S3-44323745,S2-520001501,S2-195050645,S3-303796921,S3-582375940,S3-830998681,S2-699273785,S3-208277570,S2-817726509,S2-121084786,S3-166798349,S2-31990961,S3-632621668,S2-88284973,S2-430335081,S2-612904322,S3-428845649,S2-637132116,S2-823352042,S2-881023187,S3-11545499,S3-231564892,S3-477576886,S3-142903033,S3-49640368,S2-527486971,S3-145815321,S3-574740045,S2-921333318,S3-363392281,S3-448353480,S2-221016151,S3-36897942,S3-561435349,S2-860104010,S3-442553183,S2-722917334,S2-782969814,S2-825208698,S3-86001513,S2-250163087,S2-314623052,S2-422497505,S3-666587206,S2-327651916,S2-37499088,S2-743315978,S2-77324249,S2-81971914,S3-491296559,S2-153120817,S2-785505162,S2-806367822,S3-280410603,S2-836673465,S3-359456065,S3-472769733
S1-99969610	S3-26794517,S3-647713310,S2-405570285,S2-869558896,S2-152623369,S2-13830399,S3-420415787,S3-607489013,S3-252316213,S3-844560120,S3-61136691,S3-459250870,S2-64778854,S2-5492483,S2-183744767,S2-419994427,S2-279365241,S3-744984908,S3-364063381,S3-381269417,S3-828565074,S3-539867628,S3-612806038,S3-807036258,S2-731949507,S2-468225812,S3-802157082,S3-271047270,S2-960475779,S2-352266565,S3-41215274,S2-257979322,S2-494098453,S2-420964033,S3-176001347,S3-414346620,S3-720682156,S2-473336525,S2-816948793,S2-392537437,S3-724697339,S3-828026130,S3-819118286,S3-153854117,S3-151070794,S3-949778819,S2-737015503,S2-113572670,S2-718268358,S2-837860269,S3-848698106,S2-193455705,S2-952686472,S2-249914546,S2-14434258,S2-435588501,S2-290917274,S2-918416821,S2-474555940,S2-951728675,S2-317112038,S2-935148781,S2-543852693,S3-163435095,S3-141388328,S3-869446641,S3-709392850,S3-410520306,S3-843056533,S3-77949867,S3-607151806,S3-768179917,S3-115965374,S3-3725440,S3-917511230,S3-568915484,S2-465793861,S3-547712068,S3-93983491,S3-232552463,S3-937998530,S3-660808493,S2-881947757,S2-76312411,S2-468629933,S2-961322082,S2-924787983,S2-239319404,S2-525432525,S2-122039341,S2-606455015,S2-73470342,S2-789422678,S3-571079674,S2-865511967,S3-723808134,S2-759163692,S2-923291857,S2-337965104,S3-727752946
S1-961712029	S3-49542716,S2-466771330,S3-706183306,S2-348453003,S3-683668379,S2-312259125,S3-668126921,S2-99831388,S2-418310782,S2-122209442,S3-199185195,S3-186905595,S2-625179237,S3-471672460,S3-470609790,S3-594602776,S2-6016138,S3-124170117,S3-227680987,S3-205662762,S2-331512834,S3-768040448,S2-615474470,S3-857615180,S2-984013331,S2-241830127,S2-932170813,S2-144725886,S3-120347675,S2-341993772,S3-445458463,S2-690206332,S2-693061987,S3-798940728,S2-155300403,S3-742269938,S2-619551565,S2-738630627,S3-935338255,S3-851425004,S3-180686326,S2-571663413,S3-607814516,S2-166503979,S3-905101846,S2-398939291,S2-241469242,S2-278094352,S3-291597388,S2-574611649,S3-102641627,S3-74316035,S3-78920341,S3-211914758,S3-497328976,S2-586689275,S2-633502496,S2-813978466,S3-142674730,S2-567920001,S3-616455705,S2-6588480,S2-180366272,S2-57601909,S3-296755173,S2-308000434,S2-571709813,S2-684651764,S2-458373807,S2-794420527,S3-561871957,S2-427613933,S2-550423906,S3-983926472,S2-609480684,S2-827634958,S3-970357838,S2-897135166,S2-963461661,S2-145899970,S2-25178902,S2-164600713,S2-655113826,S2-339341814,S2-74105722,S3-640042173,S2-206349131,S2-693299416,S2-178000425,S2-453451094,S2-733285564,S2-739036932,S2-761002382,S2-245480884,S3-84201382,S3-892478659,S2-469816557,S2-680023389,S3-18917871,S2-266921
S1-989811555	S2-213890802,S2-648524626,S3-285986992,S3-563269290,S2-42719562,S3-992623152,S2-835446515,S3-421478360,S2-201522134,S3-591244606,S3-40978490,S2-224034623,S3-601873916,S2-90446325,S3-460221766,S2-991324676,S3-159732,S3-944409680,S2-276488548,S2-691215320,S3-903110995,S3-376975544,S2-303599792,S3-109301651,S2-648343406,S3-626090092,S3-792924196,S2-743315842,S2-816698886,S3-690312862,S2-367571072,S2-873568101,S2-224708614,S3-682017602,S2-400204253,S3-924009866,S2-428657935,S2-196442601,S2-100571965,S2-856208596,S2-457617879,S2-152133486,S2-15641107,S2-179702335,S2-329741215,S2-121203212,S2-652784715,S3-204330877,S3-519940990,S3-839360241,S3-513408984,S2-223340813,S3-290476773,S2-52473687,S2-21985217,S2-553701181,S2-263560359,S2-564230666,S3-710702918,S2-718377575,S2-733273844,S2-823795083,S2-655505376,S2-40183581,S2-741500808,S2-737746014,S2-416930346,S2-921363818,S2-739633527,S2-375149567,S2-486605298,S2-469035341,S2-2681019,S2-941694833,S2-420938098,S2-128296925,S2-368760924,S2-541577370,S3-707920180,S2-368717035,S3-719822747,S3-958697055,S2-515027225,S2-947582435,S3-353197870,S2-754008762,S3-831654535,S2-244709315,S3-844485653,S2-489694608,S2-758725015,S2-974106511,S3-942661039,S2-636373383,S2-162547928,S2-263683565,S2-924991681,S2-17853482,S2-917563357,S2-979047184
S1-608313495	S2-771857675,S3-496775763,S2-668239802,S2-678322317,S3-882495587,S2-469030727,S3-914478362,S2-358242880,S3-978001544,S3-364295828,S2-150239298,S2-682006430,S3-972776064,S3-859066458,S2-516452074,S2-80109620,S3-95910348,S3-455143157,S3-708098472,S3-963268394,S3-271258394,S3-306163191,S3-963111864,S2-31834724,S3-475497162,S3-536149576,S3-85551318,S2-446161129,S3-388292966,S2-213702056,S2-11395678,S3-98249781,S3-736145397,S2-208259649,S2-524714997,S2-262292448,S2-693316941,S3-739802862,S3-951389946,S2-611425420,S2-966472048,S3-869709286,S2-42129165,S3-82798590,S2-829635886,S3-955804660,S3-753636683,S2-101201567,S2-291921391,S3-229287718,S3-996511642,S3-913334007,S2-225337461,S3-747110340,S3-905048783,S3-764655941,S3-266344527,S3-15767494,S3-14697090,S3-210561243,S2-566058076,S2-649401365,S3-95188941,S2-42697126,S2-18329418,S3-835671365,S3-475945863,S3-385334418,S3-595330353,S2-560143990,S3-166095267,S3-312393,S2-269145142,S2-329747193,S2-154417248,S2-506600176,S2-823964046,S2-124851817,S2-259512486,S2-450190069,S2-457705688,S2-460519682,S2-128823500,S2-644586036,S3-879442950,S2-288442016,S2-621312862,S3-38050642,S2-945784347,S3-464248451,S3-709280705,S2-200616358,S3-156636576,S3-283151833,S2-634217369,S2-919206770,S2-542755549,S2-926883997,S3-453095652,S2-161067728
S1-136225971	S2-510544205,S2-838673248,S3-89130304,S2-627673149,S2-75968001,S3-652869844,S2-736724824,S2-476660824,S3-864964294,S3-63467596,S2-705129472,S3-915565624,S3-68558746,S2-202180546,S3-304026865,S3-50875565,S2-267399914,S3-249323545,S2-513175747,S3-70191205,S2-914188216,S2-167672297,S2-965520373,S3-414386667,S3-962257886,S3-569950206,S3-658423664,S2-491397574,S2-141728481,S3-516635409,S2-785668134,S2-355013337,S2-312677953,S3-816933230,S2-541064006,S3-771312658,S3-274211867,S3-510171013,S2-242342510,S2-920204947,S2-103900540,S3-418221334,S2-864415020,S3-663291287,S3-595438201,S3-895137887,S2-632418046,S2-926449449,S2-254826477,S2-663177802,S2-869645493,S3-298932566,S2-513849269,S2-917275002,S2-920318958,S2-541325463,S2-633194052,S2-73217271,S3-762105221,S2-278361563,S3-255571613,S3-892464542,S2-537735558,S3-104105247,S3-65447582,S2-109180268,S2-596531648,S2-665795469,S2-456604096,S2-700670073,S2-799539494,S2-887158755,S3-137410132,S3-174577902,S2-433570264,S2-559521416,S3-107712615,S2-106016123,S2-360652981,S2-577698576,S2-295625071,S2-618329071,S3-104269093,S2-265952954,S2-730084010,S3-467082218,S3-545781822,S2-962629112,S3-211052392,S3-740884401,S2-584821086,S2-769296792,S3-800508286,S2-61607966,S2-654235196,S3-696722757,S2-169770607,S2-640891565,S3-5768622,S2-529527490
S1-794995376	S2-889441659,S3-492050427,S3-247855420,S2-192902688,S3-287481790,S2-319359799,S3-593401017,S2-37811626,S2-235147386,S2-407740250,S2-487225917,S2-933672885,S2-187360023,S2-225390226,S3-286935553,S3-208650456,S3-273593189,S3-892560666,S3-592299740,S3-861962574,S2-648383176,S2-289787424,S3-870691091,S3-820871023,S3-716147910,S2-861887989,S3-191465669,S3-689454994,S2-228826706,S2-236997621,S2-754455591,S3-803768239,S2-514431167,S3-880260099,S3-921503932,S3-472531714,S3-477378925,S2-33960521,S3-498360170,S3-384371720,S2-918557008,S3-130638514,S3-92112023,S2-642728438,S2-410895453,S3-38739926,S3-326419715,S3-71339462,S3-565506971,S3-199594414,S2-337475974,S2-425672951,S2-727608335,S2-89586464,S2-653635326,S2-49229596,S3-145093833,S3-569420127,S3-762668793,S2-844397476,S2-698078025,S3-550800511,S3-239378560,S2-863143056,S3-984670020,S3-290899299,S2-539924466,S3-404361346,S3-693722488,S3-49579370,S3-663578004,S3-722213668,S2-721083008,S3-579556777,S2-337635411,S3-537860228,S2-86507328,S3-692119318,S2-134237182,S2-245331338,S3-393114864,S2-515525972,S2-866772938,S2-113608828,S2-3887349,S2-88591758,S3-678515174,S2-720092718,S3-161375020,S2-60611058,S2-788661822,S2-875442789,S2-1095695,S2-364144235,S2-482333626,S3-613452240,S2-270467246,S2-704732897,S2-515265841,S2-863334458
S1-380377529	S2-722340266,S2-104766296,S2-306272851,S2-138390,S2-255700472,S2-137767859,S2-168610883,S2-130712165,S2-618386070,S2-909443105,S2-650485592,S2-471486290,S2-183865634,S2-694781483,S2-314746343,S2-921451307,S2-552628605,S2-397673786,S3-748653225,S2-128120604,S3-317747837,S3-587473821,S2-786070670,S3-362052027,S3-703366251,S3-658352742,S2-426796493,S2-381218149,S2-964994581,S3-120894557,S3-386423854,S2-280388724,S3-464821271,S3-307644873,S3-89899607,S3-515498720,S3-24033866,S2-228190648,S3-106052090,S3-63173981,S3-112225475,S3-110607964,S2-988820801,S2-83057703,S3-473539579,S3-199395702,S2-559632482,S2-59426434,S2-639827271,S2-175647503,S2-311333664,S2-533282068,S2-24956225,S3-720865525,S3-563171491,S2-426420898,S2-427344860,S2-173670938,S2-860066798,S2-518851904,S2-530241686,S2-569810056,S2-927791627,S3-684754477,S2-706701112,S2-891135254,S2-925555046,S2-546316772,S2-661644462,S2-104672868,S2-838079370,S2-977932763,S2-328151929,S2-914859008,S2-547507556,S2-675648654,S2-743292223,S2-749072056,S2-996632197,S2-210178042,S2-902774894,S2-2869986,S2-532474308,S2-53001909,S2-967099701,S3-413982911,S3-96296128,S2-299399549,S2-440055003,S2-179497666,S2-77308071,S3-9186385,S2-198027091,S2-829837714,S3-692790422,S3-784647378,S2-54162161,S2-978292518,S3-69770286,S2-164314510
S1-314760086	S2-101707401,S2-935183039,S3-863747738,S2-451302042,S2-929060134,S2-316588955,S3-433449671,S3-215353543,S2-31320946,S2-936515260,S2-552109163,S3-953204830,S3-530694651,S2-571097304,S3-668699012,S2-516119723,S2-70636450,S2-772749569,S2-277787348,S3-922585283,S3-705483540,S3-907435773,S2-212516495,S2-39813977,S2-481944807,S2-212168862,S3-722601983,S2-29471031,S3-413965202,S2-302048283,S3-297266740,S3-981203086,S3-475793748,S2-404545486,S2-104396295,S3-986549027,S2-857275354,S3-930434951,S2-861823809,S2-214888136,S3-422132733,S2-743884271,S2-378469352,S3-672611265,S2-977068318,S2-416252905,S3-519721831,S2-420552500,S3-941414827,S2-252281567,S2-418667983,S2-111437620,S2-498056143,S2-323265518,S2-45522352,S2-355765941,S2-646360934,S2-904081295,S3-290933796,S2-792408810,S2-600689243,S2-782589672,S3-64526462,S2-145741949,S2-692681336,S3-256553758,S2-205760775,S3-872597753,S2-482212008,S2-277998103,S2-506343919,S3-223620111,S2-552275059,S2-473522304,S2-747046757,S3-762141798,S3-874284854,S3-125194435,S2-243878862,S2-958458877,S3-523702251,S3-141855758,S3-203173421,S3-923338311,S2-689324459,S2-903886966,S3-608239278,S2-722762728,S3-396285513,S2-266428477,S2-464086541,S3-401950178,S2-74468162,S3-520057505,S2-944851251,S3-389855469,S3-454756194,S2-108579686,S3-454678763,S2-201179287
S1-305651860	S2-397707724,S2-582952575,S3-709304132,S2-500861444,S3-678579062,S3-213499510,S2-780957245,S3-405482926,S2-906401955,S3-37421552,S2-597409096,S3-34497126,S3-598868667,S2-460770298,S2-587521617,S3-189435339,S2-558166019,S3-260965189,S3-44538540,S3-401950143,S3-81850481,S3-792960858,S2-392088273,S3-652622603,S3-804732636,S3-316138931,S2-716253717,S3-141351584,S3-429485447,S2-840132283,S2-877176943,S3-115952732,S2-292261686,S2-259055163,S2-154711361,S3-144367222,S3-298329285,S3-912099688,S3-191359647,S3-326943704,S3-404607781,S3-708292886,S3-754854946,S3-83771090,S2-705215708,S2-886778495,S2-232160446,S2-949440590,S2-323492629,S3-546087640,S2-315191395,S2-236634109,S3-410947309,S2-569498212,S2-391043318,S3-639409218,S2-760002985,S2-212833426,S2-14428027,S2-788831419,S3-197638741,S2-779680865,S2-451225456,S2-413799226,S2-466473150,S2-29639513,S2-510929366,S2-208501562,S2-797998642,S2-839889252,S2-223746530,S3-17718707,S2-442890725,S2-631366626,S2-90014066,S2-274258556,S2-684170400,S3-816265492,S2-164137348,S2-309966880,S3-81399408,S2-516954356,S2-987384943,S3-130471213,S2-154218580,S2-640551127,S2-652627053,S2-776019313,S2-30161861,S2-328760780,S2-547321140,S2-647732392,S2-407356099,S2-506035340,S2-72324397,S2-255026421,S2-301719422,S2-789004721,S2-975893531,S2-27428935
S1-575404784	S2-825947123,S2-25321910,S3-706246697,S3-440921026,S3-820550216,S2-978539153,S2-204787317,S3-940444833,S3-502264302,S2-272704271,S2-988503976,S2-956302954,S2-621151030,S3-98103694,S3-390812907,S2-973783704,S2-652482248,S3-548699736,S2-332143234,S2-478860200,S3-413887010,S3-119579677,S2-92769858,S3-802184481,S3-4205456,S3-404230610,S2-612820800,S2-517521530,S3-300998549,S2-459348318,S3-284238193,S2-290653935,S3-335045790,S3-181354815,S2-747236957,S3-305868416,S3-774297620,S2-439785953,S2-606422396,S2-551143922,S3-953486919,S3-282022393,S2-65671624,S3-283143598,S3-985182580,S2-924065646,S3-637549264,S2-622687299,S2-938025520,S2-100565733,S2-535448249,S3-258524157,S3-964488469,S2-220849218,S2-749107653,S2-203470722,S3-469236904,S2-306047698,S3-488070295,S3-40632630,S2-984380207,S3-457204987,S3-651246233,S2-648945803,S3-950412614,S2-738633625,S2-205532215,S3-998283453,S3-845917905,S3-190826806,S2-774027471,S3-539105003,S3-877652538,S3-742529621,S3-100423367,S2-222362593,S2-16855593,S3-171600781,S3-536489619,S3-671318101,S2-320305734,S2-2610353,S2-480350032,S3-94999575,S2-778580003,S3-368327311,S2-714564635,S3-34939293,S2-206860222,S2-594762865,S3-407085812,S3-453017896,S3-640573994,S3-508949385,S2-264585600,S2-535888332,S2-948374694,S3-45606318,S3-654758849,S2-392551666
S1-297426421	S2-268438430,S3-947641975,S3-558159022,S3-428926227,S3-528299351,S3-567894833,S3-845703521,S3-157349162,S3-226397291,S2-739462865,S3-628336836,S2-657134733,S3-513254104,S2-430481035,S3-749139721,S2-172856775,S2-939212276,S2-951288229,S3-103207198,S3-866046638,S2-751589653,S2-570210668,S2-52458739,S3-851206784,S3-347959829,S3-610459062,S3-215980891,S2-16719491,S2-397342060,S2-988774001,S2-484187478,S3-78123801,S2-78465895,S2-870323766,S3-505058334,S2-647019087,S3-85001721,S3-488363429,S3-890172301,S3-246546286,S3-606673119,S3-213575271,S2-801333617,S2-686905703,S3-588452875,S2-445897195,S2-372968141,S2-258252656,S3-462576632,S2-220634515,S3-894283147,S3-591665052,S2-758276952,S2-833671862,S2-952315256,S2-502591859,S2-971517393,S3-916300989,S2-237034080,S2-251198014,S2-808428968,S2-526524288,S2-234997219,S2-69001187,S3-179845689,S3-370180554,S3-341722334,S3-896753320,S2-743765504,S2-543641372,S2-678426252,S3-417997447,S2-173345203,S2-700665822,S3-787792694,S2-308857693,S3-245210357,S3-988498793,S2-987958858,S3-396633705,S3-879696098,S2-229155968,S2-380966972,S2-102022512,S2-900952569,S2-896374669,S3-101381190,S3-290154992,S2-184759214,S2-205425492,S3-262410719,S2-881749687,S3-580582409,S3-836548566,S3-946146698,S2-936739006,S3-310646013,S3-621336321,S3-666271162,S2-12152026
S1-467677305	S2-57670799,S2-50206253,S2-77683751,S2-905779666,S2-355429731,S2-321545729,S2-561713084,S2-515424243,S2-640536149,S2-914359214,S2-411728466,S3-860102132,S3-299807312,S3-797127507,S3-628591909,S3-302875501,S2-102920919,S3-580911056,S3-717131069,S3-522608012,S3-71249166,S3-641810351,S2-324950564,S2-676052047,S2-705313718,S3-644792842,S3-896825771,S2-881269559,S3-449037199,S2-948260761,S2-998074613,S2-27234322,S2-40088649,S3-967373591,S2-623555399,S2-821709065,S3-480672951,S2-487751586,S3-493679134,S3-891225463,S3-745768820,S3-795711899,S2-530359927,S3-153914323,S3-475802720,S3-462631839,S3-727141201,S3-766490939,S3-803188132,S3-175418123,S3-985856010,S3-903010996,S2-881534165,S2-68485059,S3-562227824,S3-319064680,S2-672540167,S3-289799972,S3-790477694,S2-31496799,S2-47678806,S2-597432116,S2-420173703,S3-598177623,S2-700962872,S2-602981565,S2-674416015,S3-647272761,S3-673624702,S3-991655749,S2-245631944,S2-609928166,S3-372237096,S2-134318460,S2-299847587,S3-995624735,S2-386223826,S3-210078396,S3-333724846,S2-682186697,S3-732960697,S2-548852547,S2-594823502,S2-887669277,S2-337396916,S2-342502631,S2-434687967,S2-569520423,S2-948275174,S2-186422030,S2-526128361,S2-859472485,S3-7585309,S2-480030594,S3-564535692,S2-550297139,S3-971882550,S2-367152842,S2-872568120,S3-1204828
S1-120701758	S2-818134451,S2-963529067,S3-685157469,S2-193706056,S3-420201054,S3-338245693,S2-385879436,S3-197534967,S2-928503992,S3-408221033,S3-790596867,S2-503586088,S2-345421426,S2-460058495,S3-329641791,S2-696667317,S2-39661782,S3-995626220,S3-834646983,S3-372734000,S3-518719718,S3-279777713,S2-851437708,S3-813204502,S3-771167829,S3-614876099,S2-771561632,S3-580038961,S3-963187490,S3-951427607,S3-99230729,S3-966329097,S2-963091652,S3-212801790,S2-723310599,S2-308573550,S3-170762124,S2-924903309,S3-654920143,S3-816010087,S3-265928330,S3-542379897,S3-910453499,S2-464580656,S2-982922224,S3-701634657,S3-510399333,S3-318023659,S3-171509366,S2-851983139,S3-700546647,S3-111878667,S2-47372144,S2-593522801,S3-185632730,S3-394650421,S3-404030524,S3-974116782,S2-941453964,S3-144959948,S3-270402257,S3-857271110,S3-624452898,S3-978476383,S2-29247073,S3-22413482,S3-332687992,S3-518918119,S2-149065158,S3-185694550,S3-750239929,S2-11302811,S2-870079285,S3-486810639,S2-121076337,S3-849766304,S3-909671327,S2-502817862,S2-545481675,S3-220553033,S2-593202488,S2-828373230,S2-899549601,S2-334021155,S3-372120173,S3-865139577,S2-401356317,S3-371598056,S3-498524021,S2-289460549,S2-870382994,S3-743871928,S2-202432434,S2-759289732,S3-450489236,S3-654595578,S3-990488179,S2-403862237,S2-413549518,S3-534408983
S1-909523057	S2-518696730,S3-843507495,S2-155778090,S2-585684119,S2-694608733,S3-149132178,S2-419841462,S3-393520043,S3-298916756,S2-196742032,S2-628441565,S2-97679707,S2-705546562,S3-928744939,S3-919135884,S2-302387508,S3-95675370,S3-280548133,S2-822358851,S3-426876613,S3-4555421,S3-477378647,S2-766841287,S2-747550126,S3-228272671,S2-183371793,S2-57294308,S2-587588751,S2-225199837,S3-633134847,S3-815830496,S3-627698429,S2-374683741,S2-996152801,S3-775625857,S3-794023161,S3-687519122,S3-145597591,S3-143646818,S3-565199944,S3-450727249,S2-358695929,S2-698513569,S2-853199253,S2-300702752,S2-389776278,S3-357095583,S3-861536516,S2-895936909,S2-907440340,S2-288717007,S2-895633789,S2-489580065,S2-918045220,S3-868268810,S3-276739619,S3-263905256,S2-598503154,S2-48276840,S3-36567341,S2-140945314,S3-679170789,S2-995314905,S2-803493975,S3-672722716,S3-463602897,S3-761072100,S3-669722295,S3-988360083,S2-272369034,S2-946930363,S3-340804664,S3-784573767,S2-412761739,S3-170770440,S3-21735716,S2-924079763,S2-988481623,S3-772857571,S3-913235433,S2-176862744,S2-372492748,S2-182606146,S3-576165957,S3-83390904,S2-862534095,S3-720996869,S3-876105309,S2-950252774,S3-487950844,S3-562086194,S2-75545685,S3-601807784,S3-96727448,S2-13162999,S3-118101571,S3-328568929,S3-97843200,S2-779880934,S2-880883162
S1-490288778	S3-183685068,S2-302508647,S3-490266421,S3-890283385,S3-222886801,S3-48814330,S3-691364558,S2-762451905,S3-36837901,S2-258324315,S2-440911941,S2-539744591,S2-151178481,S2-923939961,S2-534168659,S3-493154123,S3-742583872,S2-346690327,S2-48548652,S2-963129977,S2-61776812,S3-585061389,S3-624172681,S3-357975375,S3-578687297,S2-545940113,S3-355591285,S3-503893917,S2-636748450,S2-634982401,S2-89798450,S2-432076296,S2-301177578,S3-477629412,S3-112891949,S3-214025485,S3-495708815,S3-713332997,S3-775893354,S3-67037273,S2-228455764,S2-38637100,S3-139199418,S3-783289669,S2-608284274,S2-694213692,S2-510827634,S3-710251611,S2-210644237,S2-794545215,S2-496058700,S2-32539328,S2-488443575,S2-761588671,S2-277637797,S3-992354014,S2-496243284,S2-438542933,S3-198682606,S2-249709090,S3-27028238,S3-271874815,S3-11277513,S2-860144053,S2-614430669,S3-719896346,S3-923265957,S2-870873768,S2-302705090,S3-436344577,S3-325121681,S2-553777810,S2-804210371,S2-234152898,S2-882553587,S2-276758293,S3-688533974,S2-539281699,S3-82982377,S2-367690357,S2-626309458,S2-90165000,S3-300148471,S3-940345447,S2-297499745,S2-497612869,S2-22775961,S3-60946624,S2-626594526,S2-769447843,S2-149231839,S2-221394422,S2-780647023,S3-691990334,S2-813803976,S2-860067905,S2-958627687,S2-403984177,S2-923535423,S3-140678883
S1-130862840	S2-163492516,S2-670296130,S3-687004547,S3-110834171,S2-473322013,S3-93037712,S2-615510853,S2-287014283,S3-558326046,S3-82703113,S2-742486399,S3-573743826,S3-378392522,S2-919157320,S3-273193141,S3-424360939,S2-635752427,S3-599233926,S3-970876505,S3-34611981,S3-811965787,S3-148567054,S2-605647275,S2-676379301,S2-790787080,S2-622312738,S3-834665373,S2-393549508,S3-454564533,S2-978470880,S2-448228635,S2-785264539,S2-833918862,S2-803415490,S2-547030962,S3-28080375,S2-561637101,S3-698697029,S2-341302446,S2-92010348,S2-278793926,S2-795708608,S3-301284464,S2-789927433,S2-883194281,S3-60865084,S2-381962914,S3-815033186,S3-771509668,S2-457492856,S2-176853775,S2-346837602,S3-714557025,S2-608577009,S3-742742355,S3-596851605,S2-609392208,S3-477614292,S2-739343581,S3-305244783,S3-878905621,S3-567924707,S2-546082281,S2-310863521,S3-700434702,S3-235288693,S3-633221827,S2-947295863,S2-439757303,S2-562877945,S2-772796642,S3-574455341,S3-451670740,S3-833515869,S3-172501337,S2-744926701,S2-77123495,S2-974234165,S2-212389442,S2-616747891,S3-683170144,S2-566506386,S3-198131838,S3-927208022,S2-714900499,S2-400244741,S2-140019317,S2-4092142,S3-88128625,S2-23904263,S3-149572007,S3-758303690,S3-758830088,S2-743517575,S2-748491719,S3-699618903,S2-111774987,S2-434635246,S2-552370153,S3-21173980
S1-824146900	S3-608980769,S2-385274641,S3-847785901,S3-184114877,S2-620842403,S2-586461756,S2-784043242,S3-476770710,S3-294070664,S3-258268632,S2-263509966,S3-30124299,S2-425831401,S2-87482854,S3-67127382,S3-461171944,S2-647756988,S2-559190926,S3-128214272,S3-280718050,S3-77345480,S3-480512261,S3-399536347,S3-499697195,S2-582556553,S3-535560167,S3-6191605,S3-213808614,S3-741872031,S2-668446059,S3-728342945,S3-731411342,S3-495647548,S2-544034060,S3-459788589,S2-674278629,S3-21776897,S2-346779891,S2-544299726,S3-27315029,S3-508365669,S3-844455722,S2-473944414,S2-562534865,S3-645468921,S2-374514022,S3-183664253,S3-841443357,S3-941908782,S3-321571252,S2-348019905,S2-445892346,S2-76007105,S2-782844711,S2-12229458,S2-686009236,S2-462716891,S2-39319315,S2-682635484,S3-6712093,S3-872777592,S3-979170038,S3-97028973,S3-590412575,S3-473876242,S3-745337570,S2-901841153,S2-407915779,S2-128088904,S2-857435261,S3-481148292,S3-531670929,S3-886327995,S2-406166807,S3-482442655,S3-97637975,S2-869830036,S2-306526707,S2-762116728,S3-828397975,S3-7732759,S3-248965647,S3-165532841,S3-468714540,S3-184334123,S2-137576613,S2-858172079,S3-341365217,S3-100778071,S3-790018075,S2-199046174,S3-54280189,S2-50565824,S2-742844128,S2-15392326,S3-244396599,S2-525652463,S2-598705359,S3-656610138,S3-815166153
S1-868091748	S2-196510602,S3-525482013,S2-439899312,S2-908799797,S3-354158454,S2-171802488,S2-150699556,S2-955682095,S3-588336696,S2-929704568,S2-388205711,S3-675170969,S2-353626787,S2-551745631,S2-242310070,S2-958121464,S2-117242541,S2-297404285,S2-464560007,S2-158656025,S2-292999576,S2-116510082,S2-802577764,S2-698316766,S2-148312292,S2-541137683,S2-356404162,S2-805732285,S2-91161279,S2-39955144,S2-718264021,S2-959989523,S2-879609842,S2-498615610,S2-379421954,S2-917218409,S2-24805283,S2-646678847,S2-504661469,S2-6161880,S2-114158423,S2-235711640,S2-810865710,S2-282072053,S2-943006977,S2-804683222,S2-858036578,S2-431720149,S2-449013993,S2-87133232,S2-714517437,S2-828452425,S3-745484300,S2-141518772,S2-66798631,S2-866429817,S3-85635547,S2-202711419,S2-231773002,S3-325693139,S2-807903424,S3-78544202,S3-913168601,S2-209355512,S2-677321462,S2-983541441,S2-122511907,S3-986374551,S2-270419159,S2-36673953,S2-736007370,S2-762251673,S3-163114906,S2-469636996,S2-508916157,S2-850687278,S3-180721254,S2-127563472,S2-760308547,S2-992023783,S3-314166887,S2-986422400,S3-495735238,S3-808736687,S2-30457494,S2-962515876,S3-161321580,S3-229301614,S2-140226774,S2-676710578,S3-324359788,S2-235016733,S2-589133308,S2-874495578,S3-753614552,S2-413996271,S2-925673877,S2-944976764,S2-116128119,S2-333037721
S1-663483	S3-967098215,S3-468585918,S3-471928128,S3-646779574,S3-878491136,S3-452720119,S3-192500807,S2-682975454,S3-804053150,S2-35454199,S2-610215332,S3-16995209,S3-521352955,S2-51165204,S3-823284189,S2-723844818,S3-636046999,S2-349938451,S3-657933241,S3-531923953,S2-677660026,S3-730793993,S2-466132937,S2-891736492,S3-540778513,S3-380076603,S2-996533988,S3-110592120,S3-869952407,S3-598842067,S2-652096348,S2-589614135,S2-353014941,S3-933178939,S2-374929609,S2-127535695,S3-608486132,S3-133142545,S3-835499323,S2-332001558,S3-668659234,S2-998370526,S3-627164744,S2-167831817,S2-935450187,S3-373358621,S2-665996354,S2-989669899,S2-931385246,S2-838825382,S2-917064197,S2-433658699,S3-270002713,S3-943844264,S3-550837596,S2-637767218,S2-365802995,S3-641599685,S2-397124846,S2-915086970,S2-839938245,S2-468161047,S2-538194275,S2-109106106,S2-932092761,S2-761448821,S2-560792949,S2-190454671,S2-45561759,S2-629683985,S2-487442962,S2-46799322,S2-450397048,S2-960664009,S2-315617286,S2-120821907,S3-125977585,S2-976642403,S2-185131740,S2-666392841,S3-975208297,S2-86104153,S2-110574011,S2-131622792,S2-579562010,S2-718793353,S2-353979301,S3-602618336,S2-35361462,S3-844861060,S2-50263261,S3-152135528,S2-304377028,S3-616208280,S3-759426278,S3-142046646,S3-272643308,S3-139009380,S3-613451041,S2-249425838
S1-620210081	S3-149081149,S3-741525317,S2-553816897,S2-758169582,S2-244358077,S3-292120934,S2-884129630,S2-851621401,S2-211133725,S2-91079218,S2-942627141,S2-683263903,S2-881278398,S2-800410677,S2-432806732,S2-824847434,S2-672573268,S2-691878874,S2-35725852,S3-220225810,S3-479459530,S3-123070661,S2-479739638,S2-100913716,S3-789176482,S3-243978565,S2-658314674,S3-645553486,S2-915661698,S3-563360402,S2-383850253,S3-452187231,S3-898707087,S2-779955048,S3-464664474,S3-188837035,S2-669413420,S3-743407151,S3-100202459,S3-627094589,S2-623956820,S3-291684469,S3-217864731,S2-17469161,S3-25086353,S3-668745101,S3-676196986,S3-619768862,S3-749838241,S3-93396350,S3-77948125,S2-41170359,S3-47408929,S2-252885825,S2-736973841,S2-346094484,S2-48566949,S2-415434192,S2-319319737,S2-172652013,S2-358130282,S2-891286635,S2-260904969,S2-816461188,S3-259968104,S2-144061750,S2-517608034,S2-659849291,S3-674154371,S2-105402986,S2-750163360,S2-79067661,S3-266817626,S2-114115517,S2-486096643,S2-908911771,S3-358382835,S3-698714612,S2-623928028,S2-950082694,S3-352112089,S2-72316435,S2-79942775,S2-801132514,S3-7030729,S2-109686091,S2-594438401,S3-786724091,S2-575543986,S2-983784033,S2-954599699,S3-188681759,S2-317917991,S2-449724439,S2-500500070,S2-86073148,S2-174844831,S2-450448899,S2-83322811,S3-275303834
S1-422976173	S2-654211348,S2-42556787,S3-158320070,S2-223713096,S2-241976627,S3-377261779,S2-893906682,S2-660855772,S2-37547213,S2-567610404,S2-353329284,S3-666860356,S2-649991432,S3-638222373,S3-445083726,S2-625468028,S3-22823320,S2-510429625,S2-369502461,S2-75168987,S2-687075586,S3-759865652,S3-929446636,S2-714757963,S3-100013035,S3-497420424,S2-83833996,S3-777820652,S3-178910375,S3-207520759,S3-422395268,S2-233903348,S3-904489957,S3-599167725,S3-350797347,S2-315078443,S3-820081958,S2-880078786,S3-841924533,S3-97933401,S2-507005125,S3-877905528,S2-792700985,S3-681866692,S3-582295115,S2-438904170,S2-367033923,S2-505599562,S2-112717723,S2-619276369,S2-382615114,S2-628060511,S2-367010791,S2-281435100,S2-757475649,S2-818658073,S2-408355824,S2-206055364,S2-420462920,S2-183442267,S2-250523218,S2-696720973,S2-189138323,S2-842272798,S2-879037557,S3-397930607,S2-86095835,S3-589438155,S3-430955167,S3-864065894,S3-573770389,S2-881702774,S3-438682356,S3-826388620,S2-332205976,S2-784598045,S3-108850788,S3-497418931,S2-82398226,S3-938857393,S2-263481166,S2-298406452,S3-50210980,S2-120320405,S2-585095674,S3-121550164,S2-452534058,S3-754502056,S3-446555938,S3-951138688,S2-188410272,S2-85089329,S2-278105584,S2-317660320,S2-603088508,S3-140763061,S2-482822905,S3-792221000,S2-359717791,S2-963248951
S1-428513286	S2-657756848,S3-665101439,S2-555950485,S2-440847338,S2-297228626,S3-198400729,S2-251653567,S3-499759574,S2-327482146,S3-926019725,S3-740954618,S3-310336033,S2-242643046,S2-653290597,S3-363348827,S2-947622852,S3-678192277,S2-21604707,S3-244229554,S3-158696848,S3-419762901,S2-784489198,S3-553140198,S3-458888938,S3-281590377,S2-620426111,S3-284015055,S2-333007804,S3-1859817,S3-705381531,S2-746701549,S2-638805381,S2-317564708,S2-466556624,S2-648223099,S2-233850037,S3-166789328,S3-509551588,S3-526820215,S2-565557701,S3-121512280,S3-672141210,S2-310463701,S3-349755008,S2-932927760,S2-834173953,S2-49043251,S2-274827989,S2-517695763,S2-475065376,S2-724875207,S3-731865793,S3-917725257,S3-397297026,S2-129120891,S3-689391544,S2-162835864,S3-338881314,S2-407204364,S2-82031786,S2-407630407,S2-936082893,S2-192624964,S3-486108556,S3-876626782,S2-809895019,S3-214840904,S2-627816774,S3-418178590,S3-939256922,S2-479892831,S2-700336482,S3-134848519,S3-182460666,S2-271811509,S2-602213943,S2-838006663,S2-611104291,S2-625165363,S2-74939262,S3-43081969,S2-631647679,S2-950249572,S2-271878587,S2-471133164,S2-506716348,S2-730229891,S2-127312985,S2-785148214,S2-962590056,S3-81791816,S2-224364394,S2-523327577,S2-95458674,S3-242170362,S2-222949435,S2-442540745,S2-776938453,S2-409586994,S2-761069978
S1-510826471	S3-50538531,S2-340742655,S2-891875909,S2-471936712,S3-584712334,S3-870966277,S2-928810225,S2-220968453,S2-97695167,S2-294334390,S2-847804600,S3-2239448,S3-950638626,S2-938927325,S3-542726338,S3-579941715,S2-824633008,S2-705201453,S3-511476900,S3-463951210,S3-589355946,S3-475905574,S2-573039298,S3-237567508,S3-99379078,S3-468759054,S3-475435695,S2-133546372,S3-207985133,S3-942196512,S3-257979066,S3-620985122,S2-955690731,S3-301227274,S2-646591214,S3-970348261,S3-299673029,S2-771247802,S3-594277280,S2-899845169,S3-738690372,S2-55329643,S3-730303245,S2-748036875,S3-263123031,S3-980053055,S3-300398726,S3-349623004,S2-210699471,S2-4535908,S2-812493924,S2-746792126,S2-609048264,S2-819202370,S2-302061303,S2-267498455,S2-264748018,S2-952126562,S2-304978248,S2-835296274,S2-990500295,S2-225593593,S2-415696760,S3-735991723,S3-180586182,S3-833859630,S3-691374015,S3-948149132,S3-769294236,S3-795955159,S2-918397592,S3-664259637,S3-841459778,S2-427302601,S3-591051625,S3-622230134,S3-856236702,S2-969266672,S3-762166076,S3-914782295,S2-295148235,S3-291653677,S3-431656577,S3-760432697,S2-449648193,S2-495829462,S2-142708375,S2-162058679,S2-389671450,S2-572906818,S3-191102351,S2-125797855,S2-288476515,S2-936726930,S2-128078559,S2-902470148,S3-863463901,S2-677697419,S3-133571150,S3-167461162
S1-901641500	S2-651196868,S2-899263737,S2-410748758,S3-810011649,S3-12566550,S3-157443990,S2-564937885,S2-921963578,S3-346742238,S3-900849370,S2-633070322,S3-908438214,S3-928545436,S2-161587930,S2-568204658,S2-113530941,S2-32360662,S3-169935843,S3-399970665,S3-104170447,S2-917871800,S2-800191320,S2-900421911,S3-446452622,S2-578634181,S2-697694559,S3-263053023,S2-662475903,S2-18326546,S3-691322364,S3-79668318,S3-76028192,S2-886197327,S2-612941905,S3-421215016,S2-401244540,S3-548880054,S2-416009481,S3-969410712,S2-984557133,S3-217168991,S2-979942906,S3-152839966,S2-49236346,S2-604718958,S3-621148838,S2-965087272,S2-578477818,S2-719866794,S3-235214823,S2-724498287,S2-766795255,S3-394709043,S3-656894342,S3-550681143,S2-94477435,S3-7662910,S3-571654592,S3-140722452,S3-400685443,S2-330552155,S3-283793481,S2-184046082,S3-697491078,S2-602372335,S2-178204744,S2-200468562,S2-724956648,S3-795704152,S3-985152529,S3-185990813,S2-101796417,S3-799286892,S3-689905620,S2-53994190,S3-3068275,S2-526776118,S2-715865413,S2-124736101,S3-389429627,S3-132477290,S2-740848910,S2-383105730,S2-690028272,S3-114593754,S2-531503701,S2-226423230,S2-908503445,S2-65567766,S2-912062972,S2-33728663,S2-604140112,S2-84024908,S3-296758728,S2-277497785,S3-553752584,S2-148206891,S3-627232391,S2-558287514,S2-869406404
S1-177655758	S2-383579832,S2-907278989,S3-711984501,S2-61126845,S2-727199708,S2-940550459,S3-599932514,S3-35292759,S3-977631603,S2-990476763,S3-886148715,S2-459235058,S2-15186121,S3-81924517,S2-845396546,S2-287612917,S2-166028955,S3-376730360,S2-622701948,S2-929685826,S2-686176711,S3-776008109,S2-642775440,S2-7918820,S2-27037836,S3-316503825,S3-635862653,S3-745276996,S3-234983979,S3-27729374,S3-819297018,S3-642244386,S3-175949730,S3-481698730,S3-639335764,S3-598149546,S3-181975596,S3-183866540,S3-418138374,S3-598644354,S3-845474690,S2-269690866,S2-363580820,S3-542159901,S2-332239142,S2-943641357,S2-378448689,S2-871071859,S2-626155641,S3-502678898,S3-461225431,S3-49623872,S3-8448180,S3-103078712,S2-328194959,S2-274679547,S3-655463833,S2-595379278,S3-512869626,S2-255771025,S3-820806660,S2-167829816,S3-274133196,S3-598958841,S2-571492215,S3-201723477,S2-146890419,S2-238896082,S2-299288746,S3-853659663,S2-1869193,S2-340291750,S3-454425347,S2-324745513,S2-377622625,S2-766409543,S2-264904508,S2-265647518,S2-466116886,S3-461904035,S3-503288975,S2-594150070,S2-702543185,S2-833626929,S2-604780621,S3-86720640,S2-100640296,S2-695595129,S2-783986924,S2-408569217,S3-457512296,S2-587777492,S3-143380223,S3-680842958,S2-973177465,S3-404091321,S3-469403523,S3-804033659,S2-640753252,S2-642499752
S1-894612952	S2-553219135,S2-406289772,S2-643647685,S2-480565773,S2-805558261,S3-668103318,S2-719497099,S3-161346012,S3-32069766,S3-912452419,S2-606444544,S3-807488111,S2-390844807,S3-795483817,S3-540073854,S3-551563815,S3-187455912,S3-580811923,S3-854861625,S3-430267256,S2-552951036,S2-863226347,S2-329447366,S2-28087375,S3-934724156,S3-356545562,S3-637826096,S3-847736800,S3-987032440,S3-129525432,S2-963681677,S2-745630057,S2-482845164,S3-480330670,S2-788511296,S2-547514470,S2-966338284,S2-172003980,S3-150077934,S3-345652355,S3-74825997,S2-298986958,S2-85577628,S2-126929701,S3-523596319,S2-643171971,S3-688354492,S3-121364388,S3-738208472,S3-971216281,S3-844818631,S3-107689321,S3-138010739,S3-79731561,S2-940227535,S2-145891469,S3-270401187,S2-632538900,S2-693816343,S2-682522435,S2-232908037,S2-810126634,S2-111152821,S2-845852198,S3-455921301,S3-761447479,S2-211838534,S3-985314303,S2-740276159,S3-321726762,S3-397348180,S3-936705256,S2-618348618,S2-639170764,S3-18846108,S3-372016100,S2-258083159,S2-479402514,S3-265655426,S2-572192396,S2-741816061,S3-660171722,S2-473967219,S2-537033056,S3-938066732,S2-426974849,S2-579176605,S2-721719993,S2-239443935,S2-283491895,S2-644215536,S2-866528226,S2-147856104,S2-423609007,S2-488799573,S2-99337827,S3-110898292,S2-219940842,S2-68561961,S2-809821076
S1-772671622	S2-716962404,S2-296809947,S2-955595557,S3-51072891,S3-308360677,S2-173604425,S3-553215752,S3-506214683,S2-746221187,S2-195431911,S3-565018691,S3-456702569,S3-777997576,S2-82571159,S2-223538155,S3-424451460,S2-89879014,S3-227342226,S3-755919796,S2-673590131,S3-305354679,S3-589280422,S2-950719376,S3-880020245,S2-232414799,S2-306249570,S2-928098188,S2-502533215,S3-916080269,S2-960630845,S3-390726810,S2-655758671,S2-945354655,S2-956334774,S3-573409650,S3-853743159,S2-734316429,S3-100955681,S2-353688200,S2-539468879,S2-284915670,S2-56234522,S3-385801549,S3-505551501,S3-114972042,S2-559634634,S3-892801311,S3-322874792,S3-13099266,S2-472704718,S2-732283032,S3-437305960,S2-724110847,S2-662036079,S2-762100113,S3-699731686,S2-178491168,S2-443107857,S2-797409544,S2-80072875,S3-945638041,S2-165185697,S2-191827555,S2-208398005,S2-332944015,S2-441445479,S2-145506091,S2-418262521,S2-564648377,S2-758243531,S2-435128265,S2-932912549,S2-957987789,S2-984440090,S3-13167065,S2-469840737,S2-648562475,S2-938274045,S3-843153934,S2-433226334,S2-552696521,S2-819306766,S3-194467005,S3-526289331,S2-797734182,S2-904893417,S2-973151948,S3-374205472,S3-708289082,S2-121948929,S2-433153167,S2-624429937,S2-998462220,S3-977006186,S2-168471927,S2-49318153,S2-749794857,S3-843072852,S2-45342825,S2-555538359
S1-830999582	S2-960413676,S3-295387913,S2-737597399,S2-330128484,S3-152266998,S2-643503210,S2-736572023,S2-423011843,S2-411591067,S2-635038199,S2-402346107,S2-160059935,S3-187097507,S2-270140580,S3-428678468,S3-746204698,S3-212524500,S3-847191416,S3-431769370,S2-532409834,S2-763799080,S3-52526147,S2-31303758,S2-147087223,S2-107456658,S2-767957446,S2-458881142,S3-990264778,S3-778729178,S3-470696540,S2-355868880,S3-48599176,S2-900878197,S2-626301457,S2-269326450,S3-435927392,S3-6703811,S3-195574178,S3-496040670,S3-462013037,S3-581081674,S3-464335530,S3-300310133,S2-147491090,S3-600909087,S2-428009861,S2-162216509,S3-87311916,S3-223298403,S2-709734980,S2-764408447,S2-253152298,S3-850951607,S2-187243224,S2-9842057,S2-366055715,S2-44699160,S2-653784626,S3-248050659,S3-711104398,S2-189637443,S3-331132863,S3-335701476,S2-624188942,S2-81336048,S2-792659707,S3-923280078,S2-783323774,S3-766067548,S2-209042785,S2-337938735,S2-435069679,S2-216455446,S2-254355523,S3-9526674,S2-513019156,S2-53736488,S2-825291579,S2-572356359,S3-281232721,S2-559652950,S2-954185765,S2-168140255,S2-284111904,S3-104864858,S2-861759935,S2-876931435,S3-63088600,S2-286391645,S2-568741576,S2-775424915,S3-885613001,S2-280411920,S2-423192794,S2-925275906,S3-907192483,S2-249846363,S2-639021065,S2-798371606,S3-115066656
S1-140372700	S2-827013646,S2-883313425,S3-929408377,S3-866480265,S2-219273520,S2-328235111,S2-587539384,S3-600579493,S2-186188842,S2-841147289,S2-910814203,S2-582660939,S3-791071618,S2-725807325,S3-404274968,S3-785597987,S3-835654232,S3-63753468,S3-374227162,S2-518059309,S3-554737887,S3-804238168,S3-874094079,S3-278919610,S2-376473619,S3-647485878,S3-953760719,S2-650602061,S3-916934318,S2-756016729,S3-109322008,S3-739742969,S3-542991448,S3-70698566,S3-33705833,S3-13361469,S2-89768687,S2-451324054,S2-928089098,S2-695332263,S3-404083036,S3-770799998,S3-114595788,S2-458853283,S3-54345224,S3-348313323,S3-279252481,S2-585334458,S2-697674787,S2-119469041,S3-611922370,S3-282761928,S3-747390752,S2-253811462,S3-669127418,S2-81219499,S2-243041226,S2-306680201,S2-413875657,S2-809807746,S2-437406224,S2-211517403,S2-552807827,S2-754259806,S3-502212766,S3-120624674,S3-730070791,S3-702747516,S3-114294345,S3-783874441,S3-233682494,S3-994135793,S2-155984100,S3-88696373,S3-679162390,S3-194893847,S3-364997283,S2-604662432,S2-428335955,S2-790674820,S3-790485370,S2-114751354,S2-767851413,S2-565496637,S3-178186424,S2-378123896,S2-750999876,S2-243801588,S2-603023244,S2-906963150,S3-351729313,S3-668268618,S2-465840031,S3-533558882,S2-357517108,S2-465231508,S2-189887341,S3-96039374,S2-473859883,S3-820003423
S1-353357120	S3-960794437,S3-253906129,S3-941344758,S3-705527012,S2-207758363,S2-882932441,S3-423056719,S2-727822263,S3-656410883,S3-124701343,S3-229444864,S2-492429972,S2-70028756,S2-389070896,S2-673744685,S3-617154557,S3-65983939,S3-113764526,S3-508331133,S3-12579892,S3-647310588,S3-621751441,S3-713687848,S2-137517768,S3-440402142,S2-732253279,S3-105374965,S3-333948362,S3-485616873,S3-531989294,S2-650018229,S3-242273661,S3-374861528,S3-70149631,S3-586145124,S3-112291803,S3-623673086,S3-806412198,S3-257972885,S3-205141667,S2-720470462,S2-484062913,S3-73033598,S2-781548511,S3-149751812,S2-734250464,S3-640293039,S2-340753731,S3-707583446,S2-34775438,S2-439358378,S2-206261071,S2-190243055,S2-963696666,S2-824721366,S3-451917085,S2-891807301,S2-621288523,S2-883722122,S2-57283187,S2-543168326,S2-86801914,S2-705834177,S2-631203816,S2-615451059,S2-20241765,S2-2596453,S2-325502318,S3-63484496,S3-839660442,S3-545581112,S3-603196776,S2-913990727,S2-67263674,S3-192488723,S3-962906312,S2-417189138,S2-382471610,S2-348381532,S3-714481004,S2-371246267,S2-135238993,S2-940458185,S2-33415937,S2-16815541,S2-916915048,S3-516479471,S2-482046207,S2-67274729,S3-379084457,S2-129640336,S2-187414781,S2-298318482,S2-816395667,S3-56377265,S2-704600624,S3-15571481,S2-196162243,S2-457394594,S3-954796696
S1-651956190	S2-161879448,S3-683708284,S2-658517813,S3-339563425,S2-273520189,S3-402838157,S2-590262828,S3-870831398,S2-216853582,S2-754143156,S3-273223969,S3-380497176,S2-48462621,S2-115780684,S2-277125767,S2-13294327,S2-439479558,S3-991339529,S3-467408442,S3-728838616,S3-421395296,S2-287069182,S2-473125519,S3-959308712,S2-83839866,S2-581401063,S3-699352511,S2-172299971,S3-89845232,S3-44057898,S3-435773375,S3-966844656,S3-878903684,S2-881769346,S2-77536725,S3-414856772,S3-224440593,S3-3532352,S2-727283786,S2-890146751,S2-557236296,S3-987853737,S2-810492835,S3-354730376,S2-934115617,S2-858614581,S2-627618544,S2-692905183,S2-773740465,S3-707353955,S3-144409422,S3-69411028,S2-53352426,S2-985527667,S2-565946629,S3-346885884,S2-990997276,S2-592783133,S3-363753744,S2-496175440,S3-297270063,S3-270790604,S3-37209639,S3-458154170,S2-921690905,S2-414404134,S2-1962088,S2-577163190,S2-84094874,S2-945379679,S2-678139766,S2-888202700,S3-654923222,S2-257293797,S3-931446012,S2-661898586,S3-131303932,S2-174891057,S2-290388575,S2-397000432,S2-314357153,S2-321004336,S2-179248513,S3-289576999,S2-364372941,S2-748696933,S2-439321037,S3-423679628,S2-232851766,S2-810871888,S2-521999509,S2-603533649,S2-174067945,S2-761568876,S2-516250376,S2-517948989,S3-509086258,S2-483886496,S2-568996138,S2-645093442
S1-629120593	S2-763348525,S2-949044892,S2-122196610,S3-581189663,S2-32615169,S2-618872431,S2-35592011,S2-541434748,S3-345255285,S2-840918275,S3-570408133,S3-546791877,S3-76580489,S3-325457915,S2-418276904,S3-925631267,S3-832370973,S2-55195765,S3-253906882,S3-76586166,S2-867087565,S2-94056355,S3-701744658,S3-86597583,S3-524983865,S2-323362044,S3-778048635,S2-375336538,S2-507019809,S3-275890665,S3-991104436,S2-673267428,S3-545040117,S3-545015423,S2-550690090,S2-293985637,S2-38636839,S2-162277158,S3-962464677,S2-718065768,S2-628210659,S2-419429349,S3-652452358,S3-449772454,S3-634939292,S3-854874079,S2-448242744,S2-357545523,S2-941468501,S2-373749822,S2-100435085,S2-259914029,S2-678338309,S2-850769485,S2-785629152,S2-568886463,S2-969258462,S3-14674093,S2-666291860,S3-609170099,S3-642223198,S3-233158816,S3-288686843,S3-145309489,S3-68905660,S3-270275228,S3-928180212,S3-95775372,S2-271003089,S2-770659969,S2-809178561,S2-943122400,S3-218811888,S3-389744279,S3-71882096,S3-882717142,S2-130837420,S2-195324655,S2-152525867,S2-11173041,S3-733701572,S3-129329096,S3-194465179,S2-870316875,S3-840939596,S2-612931216,S3-369996170,S2-597335078,S2-720321337,S2-977987499,S3-895313269,S2-626304435,S3-591626395,S2-70556682,S3-598663615,S3-22328425,S3-430078083,S3-142349264,S3-751165751,S3-787187677
S1-653029033	S3-862804004,S3-531038108,S2-335374217,S3-916634253,S2-641192736,S2-941344375,S2-18665974,S3-958223668,S2-490808371,S3-549907423,S3-309447156,S3-712703391,S2-115871854,S2-461364984,S2-434828059,S2-134558297,S3-856467876,S2-289688533,S2-793386814,S2-580671187,S3-849012393,S3-197892107,S2-809474750,S3-295994038,S2-242457403,S2-125721521,S2-559451231,S3-70835182,S2-172262282,S2-23423347,S3-622922529,S2-177945302,S3-3929932,S3-483848907,S2-895872556,S2-941160648,S2-89164498,S3-203826316,S2-508194748,S2-883817425,S2-571714872,S2-694970844,S3-342496742,S3-676424539,S2-100634216,S3-540602859,S3-377480652,S3-591086208,S3-113459519,S2-621702233,S2-268339271,S3-906230840,S3-54135204,S2-135742338,S2-668707716,S2-95487741,S2-514195800,S3-122879070,S2-691475433,S2-749292338,S2-152218336,S2-104045060,S2-847879033,S2-187247138,S3-691879290,S2-486573059,S3-848964991,S2-219343524,S2-893695481,S2-425925574,S3-163560792,S3-727928529,S2-53328373,S3-114515813,S2-451254987,S2-60653425,S3-624668279,S3-714331779,S2-331702638,S2-79174522,S2-800669920,S2-128033700,S2-167632636,S2-979207879,S3-73347571,S3-9672735,S2-252264986,S2-955286996,S3-536358180,S3-777257536,S2-101684010,S2-30566695,S2-995213728,S2-42743303,S2-468871981,S2-608944892,S2-679055729,S2-287833435,S2-5577118,S2-864447748
S1-27440772	S2-644729894,S2-572926694,S3-839750546,S3-378175729,S2-304204185,S2-817453003,S2-247443451,S2-384950786,S2-778844675,S2-271639146,S3-938352024,S2-716899566,S2-59979332,S2-971654293,S2-351246649,S2-519957110,S3-469884852,S2-937293546,S3-92275608,S3-311995444,S2-394813758,S2-203440874,S2-810461809,S2-398817508,S2-245306304,S2-861109255,S2-830171310,S2-558214551,S3-231765884,S3-583461112,S3-660553392,S3-306810407,S3-498599428,S3-29789700,S2-191875897,S2-18805438,S3-585066277,S3-465051457,S3-230572080,S3-973717539,S3-195958445,S3-429454178,S3-704453990,S3-201061060,S2-526348937,S3-448838406,S2-202440677,S3-93620324,S2-693656991,S2-35701784,S2-780936415,S2-918135169,S3-192963132,S2-605033870,S2-935611144,S3-298146470,S2-411366106,S2-215031257,S2-983548837,S2-235825997,S2-567695178,S3-958210837,S2-215040277,S2-712821786,S2-668221919,S2-125957325,S3-85724041,S2-54608462,S3-511917483,S2-586553762,S3-732146348,S2-955423418,S3-250247322,S2-172435456,S3-776323994,S3-415811401,S3-864140133,S3-811299497,S3-60881969,S3-717220700,S3-587285147,S2-249425401,S2-303857137,S3-373170809,S2-985719392,S3-483603902,S3-734171530,S3-111401713,S2-328011486,S3-299617565,S2-4333504,S2-843220837,S2-129937321,S2-930852940,S2-469344096,S2-950944390,S2-224369223,S2-536627973,S2-555699620,S2-738768485
S1-287212220	S3-932492931,S2-477557966,S3-808849680,S2-418444671,S2-986378540,S3-331928619,S3-17674361,S3-57290568,S3-649390149,S2-757667562,S3-976592321,S2-501659352,S2-470031613,S2-18962170,S3-734581646,S3-674579182,S2-820766566,S3-228097987,S3-355291787,S3-932184866,S2-427485268,S3-350510638,S2-636388182,S3-69988772,S2-369729424,S3-390879300,S3-357536606,S2-110930309,S3-955737660,S3-36489112,S2-494346412,S2-58995871,S2-313806321,S2-20490583,S2-549868954,S2-4374215,S2-760873469,S2-9902388,S2-897620435,S2-637862363,S3-145609462,S3-848188375,S3-698810743,S3-861856193,S3-922016792,S3-443411188,S2-672482490,S2-532330135,S2-755099424,S2-955528802,S3-52816789,S2-315824141,S3-266420741,S3-921320681,S3-32023309,S2-799468595,S2-989146317,S2-815959399,S3-740239330,S2-711257659,S3-475696389,S2-706413309,S2-327332448,S2-740682980,S2-766186109,S2-735292607,S3-853890112,S3-295661397,S3-770416790,S3-497918591,S3-350945786,S3-362251317,S3-322468478,S3-323180811,S2-93900462,S3-393027690,S2-498578444,S3-779933472,S3-818292520,S3-118810256,S3-625765788,S2-329526217,S3-492012744,S3-610939265,S3-905749359,S2-827440855,S3-540827240,S3-772170769,S3-897083287,S2-216916663,S3-168322214,S2-393585322,S3-238444606,S3-273398902,S2-58344842,S2-70732063,S3-173114110,S3-28017556,S2-219994352,S2-839555331
S1-141187228	S2-142958943,S3-930852611,S2-70477687,S2-621408552,S3-260663376,S2-916636945,S2-462861970,S3-373755002,S3-494025123,S2-702870646,S2-306468687,S3-464853173,S3-890438439,S2-506923644,S2-621982573,S2-741611655,S3-250818237,S2-708804071,S2-86671700,S2-408068509,S3-638857029,S3-224824315,S3-230832902,S3-195967407,S2-949031199,S3-691434850,S3-689376987,S2-981344934,S2-173880161,S2-990029458,S2-786635489,S2-202254865,S2-800042873,S2-882813385,S2-600947037,S2-472453487,S2-343387021,S2-408929494,S2-174349736,S2-305164245,S2-454233058,S3-831166280,S2-625156629,S2-538760591,S3-368805366,S2-223078367,S2-797068436,S3-730794617,S3-986865655,S3-807908949,S3-861813296,S3-45969226,S3-862253606,S2-283236536,S3-198358368,S2-611451196,S2-116841013,S3-569188271,S2-660487948,S3-868825066,S2-148435184,S2-65752931,S3-589446746,S3-792057758,S2-267265825,S2-347603005,S2-957791751,S2-796876339,S2-915632713,S3-445676444,S2-188480184,S2-371180003,S2-833519069,S2-156705114,S2-8147873,S3-894249179,S2-280719770,S2-712232631,S2-990979061,S3-380405919,S3-872595196,S2-311918193,S2-36802205,S2-445457968,S2-504545578,S3-440500685,S3-99324746,S2-336252619,S2-550082757,S3-839610306,S3-973681409,S2-311363219,S2-396564709,S2-52956067,S3-299595443,S2-810396252,S2-895200863,S2-963435647,S3-54030507,S2-237947719
S1-679423431	S2-810245947,S2-240114842,S2-278109160,S2-964984581,S2-487421580,S3-749973514,S3-405614289,S2-655319998,S3-369625138,S3-550325023,S2-196263950,S2-94933579,S3-578146084,S2-854010745,S2-349077910,S3-528014581,S3-23422928,S2-589278045,S3-118363153,S2-415934434,S3-888385467,S3-723835952,S3-267987386,S2-997759176,S2-993172249,S2-495884781,S3-769957113,S2-451976383,S3-752096572,S3-720471903,S3-327196377,S3-663385288,S3-974435536,S3-351851846,S3-486252123,S3-973017904,S3-541531555,S3-362609640,S3-61444856,S3-493098105,S3-406786762,S3-588000023,S3-988663079,S3-103056416,S3-169300271,S3-22493417,S2-117516753,S2-725374516,S2-109727228,S2-409763947,S3-9166691,S2-825843081,S3-341008227,S2-402158550,S2-701437372,S3-483751026,S2-123631239,S2-959711580,S3-371627934,S2-525034311,S2-883396997,S3-754867512,S3-116659052,S3-232173766,S3-316572937,S2-325765934,S2-404683060,S2-867118773,S3-272894166,S2-927741031,S3-291342621,S3-564684032,S3-639831339,S2-125932672,S2-686550299,S3-477372214,S3-88855198,S2-148638764,S3-801168281,S3-924946259,S3-92752978,S2-899419538,S3-491842736,S3-997208942,S2-679540143,S2-754016889,S3-252713336,S3-259703441,S2-137771520,S2-243601655,S2-755667743,S2-802986687,S3-702927569,S2-167917852,S2-485952241,S3-168981296,S2-201759320,S2-472185390,S2-700535505,S3-399719230
S1-847775954	S2-663331582,S2-472646458,S2-95727804,S3-941790076,S2-317588804,S2-773204570,S2-157849240,S2-790930976,S3-57153280,S3-797479427,S3-617022642,S3-901274473,S3-440332599,S3-722280719,S3-842027971,S3-60689249,S3-985505064,S3-10529860,S3-420927145,S3-882947898,S3-790660499,S3-252446448,S3-74714375,S3-240077326,S3-327043549,S3-577739993,S2-69261495,S2-232572580,S3-700792076,S2-428252525,S2-90977680,S2-854333779,S3-513552618,S3-227305206,S3-979663465,S2-817342097,S3-423592429,S2-506775138,S2-410365960,S2-435824614,S2-313237896,S3-478885400,S2-715110464,S2-907816431,S2-703463298,S2-155143522,S2-749180949,S3-234884020,S3-865072822,S2-737931382,S3-303370427,S2-978289556,S2-267220459,S2-202792462,S3-512867726,S2-256455789,S2-55005763,S2-936739006,S2-147300733,S2-247374465,S2-753507653,S2-89871777,S2-230282671,S2-829309894,S3-461387373,S2-561695251,S3-209781655,S3-946577572,S2-397386863,S2-790735555,S2-820689669,S2-659202627,S2-850295582,S2-945780826,S2-160052426,S2-842102595,S2-980919003,S2-176880712,S2-76946596,S3-732273857,S2-376114797,S2-415779412,S2-573610920,S3-643859094,S2-10582489,S2-238106195,S3-522961598,S3-122099819,S3-661043897,S3-807135150,S3-97844539,S2-236561280,S2-705051412,S3-165794663,S3-658384330,S2-212675532,S2-253453842,S2-313177773,S2-671674981,S3-816699441
S1-478719780	S2-870996149,S2-42484823,S2-919703139,S3-807743005,S2-928735870,S2-259571427,S2-19810204,S2-966717977,S2-359658210,S2-764464367,S2-160029562,S2-486593363,S3-51705612,S2-24762314,S3-368335549,S3-683038089,S2-982117801,S2-93224589,S2-735403811,S3-244484632,S2-332023481,S2-701582773,S2-291449494,S3-835972565,S2-652552793,S3-983666022,S2-189767038,S3-597898950,S3-947569191,S3-144288165,S2-342537028,S3-336604882,S3-654563519,S2-468356450,S3-430128612,S2-399787039,S3-840989923,S3-579579575,S2-50026403,S2-388962733,S3-523677089,S2-228621046,S3-448921761,S3-91679396,S3-358553586,S3-296834017,S2-621471245,S3-870959952,S2-264317741,S3-820876561,S2-239263863,S2-973822526,S2-834381437,S2-444318892,S2-746241315,S2-471180030,S2-287314866,S3-391442590,S3-487391903,S3-443418498,S3-839867791,S3-195304159,S3-633374978,S2-350815902,S2-543625068,S2-108449488,S2-782227759,S2-959305884,S2-16581565,S2-339704518,S3-275148084,S2-805665009,S3-396976474,S3-813329311,S2-57280336,S2-605648169,S3-337630906,S2-675858949,S2-872931695,S2-212325818,S2-603687016,S2-842239468,S3-162754342,S3-271546163,S3-378959984,S2-654255451,S3-479523180,S3-606909924,S2-203075255,S2-358619460,S2-883623853,S2-977055845,S2-504583830,S2-523393864,S3-457773112,S2-184560899,S3-511575021,S3-559424473,S3-568190985,S2-618877866
S1-260712682	S2-484168544,S2-431436404,S2-511120870,S2-997635814,S3-128393061,S2-897534977,S2-970313846,S2-822767909,S2-545134193,S2-861363940,S2-953205230,S2-619298732,S2-290518872,S2-925186565,S2-840864379,S3-28983713,S2-455872864,S3-904149167,S2-170018470,S3-21764308,S2-60447284,S3-185728772,S2-477629069,S3-796472050,S3-846276133,S3-339295984,S2-625282798,S3-198302156,S3-840851251,S3-415387465,S3-191875968,S3-319677009,S2-172058382,S2-207678034,S3-10439901,S3-700798206,S3-924926018,S2-377512327,S3-421994901,S2-76485246,S3-614890504,S3-651893129,S2-798575230,S3-224554255,S2-141994611,S3-694167672,S3-961962201,S3-412883047,S3-660806884,S3-477058420,S2-93834617,S3-581229625,S2-692118399,S2-72433419,S2-792355920,S2-682542162,S2-397681571,S2-880024455,S2-129431900,S3-590843497,S2-112609475,S2-926307939,S3-120675608,S3-423321750,S2-114420507,S3-239549998,S3-781848381,S3-945152021,S2-154073429,S3-492634582,S3-775207620,S3-817463498,S2-266872556,S2-329272455,S2-669827516,S3-858236715,S2-555287213,S2-686303200,S3-51696208,S3-663196591,S3-779475106,S2-528095024,S3-782977848,S3-912785546,S2-624682196,S3-178513260,S2-60747884,S3-853512788,S3-464247551,S3-477275681,S2-316332075,S2-831780564,S3-978259757,S2-12231356,S2-678708740,S2-306510246,S2-988512931,S2-28719083,S2-341154714,S2-624201236
S1-702293456	S3-750539380,S3-644486510,S2-437022764,S2-826433458,S2-473498242,S3-164647352,S2-96068890,S2-172091678,S3-212498507,S3-140490885,S2-588586929,S2-68317558,S2-910952976,S2-742082721,S3-119509236,S3-723136540,S2-722566387,S2-790989872,S2-342177438,S3-182688060,S3-446949022,S2-983038065,S2-103492088,S3-193670813,S3-775804583,S2-172002886,S2-468529427,S3-306992482,S3-936648677,S3-672854199,S2-940993952,S3-216613704,S2-616036984,S3-447205295,S3-821910139,S2-619754161,S3-98855706,S3-646693205,S2-202861518,S2-722761782,S2-818807516,S2-327793579,S2-485307526,S2-191104527,S2-201086284,S2-600592639,S2-351616982,S2-17110606,S3-418694355,S2-609672153,S3-156081080,S2-736096585,S3-903879203,S2-183353397,S3-471865434,S3-958390509,S3-426022208,S2-981274910,S3-672262154,S3-304568390,S3-938835313,S2-109983385,S2-546118974,S3-387002941,S2-530152253,S2-6092066,S2-757411637,S2-178894988,S2-486128120,S2-506225892,S2-690644078,S2-115094119,S2-303288591,S2-932076047,S2-110344160,S2-114983051,S2-577176343,S2-144360443,S2-771737761,S2-108409938,S2-418507711,S2-694235637,S2-807776964,S2-861101358,S2-934769963,S2-122441290,S2-605160740,S2-727554184,S2-884838056,S2-666639292,S2-757759107,S3-313778420,S3-324967128,S2-103799968,S2-187012195,S2-74254421,S2-161590990,S2-286725074,S2-725362061,S3-250884867
S1-381930923	S2-790369748,S2-137262901,S3-867705699,S3-762618013,S3-376438859,S3-743876793,S2-428882562,S2-436990094,S2-829022893,S2-175560112,S2-273899578,S3-918492209,S3-787079253,S3-830478365,S3-2958509,S2-336089821,S2-10627083,S2-673298611,S2-355513859,S3-213757596,S3-216405666,S2-535500802,S2-571442938,S2-274093231,S2-761555564,S2-249687304,S2-131620090,S2-458966288,S2-537642977,S2-524313822,S2-505005338,S3-233025588,S3-130600300,S2-366890947,S2-799439615,S2-273452336,S3-552942488,S3-18280739,S2-250532918,S3-31383886,S3-357033305,S2-175664832,S2-42903649,S3-524642559,S3-427026897,S2-406092509,S2-649686968,S2-616094929,S2-44715861,S3-432013760,S2-234160941,S2-1660427,S2-77101186,S2-359551860,S2-560888216,S2-762254160,S3-575725228,S3-243159867,S2-962511849,S2-259281907,S3-941988070,S2-950859573,S3-647927059,S2-422023820,S2-767829469,S3-357184706,S3-462320130,S3-342217837,S2-487319548,S3-269543619,S3-208626463,S2-794103876,S3-103272039,S2-399337488,S2-493045130,S2-280478321,S2-409449726,S2-316143777,S2-89570226,S2-882705800,S2-666419421,S2-8471357,S3-517439064,S2-518541046,S2-174828767,S2-712489425,S2-811364139,S3-406653224,S2-783049029,S2-99641070,S3-301250257,S3-610059794,S3-61790536,S3-977028587,S2-499034066,S2-602775312,S2-648174936,S2-132990651,S2-41792268,S2-972406065
S1-606709586	S2-988617107,S3-76862934,S3-310645133,S2-14266050,S2-16215642,S2-916242280,S3-339216162,S3-371672867,S2-829022893,S3-508922021,S2-175560112,S3-421076419,S2-273899578,S3-918492209,S2-163053327,S3-787079253,S2-298139278,S3-830478365,S3-260404591,S3-2958509,S2-805768076,S3-733960510,S2-666159611,S3-453543945,S3-277046300,S2-489034222,S2-909611079,S2-979701935,S2-371255579,S3-302127469,S2-686530238,S3-219728744,S2-587688983,S2-535500802,S3-615968586,S3-657239527,S3-14561554,S2-740006739,S2-249687304,S3-843886671,S2-867992199,S3-348854580,S2-71237371,S2-261621660,S2-397165102,S3-236246592,S3-400271074,S2-778218461,S2-817041340,S2-530927825,S3-961975100,S3-21477944,S2-568021500,S2-73356412,S2-571442938,S3-146597519,S3-320463883,S2-274093231,S2-546014299,S2-588309298,S3-243111198,S2-115512899,S2-332093507,S2-3977546,S2-16306583,S2-412822312,S2-794103876,S2-90045494,S3-54758638,S2-354036782,S2-467463475,S2-994612364,S3-191226941,S2-240818920,S2-480527119,S3-420572609,S3-932054737,S2-377738187,S2-458966288,S2-619890055,S2-829888855,S3-86942181,S2-205565492,S2-537642977,S2-998401830,S3-206598637,S2-909994439,S2-988738582,S3-186273298,S2-138554377,S2-468157759,S2-501171428,S3-490489513,S2-10633722,S2-559678604,S2-691569506,S3-66878466,S2-122145692,S2-700383318,S2-762512847
S1-520525594	S2-2944407,S3-746405414,S3-629896257,S3-746510702,S3-52348676,S2-812516044,S2-300783489,S2-75887001,S2-780673749,S2-708101560,S2-169501438,S3-965022409,S2-527161889,S2-154900426,S3-319107841,S2-741090034,S2-949377899,S3-101612207,S2-524364831,S2-323254306,S2-918728320,S3-947194680,S3-673957862,S2-398069812,S2-133185224,S2-527103905,S3-809982734,S2-514235575,S2-719640771,S3-228080854,S3-27300709,S3-549313208,S2-766837139,S2-527466935,S2-585439244,S3-68940844,S3-625976019,S2-580380207,S3-706263409,S3-482457588,S3-576578459,S3-233421228,S3-891594471,S3-462906451,S2-88018364,S3-159461021,S3-101375662,S2-178512507,S3-420568224,S3-169634142,S3-903746957,S3-416475821,S2-620929234,S2-577721526,S2-977929845,S2-432782678,S2-534466685,S2-19261996,S2-583408424,S2-385248096,S2-585430590,S2-678962677,S2-44917640,S2-474644448,S2-799427489,S2-386829819,S2-648728305,S2-808947321,S3-880906648,S2-470896328,S2-640700358,S2-792102498,S2-979722343,S2-141749445,S2-486518177,S2-638870360,S2-930989857,S2-231059484,S2-3528420,S2-469969354,S3-415124864,S2-312820976,S2-571648060,S2-683057219,S2-765444941,S2-103501352,S2-479604585,S2-658554009,S3-758820951,S2-496669161,S2-504264553,S2-677129710,S2-198776454,S2-459993192,S2-491113134,S2-536101607,S2-539884692,S2-777227726,S2-913082989,S3-867175084
S1-824116252	S3-765635893,S3-890290824,S2-544681707,S2-166441746,S2-710256558,S2-547207200,S2-40269970,S2-901589012,S2-438327916,S2-595104895,S2-698067348,S2-177667335,S2-718682252,S3-816232544,S3-763158937,S2-233468689,S2-695338188,S3-37023979,S3-820888573,S3-548321479,S3-277758021,S3-947291505,S3-638909532,S3-46400639,S3-751715835,S2-69171672,S2-393211788,S3-203832130,S3-918330576,S3-421845287,S3-922815409,S2-2161421,S3-18774304,S3-763970637,S3-600550414,S3-265768466,S3-277179211,S2-479473620,S3-849394488,S2-814184701,S2-727099581,S3-781390248,S3-960321477,S2-705318784,S3-943351220,S2-743734259,S3-522088994,S3-293454609,S2-243118034,S3-396795596,S3-382909202,S3-556734402,S2-594246986,S3-11456418,S3-740542177,S3-844245401,S2-317786555,S3-358416495,S2-503582897,S3-763885354,S3-633093484,S2-324941759,S2-953951935,S3-410501103,S3-344123662,S2-140409600,S2-82395558,S2-482107948,S3-285520633,S2-405298665,S2-409375905,S2-638420939,S2-847016787,S2-634933682,S2-713115423,S3-134777090,S2-82494205,S3-43500492,S3-453960514,S2-665970589,S2-939166118,S2-616832433,S2-872403709,S2-433732626,S2-512917037,S3-76746841,S2-565071204,S2-942576963,S3-307408457,S3-985357613,S2-147138865,S2-278888674,S2-477622719,S2-710916211,S3-978155535,S2-593975536,S2-636825081,S3-839677558,S2-104604339,S2-233059850
S1-695299261	S3-527276925,S3-203023698,S3-561164536,S3-702504316,S2-639909122,S2-373442648,S2-2978793,S3-564240484,S2-172852663,S3-598137083,S3-364874984,S3-885467032,S3-269294882,S2-533216657,S3-231523237,S3-760049952,S2-949251056,S2-226966535,S3-819423897,S3-125733015,S3-469931881,S3-906363338,S3-786010867,S2-480672688,S2-859602051,S2-206759591,S2-590699591,S2-75052342,S3-330633389,S2-761615420,S2-946284594,S2-39477659,S2-572183599,S2-229341740,S2-103598827,S2-419047931,S2-8008853,S2-980843573,S2-147658600,S2-244949472,S3-758838992,S3-41442742,S2-727741162,S3-194443883,S2-190331755,S2-127322748,S3-729728536,S2-350397848,S2-26272103,S3-418683945,S2-438943754,S2-464717313,S2-623977962,S2-28431131,S3-877164185,S3-390914261,S3-340141235,S3-707629752,S2-176733151,S2-433595817,S2-258407434,S2-430595450,S2-883591989,S2-240947962,S3-29528784,S2-638683844,S2-711809979,S2-798153774,S2-960046402,S2-977423672,S2-558077273,S2-809071851,S3-360556337,S2-272817770,S2-746761766,S3-886481769,S2-382699724,S3-315873626,S2-404958935,S2-701736396,S2-961414475,S2-483294031,S2-63742978,S2-559726954,S2-709855921,S2-342788889,S2-821759312,S3-468639375,S2-619192098,S2-766335428,S2-751145998,S2-777292126,S2-248366813,S2-365542369,S3-184525231,S2-586448025,S2-953352859,S2-982666228,S2-166509330,S2-19277417
S1-3214697	S3-33791942,S2-699113676,S2-992793439,S3-551120197,S2-578400369,S2-829050050,S3-140774730,S2-799692085,S2-401081830,S3-839658502,S3-8279208,S3-487926680,S3-546212338,S3-446356112,S2-274033380,S3-790334277,S2-414289001,S3-901169504,S3-764873362,S2-798366489,S3-186133994,S2-894672897,S3-761625349,S3-465895628,S2-390995629,S2-471542652,S3-999659413,S2-438089464,S3-993870236,S2-743218232,S2-242841749,S2-677073547,S2-106958814,S2-87670029,S2-680113988,S2-432708265,S2-729510168,S2-131640457,S3-905729472,S2-399256507,S2-877988652,S2-292509357,S2-653651607,S3-208818419,S2-41970626,S2-19216214,S2-138020469,S2-833807070,S2-522457650,S3-401453879,S2-35336608,S3-14748646,S2-395890791,S2-29697067,S3-575571876,S3-996838585,S2-639925572,S2-595581088,S2-173231611,S2-163041605,S2-993822974,S2-406753163,S2-399293370,S3-786978530,S3-260726061,S3-223978619,S3-927261062,S3-859661981,S3-638485375,S2-524216166,S2-659095098,S2-897505776,S2-221039251,S2-29570539,S2-347253112,S2-545278669,S3-680097675,S3-768706269,S2-248011135,S2-432201675,S3-53735700,S2-447735507,S2-671344217,S2-161242150,S2-267391248,S2-441419995,S2-853610060,S2-253395553,S2-723824631,S3-499759352,S2-107392124,S2-260036206,S2-581820116,S2-911566265,S2-265196757,S2-334918499,S2-649419353,S3-735850076,S3-875133152,S2-435723412
S1-746520696	S3-846663367,S3-61043771,S2-41071052,S3-664840447,S2-189883795,S3-638557942,S2-498037503,S2-548803908,S2-899570538,S3-625818108,S3-50780064,S2-187776304,S2-441877549,S3-667948919,S2-273310498,S3-222865191,S3-318489396,S3-967529193,S2-820257386,S2-747021456,S3-668506249,S3-240805282,S3-340860996,S3-979970372,S2-144945733,S3-610318850,S3-24757036,S3-760827777,S2-609251875,S2-925474734,S3-307885512,S3-792615455,S2-668142749,S2-952409320,S2-96711509,S2-384969143,S3-27595306,S2-921695469,S3-688212084,S3-584274874,S2-56934452,S3-157940893,S3-586158937,S2-240833146,S3-453358135,S3-799034713,S2-94686141,S3-153746895,S2-948064706,S2-489534509,S3-532130236,S2-121532221,S2-105093855,S3-820313623,S2-574556284,S2-496985831,S2-528371982,S2-353668852,S3-628682387,S2-597543313,S2-23830106,S2-364203237,S2-378410703,S2-61387659,S2-901759033,S2-518572335,S2-543381570,S2-877672532,S2-529885741,S2-674828241,S3-499265543,S2-226330560,S2-434311774,S2-670034292,S3-547346889,S2-578847566,S2-944859626,S3-397911005,S2-271355555,S2-428067106,S2-734580613,S2-787680609,S3-9241438,S2-365310651,S2-417407,S2-487893590,S2-918514825,S2-336379639,S2-533374420,S2-689250527,S2-819664242,S2-281863106,S2-479952107,S2-736215084,S2-882550749,S3-817083115,S2-347509456,S3-200650421,S2-265211239,S2-317560473
S1-659676151	S2-689194294,S2-102068133,S2-35666261,S2-545794176,S2-121169763,S3-951660861,S3-819942443,S3-104754306,S3-66981674,S3-861540552,S3-151394789,S3-584329941,S2-62728880,S2-709024206,S3-838010555,S3-505327595,S3-940260537,S3-508790816,S3-720065489,S2-719307621,S3-908494056,S3-368360754,S3-617075229,S3-143606860,S3-753760913,S3-816729950,S3-635963590,S3-729936461,S3-420429434,S3-849737717,S3-66240950,S3-126450589,S2-500518292,S3-928080025,S3-655452912,S2-670683310,S2-722063095,S2-391791779,S3-899161127,S3-669213503,S2-309337624,S2-706014979,S3-783357138,S3-217445282,S2-119308159,S2-20522817,S2-720786522,S3-232139319,S2-225460421,S2-867335521,S2-343539233,S3-424997770,S3-337408487,S2-812957334,S3-822380809,S3-503565347,S3-251523008,S2-264493853,S3-760442155,S2-305813437,S2-371926565,S2-878731544,S2-168989549,S2-964088763,S2-541522827,S2-843324152,S2-185998724,S2-301770815,S2-529961432,S3-231762378,S2-310238242,S2-574096693,S3-45180971,S2-553724823,S3-754197774,S2-60856196,S2-662757528,S2-630457531,S2-650342313,S3-28628461,S2-507997326,S2-823964964,S2-810702189,S3-587482148,S2-822560958,S3-318733880,S3-550234420,S2-369652495,S3-337121379,S3-269339284,S2-765005237,S3-35710533,S3-696879081,S3-472123408,S2-903861485,S3-54786257,S2-31305981,S2-507118399,S3-347178816,S2-291480238
S1-470673262	S2-123824761,S2-993769394,S2-507804017,S2-562584905,S3-762516062,S2-731707782,S3-943815352,S2-28782635,S2-196619453,S2-932427204,S2-454749185,S3-797132636,S3-197213564,S3-499425575,S3-719886670,S3-302691812,S3-119195614,S3-581703297,S2-922033776,S2-790127868,S2-941023661,S3-841635344,S3-888715692,S3-103131555,S3-886222185,S3-48882890,S3-718780059,S3-480843735,S2-831282373,S2-799881966,S2-211452824,S2-646455856,S2-687495935,S2-371811140,S3-610002983,S3-616534786,S2-85863775,S3-772957055,S3-192530257,S3-351719341,S2-864006644,S3-171308302,S2-740880363,S2-240994916,S3-281286150,S2-727630783,S2-580821173,S3-380930620,S2-930721919,S3-6484581,S2-666955824,S2-375775282,S3-318744641,S2-875660096,S2-396942855,S2-173704716,S2-126977648,S2-182208033,S2-883635585,S2-684592512,S3-145712080,S2-748325633,S3-142330318,S3-812738385,S2-358691585,S3-4731693,S3-55175096,S3-635936282,S3-93527700,S3-767959422,S3-869535447,S2-35641475,S2-574140237,S2-326226742,S2-65024017,S2-897213619,S2-280166312,S2-399360535,S2-600748769,S2-41206569,S3-301369807,S2-702307006,S3-191282955,S3-339952959,S3-605422511,S3-814844274,S3-369358398,S3-613420475,S3-768061636,S2-176006110,S2-447294176,S3-803386280,S2-103309564,S2-178483584,S2-77008317,S3-440676843,S2-74802242,S3-752429993,S2-315507930,S2-938478751
S1-229263091	S3-640304994,S3-516962295,S3-840259206,S2-878785570,S3-232045819,S3-8275558,S3-976857939,S2-18882620,S3-938391614,S3-741118278,S3-252380582,S3-422185735,S3-865944157,S3-656112495,S3-98975374,S3-859414434,S3-376739471,S2-855967005,S3-479132622,S2-454122859,S2-501124879,S3-889352190,S2-422353418,S3-993409146,S2-523043849,S2-409289170,S3-223191085,S3-475782860,S3-308755985,S3-293713384,S3-750314536,S3-742212781,S2-220263545,S2-154772166,S3-8099257,S3-3142688,S3-497867567,S3-976693782,S2-298598142,S3-178434948,S2-179685087,S3-269896058,S3-78153001,S3-363586154,S3-160129370,S2-943108294,S3-345125910,S2-707921125,S3-472786698,S2-930564525,S3-319929320,S3-802683751,S3-518197733,S3-242834690,S2-980129934,S2-475956222,S2-2371542,S2-15121397,S2-958136766,S3-742152250,S2-95205825,S3-327838169,S2-120352202,S3-248210703,S2-455346982,S3-263399838,S2-746703331,S2-90412416,S2-95321172,S2-584000605,S3-752860128,S2-282438841,S2-627732817,S3-200453850,S2-17897597,S2-845856961,S3-536966792,S2-519414618,S2-584350085,S3-26965541,S2-290689389,S2-849613637,S3-547304496,S2-36086635,S3-292998272,S2-315232725,S2-793114778,S2-532858655,S2-614690147,S2-317336235,S2-542015599,S3-613161530,S2-127530410,S2-725534768,S2-88278345,S2-514960442,S2-653804524,S2-899263808,S2-621384467,S2-780142424
S1-294499813	S2-19941797,S3-706765038,S3-749362712,S3-717066263,S2-13005947,S2-526743145,S2-50113737,S2-519294500,S2-472482475,S3-395882848,S3-712708178,S2-495274314,S2-527963318,S3-667312352,S2-390060513,S2-593147519,S3-731465915,S3-802186674,S2-911697337,S2-90014773,S3-147878653,S3-808017892,S2-106911866,S3-143782896,S3-231544848,S3-67332888,S3-372534818,S2-75776452,S3-743580321,S2-241429527,S3-781191953,S3-883236690,S3-336458234,S3-430433899,S3-602760547,S3-854518270,S3-634810292,S3-322401579,S2-219083853,S3-84698029,S3-360958458,S2-363907110,S2-4195448,S2-910765140,S2-339307257,S2-33532796,S3-470913418,S3-363716771,S2-987736151,S2-494004835,S3-451482643,S2-33900195,S3-607102069,S2-987844222,S3-656657531,S2-483003168,S2-164477748,S2-991422794,S2-214071889,S2-240712860,S3-903759794,S2-83307482,S3-408945881,S2-640434998,S3-23467118,S3-746793572,S2-384325053,S2-642503486,S2-91305621,S2-579815310,S2-888897100,S2-545053477,S2-618152946,S2-165413538,S2-444603913,S3-214767718,S2-418598582,S2-488873540,S2-93609027,S2-962411270,S3-221580765,S2-346738334,S3-719580856,S3-815817858,S2-6996218,S3-776195846,S3-893372635,S2-625597771,S2-758981082,S3-315527514,S3-468037241,S2-622991264,S3-422819001,S3-967992544,S2-1865762,S2-946978331,S2-959469213,S3-768183528,S2-350776195,S2-378335414
S1-852721633	S2-428392495,S3-51008783,S3-246302267,S2-712134630,S3-854250124,S3-61971212,S3-900727158,S3-947680369,S2-126027475,S3-253779030,S3-934929237,S3-736439927,S2-860150974,S3-646358317,S3-636248127,S2-22673827,S2-709308219,S2-970220445,S2-502274479,S3-138771988,S3-141983018,S3-472325388,S2-468318121,S2-500293423,S3-849739434,S3-9766850,S3-190611378,S3-957971993,S3-730282254,S2-570075041,S3-66190380,S2-180491419,S2-883907005,S2-820467291,S3-278763146,S3-175618924,S2-300986877,S3-370225901,S2-822254690,S2-922194556,S2-283709049,S3-148729722,S2-245043178,S3-812577434,S2-733518142,S2-13499688,S2-707371646,S2-170589269,S3-206824874,S3-503843639,S2-291132859,S2-390305415,S2-755977227,S3-596264507,S2-4181427,S2-817662768,S3-339465730,S3-511879819,S2-9351712,S3-974167161,S3-826209452,S3-769100028,S2-94788919,S3-111076186,S2-44578909,S2-795528418,S3-392387340,S2-715140641,S2-776483487,S2-325914053,S2-712274690,S2-761441433,S2-218607778,S2-586818369,S3-473449010,S2-617581724,S2-74227203,S2-955653843,S2-197176842,S2-920433516,S3-699581974,S2-118950726,S2-473717679,S2-872396836,S2-269701117,S2-541920288,S2-31500932,S2-349776592,S2-776829963,S2-276670208,S2-357365431,S2-88198016,S2-532815801,S2-714607008,S3-347879699,S3-447302379,S2-110000195,S2-207775277,S2-430403409,S2-655716879
S1-288213363	S2-786645733,S2-604605050,S2-38249180,S2-770265827,S2-884723192,S3-289235231,S3-729517347,S3-828277828,S3-529494679,S2-863144727,S3-489212800,S3-715158823,S3-605903324,S3-28905361,S3-336450655,S3-504702152,S2-226346714,S3-918039929,S2-85403958,S2-199174982,S2-146386907,S3-429668035,S2-634033486,S2-816984500,S2-53406720,S2-459164982,S3-319376271,S3-819954881,S3-546544592,S3-842602133,S3-223245826,S3-318606178,S3-11974969,S3-170074603,S3-924977065,S3-196897771,S3-610214734,S3-380712583,S3-967093760,S3-689209472,S3-989401384,S2-591991677,S2-835966284,S2-644974213,S2-42000960,S3-614718221,S3-340147314,S3-504372517,S3-732945627,S2-348229754,S3-834992545,S2-264548461,S3-387613742,S3-578315880,S3-437660140,S3-254428531,S3-591674046,S3-424548341,S2-820111999,S3-628851415,S2-623150738,S2-687313176,S2-551889283,S2-323756279,S2-349687674,S2-577613649,S2-797064277,S3-116188452,S2-155285014,S2-755579772,S3-342060376,S2-647024714,S2-9345812,S3-897766743,S2-443813992,S2-57857365,S2-821462213,S3-240008175,S2-765701445,S3-122734366,S3-407290395,S2-196289009,S2-236172845,S2-242631728,S3-92778702,S2-489381172,S2-851649466,S2-931296472,S3-444046357,S2-563462235,S2-689656127,S3-863199842,S2-403680557,S2-515914978,S2-916414979,S3-446301419,S2-460297453,S2-868555649,S3-410104814,S2-532013734
S1-396705968	S2-923362083,S3-501518331,S2-201938719,S2-744906970,S2-636995256,S2-390675966,S2-903210711,S2-712862459,S2-143163529,S3-592538556,S2-295312072,S2-44606686,S3-695422219,S2-863574262,S2-572926659,S3-410396007,S2-610977883,S3-990066232,S2-422546979,S3-557481713,S2-522570953,S3-278451749,S2-477351713,S2-372042935,S2-178261709,S3-20450531,S2-947542010,S3-39183777,S2-308806061,S3-253845313,S2-460952170,S2-688157867,S2-570062860,S2-138029015,S2-146037863,S3-259879716,S2-409976104,S2-860130253,S3-569974371,S2-720215155,S2-75058068,S3-855669035,S2-180719490,S3-587368132,S2-322992039,S2-764967614,S2-411127852,S2-325672785,S3-297736234,S2-729464703,S3-116920249,S2-648747881,S2-972537650,S3-776142108,S2-342128570,S2-868366746,S2-984698009,S2-737754821,S3-341260749,S2-184865800,S3-43070452,S2-40606254,S3-266267559,S3-702742492,S3-800378008,S3-372736698,S3-238724730,S3-31067861,S3-270380114,S2-11865144,S2-203927426,S2-598486250,S3-621758755,S2-627141451,S3-173604708,S3-664885747,S3-194570514,S3-176120963,S2-449098058,S2-365524516,S3-378510302,S2-808201826,S2-847957522,S2-347657484,S2-460145858,S2-152833093,S3-56940758,S2-708084928,S3-98823431,S3-899576364,S3-551934681,S3-429479971,S2-783791530,S3-445273428,S3-749942808,S3-362221161,S3-667789799,S2-600488574,S3-354252387,S2-286274097
S1-440124379	S3-289587559,S2-147579509,S2-332829217,S3-188248510,S2-461418203,S3-403088679,S3-982293283,S2-893529420,S3-548864805,S2-695394839,S3-35686804,S3-267820370,S2-791613048,S3-796859146,S2-281274450,S3-891406144,S3-19841252,S3-273318554,S2-161321580,S2-814788220,S2-41477677,S3-362489978,S2-79140622,S2-327130284,S3-126037844,S3-256121910,S2-409677203,S3-736688343,S2-103960019,S3-422414281,S2-684585439,S2-605727337,S2-713625005,S3-108048079,S2-142734645,S2-689247694,S3-146304749,S3-746988544,S2-515318430,S2-343668750,S3-834607588,S2-737330460,S3-477562954,S3-854606529,S2-347593127,S2-299084257,S2-341543082,S2-64025415,S3-902073809,S2-659761414,S3-595209001,S2-151240236,S2-145464862,S2-448319037,S2-537334907,S2-318422245,S2-195418958,S2-193364509,S2-59092290,S2-89506512,S2-935758385,S2-989369469,S2-491269127,S3-314902486,S3-904533765,S2-607588021,S3-761154777,S2-695151401,S2-798834813,S3-326853080,S3-81855688,S2-189576530,S2-651161449,S2-217320759,S3-999104970,S2-621051625,S2-546065183,S2-602227634,S2-201485057,S3-172301768,S2-554660196,S2-317908951,S3-718234565,S2-166453147,S2-800636968,S2-354311885,S3-246533746,S3-236875568,S2-74628563,S2-825875631,S3-833633208,S2-80408180,S2-76575648,S3-521656022,S3-667810368,S3-434905988,S3-584905452,S3-674545019,S3-746123194,S3-753712098
S1-897836192	S2-646974956,S3-34549287,S3-220066395,S2-2719703,S2-558880002,S3-437055634,S3-889825205,S2-8230280,S2-33583747,S3-61317171,S2-790771036,S3-424539915,S2-451390562,S3-797241580,S2-272372912,S3-817948927,S2-75632911,S3-388373254,S3-544265020,S3-321435896,S3-754784092,S2-766651184,S3-622006293,S2-410797996,S3-156507673,S3-672040716,S3-202506621,S2-481829441,S2-654122381,S3-981368390,S2-580691370,S3-68353805,S2-581053174,S2-251837519,S3-814893185,S3-785746808,S3-934495751,S2-476328212,S3-501938523,S2-281581278,S2-101398187,S3-607786258,S3-886081789,S2-849447074,S2-354857087,S3-522133862,S3-422969894,S2-857187060,S2-315453506,S2-754325171,S2-300591589,S3-162296055,S3-476693669,S2-571886635,S3-45278617,S2-771183471,S3-89888048,S2-203793012,S2-821166870,S2-794256093,S3-998071074,S3-397635409,S3-968984517,S2-994368703,S2-251346060,S3-286285580,S2-43738965,S2-661692888,S2-131603052,S3-91828453,S3-798265340,S3-142818749,S2-330294513,S3-366202426,S3-388230033,S2-41926122,S2-821911175,S2-930190195,S3-102978946,S3-250266402,S3-746162879,S2-159793009,S2-310615759,S3-202119031,S2-435851650,S2-605896321,S3-18195366,S3-615613382,S2-487299644,S3-375170538,S3-446808425,S2-980181796,S2-983160795,S3-240806470,S2-504196837,S2-925551013,S2-932496002,S3-544589204,S2-171421318,S2-534208994
S1-921945527	S2-121583098,S3-98549332,S3-431769553,S3-125595838,S3-611430488,S3-647822895,S3-451844200,S2-788917732,S3-179901954,S3-412971273,S2-156113147,S3-127940555,S2-36098743,S2-388480599,S2-461649022,S3-173212568,S2-977275125,S2-610552762,S3-208405482,S2-727103421,S2-182609826,S2-595396290,S3-108047910,S3-862228270,S2-224387314,S2-78888733,S3-711106544,S2-122891374,S3-247527660,S2-412508880,S2-386896158,S3-616850358,S3-230118240,S2-525475148,S3-561692698,S2-582289606,S2-217547772,S2-846722467,S2-202902148,S2-107302111,S3-940099539,S3-819720458,S2-462254669,S2-466885833,S3-381101584,S3-689977656,S3-506354488,S3-522033590,S2-317553398,S2-503080529,S2-752430122,S2-625092313,S2-178526440,S2-41713838,S2-907554655,S3-350788499,S3-534412030,S3-871625538,S3-654022049,S2-508475416,S3-322174841,S3-929027939,S3-429274987,S2-768884330,S2-885988634,S2-547168615,S2-686582640,S2-224279622,S2-661939439,S2-296169408,S3-647348031,S2-882949881,S2-909642953,S2-761976089,S2-892559109,S2-176253971,S2-444346147,S2-47027996,S3-655718685,S2-256059060,S2-31810010,S3-404261479,S3-457356493,S3-546984609,S2-273897284,S2-303376160,S2-462757269,S3-314949558,S3-700642933,S2-638432137,S2-709465602,S3-589171864,S3-779536401,S2-219374278,S3-329407560,S3-796765211,S3-929410142,S2-212184902,S2-856994239,S3-405878557
S1-830578730	S3-502858933,S3-826849306,S3-575760190,S3-609126011,S3-855647134,S2-670245786,S3-950298337,S3-13846626,S2-664256921,S2-885425431,S2-773512733,S3-128939436,S2-84709037,S2-584426761,S3-9028538,S2-302201876,S2-353954812,S3-874578804,S2-649370450,S2-690461559,S2-559062276,S2-2186065,S3-166871079,S3-168662973,S3-100384624,S2-841826340,S3-20482436,S2-489242014,S3-428802102,S3-47845117,S3-517734086,S2-294016058,S2-282745965,S3-407012159,S3-404775001,S3-270405629,S2-4309879,S2-259727899,S3-622278845,S3-109275045,S3-404784605,S2-127693033,S2-38378518,S3-967338633,S3-633313824,S2-967310641,S3-32627389,S3-610273609,S2-337229581,S2-443881926,S2-184524649,S2-871702275,S2-755139952,S3-544862635,S3-140827679,S3-218660585,S2-659262930,S2-189153498,S2-441435245,S3-841901454,S2-278991671,S2-400924267,S2-708065265,S2-235587873,S2-303155489,S2-439468564,S2-282781073,S2-397298069,S2-898507797,S2-720210484,S2-828314133,S3-106808291,S3-918792592,S2-575605259,S2-587506012,S3-857689866,S2-116059699,S2-642286798,S3-144213373,S2-768122624,S3-396570003,S3-686436433,S2-355893201,S2-707569149,S3-410707160,S2-462197445,S2-508580161,S3-182690676,S2-28705142,S2-555224972,S3-735327160,S2-570903018,S2-810331630,S2-107903698,S2-444466719,S3-251647065,S2-472073382,S3-313315532,S3-554674229,S2-344623207
S1-665426580	S2-762965730,S3-582832270,S3-864128838,S3-80511896,S3-127706005,S2-222189019,S3-20467388,S3-319891703,S3-126261359,S2-26068969,S2-794144776,S3-135393891,S3-189593917,S3-836714073,S3-121365201,S2-622047591,S2-244355855,S2-357185500,S2-834825959,S2-626467387,S2-446452075,S2-880645006,S2-797378767,S2-615536078,S3-139774802,S2-15016752,S3-722731799,S3-748647808,S2-523329108,S2-410242523,S3-306864047,S2-599618830,S2-540721877,S2-660487948,S2-477536318,S2-297279445,S2-26083804,S2-604732118,S3-527685310,S2-495734305,S2-493879827,S2-709608195,S3-468026538,S2-841889369,S3-730053168,S2-31458085,S2-34268396,S2-224901572,S3-861434529,S2-418557330,S3-607138913,S2-477206213,S3-230035307,S2-764655326,S3-163609039,S3-18094852,S3-861478228,S3-425622569,S3-4766279,S3-55504114,S3-876590150,S2-240570647,S2-340230825,S2-874147652,S3-839344908,S3-289978590,S3-405746800,S3-484020090,S2-311347373,S3-652205881,S3-160820707,S3-902493796,S3-576158361,S2-686878901,S3-263495176,S2-464497646,S2-493663598,S3-108690826,S3-495728013,S3-46218936,S3-699046220,S3-473345074,S2-991221265,S3-27320118,S2-741358004,S2-844835901,S2-173978573,S2-299036845,S2-677864933,S2-60633908,S3-338251593,S3-341728262,S2-508290019,S2-591097921,S3-135717366,S3-219179587,S2-526615454,S3-102438081,S2-392341228,S3-492564474
S1-32603804	S2-826079917,S3-965327237,S2-403207485,S2-189043168,S2-452100051,S3-928775075,S2-533381620,S2-204634293,S3-900351767,S3-613354852,S3-897827505,S2-360501825,S3-650349865,S3-704553826,S2-964625435,S2-459698854,S3-849922718,S3-161058850,S2-434957301,S3-596338519,S3-324549818,S2-788894460,S2-174523150,S2-753817840,S3-242953386,S3-410400158,S2-39833975,S2-279038857,S3-343363522,S2-163682376,S2-619545438,S2-777066948,S2-133192926,S3-414771192,S3-900466386,S3-780530657,S2-836631668,S3-176812200,S3-199898283,S3-457407721,S3-664785345,S2-827283021,S3-811537370,S2-367481932,S3-256057126,S2-236786407,S3-858192437,S2-867706445,S2-198005763,S3-826948761,S3-742855952,S3-609708434,S2-244027708,S3-955198825,S3-70103353,S2-881862271,S2-701188986,S2-406320770,S2-263978321,S2-733517465,S2-569285576,S2-408083693,S2-536886964,S3-688751110,S3-645153879,S3-135702773,S3-48976525,S3-600254204,S2-359126461,S2-821666789,S2-580607571,S3-490588953,S2-363444909,S3-238158878,S2-318310586,S3-796716209,S2-79425839,S3-933876664,S2-677404348,S2-80787692,S3-980962272,S2-975416229,S3-273795813,S3-698663721,S2-508500212,S3-714166447,S2-285740484,S3-901259424,S2-836870174,S3-667117085,S2-344928997,S3-821839271,S2-220807624,S2-438356703,S2-755507780,S3-849696271,S2-874706250,S3-146254595,S2-857082862,S3-450683003
S1-495514538	S3-755912385,S2-219654295,S2-367778723,S3-681497994,S3-407987350,S2-393979084,S2-641032034,S2-926902411,S3-797125236,S3-332103362,S3-637170235,S3-94151689,S2-744205398,S2-392637279,S2-710380578,S3-216757163,S3-348616769,S2-261258964,S3-433009492,S3-836321282,S3-348556295,S3-135247410,S3-530601059,S3-898794714,S3-79434656,S3-976048082,S3-151537679,S3-787320439,S3-222211483,S2-8633885,S3-881086395,S2-168122976,S2-555479568,S3-220821388,S2-289193489,S3-179119335,S3-147036105,S2-291049433,S3-9251735,S3-322036999,S3-706648053,S2-242448320,S3-521411737,S3-750383242,S2-174702973,S3-666955162,S2-325377090,S2-709237493,S3-57132983,S3-150416137,S3-294045029,S2-742649988,S2-114414173,S2-155891773,S2-271342394,S2-672639726,S2-83555787,S3-997078634,S2-774856880,S2-787218588,S2-788694728,S2-198352963,S2-521679459,S3-470405495,S2-621320428,S2-878446197,S3-404890006,S2-44590720,S3-102895612,S3-9842676,S2-303797280,S2-525493878,S2-672486599,S3-240216760,S2-444497443,S2-542539910,S3-509458195,S3-636170157,S2-109071149,S2-378838492,S2-554206650,S3-268776692,S2-278452334,S2-827554034,S2-920359566,S3-613587461,S3-822226351,S2-195020584,S2-31154238,S2-432499636,S3-925786817,S2-109759181,S2-927680221,S3-787536732,S3-966388269,S2-189354434,S3-720938435,S3-72824851,S3-9118529,S2-38856974
S1-836853025	S2-702468451,S3-657191313,S3-82306714,S3-736039743,S3-81836950,S2-749244732,S2-350694448,S3-264591343,S2-64072675,S2-258097394,S3-14159408,S3-534347561,S3-576710209,S3-315649085,S3-159221544,S3-144945273,S2-797204654,S2-299169370,S2-92514397,S2-169341344,S2-643906581,S2-463533627,S2-639977587,S3-138344858,S2-499416865,S3-597654589,S3-963025500,S3-36055983,S3-800182959,S3-759049469,S3-797598337,S3-140798388,S3-630237354,S2-588846776,S2-406572975,S2-811541990,S3-573914499,S2-926523371,S3-481290476,S2-694332716,S2-866575274,S2-586915985,S3-266828907,S2-434421325,S2-600430926,S2-755088631,S2-175428265,S3-990686000,S3-442003692,S3-138034548,S3-502100322,S3-255541850,S3-947794621,S3-569112793,S3-978561708,S3-777150395,S3-815464886,S3-362140058,S3-352634838,S3-277290794,S2-912515347,S2-936337572,S3-148360206,S3-728247999,S3-578734742,S3-68946606,S3-24132624,S3-88616627,S2-769043979,S2-8219092,S3-356408363,S2-888907180,S3-44530743,S3-764581160,S3-726700920,S2-68421141,S2-769684180,S3-851479626,S2-377910184,S3-475403603,S3-979757207,S3-275929,S3-60238375,S3-784680145,S2-795380714,S2-835690209,S3-12551258,S2-492650547,S3-257838176,S3-382840806,S2-441940633,S3-118951284,S3-398503094,S2-680240055,S2-715077181,S2-960718192,S3-565419918,S2-36717684,S2-512335671,S2-714622952
S1-680380078	S3-688364106,S2-88773043,S3-115180756,S2-985518210,S2-457441009,S2-64054606,S2-252928676,S2-148868166,S3-3418119,S2-617773318,S3-280472131,S2-845956639,S3-395330611,S3-701739904,S2-639487267,S3-839009978,S2-562351214,S3-309558777,S2-604881022,S3-300482601,S2-140434208,S2-586537029,S3-816351216,S2-534717741,S3-391406123,S3-446264085,S3-504631987,S3-357316568,S3-678026723,S2-869813558,S2-661594447,S2-292101825,S3-534830127,S3-851397604,S3-280597100,S3-39789268,S3-697694221,S3-189234154,S2-173449807,S2-941640380,S3-226642801,S3-783908835,S3-543729074,S2-854008308,S2-697191817,S2-844753918,S2-860555747,S2-120341314,S3-705841595,S3-39149748,S2-414400690,S3-124376343,S2-728005497,S3-150386075,S3-169581396,S2-892910224,S3-38970897,S3-399783473,S3-478907933,S3-906851258,S3-168338871,S2-270626699,S2-633988532,S2-218267310,S3-733214830,S2-283728675,S2-786726956,S3-745906409,S2-599157184,S2-721196778,S3-292035521,S2-295260762,S2-30668667,S2-653713891,S2-240339264,S2-42798779,S2-4562675,S2-10578439,S2-437181798,S2-541611642,S2-83972551,S2-213645872,S2-563082687,S3-196554170,S2-178840288,S2-323159770,S2-632914116,S3-326260943,S2-114961470,S2-288141271,S3-717755465,S2-590690863,S2-707225967,S3-269489407,S2-877667866,S3-156872565,S3-488738079,S2-119164903,S2-587338196,S3-289135907
S1-805017620	S3-916578312,S2-443489114,S2-859168284,S2-751767827,S2-710631185,S3-192709978,S2-971170681,S3-156061442,S3-796729170,S3-955173606,S3-741595245,S2-815794548,S2-303310840,S2-109098567,S3-26354163,S3-415172925,S3-364744022,S2-494234008,S3-484960134,S2-134575795,S2-485617158,S3-810486582,S3-729365478,S2-416254187,S2-489366577,S2-163754466,S3-853440699,S3-211637441,S3-422930637,S3-184707469,S3-749628043,S3-862713144,S2-793689111,S2-126684483,S3-676310071,S3-152205901,S3-126777744,S3-334781092,S3-796800980,S2-265321302,S2-30170949,S2-480518802,S2-551510928,S3-791672097,S2-750276104,S3-914805546,S3-99416223,S2-981460832,S2-670460770,S3-646027834,S2-155684988,S2-367622979,S2-559988388,S2-190805524,S3-784908991,S2-397494382,S2-427545433,S3-527179840,S2-85147439,S3-958075251,S2-110638888,S2-855953502,S3-903199693,S2-601677624,S2-926883416,S3-758698369,S2-156867710,S2-196882908,S3-378122749,S2-234995459,S2-804304893,S2-879939039,S2-341159981,S2-469575881,S2-909838133,S3-842821379,S2-542256685,S2-978520232,S3-378864488,S3-923191302,S2-448714950,S2-529816851,S2-87298762,S3-589660768,S2-979648421,S3-42181756,S3-58784552,S3-596965426,S2-35301067,S3-360009505,S3-623017589,S3-830246166,S2-137691611,S2-590533029,S3-565168425,S3-958444904,S2-143460695,S2-174281342,S2-487818197,S3-957230235
S1-489756828	S3-259081825,S3-709607642,S2-178599970,S3-240951671,S2-689698475,S2-296744479,S3-593633217,S3-811900778,S3-596204041,S2-245843516,S2-227540817,S3-870208066,S3-289999724,S2-787105691,S2-7119912,S3-179395042,S2-410435137,S2-812358415,S2-241450472,S3-251044072,S3-804916289,S2-947813885,S2-570073632,S3-880124317,S3-745438201,S2-280993570,S2-885835650,S2-304878537,S3-591371493,S3-979705040,S2-846360038,S2-626333353,S3-601079299,S3-811776470,S2-582142732,S2-756511698,S3-442814447,S3-557869975,S2-702368863,S3-80330807,S3-703519598,S2-293619000,S3-966283787,S3-552101943,S2-522273620,S2-240554305,S2-902731079,S3-165337362,S3-64518959,S3-716560573,S2-572656934,S3-472677840,S3-409053476,S3-479965156,S2-758030022,S3-837827660,S3-972703756,S3-602507805,S3-549647399,S2-806200186,S3-679598734,S3-466675295,S2-249996078,S2-349181569,S3-633784247,S2-56134660,S3-381659306,S3-707027603,S3-211795486,S3-218810282,S3-353046874,S2-497408117,S3-36297813,S3-62341118,S2-127598117,S2-793132805,S2-247193939,S2-631525951,S2-669339088,S2-974559758,S2-301816328,S3-292167522,S3-858129048,S2-676121499,S2-720432009,S3-473657188,S2-136502763,S3-396345787,S2-62766031,S3-146582750,S3-655563356,S3-677551381,S2-25504035,S2-565590535,S3-491883986,S2-772743236,S2-806840187,S3-867151758,S2-360856963,S2-364896106
S1-489507015	S3-597208883,S2-61866856,S3-756611650,S3-802924625,S3-827638637,S2-845093115,S3-285304187,S2-595230119,S3-223575983,S2-435151441,S3-920107870,S3-350200521,S2-65900007,S2-777875600,S2-32126302,S2-451878403,S2-343463992,S3-302156702,S2-410495031,S3-399637268,S3-123059827,S3-935208479,S3-316415461,S3-954399882,S3-40759139,S3-957267471,S3-248708020,S3-898560231,S2-660624252,S2-424451924,S2-100444401,S2-947266804,S2-53236443,S2-934626721,S3-928850253,S2-635674404,S2-721823113,S2-307836089,S3-662975118,S3-563258272,S2-842108976,S3-746832668,S2-545725728,S3-50547759,S3-40177073,S3-206884578,S3-827665580,S3-533795371,S3-776293074,S3-90061152,S3-614973283,S2-917091600,S3-361883260,S3-712238085,S3-227757923,S2-726402364,S2-323053600,S3-258220243,S3-637719455,S3-807598373,S3-699197900,S2-276491964,S2-465612220,S2-231304372,S2-400107853,S2-875758384,S2-130892589,S2-331719485,S2-471297409,S2-130546025,S2-246827044,S2-945703740,S2-163661613,S2-809364600,S3-265830031,S3-165486215,S2-54219891,S2-719884742,S2-844631709,S3-290217336,S2-26922589,S3-604102555,S2-346455350,S3-892961557,S2-435231326,S2-508517706,S2-753069584,S2-953927783,S2-192235512,S2-277825904,S2-429365909,S2-442189750,S3-939951085,S2-673618215,S2-80611533,S2-918360226,S2-326085129,S2-385777053,S3-369373593,S3-397368637
S1-476212803	S2-252573484,S2-866334306,S3-90000686,S2-877614368,S2-183898884,S2-549399500,S2-274645762,S2-985710201,S3-451462731,S3-31518940,S3-445469687,S3-959035567,S3-488675301,S2-991018944,S3-974587623,S2-399354042,S2-422957285,S3-558828754,S2-87622610,S2-163095629,S2-27193616,S2-407409874,S2-148709473,S3-227172652,S3-609246428,S3-800183987,S3-921360663,S2-381401650,S2-812634711,S2-905080791,S2-940219685,S2-365612789,S3-202312671,S3-50353344,S3-480841283,S3-331975724,S3-689628842,S3-201163410,S2-20520813,S2-93577166,S2-742099437,S2-69675565,S3-56065267,S3-931475143,S3-784618979,S3-304200848,S2-302031351,S2-909049018,S2-942180422,S2-154831020,S2-888811419,S3-474697515,S2-46172678,S3-743374134,S3-333513247,S2-894445742,S2-22369,S2-624552030,S3-309177972,S2-322742995,S3-601283281,S3-305726420,S2-496482507,S3-605148831,S2-837715513,S2-320981796,S2-127328695,S2-185143409,S2-849457765,S3-96345631,S3-813390765,S2-124702420,S2-795543645,S2-379158632,S2-186744234,S2-921129309,S2-700000235,S2-310752340,S3-718845560,S3-652449636,S3-809213892,S2-876030072,S3-92850803,S3-68524625,S2-224417821,S2-162657282,S2-407439748,S3-230130470,S2-283600914,S3-147593591,S3-992741900,S2-257037670,S3-491424258,S3-257045804,S2-511925388,S2-974243328,S2-17649866,S2-952655376,S2-266236084,S3-225736597
S1-221602842	S2-312797369,S2-904510317,S3-206283626,S3-527433543,S3-959762635,S3-164969110,S3-777954358,S2-336956798,S2-773190714,S2-849279130,S2-340126073,S3-577210597,S3-218449509,S2-35575891,S2-925466772,S2-469747454,S2-161556052,S3-744896615,S2-442084240,S3-973781211,S3-411357787,S3-56478759,S3-531343289,S3-469800587,S3-486431848,S3-423069944,S3-308087213,S3-804168791,S3-819831565,S3-460963444,S2-488243030,S3-507374713,S2-814691991,S3-895999761,S3-135779289,S2-663852566,S2-817488059,S3-728348892,S3-661400716,S3-967893745,S3-164542458,S3-455328344,S2-61894973,S2-131625865,S3-313581462,S3-964724334,S2-6103278,S2-857674456,S3-131954818,S2-937503899,S2-59920346,S2-515422664,S2-41610995,S3-946930970,S2-443753281,S2-303116790,S2-951092424,S2-141504692,S2-979695524,S3-711255152,S2-333539999,S2-535649575,S3-963967836,S2-618977141,S2-750886718,S3-756077122,S2-379365032,S2-475920212,S2-925305769,S2-338854817,S3-275420225,S3-393178603,S2-962308439,S3-200786269,S3-364307153,S2-107755073,S2-367373854,S2-972394790,S3-164790542,S2-195956311,S2-537584871,S2-939742344,S2-20492660,S2-513440147,S3-497015519,S2-321060813,S2-76579228,S3-637610259,S2-814761541,S3-314035479,S3-949577298,S2-403128792,S2-528348241,S2-690069584,S3-236025841,S2-365705125,S2-387845575,S2-41133606,S3-44468137,S2-699718083
S1-27908436	S3-456673256,S2-219565379,S2-551724774,S2-892308103,S3-661209482,S3-458580321,S3-840573946,S3-552342225,S3-596624013,S3-217812280,S2-212865461,S3-118381807,S2-186281056,S2-86851752,S2-516790911,S3-610481277,S3-361106763,S3-688587127,S3-703811026,S3-633536725,S2-496379315,S3-962219652,S3-771429902,S3-780438926,S2-784088364,S3-704530958,S3-591447925,S3-901067727,S3-769791402,S2-27498031,S2-58656569,S2-370796035,S3-511798771,S2-85028464,S2-619060284,S2-912501309,S3-721908072,S2-987299448,S2-450226447,S2-912998098,S2-103753112,S2-391915840,S2-151765192,S2-288184709,S2-567854270,S3-644503251,S3-53327500,S3-798655923,S3-883408488,S3-993168403,S3-965257889,S3-411904113,S3-951507383,S3-735562695,S2-312138567,S3-483083816,S3-186836907,S3-396729853,S3-182680575,S3-774107402,S3-310722689,S3-801741369,S3-382210034,S3-91173777,S3-959790338,S3-886672446,S3-768352550,S3-606329435,S3-464206231,S3-753739679,S3-13841560,S3-977069875,S2-376732949,S2-71227158,S2-758951273,S3-412038568,S3-635055791,S2-640368291,S2-728505848,S3-702962313,S2-77572746,S2-908295485,S3-169629681,S2-619407906,S2-930686256,S3-685896983,S2-847252710,S2-912808790,S3-400820781,S2-488218596,S3-148026298,S3-541131898,S3-766260837,S2-666078461,S2-932427275,S3-329033838,S3-515281092,S2-427608778,S2-703077082,S2-415179111
