source1_entity_id	candidate_entity_ids
S1-514158160	S2-252739468,S3-103799872,S2-627752267,S3-978037050,S3-654465079,S2-36875591,S2-205932165,S2-993237901,S3-663912589,S2-158039207,S3-984875193,S2-915749070,S2-989471302,S3-93741419,S2-298115550,S2-618832574,S2-216799574,S2-868220417,S2-216636952,S2-200923811,S2-382508811,S2-80818105,S2-319107499,S2-468896058,S2-51866400,S2-727540107,S2-372399199,S2-117892030,S2-91388667,S2-557890210,S2-391747984,S2-140171633,S2-458006992,S3-447020259,S2-574213109,S2-972472873,S2-398065610,S2-326068840,S3-705728202,S2-54453227,S2-62938447,S2-490233549,S3-883121062,S2-578944080,S3-27522345,S3-162614370,S2-63394370,S2-65030760,S2-91837970,S2-40974415,S2-572043704,S2-460848130,S2-352012815,S2-331267233,S3-397025722,S3-343645242,S2-305320191,S2-55338906,S3-724844935,S2-913645628,S2-800093498,S2-711377014,S2-663828488,S2-198507033,S2-992034972,S2-474590086,S2-73095315,S2-520284396,S2-346763579,S2-642786364,S2-78206114,S3-19418833,S2-836750120,S2-92251734,S2-838210154,S2-756905551,S2-181697108,S2-875128916,S2-370655901,S2-967648251,S3-418480721,S2-761533790,S2-624574757,S2-75399264,S3-556882122,S3-22915502,S2-617424157,S2-993248740,S2-385159313,S3-865149610,S3-896511512,S2-597805236,S2-701214512,S2-277246071,S3-609472685,S3-189049675,S2-407147924,S2-94842952,S2-175533277,S2-2272319
S1-257022623	S3-483769097,S3-719687540,S2-997822911,S2-358699430,S2-3172293,S2-389503320,S2-163613241,S2-970922236,S2-3476602,S2-433047852,S2-328103262,S2-210162465,S2-378781607,S3-25926667,S3-576606068,S3-277731787,S3-424484239,S3-82497944,S3-136215450,S3-319281313,S3-31775954,S2-448106346,S3-101140629,S3-798092941,S3-680527039,S3-220030248,S3-864112217,S3-659144969,S3-813616545,S2-448706942,S3-414827092,S3-634334389,S3-581221553,S3-706582583,S3-536050876,S3-915089548,S3-805796220,S3-680176820,S3-214086224,S3-522191774,S2-79047557,S2-738469622,S2-570681156,S2-646217172,S2-39608886,S2-274063394,S2-464356728,S2-42145293,S3-747950963,S3-180989146,S2-843084659,S2-428736639,S2-907596671,S3-338270263,S3-106588149,S2-275938962,S2-202672055,S2-884626051,S3-123179262,S3-187893667,S2-544481791,S2-930287308,S2-121836252,S2-975791872,S3-431704477,S2-724945240,S2-848004418,S2-58187451,S2-280828677,S2-478818180,S2-993941338,S2-289772031,S2-805596388,S3-62018850,S2-258943200,S2-764176311,S3-586032667,S3-235378006,S2-209188312,S2-415562598,S2-312532939,S2-246708446,S2-760194698,S2-893225079,S2-754752956,S2-336894645,S2-247895702,S2-814310088,S2-496110436,S2-834578917,S3-608378184,S2-795709140,S2-870722323,S2-794628086,S3-791926710,S2-672006959,S2-386888413,S2-618544688,S2-538159732,S2-145309158
S1-814411654	S3-58560174,S2-598867728,S2-759920764,S2-737010802,S2-186663731,S2-431133699,S2-79314424,S2-818564555,S2-593656043,S3-245534817,S2-58358419,S2-850738237,S2-570410159,S2-225996419,S2-817193028,S2-359834741,S2-391262388,S2-378546626,S2-106824320,S2-210696203,S2-165502969,S2-181931466,S2-468867715,S2-132886702,S2-943733797,S2-934744634,S2-178239189,S2-9782329,S2-854564958,S2-16966069,S2-841265190,S2-772608595,S2-685773401,S2-811701209,S2-926341004,S2-656670036,S2-737611539,S2-385459889,S2-177989411,S2-528874305,S3-581792224,S3-710707685,S3-570852573,S2-620581808,S3-873757715,S3-815465654,S3-509420372,S3-654517236,S3-709894337,S3-394829138,S3-514452440,S3-131082725,S3-414919665,S3-733766281,S3-953605367,S3-658550440,S3-185343543,S3-638105966,S3-427717603,S3-619131524,S3-791932308,S2-695584490,S2-898314032,S2-911310737,S2-643089968,S2-88814494,S2-811742923,S2-195437481,S3-547635750,S2-465236520,S2-392829436,S3-61128437,S2-545742857,S3-527051182,S2-512879752,S2-587882043,S3-490821971,S2-688429429,S2-974598445,S3-41244420,S2-830750148,S2-105124716,S3-129862017,S2-600324095,S2-325888114,S2-624495268,S2-863332540,S2-459058792,S3-677869126,S2-983429916,S2-752125338,S3-921079501,S2-303097175,S2-840157505,S2-867246229,S2-823066701,S2-897391356,S2-793394238,S2-952057351,S2-446213472
S1-162483733	S2-715918022,S3-995929807,S3-671369987,S3-471237316,S3-220511729,S2-321281492,S3-766885982,S2-329655697,S2-172078143,S2-704621636,S2-784232127,S2-15847984,S2-837624467,S2-188494344,S2-906061948,S2-844971455,S2-943941399,S2-737747068,S2-476561691,S2-178236086,S2-873267706,S3-11461617,S2-816616514,S2-313532491,S2-950078307,S3-258009021,S3-864254320,S2-894329539,S2-89694461,S3-943726922,S3-854255077,S3-675677551,S2-172603026,S2-770714005,S3-849037980,S3-626361091,S3-683982571,S2-352377255,S2-69753522,S3-891152901,S3-258641065,S2-609027021,S2-663768470,S2-386861312,S3-865021144,S2-677956698,S2-61961825,S2-267804689,S3-108529630,S3-331328664,S2-10617654,S3-560635022,S3-117156353,S3-133272497,S2-817829057,S2-570507847,S2-156253265,S3-560742535,S2-632730409,S2-120051624,S2-54637504,S2-504483871,S3-917688795,S2-680357934,S2-654777354,S2-281141801,S3-980127099,S2-142151134,S2-685467042,S2-592743226,S3-543116087,S3-417338445,S2-184472596,S2-794407926,S2-633445449,S3-200300052,S3-732095408,S2-989147590,S2-463001108,S2-80054917,S2-465815150,S3-645906424,S2-290822549,S2-117883323,S2-417724096,S2-534103691,S3-893807788,S2-248612139,S2-90640012,S2-823674504,S3-857199164,S3-197965533,S2-406577685,S2-362919702,S2-293074150,S3-668067454,S3-189511434,S2-189955875,S2-219425932,S2-854360670
S1-791451562	S2-928801130,S2-752333280,S2-610435210,S2-519200752,S3-545883620,S2-573699564,S3-457566095,S2-550037604,S2-503220924,S3-82240902,S3-64941548,S3-227810802,S2-334799355,S3-442328142,S2-4739762,S2-220195557,S2-940872247,S2-393740235,S3-997892600,S2-118297849,S2-130607340,S3-559600899,S2-863990813,S3-258368421,S2-127512387,S3-436693834,S3-755212355,S2-81245933,S2-823831684,S2-641916329,S3-259190991,S2-305250328,S2-439506821,S3-425949485,S2-682294728,S2-142804802,S2-306049899,S2-41376783,S2-121380247,S2-810465330,S2-564833319,S2-306414620,S2-687945167,S2-142159485,S2-384995033,S2-845896897,S2-675422055,S2-227594049,S3-964780537,S2-727099195,S2-36329784,S2-824991005,S3-913532267,S2-678751567,S2-39829048,S2-289087893,S3-228228992,S2-718216009,S3-316638359,S3-403438440,S2-13866155,S2-442690124,S2-670277477,S2-163704429,S2-825147647,S2-881540847,S3-147611037,S2-356533581,S2-782968335,S2-201993358,S2-521449555,S2-136438067,S2-580133989,S2-739300964,S2-305275109,S2-967139917,S2-90265737,S2-533800853,S2-217720327,S3-72369138,S2-802066208,S2-228847938,S2-5124984,S3-599954652,S2-464595239,S2-75069162,S2-473602308,S2-723508388,S2-72435137,S2-445509994,S2-468839070,S2-599363885,S2-368375889,S2-707417842,S3-218979126,S2-308428967,S2-606602089,S2-718932547,S2-449510692,S2-752967633
S1-429152510	S2-441734880,S2-473266938,S2-139647216,S2-805465054,S2-160563622,S2-121552455,S2-109315703,S2-465542524,S2-875964626,S2-951841092,S2-117548320,S2-304679159,S2-449692818,S2-53028337,S2-703974907,S2-443891762,S2-832159371,S2-80499603,S2-478329258,S2-763339073,S2-504051980,S2-247549101,S2-648188581,S2-33087644,S2-894267508,S2-50567515,S2-238742896,S2-312547825,S2-941364034,S2-711909696,S2-707232036,S2-94949062,S2-883163576,S2-952556671,S2-907271610,S2-63674165,S2-968558276,S2-573399108,S2-959704905,S2-228130134,S2-765778170,S2-315717323,S2-996392647,S2-975023447,S2-23561596,S2-334949886,S2-338458211,S2-298975875,S2-966338284,S2-680907782,S2-850024496,S3-885880429,S2-855441554,S2-858323487,S2-43439099,S2-953655726,S2-75268926,S2-227118896,S2-439680433,S2-332907999,S2-586333035,S2-706911633,S2-451808053,S2-670953346,S2-128756879,S2-200463364,S2-444257791,S2-897287881,S2-286176333,S2-739990059,S2-731000232,S2-711143494,S2-29974671,S2-558197010,S2-187741504,S3-154360600,S2-31459154,S2-580265486,S2-233987834,S3-65618802,S2-490403748,S2-823295929,S2-309419529,S3-799402018,S2-162241693,S2-377634261,S2-758099850,S2-131067339,S2-828566810,S3-918029871,S2-24286778,S2-618157485,S3-474517558,S2-583726078,S2-452976730,S3-704126304,S2-142967805,S3-576612929,S3-316883555,S2-315482057
S1-974087297	S3-304540199,S3-603936924,S3-784363985,S3-127741381,S2-373655842,S3-899409354,S2-260203555,S2-939687047,S3-111581811,S3-112197881,S2-633166974,S3-172020569,S3-624046134,S3-513894384,S3-969326053,S3-216254035,S3-531087694,S3-933002004,S3-418585369,S2-824682716,S2-495578672,S3-519894943,S3-427083069,S3-241554598,S3-613430276,S2-861521458,S3-394249981,S3-784617232,S3-926522192,S2-320312438,S2-141549527,S2-233171664,S2-965870484,S3-871286451,S3-541030406,S3-304941725,S2-13150231,S2-621013200,S2-921049820,S3-806911635,S2-831169322,S2-751217431,S3-293734391,S2-843503597,S2-448932969,S3-613214396,S2-164732681,S2-322319946,S2-914518283,S2-999663972,S2-764347250,S2-261292377,S2-482156169,S3-196183204,S2-149020718,S2-123094497,S3-516548720,S2-251912278,S2-211225456,S2-513433405,S2-323769573,S2-70333365,S2-87805356,S2-764401422,S2-805744963,S2-388256200,S2-495018354,S2-554502567,S2-134056593,S2-179165162,S2-240803920,S2-291648704,S2-995547904,S2-525432248,S2-393165501,S2-150905818,S2-725021094,S2-968094618,S2-923801293,S2-881206060,S2-375734460,S2-922136572,S2-15006990,S2-271745495,S3-922160264,S2-36160850,S2-498318603,S2-134247647,S2-175393951,S2-348700120,S2-785186448,S2-19278962,S2-885761179,S2-87169796,S2-235484816,S2-757418156,S2-767057157,S2-927958494,S2-256004638,S2-388879446
S1-556096572	S3-154754090,S2-270084686,S2-874325083,S2-527182701,S3-641933521,S2-673985499,S2-481900332,S3-412777303,S2-484853565,S2-772630883,S2-654884468,S2-41953060,S2-493793184,S2-218217935,S2-647779738,S2-79104826,S3-458781654,S2-773011781,S2-133836266,S3-490190535,S3-223387641,S3-231807733,S3-389444509,S2-730340819,S2-495461061,S2-443627128,S2-674470287,S2-74111550,S2-17124755,S2-909674079,S3-440996134,S2-266605729,S2-75147291,S2-20503058,S2-446146646,S2-927438885,S3-328527813,S2-274092656,S2-498587071,S2-914395640,S2-865410470,S2-889879939,S2-353555477,S2-164681422,S3-220286179,S2-506349631,S2-344676719,S3-507353793,S3-477271280,S2-212128688,S2-416577392,S2-322427595,S3-734401676,S2-112362401,S2-680876763,S2-181384209,S3-560314152,S3-586708687,S2-946904279,S2-203987354,S2-539018030,S3-120090734,S2-513003804,S2-127239641,S2-18799605,S2-267324891,S3-185072511,S2-466269977,S2-371548172,S2-777509808,S2-466614751,S2-705881932,S2-269182288,S2-914146721,S3-302078927,S3-657164373,S2-504837702,S2-838572645,S2-344204534,S2-150094377,S2-86895197,S2-699676387,S2-496794943,S3-660425311,S2-62944396,S2-416721392,S2-863307918,S2-44399811,S2-149008818,S2-896724892,S2-147723513,S3-646958873,S2-675640625,S2-973107415,S3-758193561,S2-251105163,S2-352413506,S3-800694736,S2-19207408,S2-857411579
S1-659744096	S2-808597675,S3-853821532,S2-113459317,S3-134456371,S2-598438941,S2-668155253,S3-827406936,S2-925241972,S2-426066002,S2-463557281,S2-937257382,S2-322067604,S2-843901827,S3-432538395,S2-763961445,S2-502443917,S3-542748089,S3-415976924,S3-352526608,S2-974117071,S3-68811999,S3-313180005,S3-761773772,S3-919845063,S3-198482089,S3-553742210,S3-952525470,S3-891340094,S3-182668440,S2-711208184,S2-610915540,S2-594343099,S2-382267742,S2-735384753,S2-90651590,S2-690627297,S3-68596993,S2-252832930,S2-909646580,S2-41094932,S2-461831907,S3-703026361,S2-195746025,S3-706671979,S2-248281332,S2-607034699,S2-845578579,S2-995744180,S2-148079671,S2-466860445,S2-970244181,S2-308093928,S3-796219697,S2-314527758,S2-729763939,S2-634613784,S3-243673714,S3-716895985,S2-498037719,S2-659202632,S3-653780081,S2-377865304,S2-249107648,S2-296366352,S2-183394970,S2-193623329,S2-638112868,S2-655052121,S2-318540360,S2-188053854,S2-557654460,S3-366311251,S2-86646081,S2-576198686,S2-755513554,S2-195863685,S3-625633175,S2-620513696,S2-480649303,S2-103884298,S2-865249513,S3-278948434,S2-301599847,S3-151111902,S3-338506927,S2-92051387,S3-915161047,S2-101399013,S2-52329697,S2-459288896,S2-602262756,S2-98922570,S2-322860809,S2-27974938,S3-819087060,S3-553850066,S2-911741141,S3-703297292,S2-156667820,S2-949893355
S1-336885598	S2-330276798,S3-50368515,S3-27834915,S2-438439528,S2-418984823,S2-308453309,S2-959902181,S2-585565937,S3-120226487,S3-968165202,S2-151543455,S3-622692590,S2-659796986,S2-501534718,S2-838839830,S2-990234514,S2-522638413,S2-995304955,S2-396081124,S2-99817638,S2-625301336,S3-365960682,S2-960011814,S2-730521297,S2-963575788,S2-52371422,S2-367746253,S2-427787538,S2-280604389,S2-73793317,S2-851957587,S2-508997815,S2-394453806,S2-500127675,S2-785156370,S2-448355009,S2-916779725,S2-641035250,S2-635048306,S2-806495005,S2-207647214,S3-943059732,S3-89042433,S2-738941194,S2-289361653,S2-770578834,S3-523398738,S2-938482293,S2-572885929,S2-973986439,S3-149259977,S2-892663697,S2-341163938,S2-987878597,S3-855848510,S2-753507114,S2-306397866,S2-145243703,S3-3814604,S3-800386186,S2-947486357,S2-870199633,S3-818115649,S3-766882293,S2-139571169,S2-552431066,S2-327240563,S2-584201638,S3-523988242,S2-572786399,S2-130715141,S2-30688362,S2-81349654,S3-97058078,S2-681352078,S2-851771532,S3-176353085,S3-46302144,S3-208933853,S2-139864053,S2-461390241,S2-672150293,S3-679747182,S3-18212186,S2-202426419,S2-48596163,S2-758934603,S3-273147932,S3-907725667,S2-991860594,S2-174711100,S3-865399071,S3-928781559,S3-50744315,S2-932262510,S2-777863815,S2-682413248,S3-117953313,S2-655624208,S2-643230846
S1-757768792	S3-633874290,S2-697629020,S2-579196124,S3-914528901,S2-812812098,S2-745865224,S2-134161349,S3-757231751,S3-624983181,S3-23214364,S2-224087261,S3-540907456,S2-856987991,S3-592983232,S3-271649692,S3-689931990,S3-417544692,S3-931072244,S2-689762028,S2-491343764,S2-370813748,S2-992948340,S3-412580660,S2-990660478,S3-905874805,S2-501405347,S3-194157321,S2-871577979,S3-512745127,S2-138184940,S2-318299825,S2-831950414,S3-268615650,S2-503727095,S2-573568581,S2-875282236,S2-510028561,S2-243805563,S3-968027954,S2-200479910,S3-767266849,S3-910149008,S2-918495064,S2-150156225,S2-635186877,S2-193498471,S2-967047772,S2-889057708,S2-54147435,S3-980133955,S3-684432172,S3-287373348,S2-193638975,S2-507715906,S2-710364142,S3-836675940,S2-314482661,S2-952516006,S2-788098420,S2-747290579,S3-769109737,S2-194154504,S2-152375025,S2-650485560,S2-770141922,S3-154234137,S2-947433761,S2-429944889,S2-46942078,S3-960720936,S2-184386134,S2-818080274,S2-890222960,S2-453459701,S2-519232324,S2-196836308,S2-309556430,S2-197534645,S2-534803169,S2-583183214,S2-814084967,S2-689367151,S2-575934182,S3-141531289,S3-999611802,S2-234194389,S2-859136839,S2-67528044,S3-712417300,S3-173005065,S2-711662226,S2-579323140,S2-642251971,S3-517068808,S3-756304560,S2-957956116,S2-346914687,S2-242174683,S2-372888086,S3-713051827
S1-14443757	S2-240593428,S2-493557770,S3-921792357,S3-863392055,S3-616188030,S3-96798290,S2-976657121,S3-709603022,S3-149729273,S3-951736453,S2-527575588,S2-883597657,S2-495294240,S2-18428254,S3-986892650,S2-225635280,S2-291452614,S2-133651906,S3-333017108,S2-818063943,S2-766744049,S2-183441180,S2-846124021,S2-931608179,S2-131886405,S2-135481502,S3-843151386,S2-752100836,S2-209941369,S3-92329614,S3-262164615,S3-548173166,S2-334916877,S2-438872705,S3-975754038,S3-121172611,S3-478979113,S3-600716831,S3-249110177,S3-695204930,S3-492051603,S3-653332270,S3-222058531,S3-870666374,S3-42977632,S3-739137308,S3-558879961,S3-476397718,S3-725998718,S2-744001951,S3-307061518,S3-709143311,S3-106543414,S3-607398159,S3-334770906,S3-190081822,S3-371221711,S2-973425218,S3-355224101,S2-646010640,S3-190728778,S3-755810591,S2-775597135,S3-585026457,S3-607562582,S3-808685830,S3-649213813,S2-303981022,S3-632363746,S2-492088510,S3-435680929,S2-383876604,S2-829457572,S2-783145826,S2-385989997,S3-883465495,S2-693368483,S2-420714339,S2-350714410,S2-448898627,S3-497628126,S3-801682052,S2-655457062,S2-275408088,S2-501606504,S2-147241446,S2-689842804,S2-969574474,S2-918202033,S2-626245947,S2-782351755,S3-876560876,S2-102427232,S3-542431587,S2-954744252,S2-83061558,S2-746828821,S2-102129613,S2-119260996,S3-962441607
S1-618938730	S2-234758167,S2-95179992,S2-122093624,S2-35222126,S2-634390211,S3-915118966,S3-702331266,S3-900287248,S2-710746279,S2-965854787,S2-237314138,S3-187000801,S3-537491918,S2-74787852,S2-799478530,S3-453941936,S3-769004390,S3-821965986,S2-87222710,S3-712395618,S2-318336430,S3-949848530,S2-18239116,S2-750379498,S3-553152719,S3-453900842,S3-150166669,S3-615586483,S2-511785757,S2-343271595,S3-165413399,S2-151069586,S3-828536496,S3-904200916,S2-918610052,S2-971827617,S3-195263660,S3-459096279,S3-901391006,S2-548189300,S3-205001276,S3-136191557,S2-81179862,S2-541548865,S2-604141475,S2-973459618,S2-115132075,S2-94577692,S2-624602452,S2-549711959,S3-952895800,S2-701942141,S2-461952185,S3-740690476,S2-316201286,S2-806521985,S2-741790556,S3-295775175,S2-260131700,S2-736747176,S3-151021017,S2-756639592,S2-483018214,S3-415718700,S2-394519037,S2-7714730,S3-525691569,S2-283675051,S3-541405478,S3-892118763,S2-114609586,S2-635789439,S3-152769633,S2-186118615,S3-410876881,S3-127657410,S2-391522158,S2-783803109,S2-656708003,S2-722562148,S3-38827821,S3-13630276,S3-864158394,S2-631969695,S3-447869986,S3-322586853,S2-371298861,S3-867746331,S3-45737183,S2-793709877,S2-492515384,S3-603147170,S2-948134760,S2-1815044,S3-874853067,S2-938790152,S2-216118806,S3-521839772,S2-492534895,S3-474330096
S1-691414679	S2-884272001,S2-446192694,S3-395819557,S3-495540341,S2-176004333,S2-48858972,S3-245215710,S3-177336223,S3-505779533,S3-223572193,S3-441926212,S3-32554273,S2-994818837,S2-968387610,S3-965607386,S2-119840845,S3-849028273,S3-298620059,S2-626500488,S3-598190315,S2-602337533,S3-950678358,S2-767997013,S2-61862037,S2-364872308,S2-680159612,S2-776218226,S2-795336133,S2-836036574,S3-388688918,S2-499503216,S2-993805286,S2-215315088,S2-963372878,S2-782854417,S2-981085688,S2-496360907,S2-510218510,S2-355848285,S2-44413474,S3-262967155,S2-883546726,S2-347977832,S3-565154459,S2-525159427,S3-606357675,S2-287744713,S2-982285939,S2-336625842,S3-791611145,S2-107262462,S2-222572966,S3-817342415,S2-874344160,S2-891701332,S2-953980416,S2-438240330,S2-309675888,S3-858586332,S2-612579377,S2-961551627,S2-838454757,S2-528350957,S2-279036441,S2-724148097,S2-950039431,S3-497228245,S2-430944197,S2-124002608,S2-848220402,S3-763614121,S3-783570573,S2-85596738,S2-908553051,S2-914530539,S2-560832721,S2-730445518,S2-325156567,S2-604906710,S3-709210379,S2-529533866,S2-601625361,S2-563095726,S3-817859021,S2-910004432,S2-997304576,S2-538936139,S3-736091244,S3-613021986,S2-850886336,S2-514343312,S2-257639169,S2-16991846,S2-14767198,S2-613559561,S2-934573178,S2-374069264,S2-427904721,S3-562072434,S2-127655964
S1-272870402	S2-183502935,S3-764511705,S3-755817396,S2-388083851,S2-464679835,S3-998483561,S3-532985818,S3-467580128,S3-282176408,S3-330480796,S3-30861041,S3-665136314,S3-73228772,S3-827718540,S3-509276751,S2-384323589,S2-520049249,S2-597247019,S2-315189797,S3-137062764,S2-288749440,S2-306440598,S2-731930414,S2-679870541,S2-491705354,S2-511940187,S2-981746313,S3-145551634,S2-145422742,S2-582017313,S2-90214007,S2-518062498,S2-619976035,S2-967145877,S2-555618590,S2-198730510,S2-116311807,S2-69777167,S2-945382997,S3-722864602,S2-834193073,S2-204205181,S2-270524086,S3-394204457,S2-56451130,S2-411593532,S2-657521524,S2-641786273,S3-359295997,S2-692966988,S2-13281502,S2-844522720,S2-700881386,S2-49011811,S2-684520144,S2-970125663,S2-334172986,S2-559063645,S3-596980432,S2-193581244,S2-175523602,S2-879361618,S3-183892856,S3-130782940,S2-368922547,S2-693983308,S2-599878499,S2-299372934,S3-612857491,S2-732072908,S2-196761247,S2-643627538,S2-417958330,S3-163432411,S2-330728289,S2-696553991,S2-260495520,S2-740741628,S3-388743979,S2-874314404,S2-363279536,S2-246560911,S2-533790076,S3-271340063,S2-506145642,S2-898501206,S2-734896804,S2-754078511,S2-534311621,S2-439336497,S2-810082385,S2-874569357,S2-50064568,S3-545834853,S2-475604296,S2-815503425,S2-938833394,S3-918137126,S2-665375495,S2-105721135
S1-173967542	S2-111577448,S3-654408739,S3-127353107,S3-888630321,S2-794002788,S2-203007589,S2-815888569,S3-845598078,S2-291481555,S2-226210788,S2-48146132,S3-410533828,S2-677361255,S2-218862889,S2-857124798,S2-609253562,S2-442803005,S2-498528345,S2-769980149,S2-736352087,S2-491225506,S2-897762769,S2-863484878,S2-130849228,S2-852686945,S2-981652427,S2-651967216,S2-269238910,S2-584661749,S2-448155180,S2-700033401,S2-486749152,S2-538688175,S2-606314221,S2-110016765,S2-434405898,S2-685563124,S2-198324542,S2-981651181,S2-66285628,S2-969034541,S2-248908328,S2-239321369,S2-954170576,S2-722841080,S2-670147166,S2-170517503,S2-136902232,S2-996522281,S2-177830294,S3-420222859,S3-887781434,S2-966727174,S3-711625163,S3-289660165,S3-580766081,S3-523152104,S2-948122622,S3-501229012,S3-92809006,S2-322052667,S3-335928826,S3-507868137,S2-502307801,S3-628177141,S3-353199701,S2-28052988,S3-606136908,S3-294501777,S2-448769316,S2-399378923,S3-280322570,S2-139540530,S3-649415793,S3-198918905,S2-714059649,S2-900851615,S3-656764238,S3-434596088,S2-562440556,S2-114637521,S2-472270230,S2-187243047,S3-47572111,S2-809635894,S3-144378974,S3-235572253,S2-925649478,S3-600830596,S3-216323556,S2-233003802,S2-646144375,S3-148546116,S3-502209059,S3-504199132,S3-237449786,S2-813846928,S3-608834723,S3-665352603,S2-43676271
S1-218789312	S2-169594535,S2-780149619,S3-195702476,S2-353852544,S2-372376745,S3-874375430,S3-149748197,S2-845079182,S3-203080393,S2-49784714,S2-623826741,S3-72688367,S2-230712923,S3-603535889,S3-300426952,S2-56754042,S2-586784619,S2-128787858,S2-576749750,S2-538608190,S2-800949288,S2-664013287,S3-324412069,S2-453861951,S3-247179838,S3-113056112,S2-649888098,S2-697225638,S2-95081367,S3-913389168,S2-633639443,S2-405987862,S2-718248333,S2-521838573,S3-272900720,S3-682575731,S3-986255195,S3-698443568,S3-369610514,S2-648963890,S2-874133215,S2-681789195,S2-760785823,S3-712846609,S2-123224411,S2-50414339,S2-988205841,S2-259035440,S2-308644145,S2-916511565,S2-879843539,S2-706814843,S2-998563641,S2-64890161,S2-150133492,S2-342660511,S2-655664004,S2-40405539,S2-663504307,S2-311216446,S2-687018153,S2-584949284,S2-796729447,S2-84313935,S3-974747900,S2-822032464,S2-876384005,S2-352988099,S3-648687913,S2-681729487,S3-901419686,S2-980259702,S3-209086638,S2-883516640,S3-4114721,S2-94957946,S3-934437079,S3-585450913,S2-762849402,S2-909990809,S3-294292765,S3-574683699,S2-114118706,S2-990104488,S2-669871120,S3-373795113,S2-371018327,S2-645319631,S2-825713204,S3-709756287,S2-691097798,S2-822417993,S2-893289572,S2-409959138,S2-459549794,S3-129572351,S2-974921793,S2-9978433,S2-963683727,S2-659034459
S1-362066698	S3-394037949,S2-918843782,S2-482597862,S2-655775680,S2-868633425,S3-297360279,S2-480941522,S2-346519279,S3-354426727,S2-718224092,S2-623470190,S2-274458576,S2-252057659,S3-431907629,S2-949952555,S2-89389120,S2-71147338,S2-277956836,S2-168151607,S2-919442733,S3-134141169,S3-261165971,S2-599110869,S3-735980094,S3-843318045,S3-598936295,S3-701923641,S2-71437233,S2-371920336,S3-385361306,S3-508862311,S3-985840377,S3-729123229,S3-662196408,S3-3331759,S3-604722553,S3-719694949,S3-912961794,S2-262879164,S2-727990370,S3-628291595,S3-287715735,S3-804583026,S3-409616048,S2-511674618,S3-113173774,S3-771510744,S3-289786820,S3-928886701,S3-590422278,S2-510804879,S3-614268789,S2-452473066,S2-872599903,S2-491095115,S2-238124661,S2-805112732,S2-150365529,S2-618421332,S2-996490503,S2-524264429,S2-40950046,S2-631504929,S2-464329628,S2-846710449,S2-623414578,S2-97151295,S2-298351628,S3-868505072,S3-875167265,S2-755352432,S2-389064236,S2-921498572,S2-721070981,S2-372534908,S3-123888031,S2-46913881,S2-252743128,S2-751446597,S2-76583552,S2-142911833,S2-29025394,S2-418727952,S2-568760342,S2-455790105,S2-728486856,S2-702558324,S2-423400440,S2-264862025,S2-214380108,S2-584978860,S2-723795186,S2-156693827,S2-41143857,S2-449815944,S2-178912518,S2-24651422,S2-131800054,S2-346503543,S2-740097027
S1-148588117	S3-735757650,S3-74701262,S2-381887204,S2-897353552,S2-762611395,S2-160928066,S3-987090961,S3-20237970,S3-869249656,S3-70301070,S3-171835211,S2-410687996,S3-726892629,S2-170097194,S2-802084577,S3-515216844,S2-117835750,S2-49049292,S2-668101302,S2-208575111,S2-558489110,S2-758959708,S3-184630796,S3-366938046,S2-938370678,S3-211012842,S2-857932660,S3-145159340,S2-5157689,S2-314407218,S3-372831093,S3-977686423,S3-254042086,S3-973287954,S2-379216819,S2-404317391,S2-892453924,S2-966406223,S2-472581400,S2-623688764,S2-754850929,S2-238377084,S3-94637925,S2-410610722,S2-996715961,S2-663824533,S2-340870478,S2-141340130,S3-507831446,S3-220123759,S2-399233603,S2-591177950,S2-816415958,S3-590825498,S2-478733732,S2-479038753,S3-250042196,S3-717599886,S2-821399143,S2-539821482,S2-853668335,S2-953161450,S2-169706154,S2-217907345,S2-453364885,S2-697998622,S2-39381579,S3-316448431,S2-550980320,S2-42819967,S3-814218877,S2-394454432,S2-992119594,S2-757256209,S2-44744116,S2-29754829,S2-221969811,S2-884457815,S2-325912309,S2-599563196,S2-867448374,S3-991289813,S2-909132663,S2-436415761,S3-474611827,S2-531227839,S2-398309029,S2-956869798,S2-613271097,S3-892368470,S2-935187466,S2-853946487,S2-694817878,S3-293916945,S2-121230930,S2-264701666,S2-34090233,S3-925824059,S2-891287135,S2-275095846
S1-142062462	S2-275491724,S2-601792508,S2-640677118,S3-250069981,S3-42638977,S3-256365543,S3-804678567,S2-211232464,S2-261660128,S3-187223409,S2-353829740,S2-524762937,S2-344824312,S2-58820940,S2-635023276,S2-980948180,S2-195982333,S3-616516643,S3-165287215,S2-190254586,S2-693480806,S2-134142079,S3-661112703,S2-223726844,S2-23291655,S2-101587407,S2-132234710,S2-371679457,S3-208780399,S3-761970154,S2-899330836,S2-102860425,S2-782098136,S2-571637380,S2-622308056,S3-387011252,S2-926467450,S2-664681827,S2-264585600,S3-305922053,S2-266691119,S2-630961530,S2-673148569,S2-323320606,S2-132289812,S3-707362976,S3-299182377,S2-447022620,S2-745085758,S3-833707200,S3-14231190,S2-214449895,S2-590589872,S3-517610627,S3-587634175,S2-265199231,S3-930866911,S3-994071196,S3-484143571,S3-665268413,S3-697395232,S3-223185433,S2-885012712,S3-206684236,S3-301034919,S3-106060113,S3-703321601,S2-740281040,S2-914672186,S3-624344683,S2-355920342,S2-8207422,S3-833025453,S2-932808177,S3-867806352,S3-637790873,S2-107789277,S2-323971497,S3-745163892,S3-594070594,S2-212032631,S2-95576991,S3-919988284,S3-981365635,S2-650240098,S2-443487526,S3-742069340,S3-126964529,S2-869915509,S2-822524975,S2-236596694,S3-273129693,S2-699918562,S2-213000392,S3-675728542,S3-145888268,S2-836317667,S2-638163002,S3-228600856,S2-831352922
S1-568171824	S3-164100043,S2-303911474,S2-803134352,S2-927849838,S2-528381565,S3-164343651,S3-638569537,S3-491652162,S3-554293403,S3-452651806,S3-820265913,S2-455674770,S3-240009489,S2-683415423,S3-599007836,S3-353078760,S2-672706606,S3-511688055,S2-451932543,S3-866234163,S2-19549225,S2-200860707,S2-552744946,S2-891557312,S2-117737335,S2-997774696,S2-201030749,S3-568058535,S2-476454282,S3-521036875,S3-216878147,S3-923860894,S2-226322388,S3-794140019,S3-783511644,S2-827003235,S3-463290844,S3-688921492,S2-35067381,S3-64416447,S2-71762791,S2-461914766,S2-487431396,S2-79954857,S3-921359643,S3-321050177,S3-423542848,S3-484037636,S3-474783538,S2-917862300,S3-878358877,S2-491343764,S2-370813748,S2-992948340,S2-990660478,S2-674684335,S2-87696664,S2-501405347,S3-434829392,S2-871577979,S3-580724310,S2-138184940,S3-464751391,S3-301752593,S2-831950414,S3-287521067,S2-503727095,S2-686841011,S2-875282236,S3-767221741,S2-243805563,S3-756936415,S3-441423206,S2-200479910,S2-261070467,S2-918495064,S2-628237728,S2-635186877,S2-54147435,S2-670070016,S2-687676153,S2-193638975,S2-952516006,S2-368427322,S2-152375025,S2-553629647,S2-429944889,S2-530284075,S2-561337714,S2-184386134,S2-245924206,S2-575314494,S2-196836308,S2-883494703,S2-808318545,S2-814084967,S2-791232483,S3-423059406,S2-234194389,S2-361191714
S1-243953750	S3-62937621,S3-31449456,S2-390945420,S3-611274646,S2-677214482,S3-494092990,S2-683210555,S3-950648455,S3-149115817,S3-910248757,S2-863065687,S2-19860256,S2-46645744,S2-229795659,S2-274836033,S3-202836311,S2-591000336,S2-637185211,S2-320208728,S2-702712370,S2-999580252,S2-136007592,S2-538195783,S3-553346441,S2-733169885,S2-887438891,S2-87298455,S2-926315981,S2-141476189,S2-85638257,S2-126615313,S2-389650717,S2-766129322,S2-808971083,S2-500816568,S3-537159748,S3-514440484,S3-676230672,S3-102009090,S3-188613244,S3-457323969,S2-725301514,S3-882206379,S3-964707659,S2-440968642,S3-168030935,S2-639090046,S3-317954796,S2-137766736,S3-797938616,S2-142115035,S2-76126690,S3-582999072,S2-647387400,S2-4038855,S2-742869598,S3-459946736,S2-343359625,S2-792533596,S3-436122438,S2-199080752,S3-505947760,S3-452298359,S2-511648383,S2-254957254,S2-760235159,S2-716776329,S3-982384122,S2-44455982,S2-955418811,S3-517501442,S3-247235321,S2-484679803,S3-887323204,S3-237629213,S3-16259838,S3-470564018,S2-312652538,S3-910067932,S3-454823736,S3-2924215,S3-325735055,S2-248821054,S3-156976151,S3-937188663,S2-209041869,S3-795354271,S3-841380550,S2-839586023,S3-989274919,S2-796219017,S2-53822110,S2-470215977,S2-377942315,S2-853925728,S2-257669089,S2-332180075,S3-306217277,S2-516175662,S2-308952126
S1-386382376	S2-448435060,S3-381447900,S3-451889796,S3-495640104,S2-649245496,S2-908463060,S2-311675292,S2-40625126,S2-128245880,S2-774534507,S2-846183053,S2-413799112,S2-809480927,S2-442508317,S2-737098077,S3-323526357,S2-928027001,S2-579852109,S2-893351443,S2-58972517,S2-147294288,S3-672369595,S2-92532359,S2-351281212,S2-301726502,S2-139421256,S3-605725958,S3-800643201,S3-589130253,S2-430823774,S3-845759870,S2-197276836,S2-333383949,S3-429469133,S3-464886012,S2-413829565,S2-873533303,S2-758055348,S2-166937216,S3-721169787,S3-143432369,S2-834880728,S2-164842212,S3-539971113,S2-363840891,S3-72942894,S3-889640116,S3-644016967,S2-470885746,S2-742800884,S2-971230068,S2-882654770,S2-738243427,S2-8259197,S2-198072488,S2-268296171,S2-13713132,S2-679733444,S2-480724282,S2-822914130,S2-861640914,S2-717147994,S3-613876320,S2-829666837,S2-403664552,S3-164851077,S2-483751058,S2-633171312,S2-13275788,S2-248839366,S2-440578577,S2-919147769,S2-365637308,S2-697570996,S2-800215085,S2-456028794,S2-578387518,S2-993906800,S3-18139632,S2-157900663,S2-552829218,S2-865821193,S2-741295728,S2-831274810,S2-304807820,S3-54034988,S2-465515355,S2-629012226,S3-887422347,S2-224252388,S2-133697475,S2-881610067,S2-543323258,S3-693661059,S2-729477963,S2-756033964,S3-245627862,S2-771377550,S2-6428996,S2-600022422
S1-371833247	S2-325541570,S2-111040055,S3-951214481,S3-481752938,S3-365480542,S3-907337548,S2-911327915,S2-623586706,S2-642498185,S2-16685638,S2-441307513,S2-812839664,S2-105264462,S3-377952988,S3-350839106,S3-331858284,S3-408665650,S2-633072195,S2-726610571,S2-10370379,S3-513862694,S3-487184071,S2-819557131,S3-232637354,S2-811743331,S3-171095222,S2-215957798,S2-770313135,S2-152357907,S2-210953066,S2-445841127,S2-859920078,S2-514491421,S2-161949054,S2-140218643,S3-143677187,S2-729532404,S2-697636174,S2-791858256,S2-341959401,S2-240444539,S2-705397882,S3-956603016,S2-108989786,S2-768891323,S2-326360895,S3-998203025,S2-112248312,S2-715246482,S2-135928905,S3-157047508,S2-436530851,S3-976443370,S3-637539695,S2-229179110,S2-916369072,S2-671499696,S3-166687027,S2-810465116,S2-462689703,S2-164564013,S3-787664727,S2-3827228,S2-346613213,S2-837665944,S2-119731521,S2-442940965,S2-260100743,S3-392558740,S2-962869716,S2-856568985,S2-424146838,S3-208392267,S3-923630839,S2-95723367,S2-858675389,S2-325433941,S3-158188432,S3-767571531,S2-297765496,S2-604359722,S2-589764481,S3-113115355,S3-578045085,S2-369389894,S2-236895677,S2-819893939,S3-331745165,S2-983189080,S2-721591816,S2-597836375,S2-794283680,S3-574543835,S2-632583731,S2-41165577,S2-852846514,S2-790311484,S2-155963322,S2-478988383,S2-67462547
S1-441350857	S2-517310649,S3-548362861,S3-447031521,S3-303694901,S3-586697856,S3-286420086,S2-809462575,S2-178782915,S2-331559642,S2-57794933,S2-695620891,S2-945866062,S3-835937559,S3-469852248,S2-190345010,S2-652786125,S2-57252549,S2-248018254,S2-373478027,S3-87011846,S2-237675307,S2-589586160,S2-980201825,S3-580224787,S2-571152274,S2-535309000,S3-498910059,S3-289377748,S2-237976616,S2-801386417,S3-453170829,S3-323740076,S3-940918810,S2-399756854,S2-935051213,S2-263124448,S2-996366513,S3-488547373,S2-648640999,S2-751753062,S2-109781502,S2-174156594,S2-403001935,S2-967837838,S2-557822363,S2-142762025,S2-946839545,S3-449584353,S2-368980482,S2-744906787,S2-496126341,S2-271914228,S3-340511538,S2-166690835,S2-513679120,S2-904005292,S2-822945830,S3-220113493,S2-120853215,S2-990099296,S2-84370851,S2-666699579,S2-490332503,S2-995323330,S2-10361624,S3-701661820,S3-940384701,S2-97492715,S2-291228151,S3-437465540,S3-551096730,S2-870248513,S2-876112318,S2-134054140,S2-700554920,S3-856103444,S2-901204825,S2-380762239,S2-677758771,S3-513400259,S3-87793872,S2-178843096,S2-731615134,S2-952376731,S3-520907500,S3-989916471,S2-689222703,S2-237645576,S2-793475991,S2-11113042,S3-536241247,S2-828166689,S2-603698823,S2-119731473,S2-520678878,S3-690107691,S2-798904240,S2-842580355,S2-178341844,S2-772327783
S1-43249907	S2-452506032,S2-788573277,S3-80295384,S2-392935029,S3-596580357,S2-384291254,S2-380369348,S2-328314211,S2-433701999,S2-502382930,S2-351505009,S2-370987695,S2-190029817,S3-357781761,S2-401845798,S2-796635624,S3-573329571,S3-702675325,S3-652462888,S3-322366287,S2-135491601,S3-227995451,S2-950322448,S3-987982316,S2-830378690,S3-791455264,S2-432113205,S2-624501760,S3-594033731,S2-689773980,S2-871324318,S3-149452881,S3-765700703,S2-970754266,S2-147863008,S3-756017641,S2-854217029,S2-696178416,S3-679881941,S2-71277600,S2-563310655,S2-587177821,S3-291888345,S2-504215316,S2-977832618,S3-435968630,S3-872962460,S2-408436248,S2-683505983,S3-915852734,S3-67040600,S2-617103616,S3-160129724,S3-611573055,S3-621031978,S2-778736771,S2-620356366,S3-505895185,S2-889859036,S3-840697925,S3-426745070,S2-2908578,S2-957152338,S2-680435008,S3-29345439,S3-943668765,S2-807205089,S2-55322075,S2-315543577,S3-572328378,S2-714399674,S2-278393817,S2-194467531,S3-590365734,S2-606100572,S2-241307407,S2-155120768,S3-597534991,S2-784818457,S2-235900044,S2-347803431,S3-835220235,S3-269468458,S2-211806263,S2-155504985,S3-745964795,S2-914544763,S2-829647361,S2-396473841,S3-348724975,S2-113039503,S2-742563295,S3-349091963,S3-781254991,S3-705276956,S2-444431547,S2-217464822,S3-302879942,S3-602713118,S2-127681328
S1-53894182	S2-655506949,S2-289051148,S2-202236055,S3-59915065,S2-157869061,S2-382541116,S2-424707282,S2-173036418,S2-664850762,S3-271561974,S2-148645026,S3-732193252,S3-711049414,S2-602492667,S2-74412241,S2-628514741,S2-303876804,S2-109610782,S2-500752570,S3-285481281,S2-15583005,S2-611178377,S2-324698492,S2-136595820,S3-187279325,S2-281988549,S3-324741273,S2-224311721,S3-142676463,S2-477737732,S3-869599729,S2-378876980,S3-367990127,S2-881402821,S3-978819016,S2-189454401,S3-675290015,S3-574724434,S3-213733302,S2-127887382,S2-121262697,S2-672163300,S2-318928026,S2-675923006,S2-90946648,S2-874952494,S2-560703414,S2-417738290,S2-895537527,S2-562903231,S2-561677116,S2-83685638,S2-765922142,S2-256523316,S2-447854421,S2-453341454,S2-432616149,S3-968950103,S2-491038690,S2-178041656,S3-646449723,S2-701186864,S2-907690261,S2-88869565,S2-818250642,S2-889940078,S2-13557804,S2-176174039,S2-452768802,S2-303466474,S2-626370460,S2-112152363,S2-934805208,S3-624368086,S2-848915788,S2-462752029,S3-970713845,S2-832136809,S2-605444308,S2-795236897,S2-746294340,S2-831622612,S3-306185500,S2-773135592,S2-452305368,S2-497467862,S2-475718206,S2-981575758,S3-225928858,S2-327387399,S2-595652755,S2-29035315,S2-175219159,S3-497001226,S2-655230225,S2-340373913,S3-482126921,S2-189640072,S2-589633698,S2-163300152
S1-432907838	S3-934599107,S3-782471604,S2-101004694,S3-695284003,S3-118754554,S2-949387547,S3-382004588,S2-359553329,S2-701086851,S2-508459421,S3-966681938,S3-590271326,S2-546597604,S2-156868009,S3-991899252,S3-837598870,S2-933005452,S2-776535654,S3-195647045,S3-824555772,S2-416371332,S3-266582393,S3-832748982,S2-595035039,S2-312422540,S2-423550827,S3-792372256,S2-969042076,S2-446139401,S2-684745175,S2-95310713,S2-451691662,S2-698839847,S3-939541677,S2-292863757,S2-920545650,S2-882730690,S2-439738823,S2-217610483,S3-499303592,S3-117090203,S2-1706758,S2-283251378,S3-654893180,S2-312891018,S2-98239419,S2-812214196,S2-105148236,S2-329511315,S2-330764068,S2-776974675,S2-339506425,S2-751049483,S2-936226153,S3-916071589,S2-650111752,S2-986825023,S2-818574359,S2-996150636,S3-119888874,S2-946752002,S2-802240652,S2-146038670,S2-349547823,S2-376916877,S2-930422779,S2-650770440,S2-863371696,S2-275924839,S2-978265212,S2-888140654,S2-46304814,S2-441682581,S2-733902989,S2-308592216,S2-46302404,S2-127108938,S2-582807443,S2-381125137,S2-120975507,S2-982205078,S2-534151311,S2-400948995,S2-727415016,S2-778784970,S2-336498188,S2-320655560,S2-745026233,S2-544041355,S2-565930092,S2-845083869,S3-172625364,S3-579193022,S2-923877787,S2-515637903,S2-430200199,S2-45818965,S2-330551661,S2-140145981,S2-437482083
S1-376236818	S2-938611037,S3-76129298,S2-718025874,S2-428300115,S3-454160700,S2-771236953,S2-388822227,S2-854420331,S2-518057207,S3-652386571,S2-519446193,S3-134485601,S3-761741227,S3-469180998,S3-675957023,S2-734882448,S2-267759478,S2-212998419,S2-848197229,S2-367826581,S3-991133685,S2-202718494,S2-344548872,S3-878108927,S2-842807161,S2-61796132,S3-225705730,S2-767997013,S2-927726081,S2-564299216,S3-968876264,S2-509257876,S2-436081297,S2-279126461,S2-745719074,S3-454589807,S2-230386932,S2-847868657,S2-188227401,S2-910803372,S2-123827767,S2-61862037,S2-414871324,S2-667900310,S2-749048081,S3-401930014,S3-391534549,S2-15482032,S2-430792098,S3-862468043,S3-345921689,S3-339150818,S2-751169405,S3-140481713,S2-614129032,S2-341065496,S3-458307269,S2-287744713,S2-111493289,S3-509774166,S2-502310975,S2-667274484,S2-482210644,S2-482870390,S2-21230100,S2-860446153,S2-48935874,S3-545786066,S3-229159703,S2-727903750,S2-741092604,S3-869424149,S3-866029616,S2-97769224,S2-78698606,S3-295866964,S3-511355947,S2-75691969,S2-135785988,S3-932853863,S3-418847871,S2-773011781,S2-512089336,S2-367849032,S3-11294600,S2-564209216,S2-965664315,S3-360359310,S3-326563066,S3-293901832,S2-607025492,S2-354826113,S2-705501671,S2-336972166,S2-34937912,S2-728822750,S2-212892745,S3-231568783,S3-538191784,S2-202733379
S1-776362567	S3-322301105,S2-105640104,S3-859664924,S3-114889798,S3-774644905,S3-624008289,S2-664019399,S3-461070350,S2-278623379,S2-631091395,S2-719503965,S3-214746116,S2-118305006,S2-213657329,S2-685479076,S2-884196351,S2-412689919,S3-101839495,S2-688578368,S3-648605845,S2-641076488,S2-824137440,S2-254196258,S3-174020037,S2-110180281,S2-111706631,S2-763297131,S2-188803849,S2-480707240,S2-121084786,S2-396990684,S2-31990961,S2-974896981,S2-441039251,S2-430335081,S3-428845649,S2-77786183,S2-881023187,S2-823352042,S2-331225629,S3-477576886,S3-11545499,S2-157134358,S3-142903033,S2-337298743,S3-145815321,S3-574740045,S2-329597530,S3-363392281,S3-448353480,S2-72469826,S2-221016151,S2-30538333,S3-561435349,S2-716440368,S3-442553183,S3-1999168,S2-408631248,S2-825208698,S2-782969814,S2-722917334,S2-304664432,S2-422497505,S2-250163087,S2-314623052,S2-482069860,S2-37499088,S2-327651916,S2-197018512,S2-77324249,S3-491296559,S2-58388554,S2-153120817,S2-806367822,S3-280410603,S2-864857091,S2-787319357,S2-836673465,S3-594697295,S3-359456065,S2-485767404,S2-688632512,S3-396027529,S3-990099998,S2-327785875,S2-471510629,S2-774376765,S3-819423191,S3-743519125,S2-492875471,S2-917738161,S3-700426070,S3-612674916,S3-389637595,S2-766500232,S2-652825043,S2-153712243,S3-294746033,S2-960558003,S2-608082605
S1-99969610	S3-26794517,S3-647713310,S2-405570285,S2-869558896,S2-152623369,S2-13830399,S3-420415787,S3-607489013,S3-252316213,S3-844560120,S3-61136691,S2-64778854,S3-459250870,S2-737015503,S2-113572670,S2-718268358,S2-837860269,S3-848698106,S2-193455705,S2-952686472,S2-249914546,S2-14434258,S2-435588501,S2-290917274,S2-918416821,S2-474555940,S2-951728675,S2-317112038,S2-935148781,S2-543852693,S3-163435095,S3-141388328,S3-869446641,S2-5492483,S3-709392850,S2-183744767,S3-410520306,S2-419994427,S2-279365241,S3-843056533,S3-77949867,S3-607151806,S3-768179917,S3-744984908,S3-364063381,S3-3725440,S3-115965374,S3-381269417,S3-917511230,S3-828565074,S3-568915484,S3-547712068,S3-539867628,S3-93983491,S3-612806038,S3-807036258,S3-232552463,S3-937998530,S3-819118286,S3-153854117,S3-151070794,S3-949778819,S2-924787983,S2-606455015,S2-759163692,S2-73470342,S2-735001920,S2-308847066,S2-628447767,S2-881947757,S2-122039341,S2-629465090,S2-435013181,S2-392649753,S2-731949507,S2-337965104,S3-571079674,S2-468225812,S2-789422678,S3-723808134,S2-923291857,S2-468629933,S3-271047270,S2-865511967,S3-802157082,S3-727752946,S2-960475779,S2-140628699,S3-296914482,S2-671885320,S2-76312411,S2-352266565,S2-46375719,S2-239319404,S3-41215274,S2-257979322,S2-468050988,S3-492552734,S2-506236465,S2-911468984
S1-961712029	S3-49542716,S2-466771330,S3-706183306,S2-348453003,S3-683668379,S3-668126921,S2-312259125,S2-122209442,S2-99831388,S2-6016138,S2-418310782,S3-186905595,S2-625179237,S3-199185195,S2-615474470,S3-471672460,S2-984013331,S3-445458463,S3-594602776,S2-690206332,S2-331512834,S2-241469242,S3-857615180,S3-470609790,S3-227680987,S3-124170117,S2-241830127,S2-144725886,S3-120347675,S2-932170813,S3-798940728,S3-768040448,S3-205662762,S3-742269938,S2-341993772,S3-211914758,S3-851425004,S2-571663413,S3-607814516,S2-166503979,S3-905101846,S2-871030070,S2-206957287,S2-999186949,S2-561700565,S2-860102078,S2-57601909,S2-180366272,S2-939630934,S2-684651764,S2-571709813,S2-713272376,S2-794420527,S3-561871957,S2-24920741,S2-550423906,S3-983926472,S2-111706631,S2-398939291,S2-609480684,S2-722571254,S2-963461661,S2-431749471,S2-25178902,S2-305550866,S2-164600713,S2-18058119,S2-74105722,S3-640042173,S2-247261802,S2-693299416,S2-250033269,S2-453451094,S2-178000425,S2-98650800,S2-739036932,S2-682662242,S3-892478659,S3-84201382,S2-509018756,S2-574611649,S2-680023389,S2-469816557,S2-683642640,S3-310822608,S3-547941262,S2-476728806,S3-335623999,S2-556796683,S2-693061987,S2-944383982,S2-469559421,S2-625272134,S2-739588620,S2-355346076,S2-750870680,S2-155300403,S2-346404069,S3-61218854,S2-279528186
S1-989811555	S2-213890802,S2-648524626,S3-563269290,S3-285986992,S2-42719562,S3-376975544,S3-992623152,S2-367571072,S3-421478360,S2-835446515,S3-591244606,S2-873568101,S2-201522134,S3-40978490,S2-224708614,S3-682017602,S2-400204253,S2-224034623,S3-601873916,S2-90446325,S3-924009866,S2-428657935,S2-991324676,S3-159732,S3-460221766,S2-196442601,S2-100571965,S2-856208596,S2-457617879,S2-152133486,S2-15641107,S2-276488548,S3-944409680,S2-179702335,S3-903110995,S2-691215320,S2-121203212,S3-839360241,S3-513408984,S2-956479781,S2-562558756,S2-303599792,S2-629357905,S2-402209410,S2-970977449,S2-936664491,S2-754008762,S2-319464058,S2-244709315,S2-757303339,S2-489694608,S3-109301651,S2-643127690,S3-942661039,S2-94658406,S2-888819952,S2-648343406,S2-159676082,S3-626090092,S2-47440433,S2-341597109,S2-917563357,S2-645723686,S2-594680491,S3-792924196,S2-940889768,S2-915564847,S2-949741534,S2-713199689,S2-743315842,S2-595992982,S2-709745469,S3-691945373,S2-473109182,S2-329741215,S2-860813075,S3-789731346,S2-538559976,S2-187488545,S2-150133492,S2-816698886,S3-578711541,S3-589675466,S3-716372763,S2-916785428,S2-221615055,S3-161238526,S3-891286260,S3-690312862,S2-935119984,S2-942559951,S2-135716353,S2-789544253,S2-783731981,S3-38090202,S2-5664163,S3-463542364,S3-504705214,S2-262848412,S2-320987294
S1-608313495	S2-771857675,S3-496775763,S2-668239802,S2-678322317,S3-882495587,S2-150239298,S2-682006430,S2-469030727,S2-516452074,S3-914478362,S3-95910348,S3-708098472,S3-271258394,S3-963111864,S2-31834724,S3-475497162,S3-85551318,S2-446161129,S2-11395678,S3-98249781,S3-736145397,S2-524714997,S2-208259649,S2-693316941,S3-739802862,S3-951389946,S2-611425420,S3-869709286,S3-753636683,S2-101201567,S3-229287718,S3-747110340,S3-764655941,S3-266344527,S3-14697090,S2-566058076,S2-470617752,S2-816384353,S2-148475160,S2-329747193,S2-144523064,S2-823964046,S3-364295828,S2-854893337,S2-259512486,S3-972776064,S2-821085827,S3-859066458,S2-663377184,S3-879442950,S2-951011533,S3-38050642,S2-11748354,S2-80109620,S3-709280705,S2-491263367,S3-455143157,S3-283151833,S2-188157420,S3-963268394,S2-531953893,S3-306163191,S3-453095652,S2-365883219,S3-536149576,S2-693296804,S3-388292966,S3-218656716,S2-543556601,S2-213702056,S3-527420718,S2-235642522,S2-673499448,S3-82798590,S2-782754578,S2-134977584,S3-955804660,S2-825242156,S2-557603881,S3-996511642,S2-589808070,S2-942125932,S2-225337461,S2-662612282,S2-262292448,S2-664452369,S2-693120169,S2-966472048,S2-12292651,S2-276293537,S2-42129165,S2-338010956,S2-713893106,S2-829635886,S2-817824237,S2-272480383,S2-584440863,S2-291921391,S2-796206690,S2-576969706
S1-136225971	S2-510544205,S3-915565624,S2-838673248,S2-75968001,S3-89130304,S3-652869844,S3-63467596,S2-736724824,S3-864964294,S2-476660824,S2-627673149,S2-705129472,S3-68558746,S2-202180546,S3-304026865,S3-50875565,S3-249323545,S3-70191205,S3-414386667,S2-267399914,S2-513175747,S2-167672297,S2-914188216,S3-962257886,S2-965520373,S3-569950206,S3-658423664,S2-491397574,S2-167574210,S2-688910097,S2-254826477,S2-367560858,S3-298932566,S2-45892249,S2-920318958,S2-917275002,S2-115549703,S2-73217271,S2-633194052,S2-145954885,S2-278361563,S3-892464542,S2-189782234,S2-537735558,S3-65447582,S2-557863937,S2-665795469,S2-596531648,S2-226074672,S2-700670073,S2-456604096,S2-126494172,S2-887158755,S3-174577902,S2-132592018,S2-559521416,S2-433570264,S2-536145102,S2-106016123,S2-577698576,S2-37154065,S2-295625071,S2-618329071,S2-339802245,S2-265952954,S3-467082218,S2-412882160,S2-962629112,S3-740884401,S2-769296792,S2-962993361,S2-584821086,S2-61607966,S2-909574027,S2-654235196,S2-723784577,S2-640891565,S3-5768622,S2-426375864,S2-529527490,S2-730839631,S2-287914730,S2-673869162,S2-683605063,S3-328504990,S2-139750327,S2-605649498,S2-141728481,S3-494580044,S3-771312658,S2-757031932,S2-36250601,S2-999227617,S3-54345113,S2-309309043,S2-786517020,S3-476016956,S2-962546290,S2-295242606,S3-135026449
S1-794995376	S2-861887989,S2-889441659,S2-642728438,S3-492050427,S3-247855420,S3-38739926,S3-191465669,S3-326419715,S3-71339462,S3-689454994,S3-565506971,S3-199594414,S3-287481790,S2-319359799,S2-337475974,S3-593401017,S2-236997621,S2-235147386,S2-89586464,S2-653635326,S2-487225917,S2-410895453,S2-192902688,S2-933672885,S2-49229596,S3-145093833,S2-187360023,S3-803768239,S2-225390226,S3-569420127,S3-286935553,S3-762668793,S3-208650456,S2-844397476,S3-273593189,S3-892560666,S3-592299740,S3-861962574,S3-880260099,S3-921503932,S3-472531714,S3-550800511,S3-239378560,S3-477378925,S3-498360170,S3-290899299,S3-404361346,S3-693722488,S3-49579370,S2-37811626,S3-130638514,S2-407740250,S2-648383176,S2-289787424,S3-870691091,S3-820871023,S3-716147910,S3-92112023,S2-172287908,S2-531268244,S2-129511538,S2-854987254,S2-912185669,S2-691785750,S2-210225939,S2-87895907,S2-134237182,S2-511031481,S2-505665033,S2-113608828,S2-3887349,S2-992446755,S3-161375020,S2-510928141,S2-788661822,S2-727608335,S2-364144235,S2-1095695,S3-613452240,S2-890177200,S2-270467246,S2-557527740,S2-863334458,S3-530013694,S2-770666249,S2-875542101,S3-745905701,S2-416122387,S2-587303765,S2-724758633,S2-877650248,S2-447491785,S3-160130694,S2-33947967,S2-542571935,S2-922336185,S3-631707680,S3-255393106,S2-872523813,S3-536418037
S1-380377529	S2-722340266,S2-104766296,S2-306272851,S2-138390,S2-255700472,S2-168610883,S2-471486290,S2-137767859,S2-130712165,S2-909443105,S2-694781483,S2-650485592,S2-618386070,S2-228190648,S2-183865634,S2-314746343,S2-559632482,S2-552628605,S3-748653225,S3-317747837,S3-587473821,S2-128120604,S3-362052027,S3-703366251,S2-921451307,S3-658352742,S2-397673786,S2-426796493,S2-311333664,S2-280388724,S2-381218149,S2-786070670,S3-120894557,S3-386423854,S3-464821271,S2-533282068,S3-106052090,S3-63173981,S3-307644873,S3-89899607,S2-964994581,S3-515498720,S3-24033866,S3-112225475,S3-110607964,S3-720865525,S3-563171491,S2-434336539,S2-635292990,S2-59426434,S2-426420898,S2-379444628,S2-173670938,S2-424566580,S2-518851904,S2-530241686,S2-842964322,S2-927791627,S2-72146128,S2-891135254,S2-925555046,S2-248601405,S2-546316772,S2-928142787,S2-838079370,S2-977932763,S2-54935976,S2-914859008,S2-5273595,S2-675648654,S2-547507556,S2-192219971,S2-749072056,S2-299390728,S2-210178042,S2-91187384,S2-532474308,S2-854184127,S2-967099701,S2-53001909,S3-413982911,S2-585005008,S2-440055003,S2-198799698,S2-179497666,S3-9186385,S2-791780644,S2-829837714,S2-455255220,S3-784647378,S2-683250757,S2-54162161,S2-673278447,S2-164314510,S2-261371211,S2-383986057,S2-490596917,S2-634818255,S2-222944073,S3-787870654
S1-314760086	S2-101707401,S2-935183039,S3-863747738,S2-929060134,S2-451302042,S3-433449671,S3-215353543,S2-316588955,S3-519721831,S2-420552500,S3-941414827,S2-252281567,S2-31320946,S2-418667983,S2-936515260,S2-111437620,S2-498056143,S2-323265518,S2-45522352,S2-355765941,S2-646360934,S2-904081295,S3-290933796,S2-792408810,S2-600689243,S2-782589672,S3-64526462,S2-145741949,S2-552109163,S2-692681336,S3-256553758,S2-205760775,S3-872597753,S2-482212008,S2-277998103,S2-506343919,S3-223620111,S2-552275059,S2-473522304,S2-747046757,S3-762141798,S3-874284854,S3-125194435,S2-223826524,S2-343516889,S2-904279719,S2-271674641,S2-787274117,S2-370797151,S2-981373411,S3-923338311,S2-92086765,S2-9489485,S3-608239278,S3-953204830,S2-560796320,S3-396285513,S3-530694651,S2-152411224,S2-571097304,S2-266428477,S3-401950178,S2-891903423,S2-74468162,S3-668699012,S2-644292264,S2-944851251,S2-70636450,S3-454756194,S2-571012645,S2-108579686,S2-664916557,S2-516119723,S3-772654675,S2-469109500,S2-947606363,S3-922585283,S2-334221005,S2-772749569,S2-959087234,S2-391685431,S2-953497761,S2-277787348,S2-987818200,S2-380927591,S3-705483540,S2-850615984,S2-263029851,S2-900869697,S3-471373122,S3-907435773,S3-701750120,S2-256045364,S2-212516495,S2-942543224,S3-16285226,S2-337312350,S2-39813977,S3-275286903,S2-54147435
S1-305651860	S2-397707724,S2-582952575,S2-500861444,S3-709304132,S3-678579062,S3-213499510,S2-780957245,S3-405482926,S3-37421552,S2-906401955,S3-708292886,S3-754854946,S3-401950143,S3-81850481,S3-44538540,S2-597409096,S3-792960858,S3-34497126,S3-83771090,S3-598868667,S2-460770298,S2-587521617,S3-189435339,S2-154711361,S2-259055163,S2-558166019,S2-949440590,S3-546087640,S2-315191395,S2-236634109,S3-404607781,S2-569498212,S3-260965189,S2-148614998,S2-323492898,S2-809843250,S2-951696772,S2-493344304,S2-120807912,S2-388132627,S2-417743541,S2-659542988,S2-506876182,S2-447898138,S2-29639513,S2-272546654,S2-839889252,S2-208501562,S2-94033243,S2-392088273,S2-223746530,S2-127586625,S2-442890725,S2-90014066,S3-652622603,S2-176740002,S2-274258556,S3-816265492,S2-149125352,S2-164137348,S3-81399408,S3-804732636,S2-86613087,S2-516954356,S3-130471213,S3-316138931,S2-567630667,S2-154218580,S2-652627053,S2-640551127,S3-141351584,S2-26344878,S2-328760780,S2-30161861,S2-647732392,S2-257459013,S2-840132283,S2-506035340,S2-72324397,S2-465593416,S2-301719422,S2-255026421,S2-789004721,S2-742230352,S2-27428935,S2-798708654,S3-215953789,S2-103103555,S2-588389616,S3-359346555,S2-241568162,S2-300009061,S2-268632966,S2-292261686,S2-96322390,S2-231134856,S2-333362622,S2-705215708,S2-706225494,S2-818285353
S1-575404784	S3-706246697,S2-825947123,S3-440921026,S3-820550216,S2-25321910,S2-978539153,S2-459348318,S2-290653935,S3-181354815,S2-747236957,S3-305868416,S3-774297620,S2-439785953,S2-606422396,S2-551143922,S3-953486919,S2-204787317,S2-65671624,S3-283143598,S3-985182580,S2-924065646,S2-272704271,S3-548699736,S2-988503976,S3-98103694,S3-258524157,S2-220849218,S2-749107653,S2-203470722,S2-92769858,S3-413887010,S3-119579677,S3-469236904,S2-478860200,S3-802184481,S3-488070295,S3-40632630,S3-404230610,S3-457204987,S3-651246233,S3-300998549,S3-998283453,S3-190826806,S2-774027471,S3-940444833,S3-539105003,S3-742529621,S3-284238193,S3-335045790,S3-100423367,S2-222362593,S3-171600781,S3-671318101,S2-320305734,S3-282022393,S2-2610353,S3-637549264,S2-622687299,S3-94999575,S2-938025520,S3-368327311,S2-100565733,S2-535448249,S3-964488469,S3-453017896,S3-640573994,S2-956302954,S2-264585600,S2-948374694,S3-390812907,S2-306047698,S3-654758849,S2-392551666,S3-4205456,S3-41118054,S2-410784160,S3-447760932,S2-362394131,S2-447022620,S2-902662745,S3-502264302,S2-265199231,S3-998969649,S2-885012712,S3-849396487,S2-398698355,S2-984380207,S3-584529036,S2-702620341,S2-612820800,S2-684333315,S3-391312016,S2-202335112,S2-931604834,S3-726299875,S2-396379799,S2-292524201,S3-373155228,S2-989207013,S2-517521530
S1-297426421	S2-268438430,S3-947641975,S3-558159022,S3-428926227,S2-484187478,S3-528299351,S3-567894833,S3-78123801,S2-78465895,S3-845703521,S2-739462865,S3-157349162,S3-226397291,S2-870323766,S3-505058334,S2-647019087,S3-85001721,S3-488363429,S3-890172301,S3-628336836,S2-657134733,S3-513254104,S2-172856775,S3-246546286,S2-939212276,S3-749139721,S2-951288229,S3-606673119,S3-866046638,S3-103207198,S2-430481035,S2-570210668,S2-52458739,S3-588452875,S2-751589653,S2-92586920,S2-184759214,S2-380966972,S2-881749687,S2-678426252,S2-936739006,S2-173345203,S2-700665822,S2-111716178,S2-308857693,S3-245210357,S2-21342084,S2-987958858,S3-396633705,S2-104293847,S2-229155968,S2-996536336,S2-102022512,S2-900952569,S2-896374669,S3-101381190,S3-851206784,S2-205425492,S2-984993860,S3-262410719,S2-296922542,S3-946146698,S3-836548566,S3-580582409,S2-12152026,S3-666271162,S3-310646013,S3-621336321,S2-193530983,S2-447323038,S3-269255951,S2-743765504,S3-787785699,S3-453479191,S2-123919769,S2-79939597,S3-769285193,S2-990759472,S2-406444058,S3-831758324,S2-66232146,S3-42070797,S2-235699203,S3-138499890,S3-728265459,S3-571328959,S3-347959829,S2-554530585,S3-453407528,S3-610459062,S2-313734412,S3-273724445,S3-634479309,S2-543641372,S3-723979388,S3-213575271,S2-907464730,S2-434811795,S3-26454980,S3-649047026
S1-467677305	S2-57670799,S2-50206253,S2-411728466,S2-821709065,S2-77683751,S2-905779666,S2-355429731,S2-321545729,S2-487751586,S2-561713084,S2-515424243,S2-640536149,S2-914359214,S3-480672951,S2-881534165,S3-860102132,S2-68485059,S3-299807312,S3-797127507,S2-102920919,S3-628591909,S3-302875501,S3-580911056,S3-717131069,S3-641810351,S3-522608012,S3-71249166,S2-705313718,S2-324950564,S2-948260761,S2-676052047,S2-998074613,S3-644792842,S3-896825771,S3-449037199,S2-881269559,S2-27234322,S2-40088649,S3-562227824,S3-967373591,S2-623555399,S2-537235506,S2-997105978,S2-672540167,S2-562900792,S3-790477694,S2-480512951,S2-859861335,S2-573377372,S2-597432116,S2-634722321,S2-420173703,S2-434441724,S2-663113619,S2-602981565,S3-647272761,S2-44811910,S3-673624702,S2-594823502,S2-245631944,S3-372237096,S2-905657748,S2-134318460,S3-995624735,S2-812284224,S2-386223826,S3-333724846,S2-745869274,S2-682186697,S2-887669277,S2-311880476,S2-548852547,S2-826472360,S2-337396916,S3-493679134,S2-569520423,S2-294908026,S2-948275174,S2-526128361,S2-613177580,S2-186422030,S3-7585309,S2-320901520,S2-480030594,S2-550297139,S2-175952722,S2-872568120,S2-367152842,S2-342502631,S2-477907427,S2-840054481,S2-569699118,S2-795562415,S2-518282098,S3-891225463,S2-417233068,S2-608852130,S2-922915489,S2-976974071,S3-745768820
S1-120701758	S3-99230729,S3-966329097,S2-924903309,S3-212801790,S2-963091652,S2-308573550,S2-723310599,S3-170762124,S2-818134451,S2-963529067,S3-685157469,S3-420201054,S3-338245693,S3-197534967,S3-408221033,S2-193706056,S2-385879436,S2-928503992,S3-790596867,S3-329641791,S2-503586088,S3-995626220,S3-372734000,S3-279777713,S3-771167829,S3-834646983,S3-614876099,S3-518719718,S3-813204502,S3-372120173,S2-460058495,S2-696667317,S2-39661782,S2-851437708,S2-982922224,S3-701634657,S3-580038961,S3-510399333,S3-963187490,S3-951427607,S3-171509366,S2-464580656,S2-851983139,S3-111878667,S2-345421426,S2-771561632,S3-624452898,S3-654920143,S2-502817862,S2-29247073,S3-518918119,S2-334021155,S2-149065158,S3-185694550,S2-870079285,S2-11302811,S3-486810639,S2-121076337,S2-828373230,S3-849766304,S2-545481675,S3-332687992,S3-220553033,S2-593202488,S2-899549601,S3-909671327,S3-750239929,S3-865139577,S2-171690414,S2-401356317,S3-371598056,S2-542473687,S2-289460549,S2-870382994,S2-759289732,S2-903467554,S2-202432434,S2-403862237,S2-703611238,S3-534408983,S2-997295737,S2-103119431,S3-964719640,S2-581810323,S2-890839790,S3-225695244,S3-816010087,S2-273154571,S2-345359963,S3-221909478,S2-835572100,S2-559172250,S3-652473140,S3-937391146,S2-332795681,S2-700897884,S3-275937891,S3-910453499,S2-124588767,S2-188518280
S1-909523057	S2-518696730,S2-155778090,S3-843507495,S2-585684119,S2-698513569,S2-694608733,S3-149132178,S2-419841462,S2-300702752,S3-280548133,S3-393520043,S2-389776278,S3-357095583,S3-861536516,S2-895936909,S2-907440340,S2-288717007,S2-895633789,S2-489580065,S2-918045220,S2-598503154,S2-229677112,S2-803493975,S2-552918775,S3-672722716,S2-77697348,S3-761072100,S3-298916756,S2-713199689,S2-196742032,S3-988360083,S2-581674150,S2-272369034,S2-628441565,S2-853199253,S2-946930363,S2-795336133,S2-705546562,S2-412761739,S3-170770440,S2-325130736,S2-924079763,S3-928744939,S3-772857571,S2-981085688,S2-176862744,S2-97679707,S2-159924041,S2-182606146,S3-576165957,S2-504837702,S2-862534095,S3-876105309,S2-716310788,S3-562086194,S2-840785476,S2-75545685,S3-96727448,S2-75691969,S2-13162999,S3-97843200,S3-919135884,S3-118101571,S2-543913966,S2-779880934,S3-840143976,S2-607025492,S2-319254312,S2-302387508,S3-323697085,S3-871027634,S2-747372828,S2-233765581,S2-848569187,S3-646509080,S2-368196542,S2-847543485,S2-129168863,S3-95675370,S2-34937912,S2-255712425,S2-822358851,S3-314310365,S3-136189265,S2-969430542,S2-154282934,S3-426876613,S3-147712747,S3-410248452,S2-901132045,S2-688632037,S3-4555421,S3-58230023,S2-105494692,S2-48420961,S2-802180164,S3-477378647,S3-46074348,S2-964850569,S2-856273709
S1-490288778	S3-183685068,S2-302508647,S3-490266421,S3-890283385,S3-222886801,S2-48548652,S2-608284274,S2-694213692,S2-510827634,S3-710251611,S2-762451905,S3-48814330,S2-210644237,S2-440911941,S3-691364558,S2-258324315,S2-794545215,S2-539744591,S3-36837901,S2-496058700,S2-32539328,S2-923939961,S2-488443575,S2-761588671,S3-493154123,S2-277637797,S3-992354014,S2-496243284,S2-438542933,S3-198682606,S2-151178481,S2-534168659,S2-61776812,S2-249709090,S3-27028238,S2-346690327,S3-271874815,S3-742583872,S3-11277513,S3-357975375,S2-342081407,S2-504659336,S2-541122289,S2-151059458,S2-277929310,S2-852788473,S3-923265957,S2-967143453,S2-294511912,S2-351591367,S2-789666268,S2-288961587,S3-624172681,S2-886919019,S2-963129977,S2-362158006,S3-585061389,S2-991784675,S2-387808029,S2-804210371,S3-578687297,S3-82982377,S2-302705090,S2-367690357,S2-395726141,S2-90165000,S2-271834829,S2-297499745,S3-355591285,S2-459556414,S3-60946624,S2-960142982,S2-626594526,S2-415203469,S2-780647023,S2-149231839,S3-503893917,S2-774538303,S2-958627687,S2-860067905,S2-224711700,S2-636748450,S2-403984177,S3-140678883,S2-613863865,S2-267059671,S2-432076296,S2-204158616,S2-700183759,S2-545940113,S2-782475313,S2-611065,S2-953035528,S2-85011729,S2-92963736,S2-379374561,S3-214025485,S2-887709380,S2-583815274,S3-485421092
S1-130862840	S2-670296130,S2-163492516,S3-687004547,S3-110834171,S2-622312738,S2-393549508,S3-834665373,S3-93037712,S2-978470880,S2-473322013,S2-833918862,S2-785264539,S3-28080375,S2-803415490,S2-547030962,S3-454564533,S2-561637101,S3-698697029,S2-92010348,S3-301284464,S2-615510853,S3-477614292,S2-287014283,S3-558326046,S3-82703113,S3-305244783,S2-742486399,S3-573743826,S3-273193141,S3-378392522,S2-919157320,S3-878905621,S2-457492856,S3-567924707,S3-148567054,S3-811965787,S2-635752427,S2-676379301,S2-546082281,S2-605647275,S3-34611981,S3-970876505,S3-424360939,S3-599233926,S2-310863521,S2-790787080,S2-608577009,S2-439757303,S2-562877945,S3-742742355,S2-772796642,S2-609392208,S3-574455341,S3-833515869,S2-448228635,S2-341302446,S2-278793926,S2-795708608,S2-744926701,S2-974234165,S2-789927433,S2-212389442,S2-883194281,S2-616747891,S3-60865084,S3-683170144,S2-566506386,S3-198131838,S2-381962914,S3-927208022,S2-536943383,S2-714900499,S2-400244741,S2-316415251,S3-815033186,S2-140019317,S3-21173980,S2-739343581,S2-4092142,S3-758830088,S3-771509668,S2-23904263,S3-758303690,S2-743517575,S2-748491719,S2-111774987,S2-552370153,S2-434635246,S3-627697537,S2-810801757,S2-643759583,S3-29384711,S2-237313219,S2-176853775,S2-138294553,S3-101351425,S3-699618903,S2-346837602,S3-9943611,S3-88128625
S1-824146900	S3-608980769,S2-385274641,S3-847785901,S2-445892346,S2-682635484,S2-76007105,S3-499697195,S3-184114877,S2-782844711,S2-12229458,S3-535560167,S2-686009236,S3-213808614,S2-407915779,S3-6712093,S2-620842403,S3-979170038,S2-586461756,S3-590412575,S2-784043242,S3-745337570,S3-476770710,S3-294070664,S3-258268632,S2-901841153,S2-263509966,S2-128088904,S3-30124299,S2-87482854,S2-857435261,S3-67127382,S2-425831401,S3-481148292,S3-531670929,S3-886327995,S2-406166807,S3-482442655,S2-647756988,S2-559190926,S3-128214272,S3-77345480,S3-480512261,S3-399536347,S3-461171944,S3-97637975,S3-280718050,S2-6067355,S2-306526707,S2-415377615,S2-762116728,S2-582556553,S2-851874517,S3-828397975,S3-6191605,S3-7732759,S3-741872031,S2-241084394,S3-248965647,S2-89305401,S2-668446059,S3-165532841,S2-707271575,S3-468714540,S2-924589878,S3-184334123,S2-50160112,S2-858172079,S3-341365217,S2-628886853,S3-790018075,S2-926565990,S3-54280189,S2-729658671,S2-742844128,S2-242167896,S3-244396599,S3-728342945,S2-692418518,S2-598705359,S3-815166153,S3-656610138,S2-638544673,S3-543719835,S2-789413925,S2-200887310,S2-817362220,S3-731411342,S2-644075912,S2-74060710,S2-95207006,S2-749879106,S3-407040951,S2-349682168,S2-734949106,S2-39319315,S2-133804675,S2-752568427,S2-462716891,S3-495647548,S2-618209781
S1-868091748	S2-196510602,S3-525482013,S2-439899312,S2-908799797,S3-354158454,S2-929704568,S2-171802488,S2-388205711,S2-353626787,S2-150699556,S2-551745631,S3-588336696,S2-242310070,S2-955682095,S2-958121464,S2-117242541,S2-297404285,S3-675170969,S2-464560007,S2-158656025,S2-431720149,S2-292999576,S2-116510082,S2-802577764,S2-698316766,S2-148312292,S2-356404162,S2-805732285,S2-91161279,S2-39955144,S2-718264021,S2-959989523,S2-879609842,S2-498615610,S2-379421954,S2-917218409,S2-24805283,S2-646678847,S2-504661469,S2-6161880,S2-114158423,S2-235711640,S2-810865710,S2-282072053,S2-943006977,S2-804683222,S2-858036578,S2-828452425,S2-347130401,S2-246581317,S2-626653678,S2-726705329,S2-35517025,S2-39450072,S2-866429817,S3-85635547,S2-7646822,S2-231773002,S3-325693139,S2-807903424,S3-78544202,S2-677321462,S2-556669513,S2-983541441,S2-54432976,S2-122511907,S2-846776747,S2-36673953,S2-736007370,S2-303527567,S2-469636996,S2-508916157,S2-127563472,S2-68814580,S2-992023783,S2-231305336,S2-986422400,S3-808736687,S2-152095335,S2-30457494,S3-229301614,S2-333037721,S2-676710578,S3-324359788,S2-733468652,S2-589133308,S3-753614552,S2-937067900,S2-413996271,S2-925673877,S2-541137683,S2-993838515,S2-703670622,S2-395482836,S2-539463129,S2-317556169,S2-449013993,S2-627481431,S2-8075031,S2-141518772
S1-663483	S3-967098215,S3-471928128,S3-468585918,S2-682975454,S3-452720119,S3-192500807,S3-646779574,S3-878491136,S2-931385246,S2-917064197,S2-433658699,S2-989669899,S3-270002713,S3-943844264,S2-637767218,S2-397124846,S2-915086970,S2-839938245,S2-468161047,S2-538194275,S2-109106106,S2-932092761,S2-761448821,S2-560792949,S2-190454671,S2-45561759,S2-629683985,S2-487442962,S2-46799322,S2-450397048,S2-960664009,S2-315617286,S2-120821907,S2-931403538,S2-971602014,S2-9998480,S2-320463874,S2-666392841,S2-979573383,S2-826845923,S2-86104153,S3-804053150,S2-357976919,S2-110574011,S2-35454199,S2-507610919,S2-610215332,S2-131622792,S2-718793353,S2-165588412,S3-602618336,S3-16995209,S2-742688030,S2-51165204,S3-844861060,S2-476137998,S2-50263261,S3-152135528,S3-823284189,S2-304377028,S3-521352955,S3-616208280,S2-701642821,S2-723844818,S3-272643308,S3-142046646,S2-174115610,S3-139009380,S3-613451041,S3-531923953,S2-584771887,S2-771332304,S2-249425838,S3-657933241,S3-272198613,S2-847415343,S2-677660026,S3-600413179,S2-592548293,S2-838825382,S3-636046999,S2-452230482,S2-349938451,S2-365802995,S2-64941569,S2-157215900,S3-730793993,S3-550837596,S2-384259873,S2-841420912,S2-6520980,S3-540778513,S3-641599685,S2-429476218,S2-531059565,S2-891736492,S2-365075565,S2-267918266,S2-151877801,S2-450108900
S1-620210081	S3-149081149,S2-244358077,S3-292120934,S2-824847434,S2-884129630,S3-741525317,S2-800410677,S3-220225810,S3-123070661,S3-243978565,S2-553816897,S2-758169582,S2-252885825,S2-736973841,S2-346094484,S2-48566949,S2-688941682,S2-851621401,S2-514296867,S2-91079218,S2-415434192,S2-283622124,S2-942627141,S2-319319737,S2-72316435,S2-683263903,S2-891286635,S2-358130282,S2-164879490,S2-172652013,S2-881278398,S2-816461188,S2-123454666,S2-260904969,S2-691878874,S3-259968104,S2-144061750,S2-314730207,S2-659849291,S2-35725852,S3-674154371,S2-79067661,S2-594438401,S2-750163360,S3-479459530,S3-266817626,S2-114115517,S2-486096643,S2-92047071,S3-789176482,S3-358382835,S2-950082694,S2-475738873,S2-623928028,S3-645553486,S2-79942775,S2-801132514,S2-575543986,S3-563360402,S2-109686091,S3-452187231,S3-786724091,S2-983784033,S2-849442652,S3-898707087,S2-954599699,S3-464664474,S2-317917991,S2-86073148,S2-105402986,S2-449724439,S3-188837035,S2-450448899,S2-174844831,S2-714616499,S2-83322811,S3-743407151,S2-878024113,S2-121424349,S2-791339287,S2-389980942,S3-100202459,S2-569785615,S2-351768342,S2-13534047,S2-548339141,S3-627094589,S2-251497962,S2-155313115,S2-508046057,S2-500500070,S2-125525263,S2-577198733,S2-91984228,S2-152518835,S3-291684469,S2-672573268,S2-46326583,S2-806055661,S2-539992971
S1-422976173	S2-654211348,S2-42556787,S3-158320070,S2-223713096,S2-37547213,S2-660855772,S2-241976627,S2-505599562,S3-377261779,S2-893906682,S2-112717723,S2-619276369,S2-382615114,S2-628060511,S2-367010791,S2-757475649,S2-818658073,S2-408355824,S2-206055364,S2-420462920,S2-250523218,S2-696720973,S2-189138323,S2-842272798,S2-779040268,S2-941805320,S2-760939636,S2-232104790,S2-578867106,S2-567610404,S2-438904170,S2-275729210,S2-353329284,S3-826388620,S3-438682356,S2-644292264,S2-332205976,S3-497418931,S3-666860356,S3-108850788,S2-673065496,S2-649991432,S3-938857393,S2-397636524,S2-298406452,S3-638222373,S3-50210980,S2-282745848,S2-585095674,S2-120320405,S2-853325726,S2-452534058,S3-754502056,S2-118452422,S3-951138688,S2-707033137,S2-188410272,S2-625468028,S2-531514004,S2-278105584,S2-603088508,S2-369502461,S3-140763061,S2-241932202,S2-687075586,S2-482822905,S2-521983978,S2-963248951,S3-759865652,S2-915935189,S2-281435100,S2-635448416,S2-510429625,S3-519562388,S2-909525998,S2-200515809,S2-75168987,S3-74078973,S2-530027044,S2-178069697,S2-746483049,S3-929446636,S2-49311187,S2-861230563,S2-512380749,S3-445083726,S2-150079571,S2-947400998,S2-74343561,S2-714757963,S3-304427507,S2-606100572,S2-693475043,S2-883936560,S3-22823320,S3-432289374,S2-319035693,S2-72269222,S2-862992059,S3-100013035
S1-428513286	S2-297228626,S2-657756848,S3-665101439,S2-251653567,S2-555950485,S2-440847338,S3-198400729,S3-499759574,S2-327482146,S3-310336033,S2-653290597,S2-947622852,S2-932927760,S2-834173953,S3-926019725,S2-274827989,S2-475065376,S2-407204364,S2-91100310,S2-410411373,S2-167404095,S2-274272202,S2-144753299,S3-740954618,S2-595010045,S2-243650020,S2-231093985,S2-386432497,S2-310463701,S2-407630407,S2-242643046,S2-936082893,S2-535368070,S2-192624964,S3-486108556,S2-95604680,S3-876626782,S2-378018206,S2-809895019,S3-349755008,S3-363348827,S2-71894171,S2-627816774,S3-678192277,S3-418178590,S2-891051808,S2-700336482,S2-21604707,S2-479892831,S3-182460666,S2-145759345,S2-271811509,S2-602213943,S3-244229554,S2-491826760,S2-625165363,S2-784489198,S2-611104291,S3-43081969,S2-510964533,S2-950249572,S3-553140198,S2-800335384,S2-730229891,S2-471133164,S2-271878587,S3-458888938,S2-262934077,S2-962590056,S2-785148214,S3-284015055,S3-81791816,S2-333185661,S2-523327577,S2-224364394,S3-158696848,S3-242170362,S2-561602383,S2-222949435,S2-776938453,S3-419762901,S2-636218320,S2-761069978,S2-409586994,S3-1859817,S2-544846971,S2-157577276,S2-49043251,S2-917944619,S2-23188564,S2-473697759,S2-549780074,S2-746701549,S3-348584837,S2-894094723,S2-261555311,S2-648663006,S2-517695763,S2-987409811,S2-892154313
S1-510826471	S3-50538531,S3-584712334,S3-870966277,S2-340742655,S2-891875909,S2-471936712,S2-928810225,S3-349623004,S2-210699471,S2-4535908,S2-812493924,S2-746792126,S2-609048264,S2-819202370,S2-302061303,S2-267498455,S2-264748018,S2-952126562,S2-304978248,S2-835296274,S2-990500295,S2-645886241,S3-980053055,S2-208764086,S3-300398726,S2-27251250,S2-742429724,S2-391162796,S3-180586182,S2-148324867,S3-833859630,S2-221993875,S3-948149132,S2-311295166,S2-220968453,S3-769294236,S2-506480195,S2-918397592,S2-97695167,S3-841459778,S2-127354145,S2-427302601,S2-294334390,S3-622230134,S3-856236702,S2-562532956,S2-969266672,S2-847804600,S3-762166076,S2-695795011,S2-295148235,S3-2239448,S3-760432697,S3-431656577,S2-169262029,S2-449648193,S2-938927325,S2-179368081,S2-162058679,S2-572906818,S3-191102351,S3-542726338,S2-676572134,S2-125797855,S2-936726930,S3-579941715,S2-705156207,S2-902470148,S2-128078559,S3-950638626,S2-479067212,S2-677697419,S2-705201453,S3-167461162,S2-116619098,S2-315341297,S3-463951210,S3-258628006,S2-404139983,S2-154463710,S3-627049613,S3-119955401,S3-475905574,S2-918146286,S2-7109236,S2-573039298,S3-474479080,S2-730316392,S2-809246726,S3-237567508,S3-297351397,S3-172309478,S2-16339508,S3-185763795,S3-99379078,S3-586938621,S2-849224506,S2-545876612,S3-250717324,S3-475435695
S1-901641500	S2-651196868,S2-899263737,S3-810011649,S2-410748758,S3-12566550,S3-157443990,S2-564937885,S2-921963578,S2-49236346,S2-604718958,S3-346742238,S2-965087272,S2-719866794,S3-900849370,S3-235214823,S2-724498287,S2-633070322,S2-766795255,S3-656894342,S3-908438214,S3-550681143,S3-7662910,S3-571654592,S2-568204658,S3-140722452,S2-32360662,S3-104170447,S2-161587930,S3-400685443,S3-928545436,S3-169935843,S2-330552155,S3-283793481,S2-113530941,S2-184046082,S3-399970665,S3-697491078,S2-602372335,S2-178204744,S2-800191320,S2-200468562,S2-917871800,S2-900421911,S2-724956648,S3-795704152,S3-985152529,S3-185990813,S2-101796417,S3-799286892,S3-689905620,S2-342655156,S2-324435790,S2-331947866,S2-668646500,S2-740848910,S2-398187178,S2-377560561,S2-383105730,S2-27046600,S2-754187550,S2-101125557,S2-851790016,S3-446452622,S2-736152028,S2-226423230,S2-613240765,S2-65567766,S2-338607941,S2-604140112,S2-724516860,S3-296758728,S2-580839973,S3-553752584,S2-637396387,S2-148206891,S2-634062175,S2-558287514,S3-263445334,S2-80453845,S2-606038366,S3-636255863,S2-204577767,S3-503556507,S3-592051511,S2-50810479,S3-610271204,S3-700037412,S2-762061524,S3-845588537,S3-432159921,S3-679591702,S2-827156498,S2-661416870,S2-578634181,S3-121739642,S2-724944911,S2-573191993,S2-848584643,S3-263053023,S2-386973957
S1-177655758	S2-907278989,S3-711984501,S2-61126845,S2-727199708,S2-383579832,S2-940550459,S3-599932514,S3-35292759,S3-977631603,S2-15186121,S2-990476763,S3-886148715,S2-459235058,S3-81924517,S2-269690866,S2-363580820,S2-332239142,S2-943641357,S2-378448689,S2-871071859,S2-306547398,S2-328194959,S2-994355229,S3-655463833,S2-878964413,S3-512869626,S2-882062316,S3-820806660,S2-930254848,S2-167829816,S2-57435631,S3-201723477,S2-770912676,S2-146890419,S2-238896082,S3-853659663,S2-352084832,S2-340291750,S3-454425347,S2-797702198,S2-377622625,S2-766409543,S2-428317486,S2-264904508,S2-265647518,S2-689446646,S3-461904035,S2-769404019,S2-702543185,S2-833626929,S2-756243985,S3-86720640,S2-235083101,S2-695595129,S2-845396546,S2-861923924,S2-287612917,S2-408569217,S2-428075721,S2-587777492,S2-166028955,S3-680842958,S3-542159901,S2-29046616,S3-804033659,S3-404091321,S3-376730360,S2-157628639,S2-640753252,S2-929685826,S3-131010637,S2-158682871,S2-384838837,S2-622701948,S2-292170945,S3-64922739,S2-165867010,S2-847755546,S3-531145403,S3-590028121,S2-259131808,S2-178622848,S2-686176711,S3-730784201,S2-262614329,S2-235849280,S2-390257236,S3-125409667,S3-776008109,S2-991066051,S2-622782499,S2-806091873,S2-642775440,S3-111473169,S2-628592499,S2-658427471,S2-7918820,S3-833938599,S2-788027760,S2-953837415
S1-894612952	S2-553219135,S2-406289772,S2-126929701,S2-643171971,S3-688354492,S3-121364388,S3-738208472,S2-682305910,S3-345652355,S2-378066191,S2-810126634,S2-232908037,S2-163473982,S2-643647685,S2-111152821,S3-455921301,S3-761447479,S2-216316340,S2-480565773,S2-211838534,S3-985314303,S3-74825997,S2-142338793,S2-805558261,S3-936705256,S3-397348180,S3-321726762,S2-639170764,S2-374090012,S2-298986958,S3-372016100,S3-668103318,S2-120724239,S2-258083159,S2-719497099,S2-479402514,S3-265655426,S2-757365265,S2-572192396,S2-741816061,S3-660171722,S3-161346012,S2-709012801,S2-473967219,S2-85577628,S3-32069766,S3-938066732,S2-791402084,S2-579176605,S2-426974849,S3-912452419,S2-469325738,S2-239443935,S2-606444544,S2-866528226,S2-283491895,S2-326108619,S2-147856104,S2-99337827,S2-423609007,S3-807488111,S2-54351929,S2-68561961,S2-809821076,S2-390844807,S3-460316776,S2-773415118,S2-927444550,S3-795483817,S2-310825498,S2-715606743,S2-374253400,S3-540073854,S2-772129575,S2-815467766,S3-648393181,S3-882872424,S3-551563815,S2-945667697,S2-480259437,S3-593863235,S3-580811923,S3-731548170,S2-77697348,S2-67209530,S2-552951036,S3-163180212,S3-770866577,S2-541337718,S2-120011960,S3-998745375,S3-187455912,S2-938060676,S2-780555658,S3-854861625,S3-574989969,S3-523596319,S2-205265078,S2-676844297,S3-430267256
S1-772671622	S2-716962404,S2-296809947,S2-955595557,S3-51072891,S3-308360677,S2-173604425,S3-553215752,S3-227342226,S2-353688200,S3-305354679,S3-880020245,S3-437305960,S2-932873061,S2-724110847,S2-238898591,S2-746221187,S2-662036079,S2-762100113,S3-699731686,S2-408932415,S2-797409544,S2-195431911,S2-443107857,S3-945638041,S2-523189376,S2-208398005,S2-332944015,S2-165185697,S3-565018691,S2-46810433,S2-418262521,S2-145506091,S2-758243531,S3-506214683,S2-193204708,S2-984440090,S2-957987789,S3-13167065,S3-777997576,S2-364104559,S2-648562475,S2-82571159,S2-938274045,S3-843153934,S2-582537543,S2-223538155,S2-552696521,S3-194467005,S3-526289331,S2-797734182,S2-858504888,S2-502533215,S2-904893417,S3-708289082,S2-624429937,S2-433226334,S2-121948929,S2-998462220,S2-928098188,S2-749794857,S2-747187818,S2-49318153,S3-843072852,S3-916080269,S2-64780902,S2-780215817,S2-45342825,S2-878541433,S2-441445479,S2-927658042,S2-129257295,S3-424451460,S2-214721534,S2-516759852,S2-574742674,S2-827110097,S3-390726810,S2-590159758,S2-196530124,S2-576107819,S2-655758671,S3-354839031,S2-517278277,S2-441010830,S2-945354655,S2-869158414,S3-215103514,S2-463607958,S2-86294622,S2-956334774,S2-165600018,S2-859891432,S2-726332159,S2-741047175,S3-573409650,S3-51103237,S2-463642124,S2-508761760,S2-734316429,S2-646915062
S1-830999582	S2-960413676,S2-737597399,S2-643503210,S3-295387913,S2-736572023,S2-330128484,S3-152266998,S2-423011843,S2-411591067,S2-635038199,S2-402346107,S2-160059935,S3-187097507,S2-767957446,S2-458881142,S2-764408447,S2-253152298,S3-850951607,S2-270140580,S3-428678468,S3-746204698,S3-847191416,S3-431769370,S3-212524500,S3-52526147,S2-763799080,S2-900878197,S2-187243224,S2-31303758,S2-532409834,S2-9842057,S2-147087223,S2-107456658,S2-784442772,S2-117337220,S2-932397236,S2-343516889,S2-962938585,S2-644546130,S2-366055715,S2-237103679,S2-653784626,S2-749900465,S3-248050659,S2-488255481,S2-189637443,S3-335701476,S2-999188884,S2-81336048,S2-488827057,S2-792659707,S2-587199049,S3-766067548,S2-379787437,S2-435069679,S2-337938735,S2-973808657,S2-216455446,S3-9526674,S2-424163184,S2-53736488,S2-513019156,S2-107030816,S2-572356359,S2-754795576,S2-954185765,S2-5196844,S2-168140255,S3-990264778,S3-104864858,S2-24465634,S2-861759935,S2-876931435,S3-470696540,S2-328964369,S2-775424915,S2-286391645,S3-778729178,S3-885613001,S2-320432066,S2-423192794,S2-280411920,S3-907192483,S2-639374883,S2-249846363,S2-798371606,S2-639021065,S2-615850788,S2-843029441,S2-355868880,S2-393532166,S2-128872228,S2-762601302,S2-919730989,S2-84399540,S2-592574397,S2-618731700,S2-932115886,S3-127384141,S2-426994679
S1-140372700	S2-827013646,S2-89768687,S2-585334458,S2-883313425,S2-451324054,S3-929408377,S2-928089098,S3-866480265,S3-770799998,S2-697674787,S3-404083036,S2-119469041,S3-611922370,S2-328235111,S3-747390752,S3-282761928,S3-600579493,S2-841147289,S2-910814203,S3-114595788,S2-725807325,S2-186188842,S2-306680201,S3-791071618,S3-835654232,S3-404274968,S3-63753468,S2-211517403,S3-278919610,S3-785597987,S3-554737887,S3-374227162,S3-804238168,S3-874094079,S2-552807827,S3-647485878,S3-953760719,S3-916934318,S2-754259806,S3-109322008,S2-587539384,S2-582660939,S2-219273520,S3-739742969,S2-376473619,S2-650602061,S2-756016729,S2-518059309,S3-542991448,S3-33705833,S3-13361469,S3-70698566,S2-956479781,S2-562558756,S2-629357905,S2-402209410,S3-364997283,S2-970977449,S2-936664491,S2-319464058,S3-669127418,S2-757303339,S2-695332263,S2-643127690,S2-94658406,S2-888819952,S2-159676082,S2-47440433,S2-428335955,S3-790485370,S2-341597109,S2-767851413,S3-54345224,S2-645723686,S3-178186424,S2-594680491,S2-378123896,S2-940889768,S2-906963150,S2-243801588,S2-949741534,S2-253811462,S3-351729313,S2-713199689,S2-465840031,S2-81219499,S2-709745469,S2-465231508,S2-243041226,S2-473109182,S3-96039374,S2-538559976,S2-413875657,S3-820003423,S2-150133492,S2-809807746,S3-573789250,S2-591806145,S2-916785428,S2-437406224
S1-353357120	S3-253906129,S3-941344758,S3-960794437,S3-640293039,S2-340753731,S2-207758363,S3-707583446,S2-34775438,S2-882932441,S3-705527012,S3-423056719,S2-492429972,S3-124701343,S2-439358378,S3-617154557,S2-206261071,S2-228614906,S2-190243055,S2-963696666,S3-656410883,S2-824721366,S3-451917085,S2-891807301,S2-57283187,S2-543168326,S2-86801914,S2-705834177,S2-631203816,S2-615451059,S2-20241765,S2-2596453,S2-325502318,S3-63484496,S3-545581112,S3-603196776,S3-73033598,S3-192488723,S3-962906312,S2-483401564,S2-630617481,S2-572717423,S2-798948124,S2-727822263,S2-14409622,S2-524568907,S2-198551773,S2-90270560,S3-516479471,S3-229444864,S2-156134772,S3-379084457,S2-298318482,S2-928682113,S2-70028756,S2-196413102,S2-389070896,S3-56377265,S2-86430320,S2-673744685,S3-15571481,S2-711758292,S2-196162243,S3-65983939,S3-954796696,S2-713085933,S2-621288523,S2-176929818,S3-113764526,S3-224991184,S2-157643344,S2-502125700,S2-88748658,S2-883722122,S3-508331133,S2-54276750,S2-241777756,S3-12579892,S3-143165984,S2-798542028,S2-755385464,S2-552722235,S3-647310588,S3-802466099,S2-814581160,S2-957010912,S2-698573773,S3-621751441,S3-822170856,S2-898921656,S2-967735440,S2-876335208,S3-713687848,S2-114527591,S2-541628865,S2-515085100,S3-440402142,S2-28951947,S2-720435697,S2-340628687,S3-271608303
S1-651956190	S2-161879448,S3-683708284,S2-658517813,S3-339563425,S2-273520189,S3-402838157,S2-557236296,S2-590262828,S3-987853737,S2-810492835,S3-354730376,S2-277125767,S3-870831398,S2-934115617,S2-858614581,S2-627618544,S2-692905183,S2-53352426,S3-699352511,S2-985527667,S2-565946629,S2-990997276,S2-592783133,S2-890146751,S2-921690905,S2-414404134,S2-1962088,S2-216853582,S2-577163190,S2-754143156,S2-84094874,S2-945379679,S3-273223969,S2-678139766,S2-888202700,S3-654923222,S2-257293797,S3-380497176,S3-931446012,S2-661898586,S2-115780684,S3-131303932,S2-174891057,S2-290388575,S2-13294327,S2-397000432,S2-321004336,S2-439479558,S2-314357153,S2-179248513,S3-289576999,S3-991339529,S2-364372941,S2-748696933,S2-48462621,S2-439321037,S3-423679628,S2-232851766,S2-810871888,S3-728838616,S2-172299971,S2-603533649,S2-521999509,S2-174067945,S2-761568876,S3-467408442,S2-516250376,S2-287069182,S3-509086258,S2-568996138,S2-483886496,S3-959308712,S2-645093442,S2-717980245,S3-374784634,S3-421395296,S2-793068650,S2-981637442,S2-353907225,S2-885440552,S2-594583381,S3-89845232,S3-423272740,S2-604279830,S2-473125519,S2-289344642,S3-999178264,S2-839979405,S2-530851436,S2-83839866,S3-566028981,S2-984810327,S2-581401063,S3-93261844,S3-716973632,S2-585315473,S3-864858283,S3-388928453,S3-44057898,S2-472510729
S1-629120593	S2-122196610,S2-763348525,S2-949044892,S3-581189663,S2-32615169,S2-448242744,S2-357545523,S2-373749822,S2-100435085,S2-850769485,S2-678338309,S2-941468501,S2-568886463,S2-969258462,S2-259914029,S2-785629152,S2-666291860,S3-609170099,S3-642223198,S3-233158816,S3-288686843,S3-145309489,S3-68905660,S3-270275228,S3-928180212,S3-95775372,S3-14674093,S2-271003089,S2-770659969,S2-809178561,S2-943122400,S3-218811888,S3-389744279,S3-71882096,S3-882717142,S2-275240629,S2-626304435,S2-618872431,S2-11173041,S2-35592011,S3-733701572,S2-541434748,S3-194465179,S2-870316875,S2-720321337,S3-345255285,S2-612931216,S2-70556682,S3-570408133,S2-840918275,S2-597335078,S3-954640037,S2-977987499,S3-787187677,S3-546791877,S2-418276904,S3-591626395,S3-129329096,S3-598663615,S3-76580489,S3-430078083,S3-840939596,S3-325457915,S2-55195765,S3-369996170,S3-751165751,S3-925631267,S3-800603502,S3-352933169,S3-253906882,S3-523160949,S3-895313269,S3-76586166,S3-22328425,S3-623804594,S3-832370973,S3-776294854,S2-94056355,S3-891490682,S2-867087565,S3-402082493,S2-627639992,S3-701744658,S3-588892604,S3-86597583,S3-524983865,S3-436286127,S2-949690229,S2-323362044,S2-909652432,S3-778048635,S2-375336538,S2-764905172,S2-428479986,S2-507019809,S2-987878458,S3-275890665,S2-28418800,S2-690543719,S3-991104436
S1-653029033	S3-862804004,S3-531038108,S2-335374217,S3-916634253,S2-641192736,S2-941344375,S2-18665974,S3-958223668,S2-490808371,S3-113459519,S2-268339271,S3-906230840,S2-668707716,S2-95487741,S2-514195800,S2-123224411,S2-50414339,S2-152218336,S2-988205841,S2-259035440,S2-308644145,S3-691879290,S2-916511565,S2-486573059,S3-549907423,S2-879843539,S2-893695481,S2-706814843,S2-425925574,S3-309447156,S3-727928529,S2-998563641,S2-53328373,S3-114515813,S2-64890161,S2-451254987,S2-60653425,S3-624668279,S2-150133492,S2-79174522,S2-135742338,S2-331702638,S3-712703391,S2-342660511,S2-128033700,S2-115871854,S3-591086208,S2-655664004,S2-167632636,S2-461364984,S3-9672735,S3-73347571,S2-40405539,S2-955286996,S2-434828059,S2-252264986,S3-536358180,S2-311216446,S2-995213728,S2-134558297,S2-30566695,S3-54135204,S2-584949284,S2-468871981,S2-679055729,S2-42743303,S3-856467876,S2-822032464,S2-864447748,S2-5577118,S2-289688533,S3-414247123,S2-681729487,S2-178212635,S2-644943872,S3-606609001,S2-980259702,S2-793386814,S2-561723487,S2-761578514,S3-103011786,S2-883516640,S2-886526580,S2-131828137,S2-220598028,S2-580671187,S2-94957946,S2-470701718,S2-634234408,S2-224984783,S3-849012393,S2-762849402,S2-638160393,S2-174556506,S3-197892107,S2-114118706,S2-809474750,S2-98697820,S2-171641445,S3-68555358
S1-27440772	S2-644729894,S2-572926694,S3-839750546,S3-378175729,S2-304204185,S2-247443451,S2-817453003,S2-384950786,S2-191875897,S3-938352024,S2-693656991,S2-716899566,S3-469884852,S3-311995444,S2-778844675,S2-937293546,S2-59979332,S2-394813758,S2-918135169,S2-271639146,S2-810461809,S3-92275608,S3-192963132,S2-971654293,S2-605033870,S2-398817508,S2-935611144,S2-351246649,S2-203440874,S2-861109255,S3-298146470,S2-519957110,S2-830171310,S2-411366106,S2-558214551,S2-215031257,S2-245306304,S2-983548837,S3-231765884,S2-235825997,S2-567695178,S3-583461112,S3-306810407,S2-215040277,S3-498599428,S2-712821786,S2-668221919,S3-29789700,S2-125957325,S3-85724041,S2-54608462,S3-511917483,S2-586553762,S3-732146348,S3-660553392,S2-955423418,S3-250247322,S2-172435456,S3-776323994,S3-415811401,S3-864140133,S3-811299497,S3-717220700,S3-587285147,S2-526348937,S3-373170809,S3-483603902,S2-817573485,S2-271583475,S2-274903792,S2-802107094,S2-45678503,S2-219576704,S2-999281762,S2-438782442,S2-221410876,S2-202440677,S2-305893945,S2-35701784,S2-18805438,S2-852177898,S3-448838406,S2-4333504,S3-93620324,S2-158955022,S2-991389786,S2-930852940,S2-175719843,S2-469344096,S2-832846729,S2-536627973,S2-885441678,S2-738768485,S2-692878113,S2-422128080,S2-404091251,S2-917249684,S2-811947982,S2-342411973,S2-790387584
S1-287212220	S2-477557966,S3-932492931,S3-808849680,S2-532330135,S2-755099424,S2-955528802,S2-418444671,S2-986378540,S2-315824141,S3-331928619,S3-17674361,S3-57290568,S3-32023309,S3-649390149,S2-799468595,S2-989146317,S2-815959399,S2-757667562,S3-740239330,S2-711257659,S3-976592321,S3-734581646,S3-475696389,S2-427485268,S2-501659352,S2-706413309,S2-470031613,S2-18962170,S2-820766566,S3-355291787,S3-674579182,S3-228097987,S3-932184866,S3-350510638,S3-69988772,S2-369729424,S2-636388182,S3-390879300,S2-965614954,S2-46310803,S2-188422746,S2-650181886,S2-581613463,S2-429225669,S2-776654441,S2-460822211,S2-628512569,S2-763297131,S2-771880585,S2-943442836,S2-93900462,S2-910940946,S3-779933472,S3-818292520,S2-779225293,S3-118810256,S2-537111308,S2-329526217,S3-492012744,S3-610939265,S2-655186167,S2-827440855,S3-897083287,S3-772170769,S2-93003462,S2-216916663,S3-357536606,S2-21934513,S2-393585322,S3-273398902,S2-477942683,S2-70732063,S2-58344842,S3-28017556,S2-55037824,S2-839555331,S2-458083552,S2-150070378,S2-338564381,S2-465406226,S2-394920717,S2-770049830,S2-565090828,S3-955737660,S2-60538009,S2-102062709,S2-847545476,S2-850645284,S2-837189599,S2-110930309,S3-128638544,S2-599045448,S2-818877138,S3-36489112,S3-294674322,S2-165297307,S2-402534639,S3-305007602,S2-390595150,S2-944069020
S1-141187228	S2-142958943,S3-930852611,S3-260663376,S2-990029458,S2-786635489,S2-70477687,S2-202254865,S2-882813385,S2-621408552,S2-343387021,S2-305164245,S2-724698057,S2-710530519,S2-77627814,S2-916636945,S3-569188271,S2-716283589,S3-868825066,S2-915632713,S2-65752931,S2-148435184,S3-589446746,S2-660487948,S2-347603005,S2-957791751,S2-462861970,S2-738454300,S2-796876339,S3-445676444,S3-373755002,S2-34062096,S2-833519069,S2-800042873,S2-829025958,S2-600947037,S2-8147873,S3-894249179,S2-789561395,S2-990979061,S2-472453487,S2-712232631,S2-280719770,S2-121958029,S2-311918193,S2-408929494,S2-36802205,S2-504545578,S2-759627545,S2-174349736,S3-99324746,S2-336252619,S2-564248994,S2-550082757,S3-464853173,S3-973681409,S2-51126543,S2-52956067,S2-702870646,S2-396564709,S3-299595443,S2-486013598,S2-810396252,S2-506923644,S2-895200863,S2-13207191,S2-237947719,S3-890438439,S3-864159770,S3-422858435,S2-35264515,S2-454233058,S2-303984568,S3-723859415,S2-10142829,S2-751458202,S3-534165496,S3-831166280,S2-838800375,S2-791947226,S2-306468687,S2-105050691,S3-191047624,S2-387118686,S2-103474902,S2-54945341,S3-494025123,S3-823971616,S2-707639023,S2-679834118,S2-621982573,S3-255951974,S3-385977973,S2-262600460,S2-718629358,S2-625156629,S2-973891633,S3-429617302,S2-786399936,S2-845206423,S2-272425729
S1-679423431	S2-810245947,S2-278109160,S2-240114842,S2-964984581,S2-487421580,S3-749973514,S3-405614289,S2-655319998,S2-196263950,S3-369625138,S3-550325023,S2-94933579,S3-578146084,S2-854010745,S2-349077910,S2-409763947,S2-902964115,S2-765154333,S2-446393422,S2-402158550,S2-420061310,S2-701437372,S2-532059378,S2-123631239,S2-959711580,S2-942596565,S2-883396997,S3-528014581,S3-754867512,S2-904331162,S3-116659052,S3-316572937,S2-730665666,S2-325765934,S2-404683060,S3-272894166,S2-754568173,S2-927741031,S3-564684032,S3-23422928,S3-291342621,S2-340456090,S2-686550299,S2-125932672,S2-589278045,S3-477372214,S2-252884530,S2-148638764,S3-924946259,S3-118363153,S3-801168281,S2-46985856,S2-899419538,S3-997208942,S2-699943373,S2-415934434,S2-754016889,S2-679540143,S3-252713336,S2-315517780,S2-243601655,S2-137771520,S3-702927569,S3-888385467,S2-560557976,S2-485952241,S3-168981296,S3-723835952,S2-760696710,S2-997759176,S2-201759320,S2-472185390,S3-399719230,S2-879919308,S2-289172853,S2-495884781,S2-335844424,S2-232131245,S2-745338098,S2-16419994,S2-811545419,S3-611850164,S3-267987386,S2-525946242,S2-369944296,S2-993172249,S2-402811524,S2-853705739,S2-796667776,S3-224143404,S3-924339323,S3-769957113,S2-617708128,S2-513540889,S3-530638652,S3-108720789,S2-961197137,S2-451976383,S3-450339623,S3-306807629
S1-847775954	S2-663331582,S2-472646458,S2-95727804,S3-941790076,S2-317588804,S2-773204570,S2-157849240,S2-790930976,S3-57153280,S3-797479427,S3-617022642,S3-901274473,S3-440332599,S2-160390996,S2-947486357,S2-228865755,S2-134790345,S2-55005763,S2-256455789,S3-722280719,S2-70740161,S2-247374465,S2-89871777,S2-753507653,S3-842027971,S2-600106172,S2-829309894,S2-230282671,S3-60689249,S2-531069784,S2-561695251,S3-946577572,S2-627718453,S2-820689669,S2-790735555,S3-985505064,S2-350057373,S2-850295582,S2-945780826,S3-10529860,S2-361198297,S2-980919003,S2-842102595,S3-420927145,S2-307251664,S2-76946596,S3-882947898,S3-732273857,S2-818513674,S2-573610920,S3-643859094,S3-790660499,S2-955716804,S2-10582489,S3-522961598,S3-74714375,S2-803785631,S3-122099819,S3-661043897,S3-807135150,S2-305269132,S2-236561280,S3-165794663,S3-658384330,S2-328401094,S2-313177773,S2-212675532,S3-816699441,S2-34410857,S2-632280055,S3-723061904,S3-590742860,S2-885234092,S2-232880206,S2-766634138,S3-447456885,S2-903316724,S2-664613735,S2-724868656,S3-311425293,S2-66977292,S2-247724290,S2-385535205,S3-944815658,S2-536218849,S2-990979924,S2-720207623,S3-854762510,S2-543133253,S2-619979308,S2-132446577,S3-505928687,S3-577739993,S2-825399789,S2-227738504,S2-69261495,S3-54246436,S3-908937708,S2-272480209,S2-874739030
S1-478719780	S2-701582773,S3-244484632,S2-291449494,S3-835972565,S2-870996149,S2-42484823,S3-807743005,S3-983666022,S3-597898950,S3-947569191,S3-144288165,S3-336604882,S2-388962733,S3-654563519,S2-259571427,S2-19810204,S2-359658210,S2-160029562,S3-51705612,S3-368335549,S3-683038089,S3-430128612,S2-228621046,S2-928735870,S2-486593363,S2-982117801,S2-735403811,S3-579579575,S2-919703139,S2-966717977,S2-764464367,S2-24762314,S2-93224589,S2-332023481,S2-108449488,S2-652552793,S2-339704518,S2-189767038,S2-782227759,S2-959305884,S3-337630906,S2-16581565,S3-275148084,S3-396976474,S2-872931695,S2-805665009,S3-813329311,S2-605648169,S2-57280336,S2-675858949,S2-977055845,S2-212325818,S2-603687016,S2-504583830,S3-271546163,S3-511575021,S3-606909924,S3-162754342,S2-883623853,S2-358619460,S3-378959984,S2-523393864,S3-457773112,S2-184560899,S3-479523180,S3-568190985,S2-618877866,S2-824814777,S3-681104425,S2-872430395,S2-97296399,S2-8695955,S2-463492612,S2-512553922,S2-491373722,S2-159760075,S2-669663049,S2-893718465,S2-913021227,S2-127312985,S3-133795675,S2-342537028,S2-695718883,S2-709874238,S3-410188707,S2-468356450,S2-331965522,S2-536780546,S3-111646587,S2-260221519,S2-771197526,S2-399787039,S3-523677089,S3-32616849,S2-296291686,S2-199236046,S3-840989923,S3-19466401,S2-296165786,S2-567129848
S1-260712682	S2-484168544,S2-431436404,S2-511120870,S2-997635814,S3-128393061,S3-651893129,S2-897534977,S2-970313846,S2-822767909,S2-545134193,S2-925186565,S2-861363940,S2-619298732,S2-840864379,S2-953205230,S2-290518872,S2-76485246,S3-614890504,S3-28983713,S2-455872864,S3-904149167,S3-21764308,S2-170018470,S3-185728772,S2-477629069,S3-796472050,S3-846276133,S2-60447284,S3-339295984,S3-198302156,S3-840851251,S3-415387465,S3-191875968,S3-319677009,S3-10439901,S3-700798206,S3-924926018,S2-377512327,S2-625282798,S3-421994901,S2-172058382,S2-207678034,S2-93834617,S2-72433419,S2-861250096,S2-117191419,S2-140796098,S2-895352352,S2-269595135,S2-955883357,S2-682542162,S2-341154714,S2-397681571,S2-530222001,S2-880024455,S2-132542208,S3-590843497,S2-195303790,S2-926307939,S3-423321750,S3-120675608,S2-783674674,S2-114420507,S3-945152021,S3-239549998,S2-354258257,S2-154073429,S3-492634582,S3-817463498,S2-118004035,S2-669827516,S2-266872556,S3-858236715,S2-510902407,S2-555287213,S3-51696208,S3-779475106,S2-284567598,S2-528095024,S3-782977848,S2-507473,S3-178513260,S2-798417227,S2-60747884,S2-335652147,S3-464247551,S2-870026479,S2-831780564,S3-978259757,S2-875457108,S2-12231356,S2-523777731,S2-306510246,S2-428288026,S2-28719083,S2-624201236,S2-188156300,S2-122036461,S2-405082543,S2-476385261
S1-702293456	S3-644486510,S3-750539380,S2-437022764,S2-826433458,S3-164647352,S2-473498242,S2-96068890,S3-212498507,S2-172091678,S3-140490885,S2-588586929,S2-68317558,S2-722761782,S2-818807516,S2-485307526,S2-191104527,S2-600592639,S2-351616982,S2-17110606,S2-103492088,S2-983038065,S2-468529427,S2-981274910,S3-304568390,S2-685762130,S2-397838925,S2-781503620,S2-561662026,S2-242535459,S2-174067945,S2-398989613,S2-757411637,S2-701018581,S2-201086284,S2-486128120,S2-300373646,S2-690644078,S2-506225892,S2-132350177,S2-115094119,S2-932076047,S2-976003208,S2-110344160,S2-910952976,S2-577176343,S2-779738602,S2-144360443,S2-742082721,S2-695975186,S2-694235637,S2-108409938,S3-119509236,S2-533112429,S2-807776964,S2-861101358,S3-723136540,S2-995937020,S2-122441290,S2-727554184,S2-884838056,S2-677486983,S2-722566387,S2-666639292,S2-327793579,S3-324967128,S2-164055745,S2-187012195,S2-790989872,S2-103799968,S2-214901444,S2-161590990,S2-725362061,S3-250884867,S3-182688060,S2-108174666,S2-725399086,S2-964554637,S3-413356252,S2-945866407,S2-57387661,S3-844285017,S3-981100992,S2-781951155,S2-609672153,S2-411203209,S3-170020531,S3-136374602,S2-30750695,S2-614941385,S3-158077875,S3-418694355,S2-94862985,S2-323275278,S2-859186753,S3-752859895,S2-86202359,S2-523581896,S2-342177438,S3-975211743,S3-868764112
S1-381930923	S2-790369748,S2-137262901,S3-867705699,S3-762618013,S2-428882562,S3-376438859,S3-743876793,S2-336089821,S2-436990094,S2-673298611,S2-10627083,S2-355513859,S2-234160941,S2-1660427,S3-213757596,S2-439571480,S2-567977048,S3-216405666,S2-829022893,S2-509142370,S2-175560112,S2-221381756,S2-273899578,S2-175664832,S3-918492209,S2-42903649,S2-406092509,S3-787079253,S2-762254160,S3-830478365,S3-524642559,S2-422023820,S3-2958509,S3-427026897,S2-649686968,S2-229703812,S2-616094929,S2-259281907,S2-44715861,S2-77101186,S2-765244473,S2-920479755,S3-432013760,S2-767829469,S2-487319548,S3-269543619,S3-208626463,S3-103272039,S2-399337488,S2-280478321,S2-761555564,S2-131620090,S2-535500802,S2-882705800,S2-8471357,S2-249687304,S2-666419421,S2-524313822,S2-518541046,S2-505005338,S2-712489425,S2-811364139,S3-406653224,S2-99641070,S2-316143777,S3-61790536,S3-233025588,S3-301250257,S2-648174936,S2-499034066,S2-493045130,S3-130600300,S2-132990651,S2-409449726,S2-41792268,S2-366890947,S3-524335487,S2-875976350,S2-741876094,S2-339465169,S2-799439615,S3-103208097,S2-571442938,S2-30477278,S2-521053160,S3-841308951,S3-19235470,S2-274093231,S2-214825935,S2-916403494,S2-214462485,S3-210220944,S2-660724855,S2-458966288,S2-182902004,S3-633825637,S2-17576382,S2-537642977,S2-89570226,S2-915708626
S1-606709586	S2-988617107,S3-76862934,S2-14266050,S3-310645133,S2-16215642,S2-916242280,S3-339216162,S3-302127469,S3-371672867,S3-508922021,S3-421076419,S2-163053327,S2-298139278,S3-260404591,S3-733960510,S2-805768076,S2-666159611,S3-453543945,S2-378851466,S2-80992468,S2-363307021,S2-301465148,S2-79433983,S2-73356412,S2-930824910,S3-146597519,S2-808437733,S2-588309298,S2-546014299,S2-275299832,S2-3977546,S2-332093507,S2-489034222,S2-351625181,S2-16306583,S2-412822312,S2-909611079,S3-54758638,S2-676536163,S2-979701935,S2-467463475,S2-354036782,S3-191226941,S2-503967417,S2-240818920,S2-371255579,S3-420572609,S3-932054737,S2-162171093,S2-829888855,S2-686530238,S2-619890055,S3-86942181,S2-429773107,S2-205565492,S2-998401830,S3-219728744,S2-526220280,S2-988738582,S2-587688983,S3-186273298,S2-855443063,S2-501171428,S2-138554377,S3-615968586,S3-490489513,S2-170509529,S2-559678604,S2-10633722,S3-66878466,S3-657239527,S2-700383318,S2-852044906,S2-762512847,S2-122145692,S3-14561554,S2-687606872,S2-618538004,S2-740006739,S2-908139563,S2-478817540,S2-220889030,S2-369033066,S3-714539433,S3-387633026,S2-733536308,S2-157282796,S2-170593470,S3-803139481,S2-644976356,S2-199812372,S2-252624720,S3-659998298,S2-397573166,S2-829022893,S2-159853279,S2-815800553,S3-548580801,S2-140242689,S2-175560112
S1-520525594	S2-2944407,S3-746405414,S2-812516044,S3-629896257,S3-52348676,S3-746510702,S2-527161889,S2-300783489,S2-75887001,S2-780673749,S2-133185224,S2-708101560,S2-169501438,S3-891594471,S3-462906451,S3-965022409,S2-767997013,S2-61862037,S2-364872308,S2-680159612,S2-776218226,S2-977929845,S2-795336133,S2-432782678,S2-499503216,S2-19261996,S2-963372878,S2-385248096,S2-678962677,S2-154900426,S2-981085688,S2-799427489,S2-44917640,S3-319107841,S2-355848285,S2-648728305,S2-386829819,S3-101612207,S2-883546726,S2-792102498,S2-979722343,S2-470896328,S2-741090034,S2-525159427,S2-486518177,S2-141749445,S2-524364831,S2-638870360,S2-287744713,S2-3528420,S2-469969354,S3-415124864,S3-947194680,S2-107262462,S2-571648060,S2-683057219,S2-765444941,S2-874344160,S2-949377899,S2-103501352,S2-479604585,S3-758820951,S2-438240330,S2-677129710,S2-918728320,S2-504264553,S2-612579377,S2-536101607,S2-198776454,S2-491113134,S3-673957862,S2-528350957,S2-539884692,S2-777227726,S3-867175084,S3-809982734,S2-430944197,S2-514235575,S2-901034117,S2-757951580,S2-857883928,S2-85596738,S2-936775178,S3-177595153,S3-245657929,S2-730445518,S2-115856682,S3-515901172,S3-631801592,S3-27300709,S2-529533866,S2-497109322,S3-108150472,S3-159461021,S2-910004432,S2-534647490,S2-398069812,S2-182994138,S3-166384009,S2-850886336
S1-824116252	S2-69171672,S3-765635893,S2-393211788,S3-890290824,S2-479473620,S3-918330576,S3-849394488,S2-673419052,S2-166441746,S2-544681707,S3-421845287,S2-710256558,S3-922815409,S2-40269970,S2-547207200,S3-781390248,S2-901589012,S3-960321477,S2-438327916,S2-698067348,S2-2161421,S2-595104895,S2-718682252,S2-177667335,S2-233468689,S3-816232544,S3-820888573,S3-763158937,S2-104604339,S3-638909532,S3-37023979,S3-548321479,S3-18774304,S3-277758021,S3-600550414,S3-947291505,S3-265768466,S3-46400639,S3-751715835,S3-763970637,S3-277179211,S2-743734259,S2-257745003,S2-845770851,S2-695338188,S2-319107499,S3-203832130,S2-145206227,S2-978424631,S2-492050750,S2-638420939,S2-409375905,S2-85532723,S2-634933682,S3-134777090,S2-551330491,S2-82494205,S3-453960514,S2-834043539,S2-665970589,S2-629507787,S2-872403709,S2-616832433,S2-433732626,S3-76746841,S2-646647962,S2-942576963,S3-307408457,S2-891062342,S2-477622719,S3-978155535,S2-804332549,S2-636825081,S3-839677558,S2-141251937,S2-483199937,S3-391971814,S2-589199179,S2-410068491,S3-79162186,S2-38730058,S2-848683879,S2-206455849,S3-943351220,S2-266142364,S2-673393841,S2-848959461,S2-716941668,S2-514352238,S3-783957388,S2-762145916,S2-317328080,S3-319655566,S2-303843409,S2-998144636,S2-62253423,S2-538326480,S3-593054596,S3-407531483,S2-356686450
S1-695299261	S3-527276925,S3-906363338,S3-203023698,S3-561164536,S3-786010867,S3-702504316,S2-480672688,S2-859602051,S3-125733015,S2-206759591,S2-590699591,S2-75052342,S2-639909122,S2-373442648,S2-2978793,S2-761615420,S2-946284594,S3-564240484,S2-39477659,S2-172852663,S3-598137083,S3-364874984,S3-885467032,S3-269294882,S2-103598827,S2-419047931,S2-8008853,S2-533216657,S3-231523237,S2-727741162,S3-760049952,S2-190331755,S2-127322748,S2-26272103,S2-433595817,S2-638683844,S2-488801817,S2-287130510,S2-848362120,S2-949251056,S2-579930082,S2-226966535,S2-98214451,S3-819423897,S3-360556337,S2-730675319,S2-272817770,S3-886481769,S2-290304208,S3-315873626,S2-194005292,S2-701736396,S2-404958935,S2-948916218,S2-483294031,S2-835348720,S2-709855921,S2-94679254,S2-342788889,S3-468639375,S2-801664931,S2-619192098,S2-568028008,S2-777292126,S2-278550237,S2-365542369,S3-184525231,S2-838080358,S2-953352859,S2-982666228,S2-577925539,S2-19277417,S3-862751016,S2-999111175,S2-24288877,S2-445203982,S2-88343525,S2-90025343,S2-381086673,S3-847556817,S2-968698564,S2-364494381,S3-330633389,S3-594602994,S2-462131545,S2-434244124,S2-663874273,S3-469931881,S2-459416214,S2-229341740,S3-435162502,S2-162625850,S2-418530674,S2-147658600,S3-144392590,S3-618521177,S2-621611840,S2-244949472,S3-140594916,S2-538032908
S1-3214697	S2-699113676,S3-33791942,S2-992793439,S2-578400369,S3-551120197,S2-242841749,S2-829050050,S2-106958814,S3-140774730,S2-87670029,S3-487926680,S2-432708265,S2-729510168,S2-401081830,S2-799692085,S2-292509357,S3-208818419,S2-41970626,S2-522457650,S2-35336608,S3-14748646,S2-395890791,S3-839658502,S2-658886344,S2-807205089,S2-47814642,S2-785910156,S2-733406949,S3-8279208,S2-270292720,S2-847691797,S3-927261062,S2-898195059,S3-859661981,S2-270176714,S3-546212338,S3-638485375,S2-265315476,S2-524216166,S3-905729472,S2-553248036,S2-29570539,S2-347253112,S3-446356112,S2-991724231,S2-545278669,S3-768706269,S3-790334277,S2-409213729,S2-432201675,S3-53735700,S2-328964369,S2-447735507,S2-73204195,S2-161242150,S2-19216214,S2-267391248,S2-214154481,S2-253395553,S3-401453879,S2-125865200,S2-911566265,S2-260036206,S2-833807070,S2-735735588,S2-334918499,S2-138020469,S2-265196757,S3-875133152,S2-115549703,S2-274033380,S2-435723412,S3-344035856,S3-485238013,S2-600506507,S2-29697067,S3-287079233,S3-447144994,S2-245780129,S2-336894342,S3-575571876,S3-419917650,S2-616848524,S2-98983322,S3-996838585,S3-493491034,S2-908971725,S2-682767858,S2-798366489,S3-876276791,S2-191600994,S2-77651372,S2-894672897,S2-743218232,S2-891602850,S2-595581088,S2-523170925,S2-753168747,S2-677073547,S2-586452720
S1-746520696	S3-61043771,S3-846663367,S2-41071052,S3-664840447,S3-638557942,S2-189883795,S2-384969143,S3-27595306,S2-921695469,S2-56934452,S2-240833146,S2-496985831,S2-528371982,S2-444340547,S2-994349707,S2-353668852,S2-548803908,S2-919303418,S2-597543313,S3-50780064,S2-351697549,S2-378410703,S2-364203237,S2-23830106,S2-187776304,S2-198281752,S2-61387659,S2-901759033,S2-441877549,S2-170874451,S2-498037503,S2-518572335,S2-543381570,S2-560523119,S2-674828241,S2-899570538,S3-499265543,S2-571471023,S2-670034292,S2-434311774,S3-547346889,S3-625818108,S2-263833319,S2-944859626,S3-397911005,S3-667948919,S2-275711425,S2-787680609,S2-271355555,S2-428067106,S3-222865191,S2-965697499,S2-918514825,S2-820257386,S2-487893590,S2-417407,S2-911932105,S2-533374420,S2-819664242,S2-689250527,S3-979970372,S2-529885741,S2-281863106,S2-882550749,S2-736215084,S3-688212084,S2-312641455,S2-952409320,S3-200650421,S3-584274874,S2-97405478,S2-203929820,S2-317560473,S3-995829869,S3-157940893,S2-430882115,S2-482393433,S2-89618774,S3-822169854,S2-573691800,S2-490626683,S2-442154578,S3-94204746,S3-586158937,S2-897425510,S2-723132054,S3-240805282,S3-98194436,S3-170045635,S2-949583807,S2-271988610,S2-273310498,S3-106350600,S3-526257526,S2-382574425,S2-605113905,S2-480208126,S3-168165034,S3-340860996,S2-88993729
S1-659676151	S2-689194294,S2-706014979,S3-783357138,S2-102068133,S3-217445282,S2-35666261,S2-119308159,S2-545794176,S2-20522817,S3-951660861,S2-720786522,S3-819942443,S3-232139319,S3-104754306,S2-867335521,S3-861540552,S3-151394789,S3-66981674,S3-584329941,S2-343539233,S3-838010555,S3-505327595,S3-424997770,S3-337408487,S2-121169763,S2-709024206,S2-812957334,S3-940260537,S2-722063095,S3-508790816,S3-720065489,S3-822380809,S3-908494056,S3-368360754,S3-143606860,S2-670683310,S2-62728880,S2-719307621,S3-617075229,S3-753760913,S3-816729950,S3-635963590,S3-729936461,S3-420429434,S3-849737717,S3-66240950,S2-309337624,S2-305813437,S3-126450589,S2-541522827,S2-843324152,S3-928080025,S2-185998724,S2-529961432,S3-231762378,S2-310238242,S2-574096693,S3-45180971,S2-553724823,S2-662757528,S2-60856196,S3-655452912,S2-630457531,S2-650342313,S2-507997326,S2-823964964,S2-810702189,S3-587482148,S2-822560958,S3-318733880,S3-550234420,S2-369652495,S3-337121379,S3-269339284,S2-765005237,S3-35710533,S3-696879081,S3-472123408,S2-903861485,S3-54786257,S2-507118399,S2-31305981,S2-291480238,S2-270416190,S3-66078843,S2-352957371,S3-916206934,S2-500518292,S2-251994897,S2-496179838,S2-64397254,S2-391791779,S3-743619848,S2-703809851,S3-899161127,S3-130751725,S2-870550584,S3-669213503,S3-835721972,S2-726175265
S1-470673262	S2-123824761,S2-993769394,S2-507804017,S2-864006644,S2-562584905,S3-762516062,S3-886222185,S3-48882890,S3-718780059,S3-171308302,S3-480843735,S2-731707782,S3-943815352,S2-196619453,S3-6484581,S3-197213564,S2-666955824,S3-318744641,S3-499425575,S2-28782635,S3-302691812,S2-875660096,S2-932427204,S3-581703297,S2-396942855,S3-797132636,S3-610002983,S2-126977648,S3-719886670,S2-182208033,S3-119195614,S2-748325633,S2-358691585,S2-454749185,S2-922033776,S2-790127868,S2-941023661,S3-841635344,S3-888715692,S3-103131555,S3-192530257,S3-351719341,S2-204135404,S2-574140237,S2-1658297,S2-326226742,S2-897213619,S2-226194314,S2-280166312,S2-600748769,S2-508399835,S2-740880363,S3-301369807,S2-488255481,S2-702307006,S3-339952959,S2-39031203,S3-605422511,S2-891992863,S3-369358398,S3-768061636,S2-860185286,S2-176006110,S3-803386280,S2-714959220,S2-103309564,S3-440676843,S2-958339716,S3-281286150,S3-752429993,S2-158923316,S2-938478751,S2-727630783,S2-210220472,S3-380930620,S2-787717842,S2-831282373,S2-18589899,S2-394792323,S2-211452824,S2-487389340,S3-163735202,S2-532199058,S2-646455856,S2-358571672,S2-820215311,S2-699209123,S2-687495935,S2-739363785,S2-436737065,S2-810097865,S2-3633378,S3-908586954,S3-616534786,S2-250869164,S2-799881966,S3-105850611,S2-154984428,S3-395086489,S2-956747442
S1-229263091	S3-640304994,S3-516962295,S3-840259206,S2-878785570,S3-232045819,S2-179685087,S3-269896058,S3-78153001,S3-8275558,S3-976857939,S3-656112495,S2-18882620,S2-707921125,S2-930564525,S3-422185735,S3-938391614,S3-865944157,S3-741118278,S3-252380582,S2-980129934,S3-98975374,S3-859414434,S2-120352202,S2-327310910,S2-813042747,S2-543890484,S2-18098483,S2-542015599,S2-69744927,S2-861425533,S2-746703331,S2-234502912,S2-95321172,S2-90412416,S2-284368208,S2-584000605,S3-752860128,S2-627732817,S2-19443510,S2-282438841,S3-200453850,S2-17897597,S2-845856961,S3-536966792,S2-804104346,S2-519414618,S2-584350085,S3-26965541,S2-510254219,S2-290689389,S3-547304496,S3-376739471,S2-855967005,S2-270922186,S2-943108294,S3-292998272,S2-892318937,S2-315232725,S3-472786698,S3-479132622,S2-614690147,S2-819270623,S2-532858655,S3-242834690,S2-317336235,S2-912972717,S2-454122859,S3-363586154,S3-613161530,S2-501124879,S2-849613637,S2-127530410,S2-725534768,S3-160129370,S2-31134690,S2-899263808,S2-653804524,S2-422353418,S3-319929320,S2-783697031,S2-621384467,S3-949159972,S3-345125910,S2-250639595,S2-370057701,S2-544434323,S3-889352190,S3-518197733,S2-68207577,S2-628947692,S3-802683751,S3-993409146,S2-618796686,S2-36482432,S2-882971473,S2-523043849,S3-459008283,S2-331267854,S2-409289170,S2-22710051
S1-294499813	S2-19941797,S3-706765038,S2-13005947,S3-749362712,S3-717066263,S2-519294500,S2-526743145,S2-50113737,S2-910765140,S2-339307257,S2-33532796,S2-495274314,S2-527963318,S2-472482475,S3-363716771,S2-390060513,S2-593147519,S3-395882848,S3-712708178,S3-667312352,S3-731465915,S3-802186674,S2-987736151,S3-67332888,S3-883236690,S2-494004835,S2-196599810,S2-705046796,S2-533562069,S2-275041426,S2-978344760,S2-82480553,S2-933638011,S2-960264050,S2-585232108,S2-492084953,S2-911697337,S2-277021692,S2-83307482,S3-470913418,S2-367242462,S3-746793572,S3-23467118,S2-264432779,S2-384325053,S2-642503486,S2-667853587,S2-888897100,S2-622562566,S2-618152946,S2-997609985,S2-165413538,S2-13282761,S2-962411270,S2-418598582,S2-488873540,S2-874586597,S2-346738334,S2-90014773,S3-815817858,S2-900931523,S2-6996218,S3-893372635,S3-147878653,S2-522682657,S2-625597771,S2-758981082,S3-808017892,S3-468037241,S2-622991264,S2-605827242,S3-967992544,S3-143782896,S2-255435839,S2-1865762,S2-959469213,S3-768183528,S3-231544848,S2-378335414,S2-635726547,S2-253663347,S2-630108979,S2-729860451,S2-112995075,S2-392411148,S2-42690930,S2-850887070,S2-686710432,S2-914052708,S3-743580321,S2-75776452,S2-392949123,S2-479729891,S2-276178181,S2-216219802,S2-572023361,S2-192868835,S2-503789736,S2-158934136,S3-372534818
S1-852721633	S2-428392495,S2-712134630,S3-51008783,S3-246302267,S3-854250124,S3-61971212,S3-900727158,S3-947680369,S2-733518142,S2-126027475,S3-253779030,S2-13499688,S2-707371646,S2-170589269,S3-934929237,S2-860150974,S3-646358317,S3-736439927,S3-206824874,S3-503843639,S2-22673827,S2-291132859,S2-709308219,S2-970220445,S2-755977227,S3-636248127,S3-141983018,S3-138771988,S3-472325388,S3-596264507,S2-502274479,S3-957971993,S3-974167161,S3-826209452,S2-468318121,S3-769100028,S2-872396836,S3-111076186,S2-955653843,S2-795528418,S2-349776592,S2-500293423,S2-776483487,S2-44578909,S3-849739434,S2-276670208,S2-761441433,S2-712274690,S2-218607778,S2-325914053,S2-586818369,S2-74227203,S2-94788919,S2-617581724,S3-9766850,S2-197176842,S2-920433516,S2-269701117,S2-118950726,S2-473717679,S3-392387340,S3-190611378,S2-541920288,S3-473449010,S2-31500932,S2-776829963,S3-447302379,S2-580805928,S2-4181427,S2-357365431,S2-88198016,S2-273942992,S2-180491419,S2-532815801,S2-714607008,S3-347879699,S2-576793466,S2-655716879,S2-883907005,S2-110000195,S2-430403409,S2-970120586,S2-569392129,S2-267538592,S2-497015625,S3-278763146,S2-207235715,S2-50681469,S2-7991894,S2-626800336,S2-177157646,S2-911546429,S2-418043648,S2-272662534,S3-730282254,S2-968679268,S2-440740768,S2-449381731,S3-83920703,S2-207775277
S1-288213363	S2-786645733,S2-604605050,S3-689209472,S3-989401384,S2-38249180,S2-591991677,S2-770265827,S2-884723192,S3-289235231,S3-729517347,S3-828277828,S3-529494679,S3-489212800,S3-715158823,S2-644974213,S3-605903324,S3-28905361,S3-336450655,S3-504702152,S3-918039929,S3-819954881,S3-842602133,S2-863144727,S2-226346714,S2-85403958,S2-199174982,S3-429668035,S3-318606178,S3-11974969,S2-146386907,S3-170074603,S3-924977065,S3-196897771,S3-380712583,S3-437660140,S3-254428531,S3-967093760,S2-767997013,S2-656847334,S2-634033486,S2-101369170,S2-501650000,S2-349687674,S2-634062175,S2-53406720,S2-577613649,S3-116188452,S2-362298533,S2-155285014,S3-342060376,S2-691061489,S2-9345812,S3-319376271,S3-897766743,S2-956930163,S2-821462213,S2-443813992,S2-461880072,S2-765701445,S2-199989864,S2-196289009,S3-92778702,S2-426389003,S2-931296472,S3-444046357,S2-711313605,S2-563462235,S3-863199842,S2-70475656,S2-403680557,S3-446301419,S2-675190133,S2-460297453,S3-410104814,S2-669420315,S2-532013734,S3-546544592,S3-562084379,S2-518285513,S2-144354420,S2-498847231,S2-781933192,S2-710014146,S2-183171834,S2-545522591,S3-935854558,S2-951581501,S2-928779416,S2-495390300,S3-223245826,S2-348568703,S2-628669227,S2-76556844,S2-618242812,S2-765727908,S2-908437522,S2-100922260,S2-426637699,S3-796415265,S3-614718221
S1-396705968	S3-501518331,S2-390675966,S2-923362083,S2-308806061,S3-253845313,S2-201938719,S2-688157867,S2-744906970,S2-138029015,S2-146037863,S3-259879716,S2-44606686,S2-409976104,S3-695422219,S3-569974371,S2-720215155,S2-75058068,S3-410396007,S3-855669035,S3-587368132,S3-990066232,S2-322992039,S3-557481713,S2-764967614,S2-411127852,S3-278451749,S3-297736234,S2-729464703,S3-20450531,S3-592538556,S3-116920249,S3-39183777,S2-648747881,S3-776142108,S2-737754821,S3-341260749,S3-43070452,S3-800378008,S3-238724730,S2-598486250,S2-627141451,S3-664885747,S2-449098058,S2-847957522,S2-347657484,S2-460145858,S2-708084928,S2-783791530,S2-462998882,S2-636995256,S2-871919463,S2-903210711,S2-194035174,S2-712862459,S2-468645216,S2-143163529,S2-439322166,S2-466882654,S2-295312072,S2-237505292,S2-202142298,S2-640304315,S2-863574262,S2-953123050,S2-572926659,S2-817930072,S2-610977883,S2-776942659,S2-422546979,S3-246534996,S2-450034499,S2-522570953,S2-903231195,S2-477351713,S2-372042935,S3-829937192,S2-244590759,S2-178261709,S3-63287586,S2-740738105,S2-947542010,S3-750450588,S3-57838292,S2-570062860,S2-918387368,S2-342128570,S2-283688510,S2-860130253,S2-984698009,S2-435391154,S2-868366746,S2-882596388,S2-184865800,S3-134336820,S2-755925473,S2-11865144,S3-862983653,S2-899426523,S2-203927426,S2-51407811
S1-440124379	S3-289587559,S2-147579509,S2-659761414,S3-403088679,S3-982293283,S2-332829217,S2-461418203,S3-188248510,S2-893529420,S3-595209001,S2-151240236,S2-145464862,S3-548864805,S2-448319037,S2-537334907,S2-318422245,S2-195418958,S2-193364509,S2-59092290,S2-89506512,S2-935758385,S2-989369469,S2-491269127,S3-314902486,S3-796859146,S3-904533765,S2-695394839,S2-607588021,S3-761154777,S3-35686804,S2-695151401,S3-267820370,S2-791613048,S2-798834813,S2-281274450,S3-326853080,S3-81855688,S2-189576530,S2-651161449,S2-217320759,S3-999104970,S2-621051625,S3-891406144,S3-19841252,S2-546065183,S2-602227634,S2-201485057,S2-872599903,S2-491095115,S2-238124661,S2-317908951,S2-150365529,S2-996490503,S2-524264429,S2-354311885,S2-161321580,S2-40950046,S2-814788220,S2-631504929,S2-74628563,S2-825875631,S2-464329628,S2-846710449,S3-273318554,S2-623414578,S3-667810368,S2-298351628,S3-434905988,S2-755352432,S2-327130284,S3-746123194,S2-921498572,S2-41477677,S3-930741604,S2-46913881,S3-362489978,S3-181092361,S2-76583552,S2-257935576,S2-418727952,S2-715870638,S2-728486856,S3-98272482,S2-264862025,S2-409677203,S2-99006343,S2-108523650,S2-723795186,S2-513353313,S2-371851692,S3-126037844,S3-677126438,S2-449815944,S2-528808811,S2-131800054,S2-79140622,S2-892372323,S2-461011410,S2-622043622,S2-220878970
S1-897836192	S2-646974956,S2-2719703,S3-34549287,S3-220066395,S2-558880002,S3-437055634,S3-886081789,S2-849447074,S2-354857087,S3-522133862,S2-790771036,S3-424539915,S3-889825205,S3-422969894,S2-8230280,S2-857187060,S2-33583747,S2-315453506,S3-61317171,S2-754325171,S2-300591589,S3-162296055,S3-476693669,S2-571886635,S3-45278617,S2-203793012,S3-968984517,S2-451390562,S2-251346060,S2-498058442,S2-807479181,S2-677475250,S2-8383595,S2-550729669,S2-637396387,S2-131603052,S2-849850500,S2-16197483,S3-797241580,S2-406545673,S2-330294513,S3-366202426,S2-845829047,S2-821911175,S3-102978946,S3-250266402,S2-164417875,S2-159793009,S3-817948927,S3-202119031,S2-266813417,S2-605896321,S2-435851650,S3-615613382,S2-526668897,S2-487299644,S2-75632911,S3-375170538,S2-481962536,S2-272372912,S3-240806470,S2-121162574,S2-504196837,S2-925551013,S3-388373254,S2-686348558,S2-685597152,S2-545216904,S2-171421318,S3-544265020,S2-371054407,S2-317907497,S3-321435896,S2-360384737,S2-947638665,S2-768865970,S3-622006293,S2-513759132,S2-766651184,S2-52621768,S3-55697243,S2-672706490,S3-95471567,S3-468795629,S3-20509753,S3-754784092,S2-306049899,S3-698681966,S3-924515528,S3-96333391,S3-672040716,S2-417557025,S3-993437525,S3-954048946,S2-784220206,S2-481829441,S3-344642322,S3-790342525,S3-217804312,S2-777487035
S1-921945527	S3-125595838,S2-121583098,S3-431769553,S3-98549332,S3-179901954,S3-412971273,S3-611430488,S3-127940555,S2-36098743,S3-647822895,S3-451844200,S2-461649022,S2-788917732,S2-977275125,S3-173212568,S2-610552762,S3-689977656,S3-506354488,S3-208405482,S3-522033590,S3-108047910,S2-752430122,S2-767997013,S2-61862037,S2-364872308,S2-680159612,S2-156113147,S2-776218226,S2-795336133,S2-388480599,S2-499503216,S2-963372878,S2-981085688,S2-768884330,S2-355848285,S2-885988634,S2-883546726,S2-727103421,S2-547168615,S2-525159427,S2-182609826,S2-686582640,S2-287744713,S2-224279622,S2-595396290,S2-107262462,S2-661939439,S3-862228270,S2-224387314,S2-874344160,S2-296169408,S2-438240330,S2-122891374,S2-882949881,S2-612579377,S2-412508880,S2-761976089,S2-528350957,S2-444346147,S2-176253971,S3-616850358,S3-655718685,S2-430944197,S2-31810010,S3-546984609,S3-457356493,S3-230118240,S2-85596738,S2-525475148,S2-462757269,S3-314949558,S3-700642933,S2-730445518,S2-638432137,S2-709465602,S3-779536401,S3-561692698,S2-529533866,S2-582289606,S3-929410142,S3-329407560,S2-910004432,S2-846722467,S2-212184902,S3-854197472,S3-502678968,S2-850886336,S2-202902148,S2-953227267,S3-782089246,S3-173734767,S2-613559561,S2-698341897,S2-78888733,S2-383725187,S3-887431820,S2-127655964,S2-675761119,S3-932545421,S3-970942040
S1-830578730	S3-502858933,S3-575760190,S3-826849306,S3-609126011,S2-670245786,S3-855647134,S2-443881926,S2-755139952,S2-184524649,S3-32627389,S3-950298337,S2-337229581,S2-871702275,S3-13846626,S2-664256921,S3-544862635,S3-610273609,S2-885425431,S2-773512733,S3-128939436,S2-720210484,S2-189153498,S2-441435245,S3-841901454,S2-708065265,S2-278991671,S2-84709037,S2-400924267,S2-235587873,S2-303155489,S2-439468564,S2-397298069,S2-282781073,S2-584426761,S2-898507797,S2-828314133,S3-9028538,S3-106808291,S3-918792592,S2-302201876,S2-587506012,S2-575605259,S3-857689866,S2-116059699,S2-642286798,S2-353954812,S3-144213373,S2-768122624,S3-686436433,S3-874578804,S3-396570003,S2-649370450,S2-707569149,S2-355893201,S3-410707160,S2-508580161,S2-462197445,S3-182690676,S2-555224972,S2-28705142,S2-690461559,S3-735327160,S2-810331630,S2-559062276,S2-570903018,S2-444466719,S2-107903698,S2-2186065,S3-251647065,S2-472073382,S3-166871079,S3-554674229,S2-344623207,S3-168662973,S3-995057124,S2-908233556,S3-100384624,S2-337782862,S3-20482436,S2-282026068,S2-489242014,S3-200918523,S2-841826340,S2-663444899,S3-344484067,S3-192857498,S3-428802102,S3-994179627,S3-517734086,S3-444794769,S2-876735735,S2-10605147,S2-294016058,S3-194706499,S2-720753888,S2-586049857,S3-4794112,S3-47845117,S2-618182965,S2-356460580
S1-665426580	S2-762965730,S3-582832270,S3-126261359,S3-864128838,S3-20467388,S3-319891703,S3-80511896,S3-127706005,S2-357185500,S2-626467387,S2-446452075,S2-797378767,S2-615536078,S2-15016752,S2-222189019,S2-410242523,S3-189593917,S3-836714073,S2-599618830,S2-540721877,S2-477536318,S3-121365201,S2-26083804,S3-527685310,S2-495734305,S2-493879827,S2-709608195,S2-841889369,S2-34268396,S3-861434529,S2-418557330,S2-477206213,S2-764655326,S3-861478228,S3-425622569,S3-55504114,S2-240570647,S2-340230825,S2-622047591,S2-874147652,S3-839344908,S2-311347373,S2-493663598,S3-108690826,S3-495728013,S3-46218936,S3-699046220,S2-991221265,S2-929103679,S2-664107396,S2-277300530,S2-516500713,S2-504074442,S2-26068969,S2-244355855,S2-100314587,S3-135393891,S2-637396387,S2-794144776,S2-462810789,S2-834825959,S2-88416607,S2-880645006,S2-742207065,S3-139774802,S2-673126415,S2-523329108,S2-464304116,S2-60633908,S3-748647808,S2-830730009,S2-508290019,S3-306864047,S2-358410194,S3-102438081,S2-485477781,S2-660487948,S3-492564474,S2-907935228,S2-297279445,S3-103929891,S2-41853151,S2-604732118,S2-307153636,S2-610796348,S3-468026538,S3-3946566,S2-982367393,S3-730053168,S3-325491195,S2-442707305,S2-791139705,S2-31458085,S3-466593524,S2-920503966,S2-224901572,S3-190539137,S2-751509174,S3-607138913,S3-722731799
S1-32603804	S2-826079917,S3-965327237,S2-403207485,S2-189043168,S2-452100051,S3-928775075,S2-204634293,S2-533381620,S3-900351767,S3-897827505,S3-613354852,S2-360501825,S3-704553826,S3-650349865,S2-964625435,S2-459698854,S3-414771192,S3-849922718,S3-826948761,S3-161058850,S3-742855952,S2-434957301,S3-609708434,S2-244027708,S3-955198825,S3-596338519,S3-70103353,S2-881862271,S2-788894460,S3-324549818,S2-701188986,S2-406320770,S2-263978321,S2-733517465,S2-827283021,S3-343363522,S2-569285576,S3-410400158,S3-242953386,S2-174523150,S2-39833975,S2-753817840,S2-279038857,S2-163682376,S2-777066948,S2-619545438,S2-133192926,S2-307240061,S2-159877980,S2-821666789,S2-187548306,S2-390321359,S2-698937602,S2-120069099,S2-438356703,S2-359126461,S2-46706827,S2-580607571,S2-908712574,S2-363444909,S2-318310586,S2-851633384,S2-79425839,S2-325436441,S2-167567259,S2-80787692,S2-677404348,S2-329352120,S3-698663721,S3-273795813,S2-312520545,S3-714166447,S2-902258704,S3-901259424,S2-836870174,S2-943488336,S3-900466386,S2-635321269,S2-344928997,S2-20946533,S2-220807624,S3-780530657,S2-755507780,S2-364515303,S2-350701016,S2-874706250,S2-238955821,S2-857082862,S2-836631668,S2-895551802,S3-158053021,S3-176812200,S2-152650204,S2-733266868,S3-457407721,S2-112729451,S3-664785345,S3-236555781,S2-508500212,S3-99316219
S1-495514538	S2-367778723,S3-755912385,S2-219654295,S3-681497994,S3-407987350,S2-393979084,S2-555479568,S3-797125236,S2-710380578,S3-332103362,S2-641032034,S2-926902411,S3-135247410,S3-179119335,S3-530601059,S3-836321282,S3-637170235,S3-79434656,S2-212439647,S2-823448172,S2-547919830,S2-202615365,S2-248410697,S2-464405632,S2-114414173,S2-155891773,S2-828729653,S2-83555787,S3-997078634,S2-403086690,S2-788694728,S2-392637279,S2-774856880,S2-417829075,S2-198352963,S3-470405495,S2-44619943,S2-621320428,S2-878446197,S2-945273014,S2-44590720,S3-9842676,S3-94151689,S2-872591121,S2-672486599,S2-303797280,S3-433009492,S2-519974042,S2-444497443,S2-542539910,S3-220821388,S2-378838492,S2-212086001,S2-109071149,S2-744205398,S2-486692461,S2-827554034,S2-920359566,S3-613587461,S3-216757163,S2-112045591,S2-31154238,S2-432499636,S2-195020584,S2-915675262,S2-109759181,S3-348616769,S3-966388269,S3-787536732,S2-418069509,S2-189354434,S2-289193489,S3-72824851,S3-720938435,S2-351223353,S2-38856974,S3-161886416,S3-147036105,S3-58655461,S2-175532277,S2-33288390,S3-839665963,S2-537629247,S2-433113054,S2-291049433,S3-16502561,S3-727153770,S2-133248671,S2-365012188,S3-20042090,S3-898247633,S2-822280914,S2-588543134,S2-403478757,S3-9251735,S3-82292989,S2-74561781,S2-346340364,S2-846468831,S2-200602581
S1-836853025	S2-702468451,S3-657191313,S3-736039743,S2-350694448,S3-82306714,S2-749244732,S3-81836950,S2-797204654,S2-299169370,S2-92514397,S2-169341344,S2-64072675,S3-576710209,S3-138344858,S2-499416865,S3-963025500,S3-315649085,S3-797598337,S3-630237354,S3-573914499,S3-481290476,S2-693390020,S2-912005579,S2-599628293,S2-51573355,S3-728247999,S3-264591343,S2-245650715,S2-258097394,S2-24920741,S3-534347561,S2-258155286,S3-14159408,S3-24132624,S2-11993054,S2-769043979,S3-159221544,S2-708101560,S3-44530743,S3-144945273,S2-135244630,S2-643906581,S3-726700920,S2-305550866,S2-463533627,S2-769684180,S2-236602834,S2-639977587,S3-475403603,S2-321308609,S3-597654589,S3-60238375,S2-226981902,S3-12551258,S3-36055983,S2-845041210,S3-759049469,S3-382840806,S2-417829075,S3-118951284,S3-140798388,S2-660456246,S2-960718192,S3-266828907,S2-969016897,S2-588846776,S2-714622952,S2-3944482,S2-633750882,S2-406572975,S2-273620502,S2-536441219,S2-126992754,S2-79880227,S2-811541990,S2-170528068,S2-926523371,S2-401945330,S2-283436103,S3-795967487,S2-400578468,S2-668365666,S2-694332716,S2-469350481,S3-816885446,S2-788325953,S2-866575274,S2-518129031,S3-800182959,S3-236428708,S2-494950320,S2-687668795,S2-586915985,S3-799733347,S2-950191691,S2-434421325,S2-467822336,S3-92749896,S2-368474989,S2-781510051
S1-680380078	S3-688364106,S2-88773043,S3-115180756,S2-869813558,S2-661594447,S2-292101825,S2-985518210,S2-457441009,S2-64054606,S2-148868166,S3-3418119,S3-280472131,S2-860555747,S3-395330611,S3-701739904,S3-851397604,S3-839009978,S3-39789268,S2-252928676,S2-617773318,S2-845956639,S2-639487267,S3-309558777,S3-300482601,S3-816351216,S3-189234154,S2-562351214,S2-604881022,S2-173449807,S2-586537029,S3-446264085,S2-140434208,S3-504631987,S3-678026723,S2-534717741,S3-543729074,S2-941640380,S3-391406123,S3-783908835,S3-357316568,S3-226642801,S2-854008308,S3-168338871,S2-218267310,S3-534830127,S3-733214830,S2-4562675,S2-283728675,S2-786726956,S2-721196778,S2-114961470,S3-280597100,S2-119164903,S2-30668667,S2-295260762,S2-230087914,S2-42798779,S2-240339264,S2-512632054,S2-10578439,S2-541611642,S3-697694221,S2-213645872,S2-849923328,S2-563082687,S2-590690863,S2-632914116,S2-323159770,S2-353611307,S2-288141271,S3-717755465,S3-705841595,S2-707225967,S2-653713891,S3-269489407,S3-39149748,S2-957901553,S2-877667866,S3-488738079,S2-587338196,S2-437181798,S2-414400690,S3-289135907,S2-336760913,S3-124376343,S3-310037128,S3-91174020,S2-885896686,S2-491684942,S3-366001865,S2-887350191,S3-439789649,S3-322895359,S2-414214422,S2-461272837,S3-990554837,S2-901518887,S3-313956418,S3-756904960,S3-77355617
S1-805017620	S3-916578312,S2-443489114,S2-751767827,S2-710631185,S3-192709978,S2-859168284,S3-741595245,S2-971170681,S3-156061442,S3-796729170,S3-955173606,S2-129122193,S2-327460304,S2-968963770,S2-155684988,S2-14373313,S2-367622979,S2-746347448,S2-190805524,S2-920650746,S2-815794548,S2-427545433,S3-527179840,S2-485831322,S2-85147439,S3-958075251,S2-587203320,S2-110638888,S3-903199693,S2-242873617,S2-601677624,S3-758698369,S2-410193486,S2-156867710,S3-378122749,S2-379470695,S2-804304893,S2-879939039,S2-405238155,S2-341159981,S2-303310840,S2-469575881,S3-842821379,S2-937041141,S2-109098567,S2-542256685,S3-378864488,S3-923191302,S2-538342583,S2-448714950,S2-87298762,S3-589660768,S3-26354163,S2-793700891,S2-979648421,S3-58784552,S3-596965426,S3-415172925,S2-580696364,S3-360009505,S3-830246166,S3-364744022,S3-623017589,S2-260209359,S2-137691611,S2-494234008,S3-565168425,S3-958444904,S2-196882908,S2-174281342,S2-487818197,S3-484960134,S3-957230235,S2-227152011,S2-134575795,S2-224706489,S2-512172279,S3-895844115,S2-311436218,S2-485617158,S2-402567656,S3-194440766,S3-154751712,S2-174278061,S2-190751936,S3-810486582,S3-303167482,S3-846710455,S2-792067551,S2-306620917,S3-173936615,S3-754350585,S3-729365478,S2-81659332,S2-853975882,S2-163754466,S2-903627599,S3-773931231,S2-885958858,S2-494865238
S1-489756828	S3-259081825,S3-709607642,S2-178599970,S2-689698475,S3-240951671,S2-293619000,S3-966283787,S2-296744479,S2-522273620,S2-240554305,S2-902731079,S3-593633217,S3-811900778,S3-165337362,S3-596204041,S2-227540817,S2-245843516,S3-64518959,S3-716560573,S3-870208066,S3-472677840,S3-289999724,S2-572656934,S2-787105691,S2-7119912,S3-409053476,S3-179395042,S3-479965156,S2-256241598,S2-626333353,S3-552101943,S3-442814447,S3-787594733,S3-549647399,S3-80330807,S2-974559758,S2-656203748,S2-437202639,S3-633784247,S2-410435137,S2-331235606,S2-516413217,S2-812358415,S2-771164086,S2-963876511,S3-353046874,S3-218810282,S2-663210771,S2-497408117,S3-62341118,S2-346585174,S2-127598117,S2-408289255,S2-631525951,S2-247193939,S2-301816328,S2-635474406,S3-858129048,S2-396826475,S2-676121499,S2-720432009,S2-333318361,S3-396345787,S2-62766031,S2-267573120,S3-655563356,S3-677551381,S3-251044072,S2-25504035,S2-717338271,S3-491883986,S2-877538231,S2-241450472,S2-806840187,S2-772743236,S2-360856963,S2-364896106,S2-931102164,S2-947813885,S2-752666964,S2-296774382,S2-570073632,S2-867810916,S3-444876410,S2-565590535,S2-628654249,S3-335596629,S3-745438201,S2-793132805,S2-810233257,S2-885835650,S2-780985694,S2-964898667,S3-804916289,S3-488169148,S2-715512831,S2-349181569,S3-467320155,S3-979705040,S2-280993570
S1-489507015	S3-597208883,S3-920107870,S3-928850253,S2-842108976,S2-61866856,S3-746832668,S3-756611650,S2-545725728,S3-802924625,S3-827638637,S2-845093115,S3-285304187,S3-223575983,S3-827665580,S2-595230119,S2-435151441,S3-248708020,S3-957267471,S2-660624252,S3-898560231,S2-100444401,S2-518383016,S2-626516204,S2-465612220,S2-65900007,S2-158859650,S2-231304372,S2-400107853,S2-875758384,S2-451878403,S2-20488727,S2-130892589,S2-331719485,S2-471297409,S3-350200521,S2-302143413,S2-32126302,S2-130546025,S2-945703740,S2-246827044,S2-328536686,S2-163661613,S2-809364600,S2-343463992,S3-265830031,S2-44915575,S2-947266804,S3-165486215,S3-302156702,S2-263623705,S2-54219891,S2-844631709,S2-777875600,S3-290217336,S2-810998761,S3-662975118,S3-604102555,S2-701073096,S3-892961557,S3-563258272,S2-372903827,S2-435231326,S2-753069584,S2-953927783,S2-201373383,S2-429365909,S2-442189750,S3-939951085,S2-481928190,S2-673618215,S2-918360226,S2-173139136,S2-385777053,S3-397368637,S2-72228863,S2-975601808,S2-293581962,S2-115875187,S2-380361668,S2-25524900,S2-533314447,S3-162136140,S2-703210300,S2-458932499,S3-552816200,S3-316415461,S2-33738692,S2-164335388,S3-537923205,S2-641765450,S2-324837815,S2-446375914,S2-748588391,S3-954399882,S2-447404030,S2-807284054,S2-848249280,S2-288228855,S3-50547759,S2-110934511
S1-476212803	S2-252573484,S2-866334306,S3-90000686,S2-87622610,S2-742099437,S2-69675565,S2-877614368,S2-183898884,S3-931475143,S2-549399500,S3-784618979,S2-302031351,S2-985710201,S2-154831020,S3-451462731,S3-474697515,S3-31518940,S2-812634711,S2-274645762,S3-445469687,S2-940219685,S3-959035567,S3-488675301,S3-974587623,S2-624552030,S3-605148831,S2-837715513,S3-96345631,S3-813390765,S2-991018944,S2-399354042,S2-422957285,S2-936125922,S2-258274492,S2-245038605,S3-92850803,S2-263837044,S3-68524625,S2-902953243,S2-224417821,S2-879261417,S2-162657282,S3-558828754,S2-308903994,S2-765709230,S3-230130470,S2-559479026,S2-283600914,S2-163095629,S3-992741900,S3-147593591,S2-517308967,S2-407409874,S2-257037670,S3-491424258,S2-852165986,S2-866504844,S2-511925388,S2-974243328,S2-298602761,S2-952655376,S2-17649866,S2-27193616,S2-814372073,S2-266236084,S3-227172652,S3-225736597,S2-271561357,S2-337533629,S3-262873539,S3-609246428,S2-893211555,S2-598776131,S2-479706630,S3-800183987,S2-907889236,S2-763258141,S2-361322918,S2-22369,S3-921360663,S2-71796535,S2-381401650,S2-644104110,S2-251708845,S2-422596105,S2-826765414,S2-960522347,S3-206924032,S2-598489392,S2-865390867,S2-874480331,S2-757988651,S2-250030909,S2-539933445,S2-160805298,S2-320168890,S2-900596877,S3-559828314,S3-202312671,S2-712872354
S1-221602842	S2-312797369,S2-904510317,S3-206283626,S3-959762635,S3-777954358,S3-527433543,S3-164969110,S3-744896615,S2-336956798,S2-849279130,S2-773190714,S2-340126073,S3-577210597,S3-218449509,S2-925466772,S2-857674456,S3-423069944,S2-35575891,S2-469747454,S3-460963444,S3-507374713,S2-814691991,S3-135779289,S2-161556052,S2-442084240,S3-946930970,S2-41610995,S3-973781211,S2-513440147,S2-443753281,S2-475920212,S2-303116790,S2-951092424,S2-473093779,S2-979695524,S2-141504692,S2-972394790,S2-6103278,S2-333539999,S2-535649575,S2-551361255,S2-750886718,S2-618977141,S2-952579369,S2-379365032,S2-925305769,S3-56478759,S2-871552556,S2-338854817,S3-411357787,S3-275420225,S2-771649226,S2-962308439,S3-364307153,S2-367373854,S2-743857103,S2-107755073,S3-164790542,S3-469800587,S2-504283363,S2-195956311,S2-939742344,S3-531343289,S2-528348241,S2-20492660,S3-497015519,S2-190403892,S2-321060813,S3-637610259,S3-486431848,S2-814761541,S2-76579228,S3-819831565,S3-949577298,S2-365705125,S2-403128792,S2-690069584,S3-236025841,S3-308087213,S2-541178813,S2-41133606,S2-387845575,S3-44468137,S2-215928434,S2-722598248,S3-483759987,S2-985822916,S2-369519817,S3-131954818,S3-46483360,S2-5992748,S3-735958921,S3-854795700,S3-804168791,S2-250907139,S2-423679117,S2-685309194,S3-943591375,S2-224575240,S2-488243030
S1-27908436	S3-456673256,S2-219565379,S3-962219652,S2-784088364,S2-551724774,S3-780438926,S2-892308103,S3-661209482,S2-58656569,S3-458580321,S3-840573946,S3-552342225,S3-596624013,S3-217812280,S3-118381807,S3-704530958,S2-212865461,S2-186281056,S2-86851752,S2-516790911,S3-610481277,S3-361106763,S3-688587127,S3-703811026,S2-312138567,S3-186836907,S3-382210034,S3-91173777,S3-886672446,S3-768352550,S3-901067727,S3-633536725,S2-767997013,S2-496379315,S2-61862037,S3-771429902,S2-364872308,S2-680159612,S2-776218226,S2-71227158,S3-412038568,S2-795336133,S2-27498031,S3-635055791,S2-499503216,S2-728505848,S3-702962313,S2-963372878,S2-908295485,S3-169629681,S2-981085688,S2-619407906,S3-685896983,S2-355848285,S2-912808790,S3-400820781,S2-883546726,S3-148026298,S3-541131898,S2-525159427,S2-666078461,S3-329033838,S2-287744713,S2-703077082,S2-370796035,S2-107262462,S2-415179111,S3-879067899,S3-591447925,S2-874344160,S2-260908265,S3-630506586,S2-438240330,S2-757854703,S3-915155159,S3-721908072,S2-612579377,S2-987299448,S2-81275994,S3-548506377,S2-528350957,S2-485816862,S2-450226447,S2-70315571,S2-430944197,S2-625677754,S2-21866125,S2-103753112,S2-85596738,S2-260347982,S2-391915840,S3-907388717,S2-730445518,S2-668601641,S2-288184709,S3-869908432,S2-529533866,S2-361831019,S2-102426186,S2-567854270
